<?xml version="1.0" encoding="UTF-8"?>
<gpx creator="StravaGPX" version="1.1" xmlns="http://www.topografix.com/GPX/1/1" xmlns:xsi="http://www.w3.org/2001/XMLSchema-instance" xsi:schemaLocation="http://www.topografix.com/GPX/1/1 http://www.topografix.com/GPX/1/1/gpx.xsd http://www.garmin.com/xmlschemas/GpxExtensions/v3 http://www.garmin.com/xmlschemas/GpxExtensionsv3.xsd http://www.garmin.com/xmlschemas/TrackPointExtension/v1 http://www.garmin.com/xmlschemas/TrackPointExtensionv1.xsd" xmlns:gpxtpx="http://www.garmin.com/xmlschemas/TrackPointExtension/v1" xmlns:gpxx="http://www.garmin.com/xmlschemas/GpxExtensions/v3">
 <metadata>
  <time>2026-06-09T04:40:04Z</time>
 </metadata>
 <trk>
  <name>Annapurna Base Camp Day 1 - Samrung to Chhomrong</name>
  <type>hiking</type>
  <trkseg>
   <trkpt lat="28.4040160" lon="83.8229130">
    <ele>1672.2</ele>
    <time>2026-06-09T04:40:04Z</time>
    <extensions>
     <gpxtpx:TrackPointExtension>
      <gpxtpx:hr>75</gpxtpx:hr>
      <gpxtpx:cad>0</gpxtpx:cad>
     </gpxtpx:TrackPointExtension>
    </extensions>
   </trkpt>
   <trkpt lat="28.4040160" lon="83.8229130">
    <ele>1671.8</ele>
    <time>2026-06-09T04:40:05Z</time>
    <extensions>
     <gpxtpx:TrackPointExtension>
      <gpxtpx:hr>75</gpxtpx:hr>
      <gpxtpx:cad>0</gpxtpx:cad>
     </gpxtpx:TrackPointExtension>
    </extensions>
   </trkpt>
   <trkpt lat="28.4040160" lon="83.8229130">
    <ele>1671.2</ele>
    <time>2026-06-09T04:40:08Z</time>
    <extensions>
     <gpxtpx:TrackPointExtension>
      <gpxtpx:hr>76</gpxtpx:hr>
      <gpxtpx:cad>0</gpxtpx:cad>
     </gpxtpx:TrackPointExtension>
    </extensions>
   </trkpt>
   <trkpt lat="28.4040420" lon="83.8229190">
    <ele>1670.4</ele>
    <time>2026-06-09T04:40:10Z</time>
    <extensions>
     <gpxtpx:TrackPointExtension>
      <gpxtpx:hr>79</gpxtpx:hr>
      <gpxtpx:cad>0</gpxtpx:cad>
     </gpxtpx:TrackPointExtension>
    </extensions>
   </trkpt>
   <trkpt lat="28.4040570" lon="83.8229140">
    <ele>1669.8</ele>
    <time>2026-06-09T04:40:11Z</time>
    <extensions>
     <gpxtpx:TrackPointExtension>
      <gpxtpx:hr>80</gpxtpx:hr>
      <gpxtpx:cad>0</gpxtpx:cad>
     </gpxtpx:TrackPointExtension>
    </extensions>
   </trkpt>
   <trkpt lat="28.4040820" lon="83.8228970">
    <ele>1669.0</ele>
    <time>2026-06-09T04:40:14Z</time>
    <extensions>
     <gpxtpx:TrackPointExtension>
      <gpxtpx:hr>83</gpxtpx:hr>
      <gpxtpx:cad>61</gpxtpx:cad>
     </gpxtpx:TrackPointExtension>
    </extensions>
   </trkpt>
   <trkpt lat="28.4040910" lon="83.8228910">
    <ele>1668.8</ele>
    <time>2026-06-09T04:40:15Z</time>
    <extensions>
     <gpxtpx:TrackPointExtension>
      <gpxtpx:hr>84</gpxtpx:hr>
      <gpxtpx:cad>59</gpxtpx:cad>
     </gpxtpx:TrackPointExtension>
    </extensions>
   </trkpt>
   <trkpt lat="28.4041280" lon="83.8228710">
    <ele>1668.0</ele>
    <time>2026-06-09T04:40:19Z</time>
    <extensions>
     <gpxtpx:TrackPointExtension>
      <gpxtpx:hr>87</gpxtpx:hr>
      <gpxtpx:cad>59</gpxtpx:cad>
     </gpxtpx:TrackPointExtension>
    </extensions>
   </trkpt>
   <trkpt lat="28.4041370" lon="83.8228680">
    <ele>1668.0</ele>
    <time>2026-06-09T04:40:20Z</time>
    <extensions>
     <gpxtpx:TrackPointExtension>
      <gpxtpx:hr>89</gpxtpx:hr>
      <gpxtpx:cad>59</gpxtpx:cad>
     </gpxtpx:TrackPointExtension>
    </extensions>
   </trkpt>
   <trkpt lat="28.4041460" lon="83.8228670">
    <ele>1667.8</ele>
    <time>2026-06-09T04:40:21Z</time>
    <extensions>
     <gpxtpx:TrackPointExtension>
      <gpxtpx:hr>90</gpxtpx:hr>
      <gpxtpx:cad>56</gpxtpx:cad>
     </gpxtpx:TrackPointExtension>
    </extensions>
   </trkpt>
   <trkpt lat="28.4041670" lon="83.8228640">
    <ele>1667.8</ele>
    <time>2026-06-09T04:40:23Z</time>
    <extensions>
     <gpxtpx:TrackPointExtension>
      <gpxtpx:hr>96</gpxtpx:hr>
      <gpxtpx:cad>56</gpxtpx:cad>
     </gpxtpx:TrackPointExtension>
    </extensions>
   </trkpt>
   <trkpt lat="28.4041830" lon="83.8228600">
    <ele>1667.6</ele>
    <time>2026-06-09T04:40:24Z</time>
    <extensions>
     <gpxtpx:TrackPointExtension>
      <gpxtpx:hr>97</gpxtpx:hr>
      <gpxtpx:cad>55</gpxtpx:cad>
     </gpxtpx:TrackPointExtension>
    </extensions>
   </trkpt>
   <trkpt lat="28.4042290" lon="83.8228440">
    <ele>1666.4</ele>
    <time>2026-06-09T04:40:28Z</time>
    <extensions>
     <gpxtpx:TrackPointExtension>
      <gpxtpx:hr>97</gpxtpx:hr>
      <gpxtpx:cad>59</gpxtpx:cad>
     </gpxtpx:TrackPointExtension>
    </extensions>
   </trkpt>
   <trkpt lat="28.4042410" lon="83.8228380">
    <ele>1666.2</ele>
    <time>2026-06-09T04:40:29Z</time>
    <extensions>
     <gpxtpx:TrackPointExtension>
      <gpxtpx:hr>98</gpxtpx:hr>
      <gpxtpx:cad>60</gpxtpx:cad>
     </gpxtpx:TrackPointExtension>
    </extensions>
   </trkpt>
   <trkpt lat="28.4043020" lon="83.8228260">
    <ele>1665.8</ele>
    <time>2026-06-09T04:40:36Z</time>
    <extensions>
     <gpxtpx:TrackPointExtension>
      <gpxtpx:hr>96</gpxtpx:hr>
      <gpxtpx:cad>58</gpxtpx:cad>
     </gpxtpx:TrackPointExtension>
    </extensions>
   </trkpt>
   <trkpt lat="28.4043450" lon="83.8228160">
    <ele>1666.2</ele>
    <time>2026-06-09T04:40:40Z</time>
    <extensions>
     <gpxtpx:TrackPointExtension>
      <gpxtpx:hr>93</gpxtpx:hr>
      <gpxtpx:cad>0</gpxtpx:cad>
     </gpxtpx:TrackPointExtension>
    </extensions>
   </trkpt>
   <trkpt lat="28.4043550" lon="83.8228120">
    <ele>1665.2</ele>
    <time>2026-06-09T04:40:41Z</time>
    <extensions>
     <gpxtpx:TrackPointExtension>
      <gpxtpx:hr>92</gpxtpx:hr>
      <gpxtpx:cad>0</gpxtpx:cad>
     </gpxtpx:TrackPointExtension>
    </extensions>
   </trkpt>
   <trkpt lat="28.4043650" lon="83.8228050">
    <ele>1664.4</ele>
    <time>2026-06-09T04:40:42Z</time>
    <extensions>
     <gpxtpx:TrackPointExtension>
      <gpxtpx:hr>90</gpxtpx:hr>
      <gpxtpx:cad>0</gpxtpx:cad>
     </gpxtpx:TrackPointExtension>
    </extensions>
   </trkpt>
   <trkpt lat="28.4043740" lon="83.8227980">
    <ele>1663.8</ele>
    <time>2026-06-09T04:40:43Z</time>
    <extensions>
     <gpxtpx:TrackPointExtension>
      <gpxtpx:hr>90</gpxtpx:hr>
      <gpxtpx:cad>0</gpxtpx:cad>
     </gpxtpx:TrackPointExtension>
    </extensions>
   </trkpt>
   <trkpt lat="28.4044150" lon="83.8227820">
    <ele>1664.6</ele>
    <time>2026-06-09T04:40:47Z</time>
    <extensions>
     <gpxtpx:TrackPointExtension>
      <gpxtpx:hr>91</gpxtpx:hr>
      <gpxtpx:cad>53</gpxtpx:cad>
     </gpxtpx:TrackPointExtension>
    </extensions>
   </trkpt>
   <trkpt lat="28.4044560" lon="83.8227470">
    <ele>1662.6</ele>
    <time>2026-06-09T04:40:52Z</time>
    <extensions>
     <gpxtpx:TrackPointExtension>
      <gpxtpx:hr>89</gpxtpx:hr>
      <gpxtpx:cad>57</gpxtpx:cad>
     </gpxtpx:TrackPointExtension>
    </extensions>
   </trkpt>
   <trkpt lat="28.4044720" lon="83.8227300">
    <ele>1662.2</ele>
    <time>2026-06-09T04:40:54Z</time>
    <extensions>
     <gpxtpx:TrackPointExtension>
      <gpxtpx:hr>87</gpxtpx:hr>
      <gpxtpx:cad>57</gpxtpx:cad>
     </gpxtpx:TrackPointExtension>
    </extensions>
   </trkpt>
   <trkpt lat="28.4045040" lon="83.8226940">
    <ele>1662.6</ele>
    <time>2026-06-09T04:40:58Z</time>
    <extensions>
     <gpxtpx:TrackPointExtension>
      <gpxtpx:hr>90</gpxtpx:hr>
      <gpxtpx:cad>53</gpxtpx:cad>
     </gpxtpx:TrackPointExtension>
    </extensions>
   </trkpt>
   <trkpt lat="28.4045300" lon="83.8226840">
    <ele>1662.4</ele>
    <time>2026-06-09T04:41:01Z</time>
    <extensions>
     <gpxtpx:TrackPointExtension>
      <gpxtpx:hr>92</gpxtpx:hr>
      <gpxtpx:cad>53</gpxtpx:cad>
     </gpxtpx:TrackPointExtension>
    </extensions>
   </trkpt>
   <trkpt lat="28.4045630" lon="83.8226780">
    <ele>1661.6</ele>
    <time>2026-06-09T04:41:05Z</time>
    <extensions>
     <gpxtpx:TrackPointExtension>
      <gpxtpx:hr>92</gpxtpx:hr>
      <gpxtpx:cad>56</gpxtpx:cad>
     </gpxtpx:TrackPointExtension>
    </extensions>
   </trkpt>
   <trkpt lat="28.4045730" lon="83.8226760">
    <ele>1661.4</ele>
    <time>2026-06-09T04:41:06Z</time>
    <extensions>
     <gpxtpx:TrackPointExtension>
      <gpxtpx:hr>92</gpxtpx:hr>
      <gpxtpx:cad>56</gpxtpx:cad>
     </gpxtpx:TrackPointExtension>
    </extensions>
   </trkpt>
   <trkpt lat="28.4046070" lon="83.8226670">
    <ele>1661.0</ele>
    <time>2026-06-09T04:41:09Z</time>
    <extensions>
     <gpxtpx:TrackPointExtension>
      <gpxtpx:hr>88</gpxtpx:hr>
      <gpxtpx:cad>56</gpxtpx:cad>
     </gpxtpx:TrackPointExtension>
    </extensions>
   </trkpt>
   <trkpt lat="28.4046420" lon="83.8226480">
    <ele>1660.6</ele>
    <time>2026-06-09T04:41:12Z</time>
    <extensions>
     <gpxtpx:TrackPointExtension>
      <gpxtpx:hr>86</gpxtpx:hr>
      <gpxtpx:cad>57</gpxtpx:cad>
     </gpxtpx:TrackPointExtension>
    </extensions>
   </trkpt>
   <trkpt lat="28.4046530" lon="83.8226390">
    <ele>1660.4</ele>
    <time>2026-06-09T04:41:13Z</time>
    <extensions>
     <gpxtpx:TrackPointExtension>
      <gpxtpx:hr>85</gpxtpx:hr>
      <gpxtpx:cad>57</gpxtpx:cad>
     </gpxtpx:TrackPointExtension>
    </extensions>
   </trkpt>
   <trkpt lat="28.4047130" lon="83.8226000">
    <ele>1660.6</ele>
    <time>2026-06-09T04:41:20Z</time>
    <extensions>
     <gpxtpx:TrackPointExtension>
      <gpxtpx:hr>83</gpxtpx:hr>
      <gpxtpx:cad>57</gpxtpx:cad>
     </gpxtpx:TrackPointExtension>
    </extensions>
   </trkpt>
   <trkpt lat="28.4047220" lon="83.8226050">
    <ele>1661.2</ele>
    <time>2026-06-09T04:41:23Z</time>
    <extensions>
     <gpxtpx:TrackPointExtension>
      <gpxtpx:hr>82</gpxtpx:hr>
      <gpxtpx:cad>57</gpxtpx:cad>
     </gpxtpx:TrackPointExtension>
    </extensions>
   </trkpt>
   <trkpt lat="28.4047190" lon="83.8226050">
    <ele>1661.2</ele>
    <time>2026-06-09T04:41:26Z</time>
    <extensions>
     <gpxtpx:TrackPointExtension>
      <gpxtpx:hr>83</gpxtpx:hr>
      <gpxtpx:cad>55</gpxtpx:cad>
     </gpxtpx:TrackPointExtension>
    </extensions>
   </trkpt>
   <trkpt lat="28.4047370" lon="83.8225900">
    <ele>1660.4</ele>
    <time>2026-06-09T04:41:37Z</time>
    <extensions>
     <gpxtpx:TrackPointExtension>
      <gpxtpx:hr>81</gpxtpx:hr>
      <gpxtpx:cad>0</gpxtpx:cad>
     </gpxtpx:TrackPointExtension>
    </extensions>
   </trkpt>
   <trkpt lat="28.4047370" lon="83.8225890">
    <ele>1660.2</ele>
    <time>2026-06-09T04:41:38Z</time>
    <extensions>
     <gpxtpx:TrackPointExtension>
      <gpxtpx:hr>78</gpxtpx:hr>
      <gpxtpx:cad>0</gpxtpx:cad>
     </gpxtpx:TrackPointExtension>
    </extensions>
   </trkpt>
   <trkpt lat="28.4047370" lon="83.8225880">
    <ele>1660.2</ele>
    <time>2026-06-09T04:41:39Z</time>
    <extensions>
     <gpxtpx:TrackPointExtension>
      <gpxtpx:hr>76</gpxtpx:hr>
      <gpxtpx:cad>0</gpxtpx:cad>
     </gpxtpx:TrackPointExtension>
    </extensions>
   </trkpt>
   <trkpt lat="28.4047430" lon="83.8225880">
    <ele>1659.6</ele>
    <time>2026-06-09T04:41:44Z</time>
    <extensions>
     <gpxtpx:TrackPointExtension>
      <gpxtpx:hr>76</gpxtpx:hr>
      <gpxtpx:cad>0</gpxtpx:cad>
     </gpxtpx:TrackPointExtension>
    </extensions>
   </trkpt>
   <trkpt lat="28.4047700" lon="83.8225590">
    <ele>1659.8</ele>
    <time>2026-06-09T04:41:49Z</time>
    <extensions>
     <gpxtpx:TrackPointExtension>
      <gpxtpx:hr>80</gpxtpx:hr>
      <gpxtpx:cad>0</gpxtpx:cad>
     </gpxtpx:TrackPointExtension>
    </extensions>
   </trkpt>
   <trkpt lat="28.4047780" lon="83.8225510">
    <ele>1659.6</ele>
    <time>2026-06-09T04:41:50Z</time>
    <extensions>
     <gpxtpx:TrackPointExtension>
      <gpxtpx:hr>82</gpxtpx:hr>
      <gpxtpx:cad>0</gpxtpx:cad>
     </gpxtpx:TrackPointExtension>
    </extensions>
   </trkpt>
   <trkpt lat="28.4047930" lon="83.8225320">
    <ele>1659.4</ele>
    <time>2026-06-09T04:41:52Z</time>
    <extensions>
     <gpxtpx:TrackPointExtension>
      <gpxtpx:hr>85</gpxtpx:hr>
      <gpxtpx:cad>0</gpxtpx:cad>
     </gpxtpx:TrackPointExtension>
    </extensions>
   </trkpt>
   <trkpt lat="28.4048360" lon="83.8224810">
    <ele>1659.6</ele>
    <time>2026-06-09T04:41:58Z</time>
    <extensions>
     <gpxtpx:TrackPointExtension>
      <gpxtpx:hr>87</gpxtpx:hr>
      <gpxtpx:cad>53</gpxtpx:cad>
     </gpxtpx:TrackPointExtension>
    </extensions>
   </trkpt>
   <trkpt lat="28.4048420" lon="83.8224790">
    <ele>1659.4</ele>
    <time>2026-06-09T04:41:59Z</time>
    <extensions>
     <gpxtpx:TrackPointExtension>
      <gpxtpx:hr>86</gpxtpx:hr>
      <gpxtpx:cad>53</gpxtpx:cad>
     </gpxtpx:TrackPointExtension>
    </extensions>
   </trkpt>
   <trkpt lat="28.4048570" lon="83.8224720">
    <ele>1659.2</ele>
    <time>2026-06-09T04:42:01Z</time>
    <extensions>
     <gpxtpx:TrackPointExtension>
      <gpxtpx:hr>86</gpxtpx:hr>
      <gpxtpx:cad>53</gpxtpx:cad>
     </gpxtpx:TrackPointExtension>
    </extensions>
   </trkpt>
   <trkpt lat="28.4048740" lon="83.8224630">
    <ele>1658.6</ele>
    <time>2026-06-09T04:42:04Z</time>
    <extensions>
     <gpxtpx:TrackPointExtension>
      <gpxtpx:hr>87</gpxtpx:hr>
      <gpxtpx:cad>53</gpxtpx:cad>
     </gpxtpx:TrackPointExtension>
    </extensions>
   </trkpt>
   <trkpt lat="28.4048970" lon="83.8224520">
    <ele>1658.0</ele>
    <time>2026-06-09T04:42:07Z</time>
    <extensions>
     <gpxtpx:TrackPointExtension>
      <gpxtpx:hr>88</gpxtpx:hr>
      <gpxtpx:cad>53</gpxtpx:cad>
     </gpxtpx:TrackPointExtension>
    </extensions>
   </trkpt>
   <trkpt lat="28.4049280" lon="83.8224290">
    <ele>1656.8</ele>
    <time>2026-06-09T04:42:10Z</time>
    <extensions>
     <gpxtpx:TrackPointExtension>
      <gpxtpx:hr>88</gpxtpx:hr>
      <gpxtpx:cad>60</gpxtpx:cad>
     </gpxtpx:TrackPointExtension>
    </extensions>
   </trkpt>
   <trkpt lat="28.4049370" lon="83.8224220">
    <ele>1656.6</ele>
    <time>2026-06-09T04:42:11Z</time>
    <extensions>
     <gpxtpx:TrackPointExtension>
      <gpxtpx:hr>87</gpxtpx:hr>
      <gpxtpx:cad>60</gpxtpx:cad>
     </gpxtpx:TrackPointExtension>
    </extensions>
   </trkpt>
   <trkpt lat="28.4049660" lon="83.8223870">
    <ele>1656.8</ele>
    <time>2026-06-09T04:42:16Z</time>
    <extensions>
     <gpxtpx:TrackPointExtension>
      <gpxtpx:hr>90</gpxtpx:hr>
      <gpxtpx:cad>62</gpxtpx:cad>
     </gpxtpx:TrackPointExtension>
    </extensions>
   </trkpt>
   <trkpt lat="28.4049750" lon="83.8223730">
    <ele>1656.8</ele>
    <time>2026-06-09T04:42:18Z</time>
    <extensions>
     <gpxtpx:TrackPointExtension>
      <gpxtpx:hr>93</gpxtpx:hr>
      <gpxtpx:cad>57</gpxtpx:cad>
     </gpxtpx:TrackPointExtension>
    </extensions>
   </trkpt>
   <trkpt lat="28.4049790" lon="83.8223610">
    <ele>1656.8</ele>
    <time>2026-06-09T04:42:19Z</time>
    <extensions>
     <gpxtpx:TrackPointExtension>
      <gpxtpx:hr>94</gpxtpx:hr>
      <gpxtpx:cad>57</gpxtpx:cad>
     </gpxtpx:TrackPointExtension>
    </extensions>
   </trkpt>
   <trkpt lat="28.4049920" lon="83.8223220">
    <ele>1657.0</ele>
    <time>2026-06-09T04:42:22Z</time>
    <extensions>
     <gpxtpx:TrackPointExtension>
      <gpxtpx:hr>91</gpxtpx:hr>
      <gpxtpx:cad>55</gpxtpx:cad>
     </gpxtpx:TrackPointExtension>
    </extensions>
   </trkpt>
   <trkpt lat="28.4050040" lon="83.8222920">
    <ele>1657.4</ele>
    <time>2026-06-09T04:42:25Z</time>
    <extensions>
     <gpxtpx:TrackPointExtension>
      <gpxtpx:hr>89</gpxtpx:hr>
      <gpxtpx:cad>51</gpxtpx:cad>
     </gpxtpx:TrackPointExtension>
    </extensions>
   </trkpt>
   <trkpt lat="28.4050140" lon="83.8222730">
    <ele>1657.8</ele>
    <time>2026-06-09T04:42:27Z</time>
    <extensions>
     <gpxtpx:TrackPointExtension>
      <gpxtpx:hr>88</gpxtpx:hr>
      <gpxtpx:cad>53</gpxtpx:cad>
     </gpxtpx:TrackPointExtension>
    </extensions>
   </trkpt>
   <trkpt lat="28.4050380" lon="83.8222500">
    <ele>1658.6</ele>
    <time>2026-06-09T04:42:30Z</time>
    <extensions>
     <gpxtpx:TrackPointExtension>
      <gpxtpx:hr>89</gpxtpx:hr>
      <gpxtpx:cad>54</gpxtpx:cad>
     </gpxtpx:TrackPointExtension>
    </extensions>
   </trkpt>
   <trkpt lat="28.4050470" lon="83.8222450">
    <ele>1659.0</ele>
    <time>2026-06-09T04:42:31Z</time>
    <extensions>
     <gpxtpx:TrackPointExtension>
      <gpxtpx:hr>88</gpxtpx:hr>
      <gpxtpx:cad>52</gpxtpx:cad>
     </gpxtpx:TrackPointExtension>
    </extensions>
   </trkpt>
   <trkpt lat="28.4050550" lon="83.8222400">
    <ele>1659.0</ele>
    <time>2026-06-09T04:42:32Z</time>
    <extensions>
     <gpxtpx:TrackPointExtension>
      <gpxtpx:hr>88</gpxtpx:hr>
      <gpxtpx:cad>52</gpxtpx:cad>
     </gpxtpx:TrackPointExtension>
    </extensions>
   </trkpt>
   <trkpt lat="28.4050950" lon="83.8222190">
    <ele>1658.6</ele>
    <time>2026-06-09T04:42:36Z</time>
    <extensions>
     <gpxtpx:TrackPointExtension>
      <gpxtpx:hr>85</gpxtpx:hr>
      <gpxtpx:cad>56</gpxtpx:cad>
     </gpxtpx:TrackPointExtension>
    </extensions>
   </trkpt>
   <trkpt lat="28.4051120" lon="83.8222110">
    <ele>1658.4</ele>
    <time>2026-06-09T04:42:38Z</time>
    <extensions>
     <gpxtpx:TrackPointExtension>
      <gpxtpx:hr>86</gpxtpx:hr>
      <gpxtpx:cad>56</gpxtpx:cad>
     </gpxtpx:TrackPointExtension>
    </extensions>
   </trkpt>
   <trkpt lat="28.4051830" lon="83.8221510">
    <ele>1658.8</ele>
    <time>2026-06-09T04:42:45Z</time>
    <extensions>
     <gpxtpx:TrackPointExtension>
      <gpxtpx:hr>89</gpxtpx:hr>
      <gpxtpx:cad>56</gpxtpx:cad>
     </gpxtpx:TrackPointExtension>
    </extensions>
   </trkpt>
   <trkpt lat="28.4051950" lon="83.8221400">
    <ele>1658.8</ele>
    <time>2026-06-09T04:42:46Z</time>
    <extensions>
     <gpxtpx:TrackPointExtension>
      <gpxtpx:hr>90</gpxtpx:hr>
      <gpxtpx:cad>56</gpxtpx:cad>
     </gpxtpx:TrackPointExtension>
    </extensions>
   </trkpt>
   <trkpt lat="28.4052520" lon="83.8220820">
    <ele>1658.6</ele>
    <time>2026-06-09T04:42:53Z</time>
    <extensions>
     <gpxtpx:TrackPointExtension>
      <gpxtpx:hr>91</gpxtpx:hr>
      <gpxtpx:cad>56</gpxtpx:cad>
     </gpxtpx:TrackPointExtension>
    </extensions>
   </trkpt>
   <trkpt lat="28.4053150" lon="83.8220420">
    <ele>1658.6</ele>
    <time>2026-06-09T04:43:00Z</time>
    <extensions>
     <gpxtpx:TrackPointExtension>
      <gpxtpx:hr>92</gpxtpx:hr>
      <gpxtpx:cad>56</gpxtpx:cad>
     </gpxtpx:TrackPointExtension>
    </extensions>
   </trkpt>
   <trkpt lat="28.4054000" lon="83.8219930">
    <ele>1658.0</ele>
    <time>2026-06-09T04:43:09Z</time>
    <extensions>
     <gpxtpx:TrackPointExtension>
      <gpxtpx:hr>94</gpxtpx:hr>
      <gpxtpx:cad>56</gpxtpx:cad>
     </gpxtpx:TrackPointExtension>
    </extensions>
   </trkpt>
   <trkpt lat="28.4054120" lon="83.8219890">
    <ele>1658.0</ele>
    <time>2026-06-09T04:43:10Z</time>
    <extensions>
     <gpxtpx:TrackPointExtension>
      <gpxtpx:hr>95</gpxtpx:hr>
      <gpxtpx:cad>56</gpxtpx:cad>
     </gpxtpx:TrackPointExtension>
    </extensions>
   </trkpt>
   <trkpt lat="28.4054690" lon="83.8219630">
    <ele>1657.0</ele>
    <time>2026-06-09T04:43:16Z</time>
    <extensions>
     <gpxtpx:TrackPointExtension>
      <gpxtpx:hr>93</gpxtpx:hr>
      <gpxtpx:cad>54</gpxtpx:cad>
     </gpxtpx:TrackPointExtension>
    </extensions>
   </trkpt>
   <trkpt lat="28.4054820" lon="83.8219590">
    <ele>1656.8</ele>
    <time>2026-06-09T04:43:17Z</time>
    <extensions>
     <gpxtpx:TrackPointExtension>
      <gpxtpx:hr>93</gpxtpx:hr>
      <gpxtpx:cad>55</gpxtpx:cad>
     </gpxtpx:TrackPointExtension>
    </extensions>
   </trkpt>
   <trkpt lat="28.4055230" lon="83.8219490">
    <ele>1655.6</ele>
    <time>2026-06-09T04:43:21Z</time>
    <extensions>
     <gpxtpx:TrackPointExtension>
      <gpxtpx:hr>92</gpxtpx:hr>
      <gpxtpx:cad>57</gpxtpx:cad>
     </gpxtpx:TrackPointExtension>
    </extensions>
   </trkpt>
   <trkpt lat="28.4055460" lon="83.8219490">
    <ele>1655.2</ele>
    <time>2026-06-09T04:43:23Z</time>
    <extensions>
     <gpxtpx:TrackPointExtension>
      <gpxtpx:hr>92</gpxtpx:hr>
      <gpxtpx:cad>57</gpxtpx:cad>
     </gpxtpx:TrackPointExtension>
    </extensions>
   </trkpt>
   <trkpt lat="28.4056040" lon="83.8219600">
    <ele>1654.6</ele>
    <time>2026-06-09T04:43:29Z</time>
    <extensions>
     <gpxtpx:TrackPointExtension>
      <gpxtpx:hr>93</gpxtpx:hr>
      <gpxtpx:cad>57</gpxtpx:cad>
     </gpxtpx:TrackPointExtension>
    </extensions>
   </trkpt>
   <trkpt lat="28.4056150" lon="83.8219600">
    <ele>1654.4</ele>
    <time>2026-06-09T04:43:30Z</time>
    <extensions>
     <gpxtpx:TrackPointExtension>
      <gpxtpx:hr>92</gpxtpx:hr>
      <gpxtpx:cad>57</gpxtpx:cad>
     </gpxtpx:TrackPointExtension>
    </extensions>
   </trkpt>
   <trkpt lat="28.4056410" lon="83.8219540">
    <ele>1653.6</ele>
    <time>2026-06-09T04:43:33Z</time>
    <extensions>
     <gpxtpx:TrackPointExtension>
      <gpxtpx:hr>91</gpxtpx:hr>
      <gpxtpx:cad>60</gpxtpx:cad>
     </gpxtpx:TrackPointExtension>
    </extensions>
   </trkpt>
   <trkpt lat="28.4056740" lon="83.8219320">
    <ele>1652.8</ele>
    <time>2026-06-09T04:43:36Z</time>
    <extensions>
     <gpxtpx:TrackPointExtension>
      <gpxtpx:hr>90</gpxtpx:hr>
      <gpxtpx:cad>57</gpxtpx:cad>
     </gpxtpx:TrackPointExtension>
    </extensions>
   </trkpt>
   <trkpt lat="28.4057040" lon="83.8219090">
    <ele>1652.6</ele>
    <time>2026-06-09T04:43:39Z</time>
    <extensions>
     <gpxtpx:TrackPointExtension>
      <gpxtpx:hr>88</gpxtpx:hr>
      <gpxtpx:cad>56</gpxtpx:cad>
     </gpxtpx:TrackPointExtension>
    </extensions>
   </trkpt>
   <trkpt lat="28.4057480" lon="83.8218780">
    <ele>1652.6</ele>
    <time>2026-06-09T04:43:43Z</time>
    <extensions>
     <gpxtpx:TrackPointExtension>
      <gpxtpx:hr>87</gpxtpx:hr>
      <gpxtpx:cad>58</gpxtpx:cad>
     </gpxtpx:TrackPointExtension>
    </extensions>
   </trkpt>
   <trkpt lat="28.4057820" lon="83.8218470">
    <ele>1653.6</ele>
    <time>2026-06-09T04:43:49Z</time>
    <extensions>
     <gpxtpx:TrackPointExtension>
      <gpxtpx:hr>86</gpxtpx:hr>
      <gpxtpx:cad>54</gpxtpx:cad>
     </gpxtpx:TrackPointExtension>
    </extensions>
   </trkpt>
   <trkpt lat="28.4057870" lon="83.8218390">
    <ele>1654.6</ele>
    <time>2026-06-09T04:43:53Z</time>
    <extensions>
     <gpxtpx:TrackPointExtension>
      <gpxtpx:hr>87</gpxtpx:hr>
      <gpxtpx:cad>50</gpxtpx:cad>
     </gpxtpx:TrackPointExtension>
    </extensions>
   </trkpt>
   <trkpt lat="28.4058070" lon="83.8218400">
    <ele>1655.6</ele>
    <time>2026-06-09T04:43:57Z</time>
    <extensions>
     <gpxtpx:TrackPointExtension>
      <gpxtpx:hr>89</gpxtpx:hr>
      <gpxtpx:cad>47</gpxtpx:cad>
     </gpxtpx:TrackPointExtension>
    </extensions>
   </trkpt>
   <trkpt lat="28.4058160" lon="83.8218400">
    <ele>1655.8</ele>
    <time>2026-06-09T04:43:58Z</time>
    <extensions>
     <gpxtpx:TrackPointExtension>
      <gpxtpx:hr>88</gpxtpx:hr>
      <gpxtpx:cad>47</gpxtpx:cad>
     </gpxtpx:TrackPointExtension>
    </extensions>
   </trkpt>
   <trkpt lat="28.4058540" lon="83.8218300">
    <ele>1657.0</ele>
    <time>2026-06-09T04:44:02Z</time>
    <extensions>
     <gpxtpx:TrackPointExtension>
      <gpxtpx:hr>90</gpxtpx:hr>
      <gpxtpx:cad>50</gpxtpx:cad>
     </gpxtpx:TrackPointExtension>
    </extensions>
   </trkpt>
   <trkpt lat="28.4058750" lon="83.8218220">
    <ele>1657.4</ele>
    <time>2026-06-09T04:44:04Z</time>
    <extensions>
     <gpxtpx:TrackPointExtension>
      <gpxtpx:hr>92</gpxtpx:hr>
      <gpxtpx:cad>50</gpxtpx:cad>
     </gpxtpx:TrackPointExtension>
    </extensions>
   </trkpt>
   <trkpt lat="28.4059240" lon="83.8217940">
    <ele>1656.8</ele>
    <time>2026-06-09T04:44:10Z</time>
    <extensions>
     <gpxtpx:TrackPointExtension>
      <gpxtpx:hr>95</gpxtpx:hr>
      <gpxtpx:cad>56</gpxtpx:cad>
     </gpxtpx:TrackPointExtension>
    </extensions>
   </trkpt>
   <trkpt lat="28.4059690" lon="83.8217710">
    <ele>1655.8</ele>
    <time>2026-06-09T04:44:15Z</time>
    <extensions>
     <gpxtpx:TrackPointExtension>
      <gpxtpx:hr>95</gpxtpx:hr>
      <gpxtpx:cad>57</gpxtpx:cad>
     </gpxtpx:TrackPointExtension>
    </extensions>
   </trkpt>
   <trkpt lat="28.4059750" lon="83.8217660">
    <ele>1655.6</ele>
    <time>2026-06-09T04:44:16Z</time>
    <extensions>
     <gpxtpx:TrackPointExtension>
      <gpxtpx:hr>96</gpxtpx:hr>
      <gpxtpx:cad>57</gpxtpx:cad>
     </gpxtpx:TrackPointExtension>
    </extensions>
   </trkpt>
   <trkpt lat="28.4060290" lon="83.8217340">
    <ele>1654.6</ele>
    <time>2026-06-09T04:44:21Z</time>
    <extensions>
     <gpxtpx:TrackPointExtension>
      <gpxtpx:hr>95</gpxtpx:hr>
      <gpxtpx:cad>57</gpxtpx:cad>
     </gpxtpx:TrackPointExtension>
    </extensions>
   </trkpt>
   <trkpt lat="28.4060490" lon="83.8217200">
    <ele>1654.2</ele>
    <time>2026-06-09T04:44:23Z</time>
    <extensions>
     <gpxtpx:TrackPointExtension>
      <gpxtpx:hr>95</gpxtpx:hr>
      <gpxtpx:cad>59</gpxtpx:cad>
     </gpxtpx:TrackPointExtension>
    </extensions>
   </trkpt>
   <trkpt lat="28.4060850" lon="83.8216870">
    <ele>1653.6</ele>
    <time>2026-06-09T04:44:28Z</time>
    <extensions>
     <gpxtpx:TrackPointExtension>
      <gpxtpx:hr>94</gpxtpx:hr>
      <gpxtpx:cad>57</gpxtpx:cad>
     </gpxtpx:TrackPointExtension>
    </extensions>
   </trkpt>
   <trkpt lat="28.4061240" lon="83.8216450">
    <ele>1655.2</ele>
    <time>2026-06-09T04:44:35Z</time>
    <extensions>
     <gpxtpx:TrackPointExtension>
      <gpxtpx:hr>91</gpxtpx:hr>
      <gpxtpx:cad>0</gpxtpx:cad>
     </gpxtpx:TrackPointExtension>
    </extensions>
   </trkpt>
   <trkpt lat="28.4061360" lon="83.8216280">
    <ele>1655.2</ele>
    <time>2026-06-09T04:44:37Z</time>
    <extensions>
     <gpxtpx:TrackPointExtension>
      <gpxtpx:hr>91</gpxtpx:hr>
      <gpxtpx:cad>0</gpxtpx:cad>
     </gpxtpx:TrackPointExtension>
    </extensions>
   </trkpt>
   <trkpt lat="28.4061480" lon="83.8215990">
    <ele>1655.0</ele>
    <time>2026-06-09T04:44:40Z</time>
    <extensions>
     <gpxtpx:TrackPointExtension>
      <gpxtpx:hr>95</gpxtpx:hr>
      <gpxtpx:cad>50</gpxtpx:cad>
     </gpxtpx:TrackPointExtension>
    </extensions>
   </trkpt>
   <trkpt lat="28.4061680" lon="83.8215790">
    <ele>1653.4</ele>
    <time>2026-06-09T04:44:43Z</time>
    <extensions>
     <gpxtpx:TrackPointExtension>
      <gpxtpx:hr>96</gpxtpx:hr>
      <gpxtpx:cad>50</gpxtpx:cad>
     </gpxtpx:TrackPointExtension>
    </extensions>
   </trkpt>
   <trkpt lat="28.4061830" lon="83.8215660">
    <ele>1651.8</ele>
    <time>2026-06-09T04:44:45Z</time>
    <extensions>
     <gpxtpx:TrackPointExtension>
      <gpxtpx:hr>96</gpxtpx:hr>
      <gpxtpx:cad>50</gpxtpx:cad>
     </gpxtpx:TrackPointExtension>
    </extensions>
   </trkpt>
   <trkpt lat="28.4061890" lon="83.8215610">
    <ele>1651.4</ele>
    <time>2026-06-09T04:44:46Z</time>
    <extensions>
     <gpxtpx:TrackPointExtension>
      <gpxtpx:hr>96</gpxtpx:hr>
      <gpxtpx:cad>0</gpxtpx:cad>
     </gpxtpx:TrackPointExtension>
    </extensions>
   </trkpt>
   <trkpt lat="28.4062100" lon="83.8215490">
    <ele>1650.8</ele>
    <time>2026-06-09T04:44:49Z</time>
    <extensions>
     <gpxtpx:TrackPointExtension>
      <gpxtpx:hr>95</gpxtpx:hr>
      <gpxtpx:cad>59</gpxtpx:cad>
     </gpxtpx:TrackPointExtension>
    </extensions>
   </trkpt>
   <trkpt lat="28.4062270" lon="83.8215480">
    <ele>1650.2</ele>
    <time>2026-06-09T04:44:52Z</time>
    <extensions>
     <gpxtpx:TrackPointExtension>
      <gpxtpx:hr>95</gpxtpx:hr>
      <gpxtpx:cad>62</gpxtpx:cad>
     </gpxtpx:TrackPointExtension>
    </extensions>
   </trkpt>
   <trkpt lat="28.4062310" lon="83.8215540">
    <ele>1649.8</ele>
    <time>2026-06-09T04:44:53Z</time>
    <extensions>
     <gpxtpx:TrackPointExtension>
      <gpxtpx:hr>94</gpxtpx:hr>
      <gpxtpx:cad>57</gpxtpx:cad>
     </gpxtpx:TrackPointExtension>
    </extensions>
   </trkpt>
   <trkpt lat="28.4062350" lon="83.8215610">
    <ele>1649.6</ele>
    <time>2026-06-09T04:44:54Z</time>
    <extensions>
     <gpxtpx:TrackPointExtension>
      <gpxtpx:hr>94</gpxtpx:hr>
      <gpxtpx:cad>57</gpxtpx:cad>
     </gpxtpx:TrackPointExtension>
    </extensions>
   </trkpt>
   <trkpt lat="28.4062390" lon="83.8215890">
    <ele>1649.0</ele>
    <time>2026-06-09T04:44:57Z</time>
    <extensions>
     <gpxtpx:TrackPointExtension>
      <gpxtpx:hr>93</gpxtpx:hr>
      <gpxtpx:cad>56</gpxtpx:cad>
     </gpxtpx:TrackPointExtension>
    </extensions>
   </trkpt>
   <trkpt lat="28.4062460" lon="83.8216400">
    <ele>1648.4</ele>
    <time>2026-06-09T04:45:02Z</time>
    <extensions>
     <gpxtpx:TrackPointExtension>
      <gpxtpx:hr>91</gpxtpx:hr>
      <gpxtpx:cad>55</gpxtpx:cad>
     </gpxtpx:TrackPointExtension>
    </extensions>
   </trkpt>
   <trkpt lat="28.4062490" lon="83.8216550">
    <ele>1648.6</ele>
    <time>2026-06-09T04:45:04Z</time>
    <extensions>
     <gpxtpx:TrackPointExtension>
      <gpxtpx:hr>92</gpxtpx:hr>
      <gpxtpx:cad>55</gpxtpx:cad>
     </gpxtpx:TrackPointExtension>
    </extensions>
   </trkpt>
   <trkpt lat="28.4062510" lon="83.8216750">
    <ele>1649.6</ele>
    <time>2026-06-09T04:45:07Z</time>
    <extensions>
     <gpxtpx:TrackPointExtension>
      <gpxtpx:hr>90</gpxtpx:hr>
      <gpxtpx:cad>0</gpxtpx:cad>
     </gpxtpx:TrackPointExtension>
    </extensions>
   </trkpt>
   <trkpt lat="28.4062510" lon="83.8216780">
    <ele>1649.6</ele>
    <time>2026-06-09T04:45:08Z</time>
    <extensions>
     <gpxtpx:TrackPointExtension>
      <gpxtpx:hr>85</gpxtpx:hr>
      <gpxtpx:cad>0</gpxtpx:cad>
     </gpxtpx:TrackPointExtension>
    </extensions>
   </trkpt>
   <trkpt lat="28.4062530" lon="83.8216750">
    <ele>1649.4</ele>
    <time>2026-06-09T04:45:12Z</time>
    <extensions>
     <gpxtpx:TrackPointExtension>
      <gpxtpx:hr>84</gpxtpx:hr>
      <gpxtpx:cad>0</gpxtpx:cad>
     </gpxtpx:TrackPointExtension>
    </extensions>
   </trkpt>
   <trkpt lat="28.4062530" lon="83.8216780">
    <ele>1649.4</ele>
    <time>2026-06-09T04:45:14Z</time>
    <extensions>
     <gpxtpx:TrackPointExtension>
      <gpxtpx:hr>90</gpxtpx:hr>
      <gpxtpx:cad>0</gpxtpx:cad>
     </gpxtpx:TrackPointExtension>
    </extensions>
   </trkpt>
   <trkpt lat="28.4062340" lon="83.8217310">
    <ele>1648.0</ele>
    <time>2026-06-09T04:45:20Z</time>
    <extensions>
     <gpxtpx:TrackPointExtension>
      <gpxtpx:hr>91</gpxtpx:hr>
      <gpxtpx:cad>0</gpxtpx:cad>
     </gpxtpx:TrackPointExtension>
    </extensions>
   </trkpt>
   <trkpt lat="28.4062280" lon="83.8217550">
    <ele>1646.8</ele>
    <time>2026-06-09T04:45:23Z</time>
    <extensions>
     <gpxtpx:TrackPointExtension>
      <gpxtpx:hr>91</gpxtpx:hr>
      <gpxtpx:cad>57</gpxtpx:cad>
     </gpxtpx:TrackPointExtension>
    </extensions>
   </trkpt>
   <trkpt lat="28.4062350" lon="83.8217800">
    <ele>1646.0</ele>
    <time>2026-06-09T04:45:26Z</time>
    <extensions>
     <gpxtpx:TrackPointExtension>
      <gpxtpx:hr>91</gpxtpx:hr>
      <gpxtpx:cad>60</gpxtpx:cad>
     </gpxtpx:TrackPointExtension>
    </extensions>
   </trkpt>
   <trkpt lat="28.4062380" lon="83.8217880">
    <ele>1645.6</ele>
    <time>2026-06-09T04:45:27Z</time>
    <extensions>
     <gpxtpx:TrackPointExtension>
      <gpxtpx:hr>91</gpxtpx:hr>
      <gpxtpx:cad>60</gpxtpx:cad>
     </gpxtpx:TrackPointExtension>
    </extensions>
   </trkpt>
   <trkpt lat="28.4062480" lon="83.8218130">
    <ele>1644.2</ele>
    <time>2026-06-09T04:45:30Z</time>
    <extensions>
     <gpxtpx:TrackPointExtension>
      <gpxtpx:hr>92</gpxtpx:hr>
      <gpxtpx:cad>64</gpxtpx:cad>
     </gpxtpx:TrackPointExtension>
    </extensions>
   </trkpt>
   <trkpt lat="28.4062560" lon="83.8218330">
    <ele>1643.2</ele>
    <time>2026-06-09T04:45:33Z</time>
    <extensions>
     <gpxtpx:TrackPointExtension>
      <gpxtpx:hr>92</gpxtpx:hr>
      <gpxtpx:cad>60</gpxtpx:cad>
     </gpxtpx:TrackPointExtension>
    </extensions>
   </trkpt>
   <trkpt lat="28.4062610" lon="83.8218360">
    <ele>1642.8</ele>
    <time>2026-06-09T04:45:34Z</time>
    <extensions>
     <gpxtpx:TrackPointExtension>
      <gpxtpx:hr>92</gpxtpx:hr>
      <gpxtpx:cad>60</gpxtpx:cad>
     </gpxtpx:TrackPointExtension>
    </extensions>
   </trkpt>
   <trkpt lat="28.4062740" lon="83.8218320">
    <ele>1642.0</ele>
    <time>2026-06-09T04:45:36Z</time>
    <extensions>
     <gpxtpx:TrackPointExtension>
      <gpxtpx:hr>93</gpxtpx:hr>
      <gpxtpx:cad>56</gpxtpx:cad>
     </gpxtpx:TrackPointExtension>
    </extensions>
   </trkpt>
   <trkpt lat="28.4062920" lon="83.8218260">
    <ele>1641.4</ele>
    <time>2026-06-09T04:45:38Z</time>
    <extensions>
     <gpxtpx:TrackPointExtension>
      <gpxtpx:hr>92</gpxtpx:hr>
      <gpxtpx:cad>56</gpxtpx:cad>
     </gpxtpx:TrackPointExtension>
    </extensions>
   </trkpt>
   <trkpt lat="28.4063030" lon="83.8218240">
    <ele>1641.0</ele>
    <time>2026-06-09T04:45:39Z</time>
    <extensions>
     <gpxtpx:TrackPointExtension>
      <gpxtpx:hr>92</gpxtpx:hr>
      <gpxtpx:cad>55</gpxtpx:cad>
     </gpxtpx:TrackPointExtension>
    </extensions>
   </trkpt>
   <trkpt lat="28.4063130" lon="83.8218230">
    <ele>1640.8</ele>
    <time>2026-06-09T04:45:40Z</time>
    <extensions>
     <gpxtpx:TrackPointExtension>
      <gpxtpx:hr>93</gpxtpx:hr>
      <gpxtpx:cad>55</gpxtpx:cad>
     </gpxtpx:TrackPointExtension>
    </extensions>
   </trkpt>
   <trkpt lat="28.4063300" lon="83.8218230">
    <ele>1640.0</ele>
    <time>2026-06-09T04:45:44Z</time>
    <extensions>
     <gpxtpx:TrackPointExtension>
      <gpxtpx:hr>92</gpxtpx:hr>
      <gpxtpx:cad>55</gpxtpx:cad>
     </gpxtpx:TrackPointExtension>
    </extensions>
   </trkpt>
   <trkpt lat="28.4063380" lon="83.8218330">
    <ele>1640.6</ele>
    <time>2026-06-09T04:45:52Z</time>
    <extensions>
     <gpxtpx:TrackPointExtension>
      <gpxtpx:hr>95</gpxtpx:hr>
      <gpxtpx:cad>0</gpxtpx:cad>
     </gpxtpx:TrackPointExtension>
    </extensions>
   </trkpt>
   <trkpt lat="28.4063400" lon="83.8218340">
    <ele>1640.6</ele>
    <time>2026-06-09T04:45:53Z</time>
    <extensions>
     <gpxtpx:TrackPointExtension>
      <gpxtpx:hr>96</gpxtpx:hr>
      <gpxtpx:cad>0</gpxtpx:cad>
     </gpxtpx:TrackPointExtension>
    </extensions>
   </trkpt>
   <trkpt lat="28.4063470" lon="83.8218370">
    <ele>1640.0</ele>
    <time>2026-06-09T04:45:57Z</time>
    <extensions>
     <gpxtpx:TrackPointExtension>
      <gpxtpx:hr>99</gpxtpx:hr>
      <gpxtpx:cad>0</gpxtpx:cad>
     </gpxtpx:TrackPointExtension>
    </extensions>
   </trkpt>
   <trkpt lat="28.4063460" lon="83.8218360">
    <ele>1639.8</ele>
    <time>2026-06-09T04:45:58Z</time>
    <extensions>
     <gpxtpx:TrackPointExtension>
      <gpxtpx:hr>99</gpxtpx:hr>
      <gpxtpx:cad>0</gpxtpx:cad>
     </gpxtpx:TrackPointExtension>
    </extensions>
   </trkpt>
   <trkpt lat="28.4063390" lon="83.8218350">
    <ele>1639.6</ele>
    <time>2026-06-09T04:46:07Z</time>
    <extensions>
     <gpxtpx:TrackPointExtension>
      <gpxtpx:hr>101</gpxtpx:hr>
      <gpxtpx:cad>0</gpxtpx:cad>
     </gpxtpx:TrackPointExtension>
    </extensions>
   </trkpt>
   <trkpt lat="28.4063340" lon="83.8218410">
    <ele>1639.6</ele>
    <time>2026-06-09T04:46:11Z</time>
    <extensions>
     <gpxtpx:TrackPointExtension>
      <gpxtpx:hr>101</gpxtpx:hr>
      <gpxtpx:cad>0</gpxtpx:cad>
     </gpxtpx:TrackPointExtension>
    </extensions>
   </trkpt>
   <trkpt lat="28.4063500" lon="83.8218970">
    <ele>1639.8</ele>
    <time>2026-06-09T04:46:17Z</time>
    <extensions>
     <gpxtpx:TrackPointExtension>
      <gpxtpx:hr>101</gpxtpx:hr>
      <gpxtpx:cad>43</gpxtpx:cad>
     </gpxtpx:TrackPointExtension>
    </extensions>
   </trkpt>
   <trkpt lat="28.4063550" lon="83.8219060">
    <ele>1639.6</ele>
    <time>2026-06-09T04:46:18Z</time>
    <extensions>
     <gpxtpx:TrackPointExtension>
      <gpxtpx:hr>98</gpxtpx:hr>
      <gpxtpx:cad>0</gpxtpx:cad>
     </gpxtpx:TrackPointExtension>
    </extensions>
   </trkpt>
   <trkpt lat="28.4063600" lon="83.8219170">
    <ele>1639.4</ele>
    <time>2026-06-09T04:46:19Z</time>
    <extensions>
     <gpxtpx:TrackPointExtension>
      <gpxtpx:hr>93</gpxtpx:hr>
      <gpxtpx:cad>53</gpxtpx:cad>
     </gpxtpx:TrackPointExtension>
    </extensions>
   </trkpt>
   <trkpt lat="28.4063660" lon="83.8219260">
    <ele>1639.4</ele>
    <time>2026-06-09T04:46:20Z</time>
    <extensions>
     <gpxtpx:TrackPointExtension>
      <gpxtpx:hr>88</gpxtpx:hr>
      <gpxtpx:cad>53</gpxtpx:cad>
     </gpxtpx:TrackPointExtension>
    </extensions>
   </trkpt>
   <trkpt lat="28.4063850" lon="83.8219680">
    <ele>1638.8</ele>
    <time>2026-06-09T04:46:25Z</time>
    <extensions>
     <gpxtpx:TrackPointExtension>
      <gpxtpx:hr>96</gpxtpx:hr>
      <gpxtpx:cad>55</gpxtpx:cad>
     </gpxtpx:TrackPointExtension>
    </extensions>
   </trkpt>
   <trkpt lat="28.4063890" lon="83.8219750">
    <ele>1638.4</ele>
    <time>2026-06-09T04:46:26Z</time>
    <extensions>
     <gpxtpx:TrackPointExtension>
      <gpxtpx:hr>101</gpxtpx:hr>
      <gpxtpx:cad>52</gpxtpx:cad>
     </gpxtpx:TrackPointExtension>
    </extensions>
   </trkpt>
   <trkpt lat="28.4063940" lon="83.8219840">
    <ele>1637.8</ele>
    <time>2026-06-09T04:46:27Z</time>
    <extensions>
     <gpxtpx:TrackPointExtension>
      <gpxtpx:hr>101</gpxtpx:hr>
      <gpxtpx:cad>51</gpxtpx:cad>
     </gpxtpx:TrackPointExtension>
    </extensions>
   </trkpt>
   <trkpt lat="28.4063990" lon="83.8219930">
    <ele>1637.2</ele>
    <time>2026-06-09T04:46:28Z</time>
    <extensions>
     <gpxtpx:TrackPointExtension>
      <gpxtpx:hr>100</gpxtpx:hr>
      <gpxtpx:cad>51</gpxtpx:cad>
     </gpxtpx:TrackPointExtension>
    </extensions>
   </trkpt>
   <trkpt lat="28.4064080" lon="83.8220110">
    <ele>1636.4</ele>
    <time>2026-06-09T04:46:30Z</time>
    <extensions>
     <gpxtpx:TrackPointExtension>
      <gpxtpx:hr>95</gpxtpx:hr>
      <gpxtpx:cad>57</gpxtpx:cad>
     </gpxtpx:TrackPointExtension>
    </extensions>
   </trkpt>
   <trkpt lat="28.4064150" lon="83.8220290">
    <ele>1636.2</ele>
    <time>2026-06-09T04:46:32Z</time>
    <extensions>
     <gpxtpx:TrackPointExtension>
      <gpxtpx:hr>93</gpxtpx:hr>
      <gpxtpx:cad>59</gpxtpx:cad>
     </gpxtpx:TrackPointExtension>
    </extensions>
   </trkpt>
   <trkpt lat="28.4064280" lon="83.8220630">
    <ele>1635.8</ele>
    <time>2026-06-09T04:46:35Z</time>
    <extensions>
     <gpxtpx:TrackPointExtension>
      <gpxtpx:hr>94</gpxtpx:hr>
      <gpxtpx:cad>59</gpxtpx:cad>
     </gpxtpx:TrackPointExtension>
    </extensions>
   </trkpt>
   <trkpt lat="28.4064690" lon="83.8221590">
    <ele>1635.6</ele>
    <time>2026-06-09T04:46:43Z</time>
    <extensions>
     <gpxtpx:TrackPointExtension>
      <gpxtpx:hr>97</gpxtpx:hr>
      <gpxtpx:cad>59</gpxtpx:cad>
     </gpxtpx:TrackPointExtension>
    </extensions>
   </trkpt>
   <trkpt lat="28.4064800" lon="83.8221820">
    <ele>1635.0</ele>
    <time>2026-06-09T04:46:45Z</time>
    <extensions>
     <gpxtpx:TrackPointExtension>
      <gpxtpx:hr>99</gpxtpx:hr>
      <gpxtpx:cad>57</gpxtpx:cad>
     </gpxtpx:TrackPointExtension>
    </extensions>
   </trkpt>
   <trkpt lat="28.4064940" lon="83.8222140">
    <ele>1633.6</ele>
    <time>2026-06-09T04:46:48Z</time>
    <extensions>
     <gpxtpx:TrackPointExtension>
      <gpxtpx:hr>100</gpxtpx:hr>
      <gpxtpx:cad>56</gpxtpx:cad>
     </gpxtpx:TrackPointExtension>
    </extensions>
   </trkpt>
   <trkpt lat="28.4065080" lon="83.8222490">
    <ele>1632.6</ele>
    <time>2026-06-09T04:46:51Z</time>
    <extensions>
     <gpxtpx:TrackPointExtension>
      <gpxtpx:hr>99</gpxtpx:hr>
      <gpxtpx:cad>62</gpxtpx:cad>
     </gpxtpx:TrackPointExtension>
    </extensions>
   </trkpt>
   <trkpt lat="28.4065130" lon="83.8222590">
    <ele>1632.4</ele>
    <time>2026-06-09T04:46:52Z</time>
    <extensions>
     <gpxtpx:TrackPointExtension>
      <gpxtpx:hr>99</gpxtpx:hr>
      <gpxtpx:cad>61</gpxtpx:cad>
     </gpxtpx:TrackPointExtension>
    </extensions>
   </trkpt>
   <trkpt lat="28.4065490" lon="83.8223340">
    <ele>1631.6</ele>
    <time>2026-06-09T04:46:58Z</time>
    <extensions>
     <gpxtpx:TrackPointExtension>
      <gpxtpx:hr>97</gpxtpx:hr>
      <gpxtpx:cad>59</gpxtpx:cad>
     </gpxtpx:TrackPointExtension>
    </extensions>
   </trkpt>
   <trkpt lat="28.4065730" lon="83.8223820">
    <ele>1630.8</ele>
    <time>2026-06-09T04:47:02Z</time>
    <extensions>
     <gpxtpx:TrackPointExtension>
      <gpxtpx:hr>96</gpxtpx:hr>
      <gpxtpx:cad>59</gpxtpx:cad>
     </gpxtpx:TrackPointExtension>
    </extensions>
   </trkpt>
   <trkpt lat="28.4065850" lon="83.8224030">
    <ele>1630.4</ele>
    <time>2026-06-09T04:47:04Z</time>
    <extensions>
     <gpxtpx:TrackPointExtension>
      <gpxtpx:hr>94</gpxtpx:hr>
      <gpxtpx:cad>59</gpxtpx:cad>
     </gpxtpx:TrackPointExtension>
    </extensions>
   </trkpt>
   <trkpt lat="28.4066140" lon="83.8224690">
    <ele>1629.4</ele>
    <time>2026-06-09T04:47:10Z</time>
    <extensions>
     <gpxtpx:TrackPointExtension>
      <gpxtpx:hr>94</gpxtpx:hr>
      <gpxtpx:cad>59</gpxtpx:cad>
     </gpxtpx:TrackPointExtension>
    </extensions>
   </trkpt>
   <trkpt lat="28.4066180" lon="83.8224800">
    <ele>1629.4</ele>
    <time>2026-06-09T04:47:11Z</time>
    <extensions>
     <gpxtpx:TrackPointExtension>
      <gpxtpx:hr>95</gpxtpx:hr>
      <gpxtpx:cad>59</gpxtpx:cad>
     </gpxtpx:TrackPointExtension>
    </extensions>
   </trkpt>
   <trkpt lat="28.4066380" lon="83.8225360">
    <ele>1628.6</ele>
    <time>2026-06-09T04:47:16Z</time>
    <extensions>
     <gpxtpx:TrackPointExtension>
      <gpxtpx:hr>94</gpxtpx:hr>
      <gpxtpx:cad>58</gpxtpx:cad>
     </gpxtpx:TrackPointExtension>
    </extensions>
   </trkpt>
   <trkpt lat="28.4066480" lon="83.8225600">
    <ele>1628.2</ele>
    <time>2026-06-09T04:47:18Z</time>
    <extensions>
     <gpxtpx:TrackPointExtension>
      <gpxtpx:hr>93</gpxtpx:hr>
      <gpxtpx:cad>58</gpxtpx:cad>
     </gpxtpx:TrackPointExtension>
    </extensions>
   </trkpt>
   <trkpt lat="28.4066820" lon="83.8226250">
    <ele>1628.0</ele>
    <time>2026-06-09T04:47:24Z</time>
    <extensions>
     <gpxtpx:TrackPointExtension>
      <gpxtpx:hr>93</gpxtpx:hr>
      <gpxtpx:cad>57</gpxtpx:cad>
     </gpxtpx:TrackPointExtension>
    </extensions>
   </trkpt>
   <trkpt lat="28.4067120" lon="83.8226930">
    <ele>1627.2</ele>
    <time>2026-06-09T04:47:29Z</time>
    <extensions>
     <gpxtpx:TrackPointExtension>
      <gpxtpx:hr>92</gpxtpx:hr>
      <gpxtpx:cad>57</gpxtpx:cad>
     </gpxtpx:TrackPointExtension>
    </extensions>
   </trkpt>
   <trkpt lat="28.4067360" lon="83.8227480">
    <ele>1626.4</ele>
    <time>2026-06-09T04:47:33Z</time>
    <extensions>
     <gpxtpx:TrackPointExtension>
      <gpxtpx:hr>94</gpxtpx:hr>
      <gpxtpx:cad>59</gpxtpx:cad>
     </gpxtpx:TrackPointExtension>
    </extensions>
   </trkpt>
   <trkpt lat="28.4067730" lon="83.8228220">
    <ele>1626.4</ele>
    <time>2026-06-09T04:47:39Z</time>
    <extensions>
     <gpxtpx:TrackPointExtension>
      <gpxtpx:hr>91</gpxtpx:hr>
      <gpxtpx:cad>58</gpxtpx:cad>
     </gpxtpx:TrackPointExtension>
    </extensions>
   </trkpt>
   <trkpt lat="28.4067820" lon="83.8228480">
    <ele>1626.2</ele>
    <time>2026-06-09T04:47:41Z</time>
    <extensions>
     <gpxtpx:TrackPointExtension>
      <gpxtpx:hr>87</gpxtpx:hr>
      <gpxtpx:cad>57</gpxtpx:cad>
     </gpxtpx:TrackPointExtension>
    </extensions>
   </trkpt>
   <trkpt lat="28.4067880" lon="83.8228610">
    <ele>1626.0</ele>
    <time>2026-06-09T04:47:42Z</time>
    <extensions>
     <gpxtpx:TrackPointExtension>
      <gpxtpx:hr>87</gpxtpx:hr>
      <gpxtpx:cad>58</gpxtpx:cad>
     </gpxtpx:TrackPointExtension>
    </extensions>
   </trkpt>
   <trkpt lat="28.4068000" lon="83.8228870">
    <ele>1625.6</ele>
    <time>2026-06-09T04:47:44Z</time>
    <extensions>
     <gpxtpx:TrackPointExtension>
      <gpxtpx:hr>90</gpxtpx:hr>
      <gpxtpx:cad>59</gpxtpx:cad>
     </gpxtpx:TrackPointExtension>
    </extensions>
   </trkpt>
   <trkpt lat="28.4068130" lon="83.8229110">
    <ele>1625.4</ele>
    <time>2026-06-09T04:47:46Z</time>
    <extensions>
     <gpxtpx:TrackPointExtension>
      <gpxtpx:hr>93</gpxtpx:hr>
      <gpxtpx:cad>59</gpxtpx:cad>
     </gpxtpx:TrackPointExtension>
    </extensions>
   </trkpt>
   <trkpt lat="28.4068270" lon="83.8229510">
    <ele>1625.6</ele>
    <time>2026-06-09T04:47:49Z</time>
    <extensions>
     <gpxtpx:TrackPointExtension>
      <gpxtpx:hr>94</gpxtpx:hr>
      <gpxtpx:cad>58</gpxtpx:cad>
     </gpxtpx:TrackPointExtension>
    </extensions>
   </trkpt>
   <trkpt lat="28.4068630" lon="83.8230530">
    <ele>1625.0</ele>
    <time>2026-06-09T04:47:57Z</time>
    <extensions>
     <gpxtpx:TrackPointExtension>
      <gpxtpx:hr>94</gpxtpx:hr>
      <gpxtpx:cad>58</gpxtpx:cad>
     </gpxtpx:TrackPointExtension>
    </extensions>
   </trkpt>
   <trkpt lat="28.4069130" lon="83.8231490">
    <ele>1625.2</ele>
    <time>2026-06-09T04:48:05Z</time>
    <extensions>
     <gpxtpx:TrackPointExtension>
      <gpxtpx:hr>94</gpxtpx:hr>
      <gpxtpx:cad>58</gpxtpx:cad>
     </gpxtpx:TrackPointExtension>
    </extensions>
   </trkpt>
   <trkpt lat="28.4069350" lon="83.8231830">
    <ele>1625.0</ele>
    <time>2026-06-09T04:48:08Z</time>
    <extensions>
     <gpxtpx:TrackPointExtension>
      <gpxtpx:hr>94</gpxtpx:hr>
      <gpxtpx:cad>58</gpxtpx:cad>
     </gpxtpx:TrackPointExtension>
    </extensions>
   </trkpt>
   <trkpt lat="28.4069850" lon="83.8232780">
    <ele>1625.2</ele>
    <time>2026-06-09T04:48:15Z</time>
    <extensions>
     <gpxtpx:TrackPointExtension>
      <gpxtpx:hr>94</gpxtpx:hr>
      <gpxtpx:cad>57</gpxtpx:cad>
     </gpxtpx:TrackPointExtension>
    </extensions>
   </trkpt>
   <trkpt lat="28.4069990" lon="83.8233230">
    <ele>1626.0</ele>
    <time>2026-06-09T04:48:22Z</time>
    <extensions>
     <gpxtpx:TrackPointExtension>
      <gpxtpx:hr>94</gpxtpx:hr>
      <gpxtpx:cad>0</gpxtpx:cad>
     </gpxtpx:TrackPointExtension>
    </extensions>
   </trkpt>
   <trkpt lat="28.4069990" lon="83.8233280">
    <ele>1626.4</ele>
    <time>2026-06-09T04:48:23Z</time>
    <extensions>
     <gpxtpx:TrackPointExtension>
      <gpxtpx:hr>95</gpxtpx:hr>
      <gpxtpx:cad>0</gpxtpx:cad>
     </gpxtpx:TrackPointExtension>
    </extensions>
   </trkpt>
   <trkpt lat="28.4070030" lon="83.8233390">
    <ele>1627.0</ele>
    <time>2026-06-09T04:48:26Z</time>
    <extensions>
     <gpxtpx:TrackPointExtension>
      <gpxtpx:hr>96</gpxtpx:hr>
      <gpxtpx:cad>0</gpxtpx:cad>
     </gpxtpx:TrackPointExtension>
    </extensions>
   </trkpt>
   <trkpt lat="28.4070170" lon="83.8233560">
    <ele>1626.6</ele>
    <time>2026-06-09T04:48:29Z</time>
    <extensions>
     <gpxtpx:TrackPointExtension>
      <gpxtpx:hr>100</gpxtpx:hr>
      <gpxtpx:cad>0</gpxtpx:cad>
     </gpxtpx:TrackPointExtension>
    </extensions>
   </trkpt>
   <trkpt lat="28.4070220" lon="83.8233640">
    <ele>1626.0</ele>
    <time>2026-06-09T04:48:30Z</time>
    <extensions>
     <gpxtpx:TrackPointExtension>
      <gpxtpx:hr>101</gpxtpx:hr>
      <gpxtpx:cad>0</gpxtpx:cad>
     </gpxtpx:TrackPointExtension>
    </extensions>
   </trkpt>
   <trkpt lat="28.4070270" lon="83.8233740">
    <ele>1625.6</ele>
    <time>2026-06-09T04:48:31Z</time>
    <extensions>
     <gpxtpx:TrackPointExtension>
      <gpxtpx:hr>100</gpxtpx:hr>
      <gpxtpx:cad>0</gpxtpx:cad>
     </gpxtpx:TrackPointExtension>
    </extensions>
   </trkpt>
   <trkpt lat="28.4070390" lon="83.8233990">
    <ele>1625.0</ele>
    <time>2026-06-09T04:48:33Z</time>
    <extensions>
     <gpxtpx:TrackPointExtension>
      <gpxtpx:hr>101</gpxtpx:hr>
      <gpxtpx:cad>0</gpxtpx:cad>
     </gpxtpx:TrackPointExtension>
    </extensions>
   </trkpt>
   <trkpt lat="28.4070650" lon="83.8234520">
    <ele>1625.4</ele>
    <time>2026-06-09T04:48:37Z</time>
    <extensions>
     <gpxtpx:TrackPointExtension>
      <gpxtpx:hr>101</gpxtpx:hr>
      <gpxtpx:cad>56</gpxtpx:cad>
     </gpxtpx:TrackPointExtension>
    </extensions>
   </trkpt>
   <trkpt lat="28.4071040" lon="83.8235330">
    <ele>1626.0</ele>
    <time>2026-06-09T04:48:44Z</time>
    <extensions>
     <gpxtpx:TrackPointExtension>
      <gpxtpx:hr>100</gpxtpx:hr>
      <gpxtpx:cad>56</gpxtpx:cad>
     </gpxtpx:TrackPointExtension>
    </extensions>
   </trkpt>
   <trkpt lat="28.4071150" lon="83.8235580">
    <ele>1626.2</ele>
    <time>2026-06-09T04:48:46Z</time>
    <extensions>
     <gpxtpx:TrackPointExtension>
      <gpxtpx:hr>100</gpxtpx:hr>
      <gpxtpx:cad>57</gpxtpx:cad>
     </gpxtpx:TrackPointExtension>
    </extensions>
   </trkpt>
   <trkpt lat="28.4071580" lon="83.8236490">
    <ele>1627.0</ele>
    <time>2026-06-09T04:48:54Z</time>
    <extensions>
     <gpxtpx:TrackPointExtension>
      <gpxtpx:hr>103</gpxtpx:hr>
      <gpxtpx:cad>58</gpxtpx:cad>
     </gpxtpx:TrackPointExtension>
    </extensions>
   </trkpt>
   <trkpt lat="28.4071610" lon="83.8236590">
    <ele>1627.0</ele>
    <time>2026-06-09T04:48:55Z</time>
    <extensions>
     <gpxtpx:TrackPointExtension>
      <gpxtpx:hr>103</gpxtpx:hr>
      <gpxtpx:cad>58</gpxtpx:cad>
     </gpxtpx:TrackPointExtension>
    </extensions>
   </trkpt>
   <trkpt lat="28.4071660" lon="83.8236740">
    <ele>1627.2</ele>
    <time>2026-06-09T04:48:56Z</time>
    <extensions>
     <gpxtpx:TrackPointExtension>
      <gpxtpx:hr>104</gpxtpx:hr>
      <gpxtpx:cad>57</gpxtpx:cad>
     </gpxtpx:TrackPointExtension>
    </extensions>
   </trkpt>
   <trkpt lat="28.4071950" lon="83.8237380">
    <ele>1627.8</ele>
    <time>2026-06-09T04:49:01Z</time>
    <extensions>
     <gpxtpx:TrackPointExtension>
      <gpxtpx:hr>107</gpxtpx:hr>
      <gpxtpx:cad>57</gpxtpx:cad>
     </gpxtpx:TrackPointExtension>
    </extensions>
   </trkpt>
   <trkpt lat="28.4072060" lon="83.8237650">
    <ele>1628.2</ele>
    <time>2026-06-09T04:49:03Z</time>
    <extensions>
     <gpxtpx:TrackPointExtension>
      <gpxtpx:hr>108</gpxtpx:hr>
      <gpxtpx:cad>56</gpxtpx:cad>
     </gpxtpx:TrackPointExtension>
    </extensions>
   </trkpt>
   <trkpt lat="28.4072230" lon="83.8238070">
    <ele>1628.6</ele>
    <time>2026-06-09T04:49:06Z</time>
    <extensions>
     <gpxtpx:TrackPointExtension>
      <gpxtpx:hr>111</gpxtpx:hr>
      <gpxtpx:cad>57</gpxtpx:cad>
     </gpxtpx:TrackPointExtension>
    </extensions>
   </trkpt>
   <trkpt lat="28.4072460" lon="83.8238530">
    <ele>1629.2</ele>
    <time>2026-06-09T04:49:11Z</time>
    <extensions>
     <gpxtpx:TrackPointExtension>
      <gpxtpx:hr>112</gpxtpx:hr>
      <gpxtpx:cad>59</gpxtpx:cad>
     </gpxtpx:TrackPointExtension>
    </extensions>
   </trkpt>
   <trkpt lat="28.4072600" lon="83.8238810">
    <ele>1629.6</ele>
    <time>2026-06-09T04:49:13Z</time>
    <extensions>
     <gpxtpx:TrackPointExtension>
      <gpxtpx:hr>113</gpxtpx:hr>
      <gpxtpx:cad>58</gpxtpx:cad>
     </gpxtpx:TrackPointExtension>
    </extensions>
   </trkpt>
   <trkpt lat="28.4072910" lon="83.8239460">
    <ele>1630.4</ele>
    <time>2026-06-09T04:49:18Z</time>
    <extensions>
     <gpxtpx:TrackPointExtension>
      <gpxtpx:hr>114</gpxtpx:hr>
      <gpxtpx:cad>57</gpxtpx:cad>
     </gpxtpx:TrackPointExtension>
    </extensions>
   </trkpt>
   <trkpt lat="28.4073050" lon="83.8239840">
    <ele>1630.8</ele>
    <time>2026-06-09T04:49:21Z</time>
    <extensions>
     <gpxtpx:TrackPointExtension>
      <gpxtpx:hr>114</gpxtpx:hr>
      <gpxtpx:cad>57</gpxtpx:cad>
     </gpxtpx:TrackPointExtension>
    </extensions>
   </trkpt>
   <trkpt lat="28.4073250" lon="83.8240460">
    <ele>1631.4</ele>
    <time>2026-06-09T04:49:26Z</time>
    <extensions>
     <gpxtpx:TrackPointExtension>
      <gpxtpx:hr>115</gpxtpx:hr>
      <gpxtpx:cad>56</gpxtpx:cad>
     </gpxtpx:TrackPointExtension>
    </extensions>
   </trkpt>
   <trkpt lat="28.4073410" lon="83.8240790">
    <ele>1632.0</ele>
    <time>2026-06-09T04:49:29Z</time>
    <extensions>
     <gpxtpx:TrackPointExtension>
      <gpxtpx:hr>116</gpxtpx:hr>
      <gpxtpx:cad>55</gpxtpx:cad>
     </gpxtpx:TrackPointExtension>
    </extensions>
   </trkpt>
   <trkpt lat="28.4073550" lon="83.8241070">
    <ele>1632.4</ele>
    <time>2026-06-09T04:49:32Z</time>
    <extensions>
     <gpxtpx:TrackPointExtension>
      <gpxtpx:hr>115</gpxtpx:hr>
      <gpxtpx:cad>55</gpxtpx:cad>
     </gpxtpx:TrackPointExtension>
    </extensions>
   </trkpt>
   <trkpt lat="28.4073740" lon="83.8241400">
    <ele>1633.0</ele>
    <time>2026-06-09T04:49:36Z</time>
    <extensions>
     <gpxtpx:TrackPointExtension>
      <gpxtpx:hr>113</gpxtpx:hr>
      <gpxtpx:cad>53</gpxtpx:cad>
     </gpxtpx:TrackPointExtension>
    </extensions>
   </trkpt>
   <trkpt lat="28.4073940" lon="83.8241650">
    <ele>1633.6</ele>
    <time>2026-06-09T04:49:39Z</time>
    <extensions>
     <gpxtpx:TrackPointExtension>
      <gpxtpx:hr>113</gpxtpx:hr>
      <gpxtpx:cad>55</gpxtpx:cad>
     </gpxtpx:TrackPointExtension>
    </extensions>
   </trkpt>
   <trkpt lat="28.4074190" lon="83.8242190">
    <ele>1634.6</ele>
    <time>2026-06-09T04:49:44Z</time>
    <extensions>
     <gpxtpx:TrackPointExtension>
      <gpxtpx:hr>114</gpxtpx:hr>
      <gpxtpx:cad>54</gpxtpx:cad>
     </gpxtpx:TrackPointExtension>
    </extensions>
   </trkpt>
   <trkpt lat="28.4074390" lon="83.8242660">
    <ele>1635.6</ele>
    <time>2026-06-09T04:49:49Z</time>
    <extensions>
     <gpxtpx:TrackPointExtension>
      <gpxtpx:hr>116</gpxtpx:hr>
      <gpxtpx:cad>54</gpxtpx:cad>
     </gpxtpx:TrackPointExtension>
    </extensions>
   </trkpt>
   <trkpt lat="28.4074720" lon="83.8243300">
    <ele>1636.6</ele>
    <time>2026-06-09T04:49:55Z</time>
    <extensions>
     <gpxtpx:TrackPointExtension>
      <gpxtpx:hr>116</gpxtpx:hr>
      <gpxtpx:cad>54</gpxtpx:cad>
     </gpxtpx:TrackPointExtension>
    </extensions>
   </trkpt>
   <trkpt lat="28.4074760" lon="83.8243360">
    <ele>1636.8</ele>
    <time>2026-06-09T04:49:56Z</time>
    <extensions>
     <gpxtpx:TrackPointExtension>
      <gpxtpx:hr>117</gpxtpx:hr>
      <gpxtpx:cad>54</gpxtpx:cad>
     </gpxtpx:TrackPointExtension>
    </extensions>
   </trkpt>
   <trkpt lat="28.4075000" lon="83.8243850">
    <ele>1638.0</ele>
    <time>2026-06-09T04:50:02Z</time>
    <extensions>
     <gpxtpx:TrackPointExtension>
      <gpxtpx:hr>119</gpxtpx:hr>
      <gpxtpx:cad>55</gpxtpx:cad>
     </gpxtpx:TrackPointExtension>
    </extensions>
   </trkpt>
   <trkpt lat="28.4075250" lon="83.8244350">
    <ele>1639.0</ele>
    <time>2026-06-09T04:50:08Z</time>
    <extensions>
     <gpxtpx:TrackPointExtension>
      <gpxtpx:hr>119</gpxtpx:hr>
      <gpxtpx:cad>51</gpxtpx:cad>
     </gpxtpx:TrackPointExtension>
    </extensions>
   </trkpt>
   <trkpt lat="28.4075290" lon="83.8244430">
    <ele>1639.2</ele>
    <time>2026-06-09T04:50:09Z</time>
    <extensions>
     <gpxtpx:TrackPointExtension>
      <gpxtpx:hr>119</gpxtpx:hr>
      <gpxtpx:cad>51</gpxtpx:cad>
     </gpxtpx:TrackPointExtension>
    </extensions>
   </trkpt>
   <trkpt lat="28.4075410" lon="83.8244740">
    <ele>1640.0</ele>
    <time>2026-06-09T04:50:14Z</time>
    <extensions>
     <gpxtpx:TrackPointExtension>
      <gpxtpx:hr>116</gpxtpx:hr>
      <gpxtpx:cad>52</gpxtpx:cad>
     </gpxtpx:TrackPointExtension>
    </extensions>
   </trkpt>
   <trkpt lat="28.4075350" lon="83.8244830">
    <ele>1640.6</ele>
    <time>2026-06-09T04:50:17Z</time>
    <extensions>
     <gpxtpx:TrackPointExtension>
      <gpxtpx:hr>115</gpxtpx:hr>
      <gpxtpx:cad>49</gpxtpx:cad>
     </gpxtpx:TrackPointExtension>
    </extensions>
   </trkpt>
   <trkpt lat="28.4075320" lon="83.8244870">
    <ele>1641.2</ele>
    <time>2026-06-09T04:50:20Z</time>
    <extensions>
     <gpxtpx:TrackPointExtension>
      <gpxtpx:hr>115</gpxtpx:hr>
      <gpxtpx:cad>40</gpxtpx:cad>
     </gpxtpx:TrackPointExtension>
    </extensions>
   </trkpt>
   <trkpt lat="28.4075320" lon="83.8244870">
    <ele>1642.4</ele>
    <time>2026-06-09T04:50:24Z</time>
    <extensions>
     <gpxtpx:TrackPointExtension>
      <gpxtpx:hr>114</gpxtpx:hr>
      <gpxtpx:cad>0</gpxtpx:cad>
     </gpxtpx:TrackPointExtension>
    </extensions>
   </trkpt>
   <trkpt lat="28.4075330" lon="83.8244870">
    <ele>1642.6</ele>
    <time>2026-06-09T04:50:25Z</time>
    <extensions>
     <gpxtpx:TrackPointExtension>
      <gpxtpx:hr>113</gpxtpx:hr>
      <gpxtpx:cad>0</gpxtpx:cad>
     </gpxtpx:TrackPointExtension>
    </extensions>
   </trkpt>
   <trkpt lat="28.4075350" lon="83.8244980">
    <ele>1643.2</ele>
    <time>2026-06-09T04:50:29Z</time>
    <extensions>
     <gpxtpx:TrackPointExtension>
      <gpxtpx:hr>119</gpxtpx:hr>
      <gpxtpx:cad>0</gpxtpx:cad>
     </gpxtpx:TrackPointExtension>
    </extensions>
   </trkpt>
   <trkpt lat="28.4075350" lon="83.8244980">
    <ele>1643.0</ele>
    <time>2026-06-09T04:50:30Z</time>
    <extensions>
     <gpxtpx:TrackPointExtension>
      <gpxtpx:hr>131</gpxtpx:hr>
      <gpxtpx:cad>0</gpxtpx:cad>
     </gpxtpx:TrackPointExtension>
    </extensions>
   </trkpt>
   <trkpt lat="28.4075360" lon="83.8245020">
    <ele>1642.2</ele>
    <time>2026-06-09T04:50:31Z</time>
    <extensions>
     <gpxtpx:TrackPointExtension>
      <gpxtpx:hr>135</gpxtpx:hr>
      <gpxtpx:cad>0</gpxtpx:cad>
     </gpxtpx:TrackPointExtension>
    </extensions>
   </trkpt>
   <trkpt lat="28.4075380" lon="83.8245050">
    <ele>1641.4</ele>
    <time>2026-06-09T04:50:32Z</time>
    <extensions>
     <gpxtpx:TrackPointExtension>
      <gpxtpx:hr>135</gpxtpx:hr>
      <gpxtpx:cad>0</gpxtpx:cad>
     </gpxtpx:TrackPointExtension>
    </extensions>
   </trkpt>
   <trkpt lat="28.4075380" lon="83.8245080">
    <ele>1640.6</ele>
    <time>2026-06-09T04:50:33Z</time>
    <extensions>
     <gpxtpx:TrackPointExtension>
      <gpxtpx:hr>131</gpxtpx:hr>
      <gpxtpx:cad>0</gpxtpx:cad>
     </gpxtpx:TrackPointExtension>
    </extensions>
   </trkpt>
   <trkpt lat="28.4075370" lon="83.8245100">
    <ele>1640.4</ele>
    <time>2026-06-09T04:50:34Z</time>
    <extensions>
     <gpxtpx:TrackPointExtension>
      <gpxtpx:hr>129</gpxtpx:hr>
      <gpxtpx:cad>0</gpxtpx:cad>
     </gpxtpx:TrackPointExtension>
    </extensions>
   </trkpt>
   <trkpt lat="28.4075350" lon="83.8245090">
    <ele>1640.6</ele>
    <time>2026-06-09T04:50:35Z</time>
    <extensions>
     <gpxtpx:TrackPointExtension>
      <gpxtpx:hr>129</gpxtpx:hr>
      <gpxtpx:cad>0</gpxtpx:cad>
     </gpxtpx:TrackPointExtension>
    </extensions>
   </trkpt>
   <trkpt lat="28.4075330" lon="83.8245050">
    <ele>1641.4</ele>
    <time>2026-06-09T04:50:37Z</time>
    <extensions>
     <gpxtpx:TrackPointExtension>
      <gpxtpx:hr>130</gpxtpx:hr>
      <gpxtpx:cad>0</gpxtpx:cad>
     </gpxtpx:TrackPointExtension>
    </extensions>
   </trkpt>
   <trkpt lat="28.4075320" lon="83.8245090">
    <ele>1642.2</ele>
    <time>2026-06-09T04:50:43Z</time>
    <extensions>
     <gpxtpx:TrackPointExtension>
      <gpxtpx:hr>124</gpxtpx:hr>
      <gpxtpx:cad>0</gpxtpx:cad>
     </gpxtpx:TrackPointExtension>
    </extensions>
   </trkpt>
   <trkpt lat="28.4075330" lon="83.8245130">
    <ele>1642.4</ele>
    <time>2026-06-09T04:50:45Z</time>
    <extensions>
     <gpxtpx:TrackPointExtension>
      <gpxtpx:hr>122</gpxtpx:hr>
      <gpxtpx:cad>0</gpxtpx:cad>
     </gpxtpx:TrackPointExtension>
    </extensions>
   </trkpt>
   <trkpt lat="28.4075380" lon="83.8245110">
    <ele>1642.0</ele>
    <time>2026-06-09T04:50:49Z</time>
    <extensions>
     <gpxtpx:TrackPointExtension>
      <gpxtpx:hr>122</gpxtpx:hr>
      <gpxtpx:cad>0</gpxtpx:cad>
     </gpxtpx:TrackPointExtension>
    </extensions>
   </trkpt>
   <trkpt lat="28.4075420" lon="83.8245230">
    <ele>1641.4</ele>
    <time>2026-06-09T04:50:56Z</time>
    <extensions>
     <gpxtpx:TrackPointExtension>
      <gpxtpx:hr>123</gpxtpx:hr>
      <gpxtpx:cad>0</gpxtpx:cad>
     </gpxtpx:TrackPointExtension>
    </extensions>
   </trkpt>
   <trkpt lat="28.4075370" lon="83.8245060">
    <ele>1641.0</ele>
    <time>2026-06-09T04:51:00Z</time>
    <extensions>
     <gpxtpx:TrackPointExtension>
      <gpxtpx:hr>121</gpxtpx:hr>
      <gpxtpx:cad>0</gpxtpx:cad>
     </gpxtpx:TrackPointExtension>
    </extensions>
   </trkpt>
   <trkpt lat="28.4075360" lon="83.8245010">
    <ele>1642.2</ele>
    <time>2026-06-09T04:51:03Z</time>
    <extensions>
     <gpxtpx:TrackPointExtension>
      <gpxtpx:hr>118</gpxtpx:hr>
      <gpxtpx:cad>0</gpxtpx:cad>
     </gpxtpx:TrackPointExtension>
    </extensions>
   </trkpt>
   <trkpt lat="28.4075340" lon="83.8244900">
    <ele>1642.0</ele>
    <time>2026-06-09T04:51:09Z</time>
    <extensions>
     <gpxtpx:TrackPointExtension>
      <gpxtpx:hr>121</gpxtpx:hr>
      <gpxtpx:cad>0</gpxtpx:cad>
     </gpxtpx:TrackPointExtension>
    </extensions>
   </trkpt>
   <trkpt lat="28.4075330" lon="83.8244840">
    <ele>1642.0</ele>
    <time>2026-06-09T04:51:11Z</time>
    <extensions>
     <gpxtpx:TrackPointExtension>
      <gpxtpx:hr>118</gpxtpx:hr>
      <gpxtpx:cad>0</gpxtpx:cad>
     </gpxtpx:TrackPointExtension>
    </extensions>
   </trkpt>
   <trkpt lat="28.4075300" lon="83.8244710">
    <ele>1642.0</ele>
    <time>2026-06-09T04:51:15Z</time>
    <extensions>
     <gpxtpx:TrackPointExtension>
      <gpxtpx:hr>116</gpxtpx:hr>
      <gpxtpx:cad>0</gpxtpx:cad>
     </gpxtpx:TrackPointExtension>
    </extensions>
   </trkpt>
   <trkpt lat="28.4075340" lon="83.8245170">
    <ele>1640.8</ele>
    <time>2026-06-09T04:51:24Z</time>
    <extensions>
     <gpxtpx:TrackPointExtension>
      <gpxtpx:hr>117</gpxtpx:hr>
      <gpxtpx:cad>0</gpxtpx:cad>
     </gpxtpx:TrackPointExtension>
    </extensions>
   </trkpt>
   <trkpt lat="28.4075360" lon="83.8245730">
    <ele>1640.6</ele>
    <time>2026-06-09T04:51:35Z</time>
    <extensions>
     <gpxtpx:TrackPointExtension>
      <gpxtpx:hr>114</gpxtpx:hr>
      <gpxtpx:cad>0</gpxtpx:cad>
     </gpxtpx:TrackPointExtension>
    </extensions>
   </trkpt>
   <trkpt lat="28.4075350" lon="83.8245360">
    <ele>1640.8</ele>
    <time>2026-06-09T04:51:42Z</time>
    <extensions>
     <gpxtpx:TrackPointExtension>
      <gpxtpx:hr>112</gpxtpx:hr>
      <gpxtpx:cad>0</gpxtpx:cad>
     </gpxtpx:TrackPointExtension>
    </extensions>
   </trkpt>
   <trkpt lat="28.4075280" lon="83.8245150">
    <ele>1640.6</ele>
    <time>2026-06-09T04:51:48Z</time>
    <extensions>
     <gpxtpx:TrackPointExtension>
      <gpxtpx:hr>108</gpxtpx:hr>
      <gpxtpx:cad>0</gpxtpx:cad>
     </gpxtpx:TrackPointExtension>
    </extensions>
   </trkpt>
   <trkpt lat="28.4075260" lon="83.8245150">
    <ele>1640.6</ele>
    <time>2026-06-09T04:51:49Z</time>
    <extensions>
     <gpxtpx:TrackPointExtension>
      <gpxtpx:hr>102</gpxtpx:hr>
      <gpxtpx:cad>0</gpxtpx:cad>
     </gpxtpx:TrackPointExtension>
    </extensions>
   </trkpt>
   <trkpt lat="28.4075240" lon="83.8245160">
    <ele>1640.6</ele>
    <time>2026-06-09T04:51:50Z</time>
    <extensions>
     <gpxtpx:TrackPointExtension>
      <gpxtpx:hr>91</gpxtpx:hr>
      <gpxtpx:cad>0</gpxtpx:cad>
     </gpxtpx:TrackPointExtension>
    </extensions>
   </trkpt>
   <trkpt lat="28.4075210" lon="83.8245150">
    <ele>1640.6</ele>
    <time>2026-06-09T04:51:51Z</time>
    <extensions>
     <gpxtpx:TrackPointExtension>
      <gpxtpx:hr>86</gpxtpx:hr>
      <gpxtpx:cad>0</gpxtpx:cad>
     </gpxtpx:TrackPointExtension>
    </extensions>
   </trkpt>
   <trkpt lat="28.4075200" lon="83.8245110">
    <ele>1641.0</ele>
    <time>2026-06-09T04:51:53Z</time>
    <extensions>
     <gpxtpx:TrackPointExtension>
      <gpxtpx:hr>84</gpxtpx:hr>
      <gpxtpx:cad>0</gpxtpx:cad>
     </gpxtpx:TrackPointExtension>
    </extensions>
   </trkpt>
   <trkpt lat="28.4074900" lon="83.8245430">
    <ele>1642.4</ele>
    <time>2026-06-09T04:52:00Z</time>
    <extensions>
     <gpxtpx:TrackPointExtension>
      <gpxtpx:hr>81</gpxtpx:hr>
      <gpxtpx:cad>73</gpxtpx:cad>
     </gpxtpx:TrackPointExtension>
    </extensions>
   </trkpt>
   <trkpt lat="28.4074830" lon="83.8245480">
    <ele>1642.6</ele>
    <time>2026-06-09T04:52:01Z</time>
    <extensions>
     <gpxtpx:TrackPointExtension>
      <gpxtpx:hr>78</gpxtpx:hr>
      <gpxtpx:cad>73</gpxtpx:cad>
     </gpxtpx:TrackPointExtension>
    </extensions>
   </trkpt>
   <trkpt lat="28.4074680" lon="83.8245620">
    <ele>1642.6</ele>
    <time>2026-06-09T04:52:03Z</time>
    <extensions>
     <gpxtpx:TrackPointExtension>
      <gpxtpx:hr>75</gpxtpx:hr>
      <gpxtpx:cad>0</gpxtpx:cad>
     </gpxtpx:TrackPointExtension>
    </extensions>
   </trkpt>
   <trkpt lat="28.4074560" lon="83.8245810">
    <ele>1643.6</ele>
    <time>2026-06-09T04:52:06Z</time>
    <extensions>
     <gpxtpx:TrackPointExtension>
      <gpxtpx:hr>77</gpxtpx:hr>
      <gpxtpx:cad>0</gpxtpx:cad>
     </gpxtpx:TrackPointExtension>
    </extensions>
   </trkpt>
   <trkpt lat="28.4074500" lon="83.8245940">
    <ele>1645.0</ele>
    <time>2026-06-09T04:52:08Z</time>
    <extensions>
     <gpxtpx:TrackPointExtension>
      <gpxtpx:hr>80</gpxtpx:hr>
      <gpxtpx:cad>66</gpxtpx:cad>
     </gpxtpx:TrackPointExtension>
    </extensions>
   </trkpt>
   <trkpt lat="28.4074370" lon="83.8246090">
    <ele>1646.2</ele>
    <time>2026-06-09T04:52:11Z</time>
    <extensions>
     <gpxtpx:TrackPointExtension>
      <gpxtpx:hr>81</gpxtpx:hr>
      <gpxtpx:cad>66</gpxtpx:cad>
     </gpxtpx:TrackPointExtension>
    </extensions>
   </trkpt>
   <trkpt lat="28.4074270" lon="83.8246130">
    <ele>1646.4</ele>
    <time>2026-06-09T04:52:13Z</time>
    <extensions>
     <gpxtpx:TrackPointExtension>
      <gpxtpx:hr>84</gpxtpx:hr>
      <gpxtpx:cad>66</gpxtpx:cad>
     </gpxtpx:TrackPointExtension>
    </extensions>
   </trkpt>
   <trkpt lat="28.4074150" lon="83.8246150">
    <ele>1646.6</ele>
    <time>2026-06-09T04:52:15Z</time>
    <extensions>
     <gpxtpx:TrackPointExtension>
      <gpxtpx:hr>87</gpxtpx:hr>
      <gpxtpx:cad>66</gpxtpx:cad>
     </gpxtpx:TrackPointExtension>
    </extensions>
   </trkpt>
   <trkpt lat="28.4074090" lon="83.8246170">
    <ele>1646.6</ele>
    <time>2026-06-09T04:52:16Z</time>
    <extensions>
     <gpxtpx:TrackPointExtension>
      <gpxtpx:hr>90</gpxtpx:hr>
      <gpxtpx:cad>66</gpxtpx:cad>
     </gpxtpx:TrackPointExtension>
    </extensions>
   </trkpt>
   <trkpt lat="28.4073780" lon="83.8246350">
    <ele>1646.4</ele>
    <time>2026-06-09T04:52:21Z</time>
    <extensions>
     <gpxtpx:TrackPointExtension>
      <gpxtpx:hr>94</gpxtpx:hr>
      <gpxtpx:cad>71</gpxtpx:cad>
     </gpxtpx:TrackPointExtension>
    </extensions>
   </trkpt>
   <trkpt lat="28.4073720" lon="83.8246400">
    <ele>1646.6</ele>
    <time>2026-06-09T04:52:22Z</time>
    <extensions>
     <gpxtpx:TrackPointExtension>
      <gpxtpx:hr>95</gpxtpx:hr>
      <gpxtpx:cad>71</gpxtpx:cad>
     </gpxtpx:TrackPointExtension>
    </extensions>
   </trkpt>
   <trkpt lat="28.4073580" lon="83.8246450">
    <ele>1647.2</ele>
    <time>2026-06-09T04:52:24Z</time>
    <extensions>
     <gpxtpx:TrackPointExtension>
      <gpxtpx:hr>96</gpxtpx:hr>
      <gpxtpx:cad>74</gpxtpx:cad>
     </gpxtpx:TrackPointExtension>
    </extensions>
   </trkpt>
   <trkpt lat="28.4073410" lon="83.8246540">
    <ele>1648.2</ele>
    <time>2026-06-09T04:52:27Z</time>
    <extensions>
     <gpxtpx:TrackPointExtension>
      <gpxtpx:hr>98</gpxtpx:hr>
      <gpxtpx:cad>74</gpxtpx:cad>
     </gpxtpx:TrackPointExtension>
    </extensions>
   </trkpt>
   <trkpt lat="28.4073270" lon="83.8246770">
    <ele>1649.0</ele>
    <time>2026-06-09T04:52:30Z</time>
    <extensions>
     <gpxtpx:TrackPointExtension>
      <gpxtpx:hr>102</gpxtpx:hr>
      <gpxtpx:cad>75</gpxtpx:cad>
     </gpxtpx:TrackPointExtension>
    </extensions>
   </trkpt>
   <trkpt lat="28.4073200" lon="83.8246880">
    <ele>1649.2</ele>
    <time>2026-06-09T04:52:31Z</time>
    <extensions>
     <gpxtpx:TrackPointExtension>
      <gpxtpx:hr>105</gpxtpx:hr>
      <gpxtpx:cad>75</gpxtpx:cad>
     </gpxtpx:TrackPointExtension>
    </extensions>
   </trkpt>
   <trkpt lat="28.4073060" lon="83.8247090">
    <ele>1649.2</ele>
    <time>2026-06-09T04:52:33Z</time>
    <extensions>
     <gpxtpx:TrackPointExtension>
      <gpxtpx:hr>104</gpxtpx:hr>
      <gpxtpx:cad>49</gpxtpx:cad>
     </gpxtpx:TrackPointExtension>
    </extensions>
   </trkpt>
   <trkpt lat="28.4072960" lon="83.8247310">
    <ele>1649.6</ele>
    <time>2026-06-09T04:52:35Z</time>
    <extensions>
     <gpxtpx:TrackPointExtension>
      <gpxtpx:hr>101</gpxtpx:hr>
      <gpxtpx:cad>48</gpxtpx:cad>
     </gpxtpx:TrackPointExtension>
    </extensions>
   </trkpt>
   <trkpt lat="28.4072870" lon="83.8247550">
    <ele>1650.0</ele>
    <time>2026-06-09T04:52:37Z</time>
    <extensions>
     <gpxtpx:TrackPointExtension>
      <gpxtpx:hr>98</gpxtpx:hr>
      <gpxtpx:cad>48</gpxtpx:cad>
     </gpxtpx:TrackPointExtension>
    </extensions>
   </trkpt>
   <trkpt lat="28.4072820" lon="83.8247880">
    <ele>1650.4</ele>
    <time>2026-06-09T04:52:40Z</time>
    <extensions>
     <gpxtpx:TrackPointExtension>
      <gpxtpx:hr>97</gpxtpx:hr>
      <gpxtpx:cad>48</gpxtpx:cad>
     </gpxtpx:TrackPointExtension>
    </extensions>
   </trkpt>
   <trkpt lat="28.4072770" lon="83.8248360">
    <ele>1651.0</ele>
    <time>2026-06-09T04:52:45Z</time>
    <extensions>
     <gpxtpx:TrackPointExtension>
      <gpxtpx:hr>98</gpxtpx:hr>
      <gpxtpx:cad>48</gpxtpx:cad>
     </gpxtpx:TrackPointExtension>
    </extensions>
   </trkpt>
   <trkpt lat="28.4072790" lon="83.8248640">
    <ele>1651.6</ele>
    <time>2026-06-09T04:52:48Z</time>
    <extensions>
     <gpxtpx:TrackPointExtension>
      <gpxtpx:hr>99</gpxtpx:hr>
      <gpxtpx:cad>46</gpxtpx:cad>
     </gpxtpx:TrackPointExtension>
    </extensions>
   </trkpt>
   <trkpt lat="28.4072870" lon="83.8249080">
    <ele>1652.4</ele>
    <time>2026-06-09T04:52:52Z</time>
    <extensions>
     <gpxtpx:TrackPointExtension>
      <gpxtpx:hr>101</gpxtpx:hr>
      <gpxtpx:cad>46</gpxtpx:cad>
     </gpxtpx:TrackPointExtension>
    </extensions>
   </trkpt>
   <trkpt lat="28.4072960" lon="83.8249600">
    <ele>1652.6</ele>
    <time>2026-06-09T04:52:56Z</time>
    <extensions>
     <gpxtpx:TrackPointExtension>
      <gpxtpx:hr>102</gpxtpx:hr>
      <gpxtpx:cad>46</gpxtpx:cad>
     </gpxtpx:TrackPointExtension>
    </extensions>
   </trkpt>
   <trkpt lat="28.4073020" lon="83.8249810">
    <ele>1653.0</ele>
    <time>2026-06-09T04:52:58Z</time>
    <extensions>
     <gpxtpx:TrackPointExtension>
      <gpxtpx:hr>102</gpxtpx:hr>
      <gpxtpx:cad>48</gpxtpx:cad>
     </gpxtpx:TrackPointExtension>
    </extensions>
   </trkpt>
   <trkpt lat="28.4073100" lon="83.8250160">
    <ele>1653.8</ele>
    <time>2026-06-09T04:53:03Z</time>
    <extensions>
     <gpxtpx:TrackPointExtension>
      <gpxtpx:hr>103</gpxtpx:hr>
      <gpxtpx:cad>48</gpxtpx:cad>
     </gpxtpx:TrackPointExtension>
    </extensions>
   </trkpt>
   <trkpt lat="28.4073120" lon="83.8250270">
    <ele>1654.2</ele>
    <time>2026-06-09T04:53:05Z</time>
    <extensions>
     <gpxtpx:TrackPointExtension>
      <gpxtpx:hr>100</gpxtpx:hr>
      <gpxtpx:cad>42</gpxtpx:cad>
     </gpxtpx:TrackPointExtension>
    </extensions>
   </trkpt>
   <trkpt lat="28.4073200" lon="83.8250440">
    <ele>1654.8</ele>
    <time>2026-06-09T04:53:09Z</time>
    <extensions>
     <gpxtpx:TrackPointExtension>
      <gpxtpx:hr>97</gpxtpx:hr>
      <gpxtpx:cad>65</gpxtpx:cad>
     </gpxtpx:TrackPointExtension>
    </extensions>
   </trkpt>
   <trkpt lat="28.4073330" lon="83.8250600">
    <ele>1655.2</ele>
    <time>2026-06-09T04:53:12Z</time>
    <extensions>
     <gpxtpx:TrackPointExtension>
      <gpxtpx:hr>96</gpxtpx:hr>
      <gpxtpx:cad>73</gpxtpx:cad>
     </gpxtpx:TrackPointExtension>
    </extensions>
   </trkpt>
   <trkpt lat="28.4073490" lon="83.8250900">
    <ele>1656.0</ele>
    <time>2026-06-09T04:53:17Z</time>
    <extensions>
     <gpxtpx:TrackPointExtension>
      <gpxtpx:hr>96</gpxtpx:hr>
      <gpxtpx:cad>42</gpxtpx:cad>
     </gpxtpx:TrackPointExtension>
    </extensions>
   </trkpt>
   <trkpt lat="28.4073570" lon="83.8251000">
    <ele>1656.6</ele>
    <time>2026-06-09T04:53:20Z</time>
    <extensions>
     <gpxtpx:TrackPointExtension>
      <gpxtpx:hr>95</gpxtpx:hr>
      <gpxtpx:cad>45</gpxtpx:cad>
     </gpxtpx:TrackPointExtension>
    </extensions>
   </trkpt>
   <trkpt lat="28.4073720" lon="83.8251200">
    <ele>1657.2</ele>
    <time>2026-06-09T04:53:25Z</time>
    <extensions>
     <gpxtpx:TrackPointExtension>
      <gpxtpx:hr>96</gpxtpx:hr>
      <gpxtpx:cad>46</gpxtpx:cad>
     </gpxtpx:TrackPointExtension>
    </extensions>
   </trkpt>
   <trkpt lat="28.4073760" lon="83.8251250">
    <ele>1657.4</ele>
    <time>2026-06-09T04:53:26Z</time>
    <extensions>
     <gpxtpx:TrackPointExtension>
      <gpxtpx:hr>96</gpxtpx:hr>
      <gpxtpx:cad>46</gpxtpx:cad>
     </gpxtpx:TrackPointExtension>
    </extensions>
   </trkpt>
   <trkpt lat="28.4074030" lon="83.8251440">
    <ele>1658.2</ele>
    <time>2026-06-09T04:53:31Z</time>
    <extensions>
     <gpxtpx:TrackPointExtension>
      <gpxtpx:hr>95</gpxtpx:hr>
      <gpxtpx:cad>46</gpxtpx:cad>
     </gpxtpx:TrackPointExtension>
    </extensions>
   </trkpt>
   <trkpt lat="28.4074150" lon="83.8251510">
    <ele>1658.4</ele>
    <time>2026-06-09T04:53:33Z</time>
    <extensions>
     <gpxtpx:TrackPointExtension>
      <gpxtpx:hr>98</gpxtpx:hr>
      <gpxtpx:cad>44</gpxtpx:cad>
     </gpxtpx:TrackPointExtension>
    </extensions>
   </trkpt>
   <trkpt lat="28.4074220" lon="83.8251540">
    <ele>1658.6</ele>
    <time>2026-06-09T04:53:34Z</time>
    <extensions>
     <gpxtpx:TrackPointExtension>
      <gpxtpx:hr>101</gpxtpx:hr>
      <gpxtpx:cad>44</gpxtpx:cad>
     </gpxtpx:TrackPointExtension>
    </extensions>
   </trkpt>
   <trkpt lat="28.4074520" lon="83.8251660">
    <ele>1659.0</ele>
    <time>2026-06-09T04:53:38Z</time>
    <extensions>
     <gpxtpx:TrackPointExtension>
      <gpxtpx:hr>104</gpxtpx:hr>
      <gpxtpx:cad>47</gpxtpx:cad>
     </gpxtpx:TrackPointExtension>
    </extensions>
   </trkpt>
   <trkpt lat="28.4074760" lon="83.8251700">
    <ele>1659.2</ele>
    <time>2026-06-09T04:53:41Z</time>
    <extensions>
     <gpxtpx:TrackPointExtension>
      <gpxtpx:hr>104</gpxtpx:hr>
      <gpxtpx:cad>48</gpxtpx:cad>
     </gpxtpx:TrackPointExtension>
    </extensions>
   </trkpt>
   <trkpt lat="28.4075230" lon="83.8251610">
    <ele>1660.4</ele>
    <time>2026-06-09T04:53:49Z</time>
    <extensions>
     <gpxtpx:TrackPointExtension>
      <gpxtpx:hr>107</gpxtpx:hr>
      <gpxtpx:cad>46</gpxtpx:cad>
     </gpxtpx:TrackPointExtension>
    </extensions>
   </trkpt>
   <trkpt lat="28.4075270" lon="83.8251590">
    <ele>1660.4</ele>
    <time>2026-06-09T04:53:50Z</time>
    <extensions>
     <gpxtpx:TrackPointExtension>
      <gpxtpx:hr>107</gpxtpx:hr>
      <gpxtpx:cad>46</gpxtpx:cad>
     </gpxtpx:TrackPointExtension>
    </extensions>
   </trkpt>
   <trkpt lat="28.4075590" lon="83.8251390">
    <ele>1661.4</ele>
    <time>2026-06-09T04:53:57Z</time>
    <extensions>
     <gpxtpx:TrackPointExtension>
      <gpxtpx:hr>108</gpxtpx:hr>
      <gpxtpx:cad>0</gpxtpx:cad>
     </gpxtpx:TrackPointExtension>
    </extensions>
   </trkpt>
   <trkpt lat="28.4075700" lon="83.8251290">
    <ele>1661.8</ele>
    <time>2026-06-09T04:53:59Z</time>
    <extensions>
     <gpxtpx:TrackPointExtension>
      <gpxtpx:hr>113</gpxtpx:hr>
      <gpxtpx:cad>47</gpxtpx:cad>
     </gpxtpx:TrackPointExtension>
    </extensions>
   </trkpt>
   <trkpt lat="28.4075750" lon="83.8251220">
    <ele>1662.0</ele>
    <time>2026-06-09T04:54:00Z</time>
    <extensions>
     <gpxtpx:TrackPointExtension>
      <gpxtpx:hr>117</gpxtpx:hr>
      <gpxtpx:cad>47</gpxtpx:cad>
     </gpxtpx:TrackPointExtension>
    </extensions>
   </trkpt>
   <trkpt lat="28.4075800" lon="83.8251170">
    <ele>1662.2</ele>
    <time>2026-06-09T04:54:01Z</time>
    <extensions>
     <gpxtpx:TrackPointExtension>
      <gpxtpx:hr>121</gpxtpx:hr>
      <gpxtpx:cad>47</gpxtpx:cad>
     </gpxtpx:TrackPointExtension>
    </extensions>
   </trkpt>
   <trkpt lat="28.4075870" lon="83.8251120">
    <ele>1662.4</ele>
    <time>2026-06-09T04:54:02Z</time>
    <extensions>
     <gpxtpx:TrackPointExtension>
      <gpxtpx:hr>124</gpxtpx:hr>
      <gpxtpx:cad>47</gpxtpx:cad>
     </gpxtpx:TrackPointExtension>
    </extensions>
   </trkpt>
   <trkpt lat="28.4075940" lon="83.8251090">
    <ele>1662.4</ele>
    <time>2026-06-09T04:54:03Z</time>
    <extensions>
     <gpxtpx:TrackPointExtension>
      <gpxtpx:hr>126</gpxtpx:hr>
      <gpxtpx:cad>47</gpxtpx:cad>
     </gpxtpx:TrackPointExtension>
    </extensions>
   </trkpt>
   <trkpt lat="28.4076130" lon="83.8250850">
    <ele>1663.2</ele>
    <time>2026-06-09T04:54:07Z</time>
    <extensions>
     <gpxtpx:TrackPointExtension>
      <gpxtpx:hr>128</gpxtpx:hr>
      <gpxtpx:cad>44</gpxtpx:cad>
     </gpxtpx:TrackPointExtension>
    </extensions>
   </trkpt>
   <trkpt lat="28.4076210" lon="83.8250720">
    <ele>1663.6</ele>
    <time>2026-06-09T04:54:09Z</time>
    <extensions>
     <gpxtpx:TrackPointExtension>
      <gpxtpx:hr>128</gpxtpx:hr>
      <gpxtpx:cad>44</gpxtpx:cad>
     </gpxtpx:TrackPointExtension>
    </extensions>
   </trkpt>
   <trkpt lat="28.4076170" lon="83.8250530">
    <ele>1664.8</ele>
    <time>2026-06-09T04:54:15Z</time>
    <extensions>
     <gpxtpx:TrackPointExtension>
      <gpxtpx:hr>130</gpxtpx:hr>
      <gpxtpx:cad>43</gpxtpx:cad>
     </gpxtpx:TrackPointExtension>
    </extensions>
   </trkpt>
   <trkpt lat="28.4076020" lon="83.8250460">
    <ele>1665.4</ele>
    <time>2026-06-09T04:54:18Z</time>
    <extensions>
     <gpxtpx:TrackPointExtension>
      <gpxtpx:hr>129</gpxtpx:hr>
      <gpxtpx:cad>76</gpxtpx:cad>
     </gpxtpx:TrackPointExtension>
    </extensions>
   </trkpt>
   <trkpt lat="28.4075930" lon="83.8250430">
    <ele>1665.8</ele>
    <time>2026-06-09T04:54:20Z</time>
    <extensions>
     <gpxtpx:TrackPointExtension>
      <gpxtpx:hr>128</gpxtpx:hr>
      <gpxtpx:cad>76</gpxtpx:cad>
     </gpxtpx:TrackPointExtension>
    </extensions>
   </trkpt>
   <trkpt lat="28.4075840" lon="83.8250210">
    <ele>1666.6</ele>
    <time>2026-06-09T04:54:24Z</time>
    <extensions>
     <gpxtpx:TrackPointExtension>
      <gpxtpx:hr>129</gpxtpx:hr>
      <gpxtpx:cad>77</gpxtpx:cad>
     </gpxtpx:TrackPointExtension>
    </extensions>
   </trkpt>
   <trkpt lat="28.4075790" lon="83.8250100">
    <ele>1667.0</ele>
    <time>2026-06-09T04:54:26Z</time>
    <extensions>
     <gpxtpx:TrackPointExtension>
      <gpxtpx:hr>128</gpxtpx:hr>
      <gpxtpx:cad>79</gpxtpx:cad>
     </gpxtpx:TrackPointExtension>
    </extensions>
   </trkpt>
   <trkpt lat="28.4075660" lon="83.8249930">
    <ele>1668.0</ele>
    <time>2026-06-09T04:54:31Z</time>
    <extensions>
     <gpxtpx:TrackPointExtension>
      <gpxtpx:hr>128</gpxtpx:hr>
      <gpxtpx:cad>41</gpxtpx:cad>
     </gpxtpx:TrackPointExtension>
    </extensions>
   </trkpt>
   <trkpt lat="28.4075640" lon="83.8249870">
    <ele>1668.2</ele>
    <time>2026-06-09T04:54:32Z</time>
    <extensions>
     <gpxtpx:TrackPointExtension>
      <gpxtpx:hr>128</gpxtpx:hr>
      <gpxtpx:cad>79</gpxtpx:cad>
     </gpxtpx:TrackPointExtension>
    </extensions>
   </trkpt>
   <trkpt lat="28.4075490" lon="83.8249650">
    <ele>1669.0</ele>
    <time>2026-06-09T04:54:37Z</time>
    <extensions>
     <gpxtpx:TrackPointExtension>
      <gpxtpx:hr>129</gpxtpx:hr>
      <gpxtpx:cad>78</gpxtpx:cad>
     </gpxtpx:TrackPointExtension>
    </extensions>
   </trkpt>
   <trkpt lat="28.4075460" lon="83.8249580">
    <ele>1669.4</ele>
    <time>2026-06-09T04:54:39Z</time>
    <extensions>
     <gpxtpx:TrackPointExtension>
      <gpxtpx:hr>129</gpxtpx:hr>
      <gpxtpx:cad>75</gpxtpx:cad>
     </gpxtpx:TrackPointExtension>
    </extensions>
   </trkpt>
   <trkpt lat="28.4075480" lon="83.8249450">
    <ele>1670.2</ele>
    <time>2026-06-09T04:54:44Z</time>
    <extensions>
     <gpxtpx:TrackPointExtension>
      <gpxtpx:hr>129</gpxtpx:hr>
      <gpxtpx:cad>77</gpxtpx:cad>
     </gpxtpx:TrackPointExtension>
    </extensions>
   </trkpt>
   <trkpt lat="28.4075500" lon="83.8249440">
    <ele>1670.2</ele>
    <time>2026-06-09T04:54:45Z</time>
    <extensions>
     <gpxtpx:TrackPointExtension>
      <gpxtpx:hr>129</gpxtpx:hr>
      <gpxtpx:cad>41</gpxtpx:cad>
     </gpxtpx:TrackPointExtension>
    </extensions>
   </trkpt>
   <trkpt lat="28.4075520" lon="83.8249410">
    <ele>1671.6</ele>
    <time>2026-06-09T04:54:49Z</time>
    <extensions>
     <gpxtpx:TrackPointExtension>
      <gpxtpx:hr>130</gpxtpx:hr>
      <gpxtpx:cad>0</gpxtpx:cad>
     </gpxtpx:TrackPointExtension>
    </extensions>
   </trkpt>
   <trkpt lat="28.4075440" lon="83.8249290">
    <ele>1672.0</ele>
    <time>2026-06-09T04:54:54Z</time>
    <extensions>
     <gpxtpx:TrackPointExtension>
      <gpxtpx:hr>129</gpxtpx:hr>
      <gpxtpx:cad>0</gpxtpx:cad>
     </gpxtpx:TrackPointExtension>
    </extensions>
   </trkpt>
   <trkpt lat="28.4075410" lon="83.8249250">
    <ele>1671.2</ele>
    <time>2026-06-09T04:55:02Z</time>
    <extensions>
     <gpxtpx:TrackPointExtension>
      <gpxtpx:hr>128</gpxtpx:hr>
      <gpxtpx:cad>0</gpxtpx:cad>
     </gpxtpx:TrackPointExtension>
    </extensions>
   </trkpt>
   <trkpt lat="28.4075420" lon="83.8249250">
    <ele>1670.6</ele>
    <time>2026-06-09T04:55:03Z</time>
    <extensions>
     <gpxtpx:TrackPointExtension>
      <gpxtpx:hr>129</gpxtpx:hr>
      <gpxtpx:cad>0</gpxtpx:cad>
     </gpxtpx:TrackPointExtension>
    </extensions>
   </trkpt>
   <trkpt lat="28.4075430" lon="83.8249250">
    <ele>1669.8</ele>
    <time>2026-06-09T04:55:08Z</time>
    <extensions>
     <gpxtpx:TrackPointExtension>
      <gpxtpx:hr>122</gpxtpx:hr>
      <gpxtpx:cad>0</gpxtpx:cad>
     </gpxtpx:TrackPointExtension>
    </extensions>
   </trkpt>
   <trkpt lat="28.4075440" lon="83.8249250">
    <ele>1669.8</ele>
    <time>2026-06-09T04:55:09Z</time>
    <extensions>
     <gpxtpx:TrackPointExtension>
      <gpxtpx:hr>119</gpxtpx:hr>
      <gpxtpx:cad>0</gpxtpx:cad>
     </gpxtpx:TrackPointExtension>
    </extensions>
   </trkpt>
   <trkpt lat="28.4075440" lon="83.8249190">
    <ele>1670.0</ele>
    <time>2026-06-09T04:55:13Z</time>
    <extensions>
     <gpxtpx:TrackPointExtension>
      <gpxtpx:hr>116</gpxtpx:hr>
      <gpxtpx:cad>0</gpxtpx:cad>
     </gpxtpx:TrackPointExtension>
    </extensions>
   </trkpt>
   <trkpt lat="28.4075440" lon="83.8249190">
    <ele>1670.0</ele>
    <time>2026-06-09T04:55:15Z</time>
    <extensions>
     <gpxtpx:TrackPointExtension>
      <gpxtpx:hr>116</gpxtpx:hr>
      <gpxtpx:cad>0</gpxtpx:cad>
     </gpxtpx:TrackPointExtension>
    </extensions>
   </trkpt>
   <trkpt lat="28.4075820" lon="83.8249140">
    <ele>1670.2</ele>
    <time>2026-06-09T04:55:25Z</time>
    <extensions>
     <gpxtpx:TrackPointExtension>
      <gpxtpx:hr>116</gpxtpx:hr>
      <gpxtpx:cad>0</gpxtpx:cad>
     </gpxtpx:TrackPointExtension>
    </extensions>
   </trkpt>
   <trkpt lat="28.4075860" lon="83.8249140">
    <ele>1670.4</ele>
    <time>2026-06-09T04:55:26Z</time>
    <extensions>
     <gpxtpx:TrackPointExtension>
      <gpxtpx:hr>111</gpxtpx:hr>
      <gpxtpx:cad>44</gpxtpx:cad>
     </gpxtpx:TrackPointExtension>
    </extensions>
   </trkpt>
   <trkpt lat="28.4075910" lon="83.8249140">
    <ele>1670.6</ele>
    <time>2026-06-09T04:55:27Z</time>
    <extensions>
     <gpxtpx:TrackPointExtension>
      <gpxtpx:hr>107</gpxtpx:hr>
      <gpxtpx:cad>44</gpxtpx:cad>
     </gpxtpx:TrackPointExtension>
    </extensions>
   </trkpt>
   <trkpt lat="28.4076140" lon="83.8249110">
    <ele>1671.4</ele>
    <time>2026-06-09T04:55:31Z</time>
    <extensions>
     <gpxtpx:TrackPointExtension>
      <gpxtpx:hr>106</gpxtpx:hr>
      <gpxtpx:cad>41</gpxtpx:cad>
     </gpxtpx:TrackPointExtension>
    </extensions>
   </trkpt>
   <trkpt lat="28.4076230" lon="83.8249100">
    <ele>1671.6</ele>
    <time>2026-06-09T04:55:32Z</time>
    <extensions>
     <gpxtpx:TrackPointExtension>
      <gpxtpx:hr>109</gpxtpx:hr>
      <gpxtpx:cad>41</gpxtpx:cad>
     </gpxtpx:TrackPointExtension>
    </extensions>
   </trkpt>
   <trkpt lat="28.4076300" lon="83.8249090">
    <ele>1671.6</ele>
    <time>2026-06-09T04:55:33Z</time>
    <extensions>
     <gpxtpx:TrackPointExtension>
      <gpxtpx:hr>112</gpxtpx:hr>
      <gpxtpx:cad>41</gpxtpx:cad>
     </gpxtpx:TrackPointExtension>
    </extensions>
   </trkpt>
   <trkpt lat="28.4076330" lon="83.8249090">
    <ele>1672.0</ele>
    <time>2026-06-09T04:55:34Z</time>
    <extensions>
     <gpxtpx:TrackPointExtension>
      <gpxtpx:hr>112</gpxtpx:hr>
      <gpxtpx:cad>41</gpxtpx:cad>
     </gpxtpx:TrackPointExtension>
    </extensions>
   </trkpt>
   <trkpt lat="28.4076470" lon="83.8249070">
    <ele>1673.0</ele>
    <time>2026-06-09T04:55:38Z</time>
    <extensions>
     <gpxtpx:TrackPointExtension>
      <gpxtpx:hr>115</gpxtpx:hr>
      <gpxtpx:cad>40</gpxtpx:cad>
     </gpxtpx:TrackPointExtension>
    </extensions>
   </trkpt>
   <trkpt lat="28.4076490" lon="83.8249060">
    <ele>1673.2</ele>
    <time>2026-06-09T04:55:39Z</time>
    <extensions>
     <gpxtpx:TrackPointExtension>
      <gpxtpx:hr>115</gpxtpx:hr>
      <gpxtpx:cad>77</gpxtpx:cad>
     </gpxtpx:TrackPointExtension>
    </extensions>
   </trkpt>
   <trkpt lat="28.4076590" lon="83.8249070">
    <ele>1673.8</ele>
    <time>2026-06-09T04:55:41Z</time>
    <extensions>
     <gpxtpx:TrackPointExtension>
      <gpxtpx:hr>119</gpxtpx:hr>
      <gpxtpx:cad>40</gpxtpx:cad>
     </gpxtpx:TrackPointExtension>
    </extensions>
   </trkpt>
   <trkpt lat="28.4076650" lon="83.8249050">
    <ele>1674.0</ele>
    <time>2026-06-09T04:55:42Z</time>
    <extensions>
     <gpxtpx:TrackPointExtension>
      <gpxtpx:hr>120</gpxtpx:hr>
      <gpxtpx:cad>40</gpxtpx:cad>
     </gpxtpx:TrackPointExtension>
    </extensions>
   </trkpt>
   <trkpt lat="28.4076860" lon="83.8249010">
    <ele>1675.0</ele>
    <time>2026-06-09T04:55:46Z</time>
    <extensions>
     <gpxtpx:TrackPointExtension>
      <gpxtpx:hr>122</gpxtpx:hr>
      <gpxtpx:cad>41</gpxtpx:cad>
     </gpxtpx:TrackPointExtension>
    </extensions>
   </trkpt>
   <trkpt lat="28.4076940" lon="83.8249010">
    <ele>1675.2</ele>
    <time>2026-06-09T04:55:47Z</time>
    <extensions>
     <gpxtpx:TrackPointExtension>
      <gpxtpx:hr>122</gpxtpx:hr>
      <gpxtpx:cad>42</gpxtpx:cad>
     </gpxtpx:TrackPointExtension>
    </extensions>
   </trkpt>
   <trkpt lat="28.4077320" lon="83.8248950">
    <ele>1676.0</ele>
    <time>2026-06-09T04:55:53Z</time>
    <extensions>
     <gpxtpx:TrackPointExtension>
      <gpxtpx:hr>125</gpxtpx:hr>
      <gpxtpx:cad>41</gpxtpx:cad>
     </gpxtpx:TrackPointExtension>
    </extensions>
   </trkpt>
   <trkpt lat="28.4077370" lon="83.8248940">
    <ele>1676.2</ele>
    <time>2026-06-09T04:55:54Z</time>
    <extensions>
     <gpxtpx:TrackPointExtension>
      <gpxtpx:hr>125</gpxtpx:hr>
      <gpxtpx:cad>42</gpxtpx:cad>
     </gpxtpx:TrackPointExtension>
    </extensions>
   </trkpt>
   <trkpt lat="28.4077490" lon="83.8248890">
    <ele>1677.4</ele>
    <time>2026-06-09T04:55:58Z</time>
    <extensions>
     <gpxtpx:TrackPointExtension>
      <gpxtpx:hr>127</gpxtpx:hr>
      <gpxtpx:cad>44</gpxtpx:cad>
     </gpxtpx:TrackPointExtension>
    </extensions>
   </trkpt>
   <trkpt lat="28.4077560" lon="83.8248890">
    <ele>1677.6</ele>
    <time>2026-06-09T04:56:00Z</time>
    <extensions>
     <gpxtpx:TrackPointExtension>
      <gpxtpx:hr>124</gpxtpx:hr>
      <gpxtpx:cad>43</gpxtpx:cad>
     </gpxtpx:TrackPointExtension>
    </extensions>
   </trkpt>
   <trkpt lat="28.4077650" lon="83.8248870">
    <ele>1678.0</ele>
    <time>2026-06-09T04:56:02Z</time>
    <extensions>
     <gpxtpx:TrackPointExtension>
      <gpxtpx:hr>128</gpxtpx:hr>
      <gpxtpx:cad>42</gpxtpx:cad>
     </gpxtpx:TrackPointExtension>
    </extensions>
   </trkpt>
   <trkpt lat="28.4077710" lon="83.8248850">
    <ele>1678.4</ele>
    <time>2026-06-09T04:56:04Z</time>
    <extensions>
     <gpxtpx:TrackPointExtension>
      <gpxtpx:hr>128</gpxtpx:hr>
      <gpxtpx:cad>40</gpxtpx:cad>
     </gpxtpx:TrackPointExtension>
    </extensions>
   </trkpt>
   <trkpt lat="28.4077820" lon="83.8248740">
    <ele>1679.0</ele>
    <time>2026-06-09T04:56:07Z</time>
    <extensions>
     <gpxtpx:TrackPointExtension>
      <gpxtpx:hr>129</gpxtpx:hr>
      <gpxtpx:cad>40</gpxtpx:cad>
     </gpxtpx:TrackPointExtension>
    </extensions>
   </trkpt>
   <trkpt lat="28.4077840" lon="83.8248560">
    <ele>1679.2</ele>
    <time>2026-06-09T04:56:09Z</time>
    <extensions>
     <gpxtpx:TrackPointExtension>
      <gpxtpx:hr>125</gpxtpx:hr>
      <gpxtpx:cad>74</gpxtpx:cad>
     </gpxtpx:TrackPointExtension>
    </extensions>
   </trkpt>
   <trkpt lat="28.4077870" lon="83.8248380">
    <ele>1679.6</ele>
    <time>2026-06-09T04:56:12Z</time>
    <extensions>
     <gpxtpx:TrackPointExtension>
      <gpxtpx:hr>125</gpxtpx:hr>
      <gpxtpx:cad>76</gpxtpx:cad>
     </gpxtpx:TrackPointExtension>
    </extensions>
   </trkpt>
   <trkpt lat="28.4077900" lon="83.8248330">
    <ele>1680.0</ele>
    <time>2026-06-09T04:56:14Z</time>
    <extensions>
     <gpxtpx:TrackPointExtension>
      <gpxtpx:hr>126</gpxtpx:hr>
      <gpxtpx:cad>72</gpxtpx:cad>
     </gpxtpx:TrackPointExtension>
    </extensions>
   </trkpt>
   <trkpt lat="28.4078010" lon="83.8248230">
    <ele>1680.8</ele>
    <time>2026-06-09T04:56:18Z</time>
    <extensions>
     <gpxtpx:TrackPointExtension>
      <gpxtpx:hr>127</gpxtpx:hr>
      <gpxtpx:cad>75</gpxtpx:cad>
     </gpxtpx:TrackPointExtension>
    </extensions>
   </trkpt>
   <trkpt lat="28.4078110" lon="83.8248100">
    <ele>1681.2</ele>
    <time>2026-06-09T04:56:20Z</time>
    <extensions>
     <gpxtpx:TrackPointExtension>
      <gpxtpx:hr>128</gpxtpx:hr>
      <gpxtpx:cad>77</gpxtpx:cad>
     </gpxtpx:TrackPointExtension>
    </extensions>
   </trkpt>
   <trkpt lat="28.4078210" lon="83.8247960">
    <ele>1681.8</ele>
    <time>2026-06-09T04:56:24Z</time>
    <extensions>
     <gpxtpx:TrackPointExtension>
      <gpxtpx:hr>128</gpxtpx:hr>
      <gpxtpx:cad>72</gpxtpx:cad>
     </gpxtpx:TrackPointExtension>
    </extensions>
   </trkpt>
   <trkpt lat="28.4078240" lon="83.8247900">
    <ele>1682.2</ele>
    <time>2026-06-09T04:56:26Z</time>
    <extensions>
     <gpxtpx:TrackPointExtension>
      <gpxtpx:hr>130</gpxtpx:hr>
      <gpxtpx:cad>64</gpxtpx:cad>
     </gpxtpx:TrackPointExtension>
    </extensions>
   </trkpt>
   <trkpt lat="28.4078370" lon="83.8247870">
    <ele>1682.8</ele>
    <time>2026-06-09T04:56:30Z</time>
    <extensions>
     <gpxtpx:TrackPointExtension>
      <gpxtpx:hr>130</gpxtpx:hr>
      <gpxtpx:cad>69</gpxtpx:cad>
     </gpxtpx:TrackPointExtension>
    </extensions>
   </trkpt>
   <trkpt lat="28.4078540" lon="83.8247800">
    <ele>1683.4</ele>
    <time>2026-06-09T04:56:33Z</time>
    <extensions>
     <gpxtpx:TrackPointExtension>
      <gpxtpx:hr>133</gpxtpx:hr>
      <gpxtpx:cad>69</gpxtpx:cad>
     </gpxtpx:TrackPointExtension>
    </extensions>
   </trkpt>
   <trkpt lat="28.4078690" lon="83.8247770">
    <ele>1683.6</ele>
    <time>2026-06-09T04:56:36Z</time>
    <extensions>
     <gpxtpx:TrackPointExtension>
      <gpxtpx:hr>136</gpxtpx:hr>
      <gpxtpx:cad>0</gpxtpx:cad>
     </gpxtpx:TrackPointExtension>
    </extensions>
   </trkpt>
   <trkpt lat="28.4078780" lon="83.8247800">
    <ele>1684.0</ele>
    <time>2026-06-09T04:56:39Z</time>
    <extensions>
     <gpxtpx:TrackPointExtension>
      <gpxtpx:hr>136</gpxtpx:hr>
      <gpxtpx:cad>0</gpxtpx:cad>
     </gpxtpx:TrackPointExtension>
    </extensions>
   </trkpt>
   <trkpt lat="28.4078860" lon="83.8247820">
    <ele>1684.2</ele>
    <time>2026-06-09T04:56:41Z</time>
    <extensions>
     <gpxtpx:TrackPointExtension>
      <gpxtpx:hr>136</gpxtpx:hr>
      <gpxtpx:cad>71</gpxtpx:cad>
     </gpxtpx:TrackPointExtension>
    </extensions>
   </trkpt>
   <trkpt lat="28.4079080" lon="83.8247850">
    <ele>1685.0</ele>
    <time>2026-06-09T04:56:46Z</time>
    <extensions>
     <gpxtpx:TrackPointExtension>
      <gpxtpx:hr>138</gpxtpx:hr>
      <gpxtpx:cad>70</gpxtpx:cad>
     </gpxtpx:TrackPointExtension>
    </extensions>
   </trkpt>
   <trkpt lat="28.4079190" lon="83.8247860">
    <ele>1685.4</ele>
    <time>2026-06-09T04:56:48Z</time>
    <extensions>
     <gpxtpx:TrackPointExtension>
      <gpxtpx:hr>138</gpxtpx:hr>
      <gpxtpx:cad>74</gpxtpx:cad>
     </gpxtpx:TrackPointExtension>
    </extensions>
   </trkpt>
   <trkpt lat="28.4079420" lon="83.8247870">
    <ele>1686.2</ele>
    <time>2026-06-09T04:56:53Z</time>
    <extensions>
     <gpxtpx:TrackPointExtension>
      <gpxtpx:hr>136</gpxtpx:hr>
      <gpxtpx:cad>69</gpxtpx:cad>
     </gpxtpx:TrackPointExtension>
    </extensions>
   </trkpt>
   <trkpt lat="28.4079590" lon="83.8247900">
    <ele>1686.8</ele>
    <time>2026-06-09T04:56:56Z</time>
    <extensions>
     <gpxtpx:TrackPointExtension>
      <gpxtpx:hr>136</gpxtpx:hr>
      <gpxtpx:cad>73</gpxtpx:cad>
     </gpxtpx:TrackPointExtension>
    </extensions>
   </trkpt>
   <trkpt lat="28.4079700" lon="83.8247920">
    <ele>1687.2</ele>
    <time>2026-06-09T04:56:58Z</time>
    <extensions>
     <gpxtpx:TrackPointExtension>
      <gpxtpx:hr>136</gpxtpx:hr>
      <gpxtpx:cad>70</gpxtpx:cad>
     </gpxtpx:TrackPointExtension>
    </extensions>
   </trkpt>
   <trkpt lat="28.4079940" lon="83.8247950">
    <ele>1687.6</ele>
    <time>2026-06-09T04:57:02Z</time>
    <extensions>
     <gpxtpx:TrackPointExtension>
      <gpxtpx:hr>132</gpxtpx:hr>
      <gpxtpx:cad>70</gpxtpx:cad>
     </gpxtpx:TrackPointExtension>
    </extensions>
   </trkpt>
   <trkpt lat="28.4079980" lon="83.8247960">
    <ele>1687.8</ele>
    <time>2026-06-09T04:57:03Z</time>
    <extensions>
     <gpxtpx:TrackPointExtension>
      <gpxtpx:hr>129</gpxtpx:hr>
      <gpxtpx:cad>69</gpxtpx:cad>
     </gpxtpx:TrackPointExtension>
    </extensions>
   </trkpt>
   <trkpt lat="28.4080000" lon="83.8247960">
    <ele>1688.0</ele>
    <time>2026-06-09T04:57:04Z</time>
    <extensions>
     <gpxtpx:TrackPointExtension>
      <gpxtpx:hr>128</gpxtpx:hr>
      <gpxtpx:cad>69</gpxtpx:cad>
     </gpxtpx:TrackPointExtension>
    </extensions>
   </trkpt>
   <trkpt lat="28.4080060" lon="83.8247980">
    <ele>1688.4</ele>
    <time>2026-06-09T04:57:06Z</time>
    <extensions>
     <gpxtpx:TrackPointExtension>
      <gpxtpx:hr>128</gpxtpx:hr>
      <gpxtpx:cad>76</gpxtpx:cad>
     </gpxtpx:TrackPointExtension>
    </extensions>
   </trkpt>
   <trkpt lat="28.4080200" lon="83.8247950">
    <ele>1689.4</ele>
    <time>2026-06-09T04:57:11Z</time>
    <extensions>
     <gpxtpx:TrackPointExtension>
      <gpxtpx:hr>130</gpxtpx:hr>
      <gpxtpx:cad>78</gpxtpx:cad>
     </gpxtpx:TrackPointExtension>
    </extensions>
   </trkpt>
   <trkpt lat="28.4080190" lon="83.8247700">
    <ele>1690.2</ele>
    <time>2026-06-09T04:57:17Z</time>
    <extensions>
     <gpxtpx:TrackPointExtension>
      <gpxtpx:hr>131</gpxtpx:hr>
      <gpxtpx:cad>0</gpxtpx:cad>
     </gpxtpx:TrackPointExtension>
    </extensions>
   </trkpt>
   <trkpt lat="28.4079980" lon="83.8247620">
    <ele>1690.6</ele>
    <time>2026-06-09T04:57:23Z</time>
    <extensions>
     <gpxtpx:TrackPointExtension>
      <gpxtpx:hr>131</gpxtpx:hr>
      <gpxtpx:cad>0</gpxtpx:cad>
     </gpxtpx:TrackPointExtension>
    </extensions>
   </trkpt>
   <trkpt lat="28.4079950" lon="83.8247610">
    <ele>1690.6</ele>
    <time>2026-06-09T04:57:24Z</time>
    <extensions>
     <gpxtpx:TrackPointExtension>
      <gpxtpx:hr>131</gpxtpx:hr>
      <gpxtpx:cad>0</gpxtpx:cad>
     </gpxtpx:TrackPointExtension>
    </extensions>
   </trkpt>
   <trkpt lat="28.4079850" lon="83.8247580">
    <ele>1691.6</ele>
    <time>2026-06-09T04:57:28Z</time>
    <extensions>
     <gpxtpx:TrackPointExtension>
      <gpxtpx:hr>132</gpxtpx:hr>
      <gpxtpx:cad>70</gpxtpx:cad>
     </gpxtpx:TrackPointExtension>
    </extensions>
   </trkpt>
   <trkpt lat="28.4079700" lon="83.8247440">
    <ele>1692.6</ele>
    <time>2026-06-09T04:57:33Z</time>
    <extensions>
     <gpxtpx:TrackPointExtension>
      <gpxtpx:hr>132</gpxtpx:hr>
      <gpxtpx:cad>77</gpxtpx:cad>
     </gpxtpx:TrackPointExtension>
    </extensions>
   </trkpt>
   <trkpt lat="28.4079580" lon="83.8246990">
    <ele>1693.6</ele>
    <time>2026-06-09T04:57:40Z</time>
    <extensions>
     <gpxtpx:TrackPointExtension>
      <gpxtpx:hr>131</gpxtpx:hr>
      <gpxtpx:cad>71</gpxtpx:cad>
     </gpxtpx:TrackPointExtension>
    </extensions>
   </trkpt>
   <trkpt lat="28.4079600" lon="83.8246940">
    <ele>1693.8</ele>
    <time>2026-06-09T04:57:41Z</time>
    <extensions>
     <gpxtpx:TrackPointExtension>
      <gpxtpx:hr>131</gpxtpx:hr>
      <gpxtpx:cad>68</gpxtpx:cad>
     </gpxtpx:TrackPointExtension>
    </extensions>
   </trkpt>
   <trkpt lat="28.4079620" lon="83.8246600">
    <ele>1694.6</ele>
    <time>2026-06-09T04:57:47Z</time>
    <extensions>
     <gpxtpx:TrackPointExtension>
      <gpxtpx:hr>131</gpxtpx:hr>
      <gpxtpx:cad>73</gpxtpx:cad>
     </gpxtpx:TrackPointExtension>
    </extensions>
   </trkpt>
   <trkpt lat="28.4079660" lon="83.8246570">
    <ele>1695.2</ele>
    <time>2026-06-09T04:57:49Z</time>
    <extensions>
     <gpxtpx:TrackPointExtension>
      <gpxtpx:hr>130</gpxtpx:hr>
      <gpxtpx:cad>0</gpxtpx:cad>
     </gpxtpx:TrackPointExtension>
    </extensions>
   </trkpt>
   <trkpt lat="28.4079690" lon="83.8246540">
    <ele>1696.2</ele>
    <time>2026-06-09T04:57:51Z</time>
    <extensions>
     <gpxtpx:TrackPointExtension>
      <gpxtpx:hr>130</gpxtpx:hr>
      <gpxtpx:cad>0</gpxtpx:cad>
     </gpxtpx:TrackPointExtension>
    </extensions>
   </trkpt>
   <trkpt lat="28.4079810" lon="83.8246220">
    <ele>1696.6</ele>
    <time>2026-06-09T04:57:58Z</time>
    <extensions>
     <gpxtpx:TrackPointExtension>
      <gpxtpx:hr>131</gpxtpx:hr>
      <gpxtpx:cad>65</gpxtpx:cad>
     </gpxtpx:TrackPointExtension>
    </extensions>
   </trkpt>
   <trkpt lat="28.4079900" lon="83.8246090">
    <ele>1697.6</ele>
    <time>2026-06-09T04:58:00Z</time>
    <extensions>
     <gpxtpx:TrackPointExtension>
      <gpxtpx:hr>130</gpxtpx:hr>
      <gpxtpx:cad>71</gpxtpx:cad>
     </gpxtpx:TrackPointExtension>
    </extensions>
   </trkpt>
   <trkpt lat="28.4080020" lon="83.8245870">
    <ele>1696.8</ele>
    <time>2026-06-09T04:58:06Z</time>
    <extensions>
     <gpxtpx:TrackPointExtension>
      <gpxtpx:hr>131</gpxtpx:hr>
      <gpxtpx:cad>71</gpxtpx:cad>
     </gpxtpx:TrackPointExtension>
    </extensions>
   </trkpt>
   <trkpt lat="28.4080330" lon="83.8245490">
    <ele>1697.6</ele>
    <time>2026-06-09T04:58:13Z</time>
    <extensions>
     <gpxtpx:TrackPointExtension>
      <gpxtpx:hr>132</gpxtpx:hr>
      <gpxtpx:cad>41</gpxtpx:cad>
     </gpxtpx:TrackPointExtension>
    </extensions>
   </trkpt>
   <trkpt lat="28.4080590" lon="83.8245140">
    <ele>1698.2</ele>
    <time>2026-06-09T04:58:19Z</time>
    <extensions>
     <gpxtpx:TrackPointExtension>
      <gpxtpx:hr>134</gpxtpx:hr>
      <gpxtpx:cad>42</gpxtpx:cad>
     </gpxtpx:TrackPointExtension>
    </extensions>
   </trkpt>
   <trkpt lat="28.4080790" lon="83.8244840">
    <ele>1698.6</ele>
    <time>2026-06-09T04:58:23Z</time>
    <extensions>
     <gpxtpx:TrackPointExtension>
      <gpxtpx:hr>131</gpxtpx:hr>
      <gpxtpx:cad>42</gpxtpx:cad>
     </gpxtpx:TrackPointExtension>
    </extensions>
   </trkpt>
   <trkpt lat="28.4080820" lon="83.8244810">
    <ele>1698.6</ele>
    <time>2026-06-09T04:58:25Z</time>
    <extensions>
     <gpxtpx:TrackPointExtension>
      <gpxtpx:hr>128</gpxtpx:hr>
      <gpxtpx:cad>0</gpxtpx:cad>
     </gpxtpx:TrackPointExtension>
    </extensions>
   </trkpt>
   <trkpt lat="28.4080830" lon="83.8244810">
    <ele>1698.6</ele>
    <time>2026-06-09T04:58:26Z</time>
    <extensions>
     <gpxtpx:TrackPointExtension>
      <gpxtpx:hr>128</gpxtpx:hr>
      <gpxtpx:cad>0</gpxtpx:cad>
     </gpxtpx:TrackPointExtension>
    </extensions>
   </trkpt>
   <trkpt lat="28.4080850" lon="83.8244790">
    <ele>1698.6</ele>
    <time>2026-06-09T04:58:28Z</time>
    <extensions>
     <gpxtpx:TrackPointExtension>
      <gpxtpx:hr>128</gpxtpx:hr>
      <gpxtpx:cad>0</gpxtpx:cad>
     </gpxtpx:TrackPointExtension>
    </extensions>
   </trkpt>
   <trkpt lat="28.4080850" lon="83.8244790">
    <ele>1699.8</ele>
    <time>2026-06-09T04:58:31Z</time>
    <extensions>
     <gpxtpx:TrackPointExtension>
      <gpxtpx:hr>130</gpxtpx:hr>
      <gpxtpx:cad>0</gpxtpx:cad>
     </gpxtpx:TrackPointExtension>
    </extensions>
   </trkpt>
   <trkpt lat="28.4080850" lon="83.8244890">
    <ele>1700.6</ele>
    <time>2026-06-09T04:58:34Z</time>
    <extensions>
     <gpxtpx:TrackPointExtension>
      <gpxtpx:hr>129</gpxtpx:hr>
      <gpxtpx:cad>0</gpxtpx:cad>
     </gpxtpx:TrackPointExtension>
    </extensions>
   </trkpt>
   <trkpt lat="28.4080860" lon="83.8244900">
    <ele>1700.8</ele>
    <time>2026-06-09T04:58:35Z</time>
    <extensions>
     <gpxtpx:TrackPointExtension>
      <gpxtpx:hr>128</gpxtpx:hr>
      <gpxtpx:cad>0</gpxtpx:cad>
     </gpxtpx:TrackPointExtension>
    </extensions>
   </trkpt>
   <trkpt lat="28.4080690" lon="83.8244940">
    <ele>1700.0</ele>
    <time>2026-06-09T04:58:40Z</time>
    <extensions>
     <gpxtpx:TrackPointExtension>
      <gpxtpx:hr>130</gpxtpx:hr>
      <gpxtpx:cad>0</gpxtpx:cad>
     </gpxtpx:TrackPointExtension>
    </extensions>
   </trkpt>
   <trkpt lat="28.4080510" lon="83.8245010">
    <ele>1699.8</ele>
    <time>2026-06-09T04:58:45Z</time>
    <extensions>
     <gpxtpx:TrackPointExtension>
      <gpxtpx:hr>129</gpxtpx:hr>
      <gpxtpx:cad>0</gpxtpx:cad>
     </gpxtpx:TrackPointExtension>
    </extensions>
   </trkpt>
   <trkpt lat="28.4080440" lon="83.8245090">
    <ele>1699.6</ele>
    <time>2026-06-09T04:58:47Z</time>
    <extensions>
     <gpxtpx:TrackPointExtension>
      <gpxtpx:hr>129</gpxtpx:hr>
      <gpxtpx:cad>0</gpxtpx:cad>
     </gpxtpx:TrackPointExtension>
    </extensions>
   </trkpt>
   <trkpt lat="28.4080510" lon="83.8245140">
    <ele>1700.2</ele>
    <time>2026-06-09T04:58:54Z</time>
    <extensions>
     <gpxtpx:TrackPointExtension>
      <gpxtpx:hr>124</gpxtpx:hr>
      <gpxtpx:cad>0</gpxtpx:cad>
     </gpxtpx:TrackPointExtension>
    </extensions>
   </trkpt>
   <trkpt lat="28.4080530" lon="83.8245140">
    <ele>1700.0</ele>
    <time>2026-06-09T04:58:55Z</time>
    <extensions>
     <gpxtpx:TrackPointExtension>
      <gpxtpx:hr>115</gpxtpx:hr>
      <gpxtpx:cad>0</gpxtpx:cad>
     </gpxtpx:TrackPointExtension>
    </extensions>
   </trkpt>
   <trkpt lat="28.4080540" lon="83.8245140">
    <ele>1700.0</ele>
    <time>2026-06-09T04:58:56Z</time>
    <extensions>
     <gpxtpx:TrackPointExtension>
      <gpxtpx:hr>110</gpxtpx:hr>
      <gpxtpx:cad>0</gpxtpx:cad>
     </gpxtpx:TrackPointExtension>
    </extensions>
   </trkpt>
   <trkpt lat="28.4080550" lon="83.8245140">
    <ele>1699.8</ele>
    <time>2026-06-09T04:58:58Z</time>
    <extensions>
     <gpxtpx:TrackPointExtension>
      <gpxtpx:hr>107</gpxtpx:hr>
      <gpxtpx:cad>0</gpxtpx:cad>
     </gpxtpx:TrackPointExtension>
    </extensions>
   </trkpt>
   <trkpt lat="28.4080550" lon="83.8245140">
    <ele>1699.8</ele>
    <time>2026-06-09T04:59:04Z</time>
    <extensions>
     <gpxtpx:TrackPointExtension>
      <gpxtpx:hr>104</gpxtpx:hr>
      <gpxtpx:cad>0</gpxtpx:cad>
     </gpxtpx:TrackPointExtension>
    </extensions>
   </trkpt>
   <trkpt lat="28.4080550" lon="83.8245140">
    <ele>1699.8</ele>
    <time>2026-06-09T04:59:07Z</time>
    <extensions>
     <gpxtpx:TrackPointExtension>
      <gpxtpx:hr>101</gpxtpx:hr>
      <gpxtpx:cad>0</gpxtpx:cad>
     </gpxtpx:TrackPointExtension>
    </extensions>
   </trkpt>
   <trkpt lat="28.4080550" lon="83.8245140">
    <ele>1699.6</ele>
    <time>2026-06-09T04:59:12Z</time>
    <extensions>
     <gpxtpx:TrackPointExtension>
      <gpxtpx:hr>98</gpxtpx:hr>
      <gpxtpx:cad>0</gpxtpx:cad>
     </gpxtpx:TrackPointExtension>
    </extensions>
   </trkpt>
   <trkpt lat="28.4080540" lon="83.8245140">
    <ele>1700.0</ele>
    <time>2026-06-09T04:59:15Z</time>
    <extensions>
     <gpxtpx:TrackPointExtension>
      <gpxtpx:hr>95</gpxtpx:hr>
      <gpxtpx:cad>0</gpxtpx:cad>
     </gpxtpx:TrackPointExtension>
    </extensions>
   </trkpt>
   <trkpt lat="28.4080460" lon="83.8245040">
    <ele>1700.0</ele>
    <time>2026-06-09T04:59:26Z</time>
    <extensions>
     <gpxtpx:TrackPointExtension>
      <gpxtpx:hr>97</gpxtpx:hr>
      <gpxtpx:cad>0</gpxtpx:cad>
     </gpxtpx:TrackPointExtension>
    </extensions>
   </trkpt>
   <trkpt lat="28.4080430" lon="83.8245070">
    <ele>1700.0</ele>
    <time>2026-06-09T04:59:37Z</time>
    <extensions>
     <gpxtpx:TrackPointExtension>
      <gpxtpx:hr>96</gpxtpx:hr>
      <gpxtpx:cad>0</gpxtpx:cad>
     </gpxtpx:TrackPointExtension>
    </extensions>
   </trkpt>
   <trkpt lat="28.4080420" lon="83.8245090">
    <ele>1698.4</ele>
    <time>2026-06-09T04:59:42Z</time>
    <extensions>
     <gpxtpx:TrackPointExtension>
      <gpxtpx:hr>95</gpxtpx:hr>
      <gpxtpx:cad>0</gpxtpx:cad>
     </gpxtpx:TrackPointExtension>
    </extensions>
   </trkpt>
   <trkpt lat="28.4080430" lon="83.8245090">
    <ele>1698.6</ele>
    <time>2026-06-09T04:59:46Z</time>
    <extensions>
     <gpxtpx:TrackPointExtension>
      <gpxtpx:hr>93</gpxtpx:hr>
      <gpxtpx:cad>0</gpxtpx:cad>
     </gpxtpx:TrackPointExtension>
    </extensions>
   </trkpt>
   <trkpt lat="28.4080430" lon="83.8245080">
    <ele>1698.6</ele>
    <time>2026-06-09T04:59:59Z</time>
    <extensions>
     <gpxtpx:TrackPointExtension>
      <gpxtpx:hr>92</gpxtpx:hr>
      <gpxtpx:cad>0</gpxtpx:cad>
     </gpxtpx:TrackPointExtension>
    </extensions>
   </trkpt>
   <trkpt lat="28.4080480" lon="83.8244940">
    <ele>1698.8</ele>
    <time>2026-06-09T05:00:06Z</time>
    <extensions>
     <gpxtpx:TrackPointExtension>
      <gpxtpx:hr>95</gpxtpx:hr>
      <gpxtpx:cad>0</gpxtpx:cad>
     </gpxtpx:TrackPointExtension>
    </extensions>
   </trkpt>
   <trkpt lat="28.4080410" lon="83.8244840">
    <ele>1698.8</ele>
    <time>2026-06-09T05:00:09Z</time>
    <extensions>
     <gpxtpx:TrackPointExtension>
      <gpxtpx:hr>96</gpxtpx:hr>
      <gpxtpx:cad>0</gpxtpx:cad>
     </gpxtpx:TrackPointExtension>
    </extensions>
   </trkpt>
   <trkpt lat="28.4080480" lon="83.8244960">
    <ele>1699.0</ele>
    <time>2026-06-09T05:00:18Z</time>
    <extensions>
     <gpxtpx:TrackPointExtension>
      <gpxtpx:hr>93</gpxtpx:hr>
      <gpxtpx:cad>0</gpxtpx:cad>
     </gpxtpx:TrackPointExtension>
    </extensions>
   </trkpt>
   <trkpt lat="28.4080470" lon="83.8245020">
    <ele>1699.4</ele>
    <time>2026-06-09T05:00:24Z</time>
    <extensions>
     <gpxtpx:TrackPointExtension>
      <gpxtpx:hr>92</gpxtpx:hr>
      <gpxtpx:cad>0</gpxtpx:cad>
     </gpxtpx:TrackPointExtension>
    </extensions>
   </trkpt>
   <trkpt lat="28.4080600" lon="83.8245050">
    <ele>1700.6</ele>
    <time>2026-06-09T05:00:28Z</time>
    <extensions>
     <gpxtpx:TrackPointExtension>
      <gpxtpx:hr>88</gpxtpx:hr>
      <gpxtpx:cad>0</gpxtpx:cad>
     </gpxtpx:TrackPointExtension>
    </extensions>
   </trkpt>
   <trkpt lat="28.4080700" lon="83.8244940">
    <ele>1700.4</ele>
    <time>2026-06-09T05:00:31Z</time>
    <extensions>
     <gpxtpx:TrackPointExtension>
      <gpxtpx:hr>88</gpxtpx:hr>
      <gpxtpx:cad>0</gpxtpx:cad>
     </gpxtpx:TrackPointExtension>
    </extensions>
   </trkpt>
   <trkpt lat="28.4080920" lon="83.8244800">
    <ele>1699.4</ele>
    <time>2026-06-09T05:00:35Z</time>
    <extensions>
     <gpxtpx:TrackPointExtension>
      <gpxtpx:hr>86</gpxtpx:hr>
      <gpxtpx:cad>0</gpxtpx:cad>
     </gpxtpx:TrackPointExtension>
    </extensions>
   </trkpt>
   <trkpt lat="28.4081060" lon="83.8244730">
    <ele>1699.0</ele>
    <time>2026-06-09T05:00:37Z</time>
    <extensions>
     <gpxtpx:TrackPointExtension>
      <gpxtpx:hr>84</gpxtpx:hr>
      <gpxtpx:cad>0</gpxtpx:cad>
     </gpxtpx:TrackPointExtension>
    </extensions>
   </trkpt>
   <trkpt lat="28.4081340" lon="83.8244460">
    <ele>1699.4</ele>
    <time>2026-06-09T05:00:41Z</time>
    <extensions>
     <gpxtpx:TrackPointExtension>
      <gpxtpx:hr>87</gpxtpx:hr>
      <gpxtpx:cad>42</gpxtpx:cad>
     </gpxtpx:TrackPointExtension>
    </extensions>
   </trkpt>
   <trkpt lat="28.4081560" lon="83.8244240">
    <ele>1699.6</ele>
    <time>2026-06-09T05:00:44Z</time>
    <extensions>
     <gpxtpx:TrackPointExtension>
      <gpxtpx:hr>88</gpxtpx:hr>
      <gpxtpx:cad>43</gpxtpx:cad>
     </gpxtpx:TrackPointExtension>
    </extensions>
   </trkpt>
   <trkpt lat="28.4082140" lon="83.8243700">
    <ele>1700.4</ele>
    <time>2026-06-09T05:00:53Z</time>
    <extensions>
     <gpxtpx:TrackPointExtension>
      <gpxtpx:hr>88</gpxtpx:hr>
      <gpxtpx:cad>49</gpxtpx:cad>
     </gpxtpx:TrackPointExtension>
    </extensions>
   </trkpt>
   <trkpt lat="28.4082610" lon="83.8243340">
    <ele>1701.0</ele>
    <time>2026-06-09T05:01:00Z</time>
    <extensions>
     <gpxtpx:TrackPointExtension>
      <gpxtpx:hr>91</gpxtpx:hr>
      <gpxtpx:cad>43</gpxtpx:cad>
     </gpxtpx:TrackPointExtension>
    </extensions>
   </trkpt>
   <trkpt lat="28.4082780" lon="83.8243180">
    <ele>1701.2</ele>
    <time>2026-06-09T05:01:02Z</time>
    <extensions>
     <gpxtpx:TrackPointExtension>
      <gpxtpx:hr>95</gpxtpx:hr>
      <gpxtpx:cad>43</gpxtpx:cad>
     </gpxtpx:TrackPointExtension>
    </extensions>
   </trkpt>
   <trkpt lat="28.4082860" lon="83.8243120">
    <ele>1701.4</ele>
    <time>2026-06-09T05:01:03Z</time>
    <extensions>
     <gpxtpx:TrackPointExtension>
      <gpxtpx:hr>98</gpxtpx:hr>
      <gpxtpx:cad>0</gpxtpx:cad>
     </gpxtpx:TrackPointExtension>
    </extensions>
   </trkpt>
   <trkpt lat="28.4083010" lon="83.8242970">
    <ele>1701.4</ele>
    <time>2026-06-09T05:01:05Z</time>
    <extensions>
     <gpxtpx:TrackPointExtension>
      <gpxtpx:hr>101</gpxtpx:hr>
      <gpxtpx:cad>0</gpxtpx:cad>
     </gpxtpx:TrackPointExtension>
    </extensions>
   </trkpt>
   <trkpt lat="28.4083130" lon="83.8242810">
    <ele>1701.4</ele>
    <time>2026-06-09T05:01:07Z</time>
    <extensions>
     <gpxtpx:TrackPointExtension>
      <gpxtpx:hr>104</gpxtpx:hr>
      <gpxtpx:cad>48</gpxtpx:cad>
     </gpxtpx:TrackPointExtension>
    </extensions>
   </trkpt>
   <trkpt lat="28.4083190" lon="83.8242730">
    <ele>1701.4</ele>
    <time>2026-06-09T05:01:08Z</time>
    <extensions>
     <gpxtpx:TrackPointExtension>
      <gpxtpx:hr>105</gpxtpx:hr>
      <gpxtpx:cad>50</gpxtpx:cad>
     </gpxtpx:TrackPointExtension>
    </extensions>
   </trkpt>
   <trkpt lat="28.4083680" lon="83.8242320">
    <ele>1701.4</ele>
    <time>2026-06-09T05:01:15Z</time>
    <extensions>
     <gpxtpx:TrackPointExtension>
      <gpxtpx:hr>107</gpxtpx:hr>
      <gpxtpx:cad>52</gpxtpx:cad>
     </gpxtpx:TrackPointExtension>
    </extensions>
   </trkpt>
   <trkpt lat="28.4083770" lon="83.8242270">
    <ele>1701.4</ele>
    <time>2026-06-09T05:01:16Z</time>
    <extensions>
     <gpxtpx:TrackPointExtension>
      <gpxtpx:hr>107</gpxtpx:hr>
      <gpxtpx:cad>50</gpxtpx:cad>
     </gpxtpx:TrackPointExtension>
    </extensions>
   </trkpt>
   <trkpt lat="28.4084340" lon="83.8242100">
    <ele>1701.2</ele>
    <time>2026-06-09T05:01:23Z</time>
    <extensions>
     <gpxtpx:TrackPointExtension>
      <gpxtpx:hr>106</gpxtpx:hr>
      <gpxtpx:cad>53</gpxtpx:cad>
     </gpxtpx:TrackPointExtension>
    </extensions>
   </trkpt>
   <trkpt lat="28.4085110" lon="83.8242060">
    <ele>1700.6</ele>
    <time>2026-06-09T05:01:30Z</time>
    <extensions>
     <gpxtpx:TrackPointExtension>
      <gpxtpx:hr>104</gpxtpx:hr>
      <gpxtpx:cad>55</gpxtpx:cad>
     </gpxtpx:TrackPointExtension>
    </extensions>
   </trkpt>
   <trkpt lat="28.4085720" lon="83.8241970">
    <ele>1700.4</ele>
    <time>2026-06-09T05:01:37Z</time>
    <extensions>
     <gpxtpx:TrackPointExtension>
      <gpxtpx:hr>103</gpxtpx:hr>
      <gpxtpx:cad>0</gpxtpx:cad>
     </gpxtpx:TrackPointExtension>
    </extensions>
   </trkpt>
   <trkpt lat="28.4086290" lon="83.8241910">
    <ele>1700.6</ele>
    <time>2026-06-09T05:01:44Z</time>
    <extensions>
     <gpxtpx:TrackPointExtension>
      <gpxtpx:hr>101</gpxtpx:hr>
      <gpxtpx:cad>52</gpxtpx:cad>
     </gpxtpx:TrackPointExtension>
    </extensions>
   </trkpt>
   <trkpt lat="28.4086930" lon="83.8241870">
    <ele>1701.4</ele>
    <time>2026-06-09T05:01:51Z</time>
    <extensions>
     <gpxtpx:TrackPointExtension>
      <gpxtpx:hr>95</gpxtpx:hr>
      <gpxtpx:cad>50</gpxtpx:cad>
     </gpxtpx:TrackPointExtension>
    </extensions>
   </trkpt>
   <trkpt lat="28.4087030" lon="83.8241850">
    <ele>1701.6</ele>
    <time>2026-06-09T05:01:52Z</time>
    <extensions>
     <gpxtpx:TrackPointExtension>
      <gpxtpx:hr>93</gpxtpx:hr>
      <gpxtpx:cad>50</gpxtpx:cad>
     </gpxtpx:TrackPointExtension>
    </extensions>
   </trkpt>
   <trkpt lat="28.4087140" lon="83.8241820">
    <ele>1701.8</ele>
    <time>2026-06-09T05:01:53Z</time>
    <extensions>
     <gpxtpx:TrackPointExtension>
      <gpxtpx:hr>92</gpxtpx:hr>
      <gpxtpx:cad>49</gpxtpx:cad>
     </gpxtpx:TrackPointExtension>
    </extensions>
   </trkpt>
   <trkpt lat="28.4087690" lon="83.8241770">
    <ele>1702.6</ele>
    <time>2026-06-09T05:01:59Z</time>
    <extensions>
     <gpxtpx:TrackPointExtension>
      <gpxtpx:hr>92</gpxtpx:hr>
      <gpxtpx:cad>48</gpxtpx:cad>
     </gpxtpx:TrackPointExtension>
    </extensions>
   </trkpt>
   <trkpt lat="28.4088180" lon="83.8241640">
    <ele>1702.8</ele>
    <time>2026-06-09T05:02:04Z</time>
    <extensions>
     <gpxtpx:TrackPointExtension>
      <gpxtpx:hr>95</gpxtpx:hr>
      <gpxtpx:cad>51</gpxtpx:cad>
     </gpxtpx:TrackPointExtension>
    </extensions>
   </trkpt>
   <trkpt lat="28.4088380" lon="83.8241560">
    <ele>1702.8</ele>
    <time>2026-06-09T05:02:06Z</time>
    <extensions>
     <gpxtpx:TrackPointExtension>
      <gpxtpx:hr>97</gpxtpx:hr>
      <gpxtpx:cad>52</gpxtpx:cad>
     </gpxtpx:TrackPointExtension>
    </extensions>
   </trkpt>
   <trkpt lat="28.4088650" lon="83.8241500">
    <ele>1702.6</ele>
    <time>2026-06-09T05:02:09Z</time>
    <extensions>
     <gpxtpx:TrackPointExtension>
      <gpxtpx:hr>100</gpxtpx:hr>
      <gpxtpx:cad>50</gpxtpx:cad>
     </gpxtpx:TrackPointExtension>
    </extensions>
   </trkpt>
   <trkpt lat="28.4088920" lon="83.8241540">
    <ele>1702.2</ele>
    <time>2026-06-09T05:02:12Z</time>
    <extensions>
     <gpxtpx:TrackPointExtension>
      <gpxtpx:hr>98</gpxtpx:hr>
      <gpxtpx:cad>52</gpxtpx:cad>
     </gpxtpx:TrackPointExtension>
    </extensions>
   </trkpt>
   <trkpt lat="28.4089000" lon="83.8241580">
    <ele>1702.0</ele>
    <time>2026-06-09T05:02:13Z</time>
    <extensions>
     <gpxtpx:TrackPointExtension>
      <gpxtpx:hr>97</gpxtpx:hr>
      <gpxtpx:cad>52</gpxtpx:cad>
     </gpxtpx:TrackPointExtension>
    </extensions>
   </trkpt>
   <trkpt lat="28.4089310" lon="83.8241670">
    <ele>1701.6</ele>
    <time>2026-06-09T05:02:16Z</time>
    <extensions>
     <gpxtpx:TrackPointExtension>
      <gpxtpx:hr>97</gpxtpx:hr>
      <gpxtpx:cad>53</gpxtpx:cad>
     </gpxtpx:TrackPointExtension>
    </extensions>
   </trkpt>
   <trkpt lat="28.4089530" lon="83.8241670">
    <ele>1701.4</ele>
    <time>2026-06-09T05:02:18Z</time>
    <extensions>
     <gpxtpx:TrackPointExtension>
      <gpxtpx:hr>100</gpxtpx:hr>
      <gpxtpx:cad>53</gpxtpx:cad>
     </gpxtpx:TrackPointExtension>
    </extensions>
   </trkpt>
   <trkpt lat="28.4089640" lon="83.8241650">
    <ele>1701.2</ele>
    <time>2026-06-09T05:02:19Z</time>
    <extensions>
     <gpxtpx:TrackPointExtension>
      <gpxtpx:hr>102</gpxtpx:hr>
      <gpxtpx:cad>53</gpxtpx:cad>
     </gpxtpx:TrackPointExtension>
    </extensions>
   </trkpt>
   <trkpt lat="28.4090180" lon="83.8241330">
    <ele>1701.4</ele>
    <time>2026-06-09T05:02:26Z</time>
    <extensions>
     <gpxtpx:TrackPointExtension>
      <gpxtpx:hr>102</gpxtpx:hr>
      <gpxtpx:cad>55</gpxtpx:cad>
     </gpxtpx:TrackPointExtension>
    </extensions>
   </trkpt>
   <trkpt lat="28.4090830" lon="83.8240740">
    <ele>1702.4</ele>
    <time>2026-06-09T05:02:35Z</time>
    <extensions>
     <gpxtpx:TrackPointExtension>
      <gpxtpx:hr>102</gpxtpx:hr>
      <gpxtpx:cad>0</gpxtpx:cad>
     </gpxtpx:TrackPointExtension>
    </extensions>
   </trkpt>
   <trkpt lat="28.4091230" lon="83.8240460">
    <ele>1702.4</ele>
    <time>2026-06-09T05:02:39Z</time>
    <extensions>
     <gpxtpx:TrackPointExtension>
      <gpxtpx:hr>99</gpxtpx:hr>
      <gpxtpx:cad>49</gpxtpx:cad>
     </gpxtpx:TrackPointExtension>
    </extensions>
   </trkpt>
   <trkpt lat="28.4091460" lon="83.8240340">
    <ele>1702.4</ele>
    <time>2026-06-09T05:02:43Z</time>
    <extensions>
     <gpxtpx:TrackPointExtension>
      <gpxtpx:hr>98</gpxtpx:hr>
      <gpxtpx:cad>52</gpxtpx:cad>
     </gpxtpx:TrackPointExtension>
    </extensions>
   </trkpt>
   <trkpt lat="28.4091560" lon="83.8240250">
    <ele>1702.6</ele>
    <time>2026-06-09T05:02:45Z</time>
    <extensions>
     <gpxtpx:TrackPointExtension>
      <gpxtpx:hr>99</gpxtpx:hr>
      <gpxtpx:cad>52</gpxtpx:cad>
     </gpxtpx:TrackPointExtension>
    </extensions>
   </trkpt>
   <trkpt lat="28.4091800" lon="83.8240120">
    <ele>1703.8</ele>
    <time>2026-06-09T05:02:51Z</time>
    <extensions>
     <gpxtpx:TrackPointExtension>
      <gpxtpx:hr>100</gpxtpx:hr>
      <gpxtpx:cad>41</gpxtpx:cad>
     </gpxtpx:TrackPointExtension>
    </extensions>
   </trkpt>
   <trkpt lat="28.4091840" lon="83.8240130">
    <ele>1704.0</ele>
    <time>2026-06-09T05:02:52Z</time>
    <extensions>
     <gpxtpx:TrackPointExtension>
      <gpxtpx:hr>101</gpxtpx:hr>
      <gpxtpx:cad>41</gpxtpx:cad>
     </gpxtpx:TrackPointExtension>
    </extensions>
   </trkpt>
   <trkpt lat="28.4091990" lon="83.8240090">
    <ele>1704.8</ele>
    <time>2026-06-09T05:02:56Z</time>
    <extensions>
     <gpxtpx:TrackPointExtension>
      <gpxtpx:hr>104</gpxtpx:hr>
      <gpxtpx:cad>41</gpxtpx:cad>
     </gpxtpx:TrackPointExtension>
    </extensions>
   </trkpt>
   <trkpt lat="28.4092210" lon="83.8239870">
    <ele>1706.0</ele>
    <time>2026-06-09T05:03:01Z</time>
    <extensions>
     <gpxtpx:TrackPointExtension>
      <gpxtpx:hr>106</gpxtpx:hr>
      <gpxtpx:cad>42</gpxtpx:cad>
     </gpxtpx:TrackPointExtension>
    </extensions>
   </trkpt>
   <trkpt lat="28.4092320" lon="83.8239720">
    <ele>1706.8</ele>
    <time>2026-06-09T05:03:04Z</time>
    <extensions>
     <gpxtpx:TrackPointExtension>
      <gpxtpx:hr>109</gpxtpx:hr>
      <gpxtpx:cad>43</gpxtpx:cad>
     </gpxtpx:TrackPointExtension>
    </extensions>
   </trkpt>
   <trkpt lat="28.4092380" lon="83.8239640">
    <ele>1707.2</ele>
    <time>2026-06-09T05:03:06Z</time>
    <extensions>
     <gpxtpx:TrackPointExtension>
      <gpxtpx:hr>113</gpxtpx:hr>
      <gpxtpx:cad>42</gpxtpx:cad>
     </gpxtpx:TrackPointExtension>
    </extensions>
   </trkpt>
   <trkpt lat="28.4092480" lon="83.8239480">
    <ele>1707.8</ele>
    <time>2026-06-09T05:03:09Z</time>
    <extensions>
     <gpxtpx:TrackPointExtension>
      <gpxtpx:hr>116</gpxtpx:hr>
      <gpxtpx:cad>78</gpxtpx:cad>
     </gpxtpx:TrackPointExtension>
    </extensions>
   </trkpt>
   <trkpt lat="28.4092580" lon="83.8239300">
    <ele>1708.4</ele>
    <time>2026-06-09T05:03:12Z</time>
    <extensions>
     <gpxtpx:TrackPointExtension>
      <gpxtpx:hr>118</gpxtpx:hr>
      <gpxtpx:cad>74</gpxtpx:cad>
     </gpxtpx:TrackPointExtension>
    </extensions>
   </trkpt>
   <trkpt lat="28.4092690" lon="83.8239180">
    <ele>1709.4</ele>
    <time>2026-06-09T05:03:16Z</time>
    <extensions>
     <gpxtpx:TrackPointExtension>
      <gpxtpx:hr>121</gpxtpx:hr>
      <gpxtpx:cad>74</gpxtpx:cad>
     </gpxtpx:TrackPointExtension>
    </extensions>
   </trkpt>
   <trkpt lat="28.4092760" lon="83.8239020">
    <ele>1709.6</ele>
    <time>2026-06-09T05:03:18Z</time>
    <extensions>
     <gpxtpx:TrackPointExtension>
      <gpxtpx:hr>120</gpxtpx:hr>
      <gpxtpx:cad>70</gpxtpx:cad>
     </gpxtpx:TrackPointExtension>
    </extensions>
   </trkpt>
   <trkpt lat="28.4092870" lon="83.8238890">
    <ele>1710.2</ele>
    <time>2026-06-09T05:03:24Z</time>
    <extensions>
     <gpxtpx:TrackPointExtension>
      <gpxtpx:hr>122</gpxtpx:hr>
      <gpxtpx:cad>71</gpxtpx:cad>
     </gpxtpx:TrackPointExtension>
    </extensions>
   </trkpt>
   <trkpt lat="28.4092870" lon="83.8238930">
    <ele>1710.6</ele>
    <time>2026-06-09T05:03:26Z</time>
    <extensions>
     <gpxtpx:TrackPointExtension>
      <gpxtpx:hr>123</gpxtpx:hr>
      <gpxtpx:cad>77</gpxtpx:cad>
     </gpxtpx:TrackPointExtension>
    </extensions>
   </trkpt>
   <trkpt lat="28.4092820" lon="83.8239110">
    <ele>1710.6</ele>
    <time>2026-06-09T05:03:30Z</time>
    <extensions>
     <gpxtpx:TrackPointExtension>
      <gpxtpx:hr>122</gpxtpx:hr>
      <gpxtpx:cad>78</gpxtpx:cad>
     </gpxtpx:TrackPointExtension>
    </extensions>
   </trkpt>
   <trkpt lat="28.4092820" lon="83.8239570">
    <ele>1711.6</ele>
    <time>2026-06-09T05:03:37Z</time>
    <extensions>
     <gpxtpx:TrackPointExtension>
      <gpxtpx:hr>122</gpxtpx:hr>
      <gpxtpx:cad>71</gpxtpx:cad>
     </gpxtpx:TrackPointExtension>
    </extensions>
   </trkpt>
   <trkpt lat="28.4092830" lon="83.8239680">
    <ele>1712.0</ele>
    <time>2026-06-09T05:03:39Z</time>
    <extensions>
     <gpxtpx:TrackPointExtension>
      <gpxtpx:hr>123</gpxtpx:hr>
      <gpxtpx:cad>67</gpxtpx:cad>
     </gpxtpx:TrackPointExtension>
    </extensions>
   </trkpt>
   <trkpt lat="28.4092870" lon="83.8239750">
    <ele>1712.8</ele>
    <time>2026-06-09T05:03:43Z</time>
    <extensions>
     <gpxtpx:TrackPointExtension>
      <gpxtpx:hr>123</gpxtpx:hr>
      <gpxtpx:cad>66</gpxtpx:cad>
     </gpxtpx:TrackPointExtension>
    </extensions>
   </trkpt>
   <trkpt lat="28.4092900" lon="83.8239850">
    <ele>1713.2</ele>
    <time>2026-06-09T05:03:46Z</time>
    <extensions>
     <gpxtpx:TrackPointExtension>
      <gpxtpx:hr>123</gpxtpx:hr>
      <gpxtpx:cad>68</gpxtpx:cad>
     </gpxtpx:TrackPointExtension>
    </extensions>
   </trkpt>
   <trkpt lat="28.4093010" lon="83.8240040">
    <ele>1713.8</ele>
    <time>2026-06-09T05:03:50Z</time>
    <extensions>
     <gpxtpx:TrackPointExtension>
      <gpxtpx:hr>126</gpxtpx:hr>
      <gpxtpx:cad>65</gpxtpx:cad>
     </gpxtpx:TrackPointExtension>
    </extensions>
   </trkpt>
   <trkpt lat="28.4093120" lon="83.8240050">
    <ele>1714.4</ele>
    <time>2026-06-09T05:03:53Z</time>
    <extensions>
     <gpxtpx:TrackPointExtension>
      <gpxtpx:hr>126</gpxtpx:hr>
      <gpxtpx:cad>66</gpxtpx:cad>
     </gpxtpx:TrackPointExtension>
    </extensions>
   </trkpt>
   <trkpt lat="28.4093180" lon="83.8240030">
    <ele>1714.8</ele>
    <time>2026-06-09T05:03:55Z</time>
    <extensions>
     <gpxtpx:TrackPointExtension>
      <gpxtpx:hr>128</gpxtpx:hr>
      <gpxtpx:cad>75</gpxtpx:cad>
     </gpxtpx:TrackPointExtension>
    </extensions>
   </trkpt>
   <trkpt lat="28.4093340" lon="83.8239960">
    <ele>1716.0</ele>
    <time>2026-06-09T05:04:00Z</time>
    <extensions>
     <gpxtpx:TrackPointExtension>
      <gpxtpx:hr>130</gpxtpx:hr>
      <gpxtpx:cad>64</gpxtpx:cad>
     </gpxtpx:TrackPointExtension>
    </extensions>
   </trkpt>
   <trkpt lat="28.4093480" lon="83.8239930">
    <ele>1717.0</ele>
    <time>2026-06-09T05:04:07Z</time>
    <extensions>
     <gpxtpx:TrackPointExtension>
      <gpxtpx:hr>132</gpxtpx:hr>
      <gpxtpx:cad>64</gpxtpx:cad>
     </gpxtpx:TrackPointExtension>
    </extensions>
   </trkpt>
   <trkpt lat="28.4093360" lon="83.8240030">
    <ele>1718.2</ele>
    <time>2026-06-09T05:04:13Z</time>
    <extensions>
     <gpxtpx:TrackPointExtension>
      <gpxtpx:hr>132</gpxtpx:hr>
      <gpxtpx:cad>73</gpxtpx:cad>
     </gpxtpx:TrackPointExtension>
    </extensions>
   </trkpt>
   <trkpt lat="28.4093330" lon="83.8240050">
    <ele>1718.4</ele>
    <time>2026-06-09T05:04:14Z</time>
    <extensions>
     <gpxtpx:TrackPointExtension>
      <gpxtpx:hr>132</gpxtpx:hr>
      <gpxtpx:cad>73</gpxtpx:cad>
     </gpxtpx:TrackPointExtension>
    </extensions>
   </trkpt>
   <trkpt lat="28.4093460" lon="83.8240060">
    <ele>1719.0</ele>
    <time>2026-06-09T05:04:20Z</time>
    <extensions>
     <gpxtpx:TrackPointExtension>
      <gpxtpx:hr>130</gpxtpx:hr>
      <gpxtpx:cad>57</gpxtpx:cad>
     </gpxtpx:TrackPointExtension>
    </extensions>
   </trkpt>
   <trkpt lat="28.4093500" lon="83.8240050">
    <ele>1719.2</ele>
    <time>2026-06-09T05:04:21Z</time>
    <extensions>
     <gpxtpx:TrackPointExtension>
      <gpxtpx:hr>130</gpxtpx:hr>
      <gpxtpx:cad>60</gpxtpx:cad>
     </gpxtpx:TrackPointExtension>
    </extensions>
   </trkpt>
   <trkpt lat="28.4093540" lon="83.8240000">
    <ele>1720.2</ele>
    <time>2026-06-09T05:04:24Z</time>
    <extensions>
     <gpxtpx:TrackPointExtension>
      <gpxtpx:hr>130</gpxtpx:hr>
      <gpxtpx:cad>60</gpxtpx:cad>
     </gpxtpx:TrackPointExtension>
    </extensions>
   </trkpt>
   <trkpt lat="28.4093570" lon="83.8239970">
    <ele>1721.6</ele>
    <time>2026-06-09T05:04:26Z</time>
    <extensions>
     <gpxtpx:TrackPointExtension>
      <gpxtpx:hr>130</gpxtpx:hr>
      <gpxtpx:cad>0</gpxtpx:cad>
     </gpxtpx:TrackPointExtension>
    </extensions>
   </trkpt>
   <trkpt lat="28.4093580" lon="83.8240000">
    <ele>1721.4</ele>
    <time>2026-06-09T05:04:27Z</time>
    <extensions>
     <gpxtpx:TrackPointExtension>
      <gpxtpx:hr>131</gpxtpx:hr>
      <gpxtpx:cad>0</gpxtpx:cad>
     </gpxtpx:TrackPointExtension>
    </extensions>
   </trkpt>
   <trkpt lat="28.4093550" lon="83.8239970">
    <ele>1720.4</ele>
    <time>2026-06-09T05:04:31Z</time>
    <extensions>
     <gpxtpx:TrackPointExtension>
      <gpxtpx:hr>131</gpxtpx:hr>
      <gpxtpx:cad>0</gpxtpx:cad>
     </gpxtpx:TrackPointExtension>
    </extensions>
   </trkpt>
   <trkpt lat="28.4093500" lon="83.8239980">
    <ele>1722.0</ele>
    <time>2026-06-09T05:04:34Z</time>
    <extensions>
     <gpxtpx:TrackPointExtension>
      <gpxtpx:hr>131</gpxtpx:hr>
      <gpxtpx:cad>0</gpxtpx:cad>
     </gpxtpx:TrackPointExtension>
    </extensions>
   </trkpt>
   <trkpt lat="28.4093410" lon="83.8239920">
    <ele>1720.8</ele>
    <time>2026-06-09T05:04:39Z</time>
    <extensions>
     <gpxtpx:TrackPointExtension>
      <gpxtpx:hr>132</gpxtpx:hr>
      <gpxtpx:cad>0</gpxtpx:cad>
     </gpxtpx:TrackPointExtension>
    </extensions>
   </trkpt>
   <trkpt lat="28.4093320" lon="83.8239800">
    <ele>1722.0</ele>
    <time>2026-06-09T05:04:45Z</time>
    <extensions>
     <gpxtpx:TrackPointExtension>
      <gpxtpx:hr>128</gpxtpx:hr>
      <gpxtpx:cad>0</gpxtpx:cad>
     </gpxtpx:TrackPointExtension>
    </extensions>
   </trkpt>
   <trkpt lat="28.4093350" lon="83.8239790">
    <ele>1722.6</ele>
    <time>2026-06-09T05:04:50Z</time>
    <extensions>
     <gpxtpx:TrackPointExtension>
      <gpxtpx:hr>125</gpxtpx:hr>
      <gpxtpx:cad>0</gpxtpx:cad>
     </gpxtpx:TrackPointExtension>
    </extensions>
   </trkpt>
   <trkpt lat="28.4093370" lon="83.8239780">
    <ele>1721.8</ele>
    <time>2026-06-09T05:04:53Z</time>
    <extensions>
     <gpxtpx:TrackPointExtension>
      <gpxtpx:hr>119</gpxtpx:hr>
      <gpxtpx:cad>0</gpxtpx:cad>
     </gpxtpx:TrackPointExtension>
    </extensions>
   </trkpt>
   <trkpt lat="28.4093370" lon="83.8239790">
    <ele>1721.6</ele>
    <time>2026-06-09T05:04:54Z</time>
    <extensions>
     <gpxtpx:TrackPointExtension>
      <gpxtpx:hr>115</gpxtpx:hr>
      <gpxtpx:cad>0</gpxtpx:cad>
     </gpxtpx:TrackPointExtension>
    </extensions>
   </trkpt>
   <trkpt lat="28.4093390" lon="83.8239820">
    <ele>1721.6</ele>
    <time>2026-06-09T05:04:57Z</time>
    <extensions>
     <gpxtpx:TrackPointExtension>
      <gpxtpx:hr>114</gpxtpx:hr>
      <gpxtpx:cad>0</gpxtpx:cad>
     </gpxtpx:TrackPointExtension>
    </extensions>
   </trkpt>
   <trkpt lat="28.4093340" lon="83.8239890">
    <ele>1721.6</ele>
    <time>2026-06-09T05:05:01Z</time>
    <extensions>
     <gpxtpx:TrackPointExtension>
      <gpxtpx:hr>111</gpxtpx:hr>
      <gpxtpx:cad>0</gpxtpx:cad>
     </gpxtpx:TrackPointExtension>
    </extensions>
   </trkpt>
   <trkpt lat="28.4093290" lon="83.8239890">
    <ele>1721.8</ele>
    <time>2026-06-09T05:05:03Z</time>
    <extensions>
     <gpxtpx:TrackPointExtension>
      <gpxtpx:hr>108</gpxtpx:hr>
      <gpxtpx:cad>0</gpxtpx:cad>
     </gpxtpx:TrackPointExtension>
    </extensions>
   </trkpt>
   <trkpt lat="28.4093280" lon="83.8239920">
    <ele>1721.8</ele>
    <time>2026-06-09T05:05:05Z</time>
    <extensions>
     <gpxtpx:TrackPointExtension>
      <gpxtpx:hr>105</gpxtpx:hr>
      <gpxtpx:cad>0</gpxtpx:cad>
     </gpxtpx:TrackPointExtension>
    </extensions>
   </trkpt>
   <trkpt lat="28.4093270" lon="83.8239960">
    <ele>1721.8</ele>
    <time>2026-06-09T05:05:07Z</time>
    <extensions>
     <gpxtpx:TrackPointExtension>
      <gpxtpx:hr>103</gpxtpx:hr>
      <gpxtpx:cad>0</gpxtpx:cad>
     </gpxtpx:TrackPointExtension>
    </extensions>
   </trkpt>
   <trkpt lat="28.4093160" lon="83.8239880">
    <ele>1721.8</ele>
    <time>2026-06-09T05:05:20Z</time>
    <extensions>
     <gpxtpx:TrackPointExtension>
      <gpxtpx:hr>100</gpxtpx:hr>
      <gpxtpx:cad>0</gpxtpx:cad>
     </gpxtpx:TrackPointExtension>
    </extensions>
   </trkpt>
   <trkpt lat="28.4093090" lon="83.8239830">
    <ele>1721.8</ele>
    <time>2026-06-09T05:05:27Z</time>
    <extensions>
     <gpxtpx:TrackPointExtension>
      <gpxtpx:hr>97</gpxtpx:hr>
      <gpxtpx:cad>0</gpxtpx:cad>
     </gpxtpx:TrackPointExtension>
    </extensions>
   </trkpt>
   <trkpt lat="28.4093120" lon="83.8239820">
    <ele>1721.8</ele>
    <time>2026-06-09T05:05:29Z</time>
    <extensions>
     <gpxtpx:TrackPointExtension>
      <gpxtpx:hr>96</gpxtpx:hr>
      <gpxtpx:cad>0</gpxtpx:cad>
     </gpxtpx:TrackPointExtension>
    </extensions>
   </trkpt>
   <trkpt lat="28.4093350" lon="83.8239940">
    <ele>1722.0</ele>
    <time>2026-06-09T05:05:41Z</time>
    <extensions>
     <gpxtpx:TrackPointExtension>
      <gpxtpx:hr>96</gpxtpx:hr>
      <gpxtpx:cad>0</gpxtpx:cad>
     </gpxtpx:TrackPointExtension>
    </extensions>
   </trkpt>
   <trkpt lat="28.4093360" lon="83.8239950">
    <ele>1722.2</ele>
    <time>2026-06-09T05:05:44Z</time>
    <extensions>
     <gpxtpx:TrackPointExtension>
      <gpxtpx:hr>93</gpxtpx:hr>
      <gpxtpx:cad>0</gpxtpx:cad>
     </gpxtpx:TrackPointExtension>
    </extensions>
   </trkpt>
   <trkpt lat="28.4093520" lon="83.8239930">
    <ele>1722.2</ele>
    <time>2026-06-09T05:05:48Z</time>
    <extensions>
     <gpxtpx:TrackPointExtension>
      <gpxtpx:hr>90</gpxtpx:hr>
      <gpxtpx:cad>0</gpxtpx:cad>
     </gpxtpx:TrackPointExtension>
    </extensions>
   </trkpt>
   <trkpt lat="28.4093620" lon="83.8239960">
    <ele>1722.2</ele>
    <time>2026-06-09T05:05:50Z</time>
    <extensions>
     <gpxtpx:TrackPointExtension>
      <gpxtpx:hr>90</gpxtpx:hr>
      <gpxtpx:cad>0</gpxtpx:cad>
     </gpxtpx:TrackPointExtension>
    </extensions>
   </trkpt>
   <trkpt lat="28.4093990" lon="83.8239920">
    <ele>1722.2</ele>
    <time>2026-06-09T05:05:56Z</time>
    <extensions>
     <gpxtpx:TrackPointExtension>
      <gpxtpx:hr>89</gpxtpx:hr>
      <gpxtpx:cad>70</gpxtpx:cad>
     </gpxtpx:TrackPointExtension>
    </extensions>
   </trkpt>
   <trkpt lat="28.4094050" lon="83.8239900">
    <ele>1722.6</ele>
    <time>2026-06-09T05:05:58Z</time>
    <extensions>
     <gpxtpx:TrackPointExtension>
      <gpxtpx:hr>97</gpxtpx:hr>
      <gpxtpx:cad>70</gpxtpx:cad>
     </gpxtpx:TrackPointExtension>
    </extensions>
   </trkpt>
   <trkpt lat="28.4094090" lon="83.8239890">
    <ele>1723.0</ele>
    <time>2026-06-09T05:05:59Z</time>
    <extensions>
     <gpxtpx:TrackPointExtension>
      <gpxtpx:hr>99</gpxtpx:hr>
      <gpxtpx:cad>70</gpxtpx:cad>
     </gpxtpx:TrackPointExtension>
    </extensions>
   </trkpt>
   <trkpt lat="28.4094190" lon="83.8239800">
    <ele>1724.0</ele>
    <time>2026-06-09T05:06:02Z</time>
    <extensions>
     <gpxtpx:TrackPointExtension>
      <gpxtpx:hr>101</gpxtpx:hr>
      <gpxtpx:cad>60</gpxtpx:cad>
     </gpxtpx:TrackPointExtension>
    </extensions>
   </trkpt>
   <trkpt lat="28.4094220" lon="83.8239780">
    <ele>1724.2</ele>
    <time>2026-06-09T05:06:03Z</time>
    <extensions>
     <gpxtpx:TrackPointExtension>
      <gpxtpx:hr>101</gpxtpx:hr>
      <gpxtpx:cad>59</gpxtpx:cad>
     </gpxtpx:TrackPointExtension>
    </extensions>
   </trkpt>
   <trkpt lat="28.4094360" lon="83.8239630">
    <ele>1725.0</ele>
    <time>2026-06-09T05:06:07Z</time>
    <extensions>
     <gpxtpx:TrackPointExtension>
      <gpxtpx:hr>101</gpxtpx:hr>
      <gpxtpx:cad>64</gpxtpx:cad>
     </gpxtpx:TrackPointExtension>
    </extensions>
   </trkpt>
   <trkpt lat="28.4094410" lon="83.8239580">
    <ele>1725.6</ele>
    <time>2026-06-09T05:06:10Z</time>
    <extensions>
     <gpxtpx:TrackPointExtension>
      <gpxtpx:hr>102</gpxtpx:hr>
      <gpxtpx:cad>61</gpxtpx:cad>
     </gpxtpx:TrackPointExtension>
    </extensions>
   </trkpt>
   <trkpt lat="28.4094490" lon="83.8239530">
    <ele>1726.2</ele>
    <time>2026-06-09T05:06:12Z</time>
    <extensions>
     <gpxtpx:TrackPointExtension>
      <gpxtpx:hr>105</gpxtpx:hr>
      <gpxtpx:cad>59</gpxtpx:cad>
     </gpxtpx:TrackPointExtension>
    </extensions>
   </trkpt>
   <trkpt lat="28.4094560" lon="83.8239490">
    <ele>1726.6</ele>
    <time>2026-06-09T05:06:14Z</time>
    <extensions>
     <gpxtpx:TrackPointExtension>
      <gpxtpx:hr>108</gpxtpx:hr>
      <gpxtpx:cad>65</gpxtpx:cad>
     </gpxtpx:TrackPointExtension>
    </extensions>
   </trkpt>
   <trkpt lat="28.4094730" lon="83.8239350">
    <ele>1727.0</ele>
    <time>2026-06-09T05:06:16Z</time>
    <extensions>
     <gpxtpx:TrackPointExtension>
      <gpxtpx:hr>109</gpxtpx:hr>
      <gpxtpx:cad>65</gpxtpx:cad>
     </gpxtpx:TrackPointExtension>
    </extensions>
   </trkpt>
   <trkpt lat="28.4094780" lon="83.8239310">
    <ele>1727.2</ele>
    <time>2026-06-09T05:06:17Z</time>
    <extensions>
     <gpxtpx:TrackPointExtension>
      <gpxtpx:hr>110</gpxtpx:hr>
      <gpxtpx:cad>65</gpxtpx:cad>
     </gpxtpx:TrackPointExtension>
    </extensions>
   </trkpt>
   <trkpt lat="28.4094920" lon="83.8239200">
    <ele>1727.2</ele>
    <time>2026-06-09T05:06:20Z</time>
    <extensions>
     <gpxtpx:TrackPointExtension>
      <gpxtpx:hr>113</gpxtpx:hr>
      <gpxtpx:cad>0</gpxtpx:cad>
     </gpxtpx:TrackPointExtension>
    </extensions>
   </trkpt>
   <trkpt lat="28.4095040" lon="83.8239090">
    <ele>1727.2</ele>
    <time>2026-06-09T05:06:22Z</time>
    <extensions>
     <gpxtpx:TrackPointExtension>
      <gpxtpx:hr>116</gpxtpx:hr>
      <gpxtpx:cad>47</gpxtpx:cad>
     </gpxtpx:TrackPointExtension>
    </extensions>
   </trkpt>
   <trkpt lat="28.4095200" lon="83.8238960">
    <ele>1727.2</ele>
    <time>2026-06-09T05:06:25Z</time>
    <extensions>
     <gpxtpx:TrackPointExtension>
      <gpxtpx:hr>119</gpxtpx:hr>
      <gpxtpx:cad>47</gpxtpx:cad>
     </gpxtpx:TrackPointExtension>
    </extensions>
   </trkpt>
   <trkpt lat="28.4095310" lon="83.8238950">
    <ele>1727.2</ele>
    <time>2026-06-09T05:06:28Z</time>
    <extensions>
     <gpxtpx:TrackPointExtension>
      <gpxtpx:hr>120</gpxtpx:hr>
      <gpxtpx:cad>52</gpxtpx:cad>
     </gpxtpx:TrackPointExtension>
    </extensions>
   </trkpt>
   <trkpt lat="28.4095610" lon="83.8238970">
    <ele>1728.4</ele>
    <time>2026-06-09T05:06:34Z</time>
    <extensions>
     <gpxtpx:TrackPointExtension>
      <gpxtpx:hr>117</gpxtpx:hr>
      <gpxtpx:cad>79</gpxtpx:cad>
     </gpxtpx:TrackPointExtension>
    </extensions>
   </trkpt>
   <trkpt lat="28.4095680" lon="83.8238960">
    <ele>1728.4</ele>
    <time>2026-06-09T05:06:35Z</time>
    <extensions>
     <gpxtpx:TrackPointExtension>
      <gpxtpx:hr>117</gpxtpx:hr>
      <gpxtpx:cad>79</gpxtpx:cad>
     </gpxtpx:TrackPointExtension>
    </extensions>
   </trkpt>
   <trkpt lat="28.4095890" lon="83.8238970">
    <ele>1729.4</ele>
    <time>2026-06-09T05:06:40Z</time>
    <extensions>
     <gpxtpx:TrackPointExtension>
      <gpxtpx:hr>118</gpxtpx:hr>
      <gpxtpx:cad>0</gpxtpx:cad>
     </gpxtpx:TrackPointExtension>
    </extensions>
   </trkpt>
   <trkpt lat="28.4096000" lon="83.8239060">
    <ele>1729.8</ele>
    <time>2026-06-09T05:06:43Z</time>
    <extensions>
     <gpxtpx:TrackPointExtension>
      <gpxtpx:hr>122</gpxtpx:hr>
      <gpxtpx:cad>0</gpxtpx:cad>
     </gpxtpx:TrackPointExtension>
    </extensions>
   </trkpt>
   <trkpt lat="28.4096210" lon="83.8239170">
    <ele>1730.6</ele>
    <time>2026-06-09T05:06:47Z</time>
    <extensions>
     <gpxtpx:TrackPointExtension>
      <gpxtpx:hr>124</gpxtpx:hr>
      <gpxtpx:cad>68</gpxtpx:cad>
     </gpxtpx:TrackPointExtension>
    </extensions>
   </trkpt>
   <trkpt lat="28.4096370" lon="83.8239240">
    <ele>1731.0</ele>
    <time>2026-06-09T05:06:49Z</time>
    <extensions>
     <gpxtpx:TrackPointExtension>
      <gpxtpx:hr>124</gpxtpx:hr>
      <gpxtpx:cad>73</gpxtpx:cad>
     </gpxtpx:TrackPointExtension>
    </extensions>
   </trkpt>
   <trkpt lat="28.4096640" lon="83.8239350">
    <ele>1731.6</ele>
    <time>2026-06-09T05:06:56Z</time>
    <extensions>
     <gpxtpx:TrackPointExtension>
      <gpxtpx:hr>124</gpxtpx:hr>
      <gpxtpx:cad>78</gpxtpx:cad>
     </gpxtpx:TrackPointExtension>
    </extensions>
   </trkpt>
   <trkpt lat="28.4096800" lon="83.8239410">
    <ele>1731.8</ele>
    <time>2026-06-09T05:07:00Z</time>
    <extensions>
     <gpxtpx:TrackPointExtension>
      <gpxtpx:hr>121</gpxtpx:hr>
      <gpxtpx:cad>77</gpxtpx:cad>
     </gpxtpx:TrackPointExtension>
    </extensions>
   </trkpt>
   <trkpt lat="28.4096910" lon="83.8239460">
    <ele>1732.4</ele>
    <time>2026-06-09T05:07:04Z</time>
    <extensions>
     <gpxtpx:TrackPointExtension>
      <gpxtpx:hr>119</gpxtpx:hr>
      <gpxtpx:cad>71</gpxtpx:cad>
     </gpxtpx:TrackPointExtension>
    </extensions>
   </trkpt>
   <trkpt lat="28.4096960" lon="83.8239480">
    <ele>1732.6</ele>
    <time>2026-06-09T05:07:05Z</time>
    <extensions>
     <gpxtpx:TrackPointExtension>
      <gpxtpx:hr>119</gpxtpx:hr>
      <gpxtpx:cad>74</gpxtpx:cad>
     </gpxtpx:TrackPointExtension>
    </extensions>
   </trkpt>
   <trkpt lat="28.4097310" lon="83.8239600">
    <ele>1733.8</ele>
    <time>2026-06-09T05:07:12Z</time>
    <extensions>
     <gpxtpx:TrackPointExtension>
      <gpxtpx:hr>120</gpxtpx:hr>
      <gpxtpx:cad>64</gpxtpx:cad>
     </gpxtpx:TrackPointExtension>
    </extensions>
   </trkpt>
   <trkpt lat="28.4097530" lon="83.8239690">
    <ele>1734.8</ele>
    <time>2026-06-09T05:07:18Z</time>
    <extensions>
     <gpxtpx:TrackPointExtension>
      <gpxtpx:hr>120</gpxtpx:hr>
      <gpxtpx:cad>72</gpxtpx:cad>
     </gpxtpx:TrackPointExtension>
    </extensions>
   </trkpt>
   <trkpt lat="28.4097740" lon="83.8239840">
    <ele>1735.8</ele>
    <time>2026-06-09T05:07:22Z</time>
    <extensions>
     <gpxtpx:TrackPointExtension>
      <gpxtpx:hr>121</gpxtpx:hr>
      <gpxtpx:cad>64</gpxtpx:cad>
     </gpxtpx:TrackPointExtension>
    </extensions>
   </trkpt>
   <trkpt lat="28.4097760" lon="83.8239860">
    <ele>1735.8</ele>
    <time>2026-06-09T05:07:23Z</time>
    <extensions>
     <gpxtpx:TrackPointExtension>
      <gpxtpx:hr>120</gpxtpx:hr>
      <gpxtpx:cad>61</gpxtpx:cad>
     </gpxtpx:TrackPointExtension>
    </extensions>
   </trkpt>
   <trkpt lat="28.4098130" lon="83.8240090">
    <ele>1736.4</ele>
    <time>2026-06-09T05:07:28Z</time>
    <extensions>
     <gpxtpx:TrackPointExtension>
      <gpxtpx:hr>121</gpxtpx:hr>
      <gpxtpx:cad>72</gpxtpx:cad>
     </gpxtpx:TrackPointExtension>
    </extensions>
   </trkpt>
   <trkpt lat="28.4098480" lon="83.8240390">
    <ele>1736.8</ele>
    <time>2026-06-09T05:07:33Z</time>
    <extensions>
     <gpxtpx:TrackPointExtension>
      <gpxtpx:hr>122</gpxtpx:hr>
      <gpxtpx:cad>51</gpxtpx:cad>
     </gpxtpx:TrackPointExtension>
    </extensions>
   </trkpt>
   <trkpt lat="28.4098570" lon="83.8240450">
    <ele>1736.8</ele>
    <time>2026-06-09T05:07:34Z</time>
    <extensions>
     <gpxtpx:TrackPointExtension>
      <gpxtpx:hr>122</gpxtpx:hr>
      <gpxtpx:cad>51</gpxtpx:cad>
     </gpxtpx:TrackPointExtension>
    </extensions>
   </trkpt>
   <trkpt lat="28.4098910" lon="83.8240950">
    <ele>1737.0</ele>
    <time>2026-06-09T05:07:42Z</time>
    <extensions>
     <gpxtpx:TrackPointExtension>
      <gpxtpx:hr>122</gpxtpx:hr>
      <gpxtpx:cad>50</gpxtpx:cad>
     </gpxtpx:TrackPointExtension>
    </extensions>
   </trkpt>
   <trkpt lat="28.4099040" lon="83.8241540">
    <ele>1737.2</ele>
    <time>2026-06-09T05:07:50Z</time>
    <extensions>
     <gpxtpx:TrackPointExtension>
      <gpxtpx:hr>122</gpxtpx:hr>
      <gpxtpx:cad>0</gpxtpx:cad>
     </gpxtpx:TrackPointExtension>
    </extensions>
   </trkpt>
   <trkpt lat="28.4099170" lon="83.8242010">
    <ele>1738.0</ele>
    <time>2026-06-09T05:07:56Z</time>
    <extensions>
     <gpxtpx:TrackPointExtension>
      <gpxtpx:hr>121</gpxtpx:hr>
      <gpxtpx:cad>42</gpxtpx:cad>
     </gpxtpx:TrackPointExtension>
    </extensions>
   </trkpt>
   <trkpt lat="28.4099280" lon="83.8242290">
    <ele>1739.0</ele>
    <time>2026-06-09T05:08:01Z</time>
    <extensions>
     <gpxtpx:TrackPointExtension>
      <gpxtpx:hr>119</gpxtpx:hr>
      <gpxtpx:cad>73</gpxtpx:cad>
     </gpxtpx:TrackPointExtension>
    </extensions>
   </trkpt>
   <trkpt lat="28.4099420" lon="83.8242290">
    <ele>1740.0</ele>
    <time>2026-06-09T05:08:06Z</time>
    <extensions>
     <gpxtpx:TrackPointExtension>
      <gpxtpx:hr>120</gpxtpx:hr>
      <gpxtpx:cad>69</gpxtpx:cad>
     </gpxtpx:TrackPointExtension>
    </extensions>
   </trkpt>
   <trkpt lat="28.4099540" lon="83.8242230">
    <ele>1741.4</ele>
    <time>2026-06-09T05:08:10Z</time>
    <extensions>
     <gpxtpx:TrackPointExtension>
      <gpxtpx:hr>122</gpxtpx:hr>
      <gpxtpx:cad>69</gpxtpx:cad>
     </gpxtpx:TrackPointExtension>
    </extensions>
   </trkpt>
   <trkpt lat="28.4099570" lon="83.8242190">
    <ele>1742.4</ele>
    <time>2026-06-09T05:08:12Z</time>
    <extensions>
     <gpxtpx:TrackPointExtension>
      <gpxtpx:hr>125</gpxtpx:hr>
      <gpxtpx:cad>0</gpxtpx:cad>
     </gpxtpx:TrackPointExtension>
    </extensions>
   </trkpt>
   <trkpt lat="28.4099590" lon="83.8242170">
    <ele>1742.8</ele>
    <time>2026-06-09T05:08:13Z</time>
    <extensions>
     <gpxtpx:TrackPointExtension>
      <gpxtpx:hr>127</gpxtpx:hr>
      <gpxtpx:cad>0</gpxtpx:cad>
     </gpxtpx:TrackPointExtension>
    </extensions>
   </trkpt>
   <trkpt lat="28.4099820" lon="83.8242270">
    <ele>1743.4</ele>
    <time>2026-06-09T05:08:17Z</time>
    <extensions>
     <gpxtpx:TrackPointExtension>
      <gpxtpx:hr>128</gpxtpx:hr>
      <gpxtpx:cad>0</gpxtpx:cad>
     </gpxtpx:TrackPointExtension>
    </extensions>
   </trkpt>
   <trkpt lat="28.4099890" lon="83.8242310">
    <ele>1742.4</ele>
    <time>2026-06-09T05:08:20Z</time>
    <extensions>
     <gpxtpx:TrackPointExtension>
      <gpxtpx:hr>124</gpxtpx:hr>
      <gpxtpx:cad>0</gpxtpx:cad>
     </gpxtpx:TrackPointExtension>
    </extensions>
   </trkpt>
   <trkpt lat="28.4099890" lon="83.8242300">
    <ele>1741.8</ele>
    <time>2026-06-09T05:08:21Z</time>
    <extensions>
     <gpxtpx:TrackPointExtension>
      <gpxtpx:hr>125</gpxtpx:hr>
      <gpxtpx:cad>0</gpxtpx:cad>
     </gpxtpx:TrackPointExtension>
    </extensions>
   </trkpt>
   <trkpt lat="28.4099910" lon="83.8242310">
    <ele>1741.4</ele>
    <time>2026-06-09T05:08:24Z</time>
    <extensions>
     <gpxtpx:TrackPointExtension>
      <gpxtpx:hr>124</gpxtpx:hr>
      <gpxtpx:cad>0</gpxtpx:cad>
     </gpxtpx:TrackPointExtension>
    </extensions>
   </trkpt>
   <trkpt lat="28.4099940" lon="83.8242320">
    <ele>1742.8</ele>
    <time>2026-06-09T05:08:26Z</time>
    <extensions>
     <gpxtpx:TrackPointExtension>
      <gpxtpx:hr>124</gpxtpx:hr>
      <gpxtpx:cad>0</gpxtpx:cad>
     </gpxtpx:TrackPointExtension>
    </extensions>
   </trkpt>
   <trkpt lat="28.4099800" lon="83.8242080">
    <ele>1742.4</ele>
    <time>2026-06-09T05:08:32Z</time>
    <extensions>
     <gpxtpx:TrackPointExtension>
      <gpxtpx:hr>123</gpxtpx:hr>
      <gpxtpx:cad>0</gpxtpx:cad>
     </gpxtpx:TrackPointExtension>
    </extensions>
   </trkpt>
   <trkpt lat="28.4099780" lon="83.8241940">
    <ele>1741.8</ele>
    <time>2026-06-09T05:08:34Z</time>
    <extensions>
     <gpxtpx:TrackPointExtension>
      <gpxtpx:hr>124</gpxtpx:hr>
      <gpxtpx:cad>0</gpxtpx:cad>
     </gpxtpx:TrackPointExtension>
    </extensions>
   </trkpt>
   <trkpt lat="28.4099860" lon="83.8241970">
    <ele>1740.8</ele>
    <time>2026-06-09T05:08:38Z</time>
    <extensions>
     <gpxtpx:TrackPointExtension>
      <gpxtpx:hr>123</gpxtpx:hr>
      <gpxtpx:cad>0</gpxtpx:cad>
     </gpxtpx:TrackPointExtension>
    </extensions>
   </trkpt>
   <trkpt lat="28.4100120" lon="83.8242220">
    <ele>1741.2</ele>
    <time>2026-06-09T05:08:43Z</time>
    <extensions>
     <gpxtpx:TrackPointExtension>
      <gpxtpx:hr>122</gpxtpx:hr>
      <gpxtpx:cad>0</gpxtpx:cad>
     </gpxtpx:TrackPointExtension>
    </extensions>
   </trkpt>
   <trkpt lat="28.4100150" lon="83.8242270">
    <ele>1742.4</ele>
    <time>2026-06-09T05:08:47Z</time>
    <extensions>
     <gpxtpx:TrackPointExtension>
      <gpxtpx:hr>119</gpxtpx:hr>
      <gpxtpx:cad>0</gpxtpx:cad>
     </gpxtpx:TrackPointExtension>
    </extensions>
   </trkpt>
   <trkpt lat="28.4100110" lon="83.8242240">
    <ele>1743.0</ele>
    <time>2026-06-09T05:08:49Z</time>
    <extensions>
     <gpxtpx:TrackPointExtension>
      <gpxtpx:hr>119</gpxtpx:hr>
      <gpxtpx:cad>0</gpxtpx:cad>
     </gpxtpx:TrackPointExtension>
    </extensions>
   </trkpt>
   <trkpt lat="28.4100090" lon="83.8242220">
    <ele>1742.4</ele>
    <time>2026-06-09T05:08:52Z</time>
    <extensions>
     <gpxtpx:TrackPointExtension>
      <gpxtpx:hr>118</gpxtpx:hr>
      <gpxtpx:cad>0</gpxtpx:cad>
     </gpxtpx:TrackPointExtension>
    </extensions>
   </trkpt>
   <trkpt lat="28.4100100" lon="83.8242270">
    <ele>1742.6</ele>
    <time>2026-06-09T05:08:55Z</time>
    <extensions>
     <gpxtpx:TrackPointExtension>
      <gpxtpx:hr>113</gpxtpx:hr>
      <gpxtpx:cad>0</gpxtpx:cad>
     </gpxtpx:TrackPointExtension>
    </extensions>
   </trkpt>
   <trkpt lat="28.4100090" lon="83.8242290">
    <ele>1742.8</ele>
    <time>2026-06-09T05:08:56Z</time>
    <extensions>
     <gpxtpx:TrackPointExtension>
      <gpxtpx:hr>112</gpxtpx:hr>
      <gpxtpx:cad>0</gpxtpx:cad>
     </gpxtpx:TrackPointExtension>
    </extensions>
   </trkpt>
   <trkpt lat="28.4099850" lon="83.8241820">
    <ele>1751.2</ele>
    <time>2026-06-09T06:29:26Z</time>
    <extensions>
     <gpxtpx:TrackPointExtension>
      <gpxtpx:hr>82</gpxtpx:hr>
      <gpxtpx:cad>0</gpxtpx:cad>
     </gpxtpx:TrackPointExtension>
    </extensions>
   </trkpt>
   <trkpt lat="28.4099840" lon="83.8241840">
    <ele>1751.2</ele>
    <time>2026-06-09T06:29:27Z</time>
    <extensions>
     <gpxtpx:TrackPointExtension>
      <gpxtpx:hr>82</gpxtpx:hr>
      <gpxtpx:cad>0</gpxtpx:cad>
     </gpxtpx:TrackPointExtension>
    </extensions>
   </trkpt>
   <trkpt lat="28.4099820" lon="83.8241660">
    <ele>1750.6</ele>
    <time>2026-06-09T06:29:31Z</time>
    <extensions>
     <gpxtpx:TrackPointExtension>
      <gpxtpx:hr>80</gpxtpx:hr>
      <gpxtpx:cad>0</gpxtpx:cad>
     </gpxtpx:TrackPointExtension>
    </extensions>
   </trkpt>
   <trkpt lat="28.4099840" lon="83.8241560">
    <ele>1750.6</ele>
    <time>2026-06-09T06:29:38Z</time>
    <extensions>
     <gpxtpx:TrackPointExtension>
      <gpxtpx:hr>81</gpxtpx:hr>
      <gpxtpx:cad>0</gpxtpx:cad>
     </gpxtpx:TrackPointExtension>
    </extensions>
   </trkpt>
   <trkpt lat="28.4099900" lon="83.8241300">
    <ele>1751.4</ele>
    <time>2026-06-09T06:29:48Z</time>
    <extensions>
     <gpxtpx:TrackPointExtension>
      <gpxtpx:hr>83</gpxtpx:hr>
      <gpxtpx:cad>0</gpxtpx:cad>
     </gpxtpx:TrackPointExtension>
    </extensions>
   </trkpt>
   <trkpt lat="28.4099770" lon="83.8240550">
    <ele>1750.8</ele>
    <time>2026-06-09T06:29:55Z</time>
    <extensions>
     <gpxtpx:TrackPointExtension>
      <gpxtpx:hr>82</gpxtpx:hr>
      <gpxtpx:cad>0</gpxtpx:cad>
     </gpxtpx:TrackPointExtension>
    </extensions>
   </trkpt>
   <trkpt lat="28.4099650" lon="83.8240060">
    <ele>1752.0</ele>
    <time>2026-06-09T06:30:03Z</time>
    <extensions>
     <gpxtpx:TrackPointExtension>
      <gpxtpx:hr>81</gpxtpx:hr>
      <gpxtpx:cad>47</gpxtpx:cad>
     </gpxtpx:TrackPointExtension>
    </extensions>
   </trkpt>
   <trkpt lat="28.4099650" lon="83.8240030">
    <ele>1752.4</ele>
    <time>2026-06-09T06:30:04Z</time>
    <extensions>
     <gpxtpx:TrackPointExtension>
      <gpxtpx:hr>81</gpxtpx:hr>
      <gpxtpx:cad>45</gpxtpx:cad>
     </gpxtpx:TrackPointExtension>
    </extensions>
   </trkpt>
   <trkpt lat="28.4099620" lon="83.8239890">
    <ele>1753.2</ele>
    <time>2026-06-09T06:30:09Z</time>
    <extensions>
     <gpxtpx:TrackPointExtension>
      <gpxtpx:hr>82</gpxtpx:hr>
      <gpxtpx:cad>75</gpxtpx:cad>
     </gpxtpx:TrackPointExtension>
    </extensions>
   </trkpt>
   <trkpt lat="28.4099640" lon="83.8239840">
    <ele>1753.6</ele>
    <time>2026-06-09T06:30:12Z</time>
    <extensions>
     <gpxtpx:TrackPointExtension>
      <gpxtpx:hr>83</gpxtpx:hr>
      <gpxtpx:cad>66</gpxtpx:cad>
     </gpxtpx:TrackPointExtension>
    </extensions>
   </trkpt>
   <trkpt lat="28.4099720" lon="83.8239700">
    <ele>1754.4</ele>
    <time>2026-06-09T06:30:15Z</time>
    <extensions>
     <gpxtpx:TrackPointExtension>
      <gpxtpx:hr>86</gpxtpx:hr>
      <gpxtpx:cad>65</gpxtpx:cad>
     </gpxtpx:TrackPointExtension>
    </extensions>
   </trkpt>
   <trkpt lat="28.4099740" lon="83.8239650">
    <ele>1754.8</ele>
    <time>2026-06-09T06:30:16Z</time>
    <extensions>
     <gpxtpx:TrackPointExtension>
      <gpxtpx:hr>86</gpxtpx:hr>
      <gpxtpx:cad>65</gpxtpx:cad>
     </gpxtpx:TrackPointExtension>
    </extensions>
   </trkpt>
   <trkpt lat="28.4099810" lon="83.8239450">
    <ele>1755.6</ele>
    <time>2026-06-09T06:30:19Z</time>
    <extensions>
     <gpxtpx:TrackPointExtension>
      <gpxtpx:hr>93</gpxtpx:hr>
      <gpxtpx:cad>69</gpxtpx:cad>
     </gpxtpx:TrackPointExtension>
    </extensions>
   </trkpt>
   <trkpt lat="28.4099820" lon="83.8239370">
    <ele>1755.8</ele>
    <time>2026-06-09T06:30:20Z</time>
    <extensions>
     <gpxtpx:TrackPointExtension>
      <gpxtpx:hr>104</gpxtpx:hr>
      <gpxtpx:cad>70</gpxtpx:cad>
     </gpxtpx:TrackPointExtension>
    </extensions>
   </trkpt>
   <trkpt lat="28.4099850" lon="83.8239300">
    <ele>1756.0</ele>
    <time>2026-06-09T06:30:21Z</time>
    <extensions>
     <gpxtpx:TrackPointExtension>
      <gpxtpx:hr>109</gpxtpx:hr>
      <gpxtpx:cad>70</gpxtpx:cad>
     </gpxtpx:TrackPointExtension>
    </extensions>
   </trkpt>
   <trkpt lat="28.4099890" lon="83.8239140">
    <ele>1756.4</ele>
    <time>2026-06-09T06:30:24Z</time>
    <extensions>
     <gpxtpx:TrackPointExtension>
      <gpxtpx:hr>111</gpxtpx:hr>
      <gpxtpx:cad>75</gpxtpx:cad>
     </gpxtpx:TrackPointExtension>
    </extensions>
   </trkpt>
   <trkpt lat="28.4099910" lon="83.8238980">
    <ele>1756.4</ele>
    <time>2026-06-09T06:30:27Z</time>
    <extensions>
     <gpxtpx:TrackPointExtension>
      <gpxtpx:hr>107</gpxtpx:hr>
      <gpxtpx:cad>75</gpxtpx:cad>
     </gpxtpx:TrackPointExtension>
    </extensions>
   </trkpt>
   <trkpt lat="28.4099910" lon="83.8238890">
    <ele>1756.6</ele>
    <time>2026-06-09T06:30:29Z</time>
    <extensions>
     <gpxtpx:TrackPointExtension>
      <gpxtpx:hr>103</gpxtpx:hr>
      <gpxtpx:cad>77</gpxtpx:cad>
     </gpxtpx:TrackPointExtension>
    </extensions>
   </trkpt>
   <trkpt lat="28.4099950" lon="83.8238780">
    <ele>1757.0</ele>
    <time>2026-06-09T06:30:31Z</time>
    <extensions>
     <gpxtpx:TrackPointExtension>
      <gpxtpx:hr>100</gpxtpx:hr>
      <gpxtpx:cad>79</gpxtpx:cad>
     </gpxtpx:TrackPointExtension>
    </extensions>
   </trkpt>
   <trkpt lat="28.4099980" lon="83.8238580">
    <ele>1757.2</ele>
    <time>2026-06-09T06:30:34Z</time>
    <extensions>
     <gpxtpx:TrackPointExtension>
      <gpxtpx:hr>99</gpxtpx:hr>
      <gpxtpx:cad>66</gpxtpx:cad>
     </gpxtpx:TrackPointExtension>
    </extensions>
   </trkpt>
   <trkpt lat="28.4100040" lon="83.8238330">
    <ele>1757.8</ele>
    <time>2026-06-09T06:30:41Z</time>
    <extensions>
     <gpxtpx:TrackPointExtension>
      <gpxtpx:hr>96</gpxtpx:hr>
      <gpxtpx:cad>70</gpxtpx:cad>
     </gpxtpx:TrackPointExtension>
    </extensions>
   </trkpt>
   <trkpt lat="28.4100050" lon="83.8238300">
    <ele>1758.0</ele>
    <time>2026-06-09T06:30:42Z</time>
    <extensions>
     <gpxtpx:TrackPointExtension>
      <gpxtpx:hr>96</gpxtpx:hr>
      <gpxtpx:cad>70</gpxtpx:cad>
     </gpxtpx:TrackPointExtension>
    </extensions>
   </trkpt>
   <trkpt lat="28.4100070" lon="83.8238240">
    <ele>1758.0</ele>
    <time>2026-06-09T06:30:43Z</time>
    <extensions>
     <gpxtpx:TrackPointExtension>
      <gpxtpx:hr>96</gpxtpx:hr>
      <gpxtpx:cad>70</gpxtpx:cad>
     </gpxtpx:TrackPointExtension>
    </extensions>
   </trkpt>
   <trkpt lat="28.4100120" lon="83.8237940">
    <ele>1759.0</ele>
    <time>2026-06-09T06:30:48Z</time>
    <extensions>
     <gpxtpx:TrackPointExtension>
      <gpxtpx:hr>99</gpxtpx:hr>
      <gpxtpx:cad>66</gpxtpx:cad>
     </gpxtpx:TrackPointExtension>
    </extensions>
   </trkpt>
   <trkpt lat="28.4100120" lon="83.8237900">
    <ele>1759.0</ele>
    <time>2026-06-09T06:30:49Z</time>
    <extensions>
     <gpxtpx:TrackPointExtension>
      <gpxtpx:hr>100</gpxtpx:hr>
      <gpxtpx:cad>66</gpxtpx:cad>
     </gpxtpx:TrackPointExtension>
    </extensions>
   </trkpt>
   <trkpt lat="28.4100090" lon="83.8237660">
    <ele>1759.6</ele>
    <time>2026-06-09T06:30:53Z</time>
    <extensions>
     <gpxtpx:TrackPointExtension>
      <gpxtpx:hr>102</gpxtpx:hr>
      <gpxtpx:cad>0</gpxtpx:cad>
     </gpxtpx:TrackPointExtension>
    </extensions>
   </trkpt>
   <trkpt lat="28.4100150" lon="83.8237240">
    <ele>1759.8</ele>
    <time>2026-06-09T06:31:00Z</time>
    <extensions>
     <gpxtpx:TrackPointExtension>
      <gpxtpx:hr>105</gpxtpx:hr>
      <gpxtpx:cad>0</gpxtpx:cad>
     </gpxtpx:TrackPointExtension>
    </extensions>
   </trkpt>
   <trkpt lat="28.4100160" lon="83.8237210">
    <ele>1760.0</ele>
    <time>2026-06-09T06:31:01Z</time>
    <extensions>
     <gpxtpx:TrackPointExtension>
      <gpxtpx:hr>105</gpxtpx:hr>
      <gpxtpx:cad>0</gpxtpx:cad>
     </gpxtpx:TrackPointExtension>
    </extensions>
   </trkpt>
   <trkpt lat="28.4100270" lon="83.8236950">
    <ele>1760.4</ele>
    <time>2026-06-09T06:31:08Z</time>
    <extensions>
     <gpxtpx:TrackPointExtension>
      <gpxtpx:hr>107</gpxtpx:hr>
      <gpxtpx:cad>77</gpxtpx:cad>
     </gpxtpx:TrackPointExtension>
    </extensions>
   </trkpt>
   <trkpt lat="28.4100320" lon="83.8236840">
    <ele>1761.2</ele>
    <time>2026-06-09T06:31:11Z</time>
    <extensions>
     <gpxtpx:TrackPointExtension>
      <gpxtpx:hr>111</gpxtpx:hr>
      <gpxtpx:cad>68</gpxtpx:cad>
     </gpxtpx:TrackPointExtension>
    </extensions>
   </trkpt>
   <trkpt lat="28.4100360" lon="83.8236700">
    <ele>1761.6</ele>
    <time>2026-06-09T06:31:14Z</time>
    <extensions>
     <gpxtpx:TrackPointExtension>
      <gpxtpx:hr>114</gpxtpx:hr>
      <gpxtpx:cad>69</gpxtpx:cad>
     </gpxtpx:TrackPointExtension>
    </extensions>
   </trkpt>
   <trkpt lat="28.4100400" lon="83.8236630">
    <ele>1761.8</ele>
    <time>2026-06-09T06:31:16Z</time>
    <extensions>
     <gpxtpx:TrackPointExtension>
      <gpxtpx:hr>113</gpxtpx:hr>
      <gpxtpx:cad>69</gpxtpx:cad>
     </gpxtpx:TrackPointExtension>
    </extensions>
   </trkpt>
   <trkpt lat="28.4100430" lon="83.8236560">
    <ele>1762.2</ele>
    <time>2026-06-09T06:31:18Z</time>
    <extensions>
     <gpxtpx:TrackPointExtension>
      <gpxtpx:hr>110</gpxtpx:hr>
      <gpxtpx:cad>68</gpxtpx:cad>
     </gpxtpx:TrackPointExtension>
    </extensions>
   </trkpt>
   <trkpt lat="28.4100470" lon="83.8236460">
    <ele>1763.4</ele>
    <time>2026-06-09T06:31:22Z</time>
    <extensions>
     <gpxtpx:TrackPointExtension>
      <gpxtpx:hr>109</gpxtpx:hr>
      <gpxtpx:cad>0</gpxtpx:cad>
     </gpxtpx:TrackPointExtension>
    </extensions>
   </trkpt>
   <trkpt lat="28.4100470" lon="83.8236470">
    <ele>1763.8</ele>
    <time>2026-06-09T06:31:23Z</time>
    <extensions>
     <gpxtpx:TrackPointExtension>
      <gpxtpx:hr>108</gpxtpx:hr>
      <gpxtpx:cad>0</gpxtpx:cad>
     </gpxtpx:TrackPointExtension>
    </extensions>
   </trkpt>
   <trkpt lat="28.4100480" lon="83.8236460">
    <ele>1764.4</ele>
    <time>2026-06-09T06:31:26Z</time>
    <extensions>
     <gpxtpx:TrackPointExtension>
      <gpxtpx:hr>108</gpxtpx:hr>
      <gpxtpx:cad>0</gpxtpx:cad>
     </gpxtpx:TrackPointExtension>
    </extensions>
   </trkpt>
   <trkpt lat="28.4100520" lon="83.8236370">
    <ele>1764.6</ele>
    <time>2026-06-09T06:31:31Z</time>
    <extensions>
     <gpxtpx:TrackPointExtension>
      <gpxtpx:hr>112</gpxtpx:hr>
      <gpxtpx:cad>0</gpxtpx:cad>
     </gpxtpx:TrackPointExtension>
    </extensions>
   </trkpt>
   <trkpt lat="28.4100540" lon="83.8236320">
    <ele>1764.4</ele>
    <time>2026-06-09T06:31:32Z</time>
    <extensions>
     <gpxtpx:TrackPointExtension>
      <gpxtpx:hr>114</gpxtpx:hr>
      <gpxtpx:cad>0</gpxtpx:cad>
     </gpxtpx:TrackPointExtension>
    </extensions>
   </trkpt>
   <trkpt lat="28.4100580" lon="83.8235980">
    <ele>1763.8</ele>
    <time>2026-06-09T06:31:38Z</time>
    <extensions>
     <gpxtpx:TrackPointExtension>
      <gpxtpx:hr>112</gpxtpx:hr>
      <gpxtpx:cad>77</gpxtpx:cad>
     </gpxtpx:TrackPointExtension>
    </extensions>
   </trkpt>
   <trkpt lat="28.4100450" lon="83.8235550">
    <ele>1764.2</ele>
    <time>2026-06-09T06:31:44Z</time>
    <extensions>
     <gpxtpx:TrackPointExtension>
      <gpxtpx:hr>115</gpxtpx:hr>
      <gpxtpx:cad>0</gpxtpx:cad>
     </gpxtpx:TrackPointExtension>
    </extensions>
   </trkpt>
   <trkpt lat="28.4100440" lon="83.8235490">
    <ele>1764.4</ele>
    <time>2026-06-09T06:31:45Z</time>
    <extensions>
     <gpxtpx:TrackPointExtension>
      <gpxtpx:hr>116</gpxtpx:hr>
      <gpxtpx:cad>0</gpxtpx:cad>
     </gpxtpx:TrackPointExtension>
    </extensions>
   </trkpt>
   <trkpt lat="28.4100360" lon="83.8235290">
    <ele>1765.8</ele>
    <time>2026-06-09T06:31:50Z</time>
    <extensions>
     <gpxtpx:TrackPointExtension>
      <gpxtpx:hr>117</gpxtpx:hr>
      <gpxtpx:cad>64</gpxtpx:cad>
     </gpxtpx:TrackPointExtension>
    </extensions>
   </trkpt>
   <trkpt lat="28.4100330" lon="83.8235210">
    <ele>1767.0</ele>
    <time>2026-06-09T06:31:53Z</time>
    <extensions>
     <gpxtpx:TrackPointExtension>
      <gpxtpx:hr>116</gpxtpx:hr>
      <gpxtpx:cad>66</gpxtpx:cad>
     </gpxtpx:TrackPointExtension>
    </extensions>
   </trkpt>
   <trkpt lat="28.4100330" lon="83.8235170">
    <ele>1767.0</ele>
    <time>2026-06-09T06:31:54Z</time>
    <extensions>
     <gpxtpx:TrackPointExtension>
      <gpxtpx:hr>117</gpxtpx:hr>
      <gpxtpx:cad>66</gpxtpx:cad>
     </gpxtpx:TrackPointExtension>
    </extensions>
   </trkpt>
   <trkpt lat="28.4100260" lon="83.8234710">
    <ele>1767.4</ele>
    <time>2026-06-09T06:32:00Z</time>
    <extensions>
     <gpxtpx:TrackPointExtension>
      <gpxtpx:hr>114</gpxtpx:hr>
      <gpxtpx:cad>0</gpxtpx:cad>
     </gpxtpx:TrackPointExtension>
    </extensions>
   </trkpt>
   <trkpt lat="28.4100260" lon="83.8234610">
    <ele>1767.4</ele>
    <time>2026-06-09T06:32:01Z</time>
    <extensions>
     <gpxtpx:TrackPointExtension>
      <gpxtpx:hr>112</gpxtpx:hr>
      <gpxtpx:cad>0</gpxtpx:cad>
     </gpxtpx:TrackPointExtension>
    </extensions>
   </trkpt>
   <trkpt lat="28.4100410" lon="83.8234180">
    <ele>1767.0</ele>
    <time>2026-06-09T06:32:06Z</time>
    <extensions>
     <gpxtpx:TrackPointExtension>
      <gpxtpx:hr>115</gpxtpx:hr>
      <gpxtpx:cad>49</gpxtpx:cad>
     </gpxtpx:TrackPointExtension>
    </extensions>
   </trkpt>
   <trkpt lat="28.4100470" lon="83.8234040">
    <ele>1767.2</ele>
    <time>2026-06-09T06:32:08Z</time>
    <extensions>
     <gpxtpx:TrackPointExtension>
      <gpxtpx:hr>115</gpxtpx:hr>
      <gpxtpx:cad>51</gpxtpx:cad>
     </gpxtpx:TrackPointExtension>
    </extensions>
   </trkpt>
   <trkpt lat="28.4100620" lon="83.8233660">
    <ele>1767.0</ele>
    <time>2026-06-09T06:32:15Z</time>
    <extensions>
     <gpxtpx:TrackPointExtension>
      <gpxtpx:hr>116</gpxtpx:hr>
      <gpxtpx:cad>0</gpxtpx:cad>
     </gpxtpx:TrackPointExtension>
    </extensions>
   </trkpt>
   <trkpt lat="28.4100750" lon="83.8233460">
    <ele>1768.0</ele>
    <time>2026-06-09T06:32:20Z</time>
    <extensions>
     <gpxtpx:TrackPointExtension>
      <gpxtpx:hr>116</gpxtpx:hr>
      <gpxtpx:cad>59</gpxtpx:cad>
     </gpxtpx:TrackPointExtension>
    </extensions>
   </trkpt>
   <trkpt lat="28.4100860" lon="83.8233310">
    <ele>1768.6</ele>
    <time>2026-06-09T06:32:23Z</time>
    <extensions>
     <gpxtpx:TrackPointExtension>
      <gpxtpx:hr>117</gpxtpx:hr>
      <gpxtpx:cad>60</gpxtpx:cad>
     </gpxtpx:TrackPointExtension>
    </extensions>
   </trkpt>
   <trkpt lat="28.4100900" lon="83.8233260">
    <ele>1768.8</ele>
    <time>2026-06-09T06:32:24Z</time>
    <extensions>
     <gpxtpx:TrackPointExtension>
      <gpxtpx:hr>114</gpxtpx:hr>
      <gpxtpx:cad>60</gpxtpx:cad>
     </gpxtpx:TrackPointExtension>
    </extensions>
   </trkpt>
   <trkpt lat="28.4100960" lon="83.8233160">
    <ele>1769.2</ele>
    <time>2026-06-09T06:32:26Z</time>
    <extensions>
     <gpxtpx:TrackPointExtension>
      <gpxtpx:hr>112</gpxtpx:hr>
      <gpxtpx:cad>60</gpxtpx:cad>
     </gpxtpx:TrackPointExtension>
    </extensions>
   </trkpt>
   <trkpt lat="28.4101140" lon="83.8233040">
    <ele>1770.4</ele>
    <time>2026-06-09T06:32:31Z</time>
    <extensions>
     <gpxtpx:TrackPointExtension>
      <gpxtpx:hr>112</gpxtpx:hr>
      <gpxtpx:cad>61</gpxtpx:cad>
     </gpxtpx:TrackPointExtension>
    </extensions>
   </trkpt>
   <trkpt lat="28.4101300" lon="83.8232790">
    <ele>1770.6</ele>
    <time>2026-06-09T06:32:38Z</time>
    <extensions>
     <gpxtpx:TrackPointExtension>
      <gpxtpx:hr>115</gpxtpx:hr>
      <gpxtpx:cad>64</gpxtpx:cad>
     </gpxtpx:TrackPointExtension>
    </extensions>
   </trkpt>
   <trkpt lat="28.4101420" lon="83.8232480">
    <ele>1771.4</ele>
    <time>2026-06-09T06:32:44Z</time>
    <extensions>
     <gpxtpx:TrackPointExtension>
      <gpxtpx:hr>114</gpxtpx:hr>
      <gpxtpx:cad>64</gpxtpx:cad>
     </gpxtpx:TrackPointExtension>
    </extensions>
   </trkpt>
   <trkpt lat="28.4101450" lon="83.8232450">
    <ele>1771.4</ele>
    <time>2026-06-09T06:32:45Z</time>
    <extensions>
     <gpxtpx:TrackPointExtension>
      <gpxtpx:hr>115</gpxtpx:hr>
      <gpxtpx:cad>73</gpxtpx:cad>
     </gpxtpx:TrackPointExtension>
    </extensions>
   </trkpt>
   <trkpt lat="28.4101500" lon="83.8232330">
    <ele>1771.8</ele>
    <time>2026-06-09T06:32:49Z</time>
    <extensions>
     <gpxtpx:TrackPointExtension>
      <gpxtpx:hr>118</gpxtpx:hr>
      <gpxtpx:cad>73</gpxtpx:cad>
     </gpxtpx:TrackPointExtension>
    </extensions>
   </trkpt>
   <trkpt lat="28.4101580" lon="83.8232130">
    <ele>1772.4</ele>
    <time>2026-06-09T06:32:53Z</time>
    <extensions>
     <gpxtpx:TrackPointExtension>
      <gpxtpx:hr>117</gpxtpx:hr>
      <gpxtpx:cad>62</gpxtpx:cad>
     </gpxtpx:TrackPointExtension>
    </extensions>
   </trkpt>
   <trkpt lat="28.4101590" lon="83.8232090">
    <ele>1772.6</ele>
    <time>2026-06-09T06:32:54Z</time>
    <extensions>
     <gpxtpx:TrackPointExtension>
      <gpxtpx:hr>117</gpxtpx:hr>
      <gpxtpx:cad>62</gpxtpx:cad>
     </gpxtpx:TrackPointExtension>
    </extensions>
   </trkpt>
   <trkpt lat="28.4101790" lon="83.8231650">
    <ele>1773.0</ele>
    <time>2026-06-09T06:33:03Z</time>
    <extensions>
     <gpxtpx:TrackPointExtension>
      <gpxtpx:hr>117</gpxtpx:hr>
      <gpxtpx:cad>18</gpxtpx:cad>
     </gpxtpx:TrackPointExtension>
    </extensions>
   </trkpt>
   <trkpt lat="28.4101830" lon="83.8231570">
    <ele>1773.6</ele>
    <time>2026-06-09T06:33:06Z</time>
    <extensions>
     <gpxtpx:TrackPointExtension>
      <gpxtpx:hr>115</gpxtpx:hr>
      <gpxtpx:cad>57</gpxtpx:cad>
     </gpxtpx:TrackPointExtension>
    </extensions>
   </trkpt>
   <trkpt lat="28.4101940" lon="83.8231460">
    <ele>1774.0</ele>
    <time>2026-06-09T06:33:09Z</time>
    <extensions>
     <gpxtpx:TrackPointExtension>
      <gpxtpx:hr>115</gpxtpx:hr>
      <gpxtpx:cad>54</gpxtpx:cad>
     </gpxtpx:TrackPointExtension>
    </extensions>
   </trkpt>
   <trkpt lat="28.4102050" lon="83.8231400">
    <ele>1774.8</ele>
    <time>2026-06-09T06:33:12Z</time>
    <extensions>
     <gpxtpx:TrackPointExtension>
      <gpxtpx:hr>115</gpxtpx:hr>
      <gpxtpx:cad>54</gpxtpx:cad>
     </gpxtpx:TrackPointExtension>
    </extensions>
   </trkpt>
   <trkpt lat="28.4102280" lon="83.8231090">
    <ele>1776.0</ele>
    <time>2026-06-09T06:33:18Z</time>
    <extensions>
     <gpxtpx:TrackPointExtension>
      <gpxtpx:hr>113</gpxtpx:hr>
      <gpxtpx:cad>55</gpxtpx:cad>
     </gpxtpx:TrackPointExtension>
    </extensions>
   </trkpt>
   <trkpt lat="28.4102330" lon="83.8231080">
    <ele>1776.2</ele>
    <time>2026-06-09T06:33:19Z</time>
    <extensions>
     <gpxtpx:TrackPointExtension>
      <gpxtpx:hr>113</gpxtpx:hr>
      <gpxtpx:cad>55</gpxtpx:cad>
     </gpxtpx:TrackPointExtension>
    </extensions>
   </trkpt>
   <trkpt lat="28.4102490" lon="83.8230490">
    <ele>1776.6</ele>
    <time>2026-06-09T06:33:26Z</time>
    <extensions>
     <gpxtpx:TrackPointExtension>
      <gpxtpx:hr>114</gpxtpx:hr>
      <gpxtpx:cad>0</gpxtpx:cad>
     </gpxtpx:TrackPointExtension>
    </extensions>
   </trkpt>
   <trkpt lat="28.4102560" lon="83.8230260">
    <ele>1777.0</ele>
    <time>2026-06-09T06:33:33Z</time>
    <extensions>
     <gpxtpx:TrackPointExtension>
      <gpxtpx:hr>114</gpxtpx:hr>
      <gpxtpx:cad>0</gpxtpx:cad>
     </gpxtpx:TrackPointExtension>
    </extensions>
   </trkpt>
   <trkpt lat="28.4102560" lon="83.8230230">
    <ele>1777.2</ele>
    <time>2026-06-09T06:33:34Z</time>
    <extensions>
     <gpxtpx:TrackPointExtension>
      <gpxtpx:hr>114</gpxtpx:hr>
      <gpxtpx:cad>0</gpxtpx:cad>
     </gpxtpx:TrackPointExtension>
    </extensions>
   </trkpt>
   <trkpt lat="28.4102630" lon="83.8230080">
    <ele>1778.0</ele>
    <time>2026-06-09T06:33:39Z</time>
    <extensions>
     <gpxtpx:TrackPointExtension>
      <gpxtpx:hr>114</gpxtpx:hr>
      <gpxtpx:cad>0</gpxtpx:cad>
     </gpxtpx:TrackPointExtension>
    </extensions>
   </trkpt>
   <trkpt lat="28.4102690" lon="83.8229910">
    <ele>1778.8</ele>
    <time>2026-06-09T06:33:43Z</time>
    <extensions>
     <gpxtpx:TrackPointExtension>
      <gpxtpx:hr>113</gpxtpx:hr>
      <gpxtpx:cad>50</gpxtpx:cad>
     </gpxtpx:TrackPointExtension>
    </extensions>
   </trkpt>
   <trkpt lat="28.4102750" lon="83.8229770">
    <ele>1779.2</ele>
    <time>2026-06-09T06:33:46Z</time>
    <extensions>
     <gpxtpx:TrackPointExtension>
      <gpxtpx:hr>116</gpxtpx:hr>
      <gpxtpx:cad>0</gpxtpx:cad>
     </gpxtpx:TrackPointExtension>
    </extensions>
   </trkpt>
   <trkpt lat="28.4102810" lon="83.8229700">
    <ele>1779.8</ele>
    <time>2026-06-09T06:33:50Z</time>
    <extensions>
     <gpxtpx:TrackPointExtension>
      <gpxtpx:hr>115</gpxtpx:hr>
      <gpxtpx:cad>0</gpxtpx:cad>
     </gpxtpx:TrackPointExtension>
    </extensions>
   </trkpt>
   <trkpt lat="28.4102910" lon="83.8229540">
    <ele>1780.0</ele>
    <time>2026-06-09T06:33:56Z</time>
    <extensions>
     <gpxtpx:TrackPointExtension>
      <gpxtpx:hr>115</gpxtpx:hr>
      <gpxtpx:cad>0</gpxtpx:cad>
     </gpxtpx:TrackPointExtension>
    </extensions>
   </trkpt>
   <trkpt lat="28.4102980" lon="83.8229470">
    <ele>1780.4</ele>
    <time>2026-06-09T06:33:58Z</time>
    <extensions>
     <gpxtpx:TrackPointExtension>
      <gpxtpx:hr>116</gpxtpx:hr>
      <gpxtpx:cad>0</gpxtpx:cad>
     </gpxtpx:TrackPointExtension>
    </extensions>
   </trkpt>
   <trkpt lat="28.4103200" lon="83.8229140">
    <ele>1781.2</ele>
    <time>2026-06-09T06:34:05Z</time>
    <extensions>
     <gpxtpx:TrackPointExtension>
      <gpxtpx:hr>118</gpxtpx:hr>
      <gpxtpx:cad>73</gpxtpx:cad>
     </gpxtpx:TrackPointExtension>
    </extensions>
   </trkpt>
   <trkpt lat="28.4103310" lon="83.8229060">
    <ele>1781.4</ele>
    <time>2026-06-09T06:34:09Z</time>
    <extensions>
     <gpxtpx:TrackPointExtension>
      <gpxtpx:hr>118</gpxtpx:hr>
      <gpxtpx:cad>0</gpxtpx:cad>
     </gpxtpx:TrackPointExtension>
    </extensions>
   </trkpt>
   <trkpt lat="28.4103420" lon="83.8229020">
    <ele>1781.4</ele>
    <time>2026-06-09T06:34:12Z</time>
    <extensions>
     <gpxtpx:TrackPointExtension>
      <gpxtpx:hr>115</gpxtpx:hr>
      <gpxtpx:cad>72</gpxtpx:cad>
     </gpxtpx:TrackPointExtension>
    </extensions>
   </trkpt>
   <trkpt lat="28.4103510" lon="83.8228980">
    <ele>1781.6</ele>
    <time>2026-06-09T06:34:14Z</time>
    <extensions>
     <gpxtpx:TrackPointExtension>
      <gpxtpx:hr>113</gpxtpx:hr>
      <gpxtpx:cad>71</gpxtpx:cad>
     </gpxtpx:TrackPointExtension>
    </extensions>
   </trkpt>
   <trkpt lat="28.4103780" lon="83.8228810">
    <ele>1782.4</ele>
    <time>2026-06-09T06:34:19Z</time>
    <extensions>
     <gpxtpx:TrackPointExtension>
      <gpxtpx:hr>111</gpxtpx:hr>
      <gpxtpx:cad>59</gpxtpx:cad>
     </gpxtpx:TrackPointExtension>
    </extensions>
   </trkpt>
   <trkpt lat="28.4104000" lon="83.8228670">
    <ele>1782.6</ele>
    <time>2026-06-09T06:34:24Z</time>
    <extensions>
     <gpxtpx:TrackPointExtension>
      <gpxtpx:hr>110</gpxtpx:hr>
      <gpxtpx:cad>0</gpxtpx:cad>
     </gpxtpx:TrackPointExtension>
    </extensions>
   </trkpt>
   <trkpt lat="28.4104470" lon="83.8228230">
    <ele>1783.4</ele>
    <time>2026-06-09T06:34:33Z</time>
    <extensions>
     <gpxtpx:TrackPointExtension>
      <gpxtpx:hr>112</gpxtpx:hr>
      <gpxtpx:cad>61</gpxtpx:cad>
     </gpxtpx:TrackPointExtension>
    </extensions>
   </trkpt>
   <trkpt lat="28.4104520" lon="83.8228170">
    <ele>1783.6</ele>
    <time>2026-06-09T06:34:34Z</time>
    <extensions>
     <gpxtpx:TrackPointExtension>
      <gpxtpx:hr>112</gpxtpx:hr>
      <gpxtpx:cad>61</gpxtpx:cad>
     </gpxtpx:TrackPointExtension>
    </extensions>
   </trkpt>
   <trkpt lat="28.4104680" lon="83.8227950">
    <ele>1784.6</ele>
    <time>2026-06-09T06:34:44Z</time>
    <extensions>
     <gpxtpx:TrackPointExtension>
      <gpxtpx:hr>111</gpxtpx:hr>
      <gpxtpx:cad>78</gpxtpx:cad>
     </gpxtpx:TrackPointExtension>
    </extensions>
   </trkpt>
   <trkpt lat="28.4104780" lon="83.8227870">
    <ele>1784.6</ele>
    <time>2026-06-09T06:34:50Z</time>
    <extensions>
     <gpxtpx:TrackPointExtension>
      <gpxtpx:hr>108</gpxtpx:hr>
      <gpxtpx:cad>0</gpxtpx:cad>
     </gpxtpx:TrackPointExtension>
    </extensions>
   </trkpt>
   <trkpt lat="28.4105010" lon="83.8227680">
    <ele>1784.8</ele>
    <time>2026-06-09T06:34:54Z</time>
    <extensions>
     <gpxtpx:TrackPointExtension>
      <gpxtpx:hr>105</gpxtpx:hr>
      <gpxtpx:cad>0</gpxtpx:cad>
     </gpxtpx:TrackPointExtension>
    </extensions>
   </trkpt>
   <trkpt lat="28.4105180" lon="83.8227510">
    <ele>1785.8</ele>
    <time>2026-06-09T06:35:00Z</time>
    <extensions>
     <gpxtpx:TrackPointExtension>
      <gpxtpx:hr>102</gpxtpx:hr>
      <gpxtpx:cad>62</gpxtpx:cad>
     </gpxtpx:TrackPointExtension>
    </extensions>
   </trkpt>
   <trkpt lat="28.4105260" lon="83.8227440">
    <ele>1786.0</ele>
    <time>2026-06-09T06:35:02Z</time>
    <extensions>
     <gpxtpx:TrackPointExtension>
      <gpxtpx:hr>102</gpxtpx:hr>
      <gpxtpx:cad>62</gpxtpx:cad>
     </gpxtpx:TrackPointExtension>
    </extensions>
   </trkpt>
   <trkpt lat="28.4105260" lon="83.8227380">
    <ele>1786.6</ele>
    <time>2026-06-09T06:35:06Z</time>
    <extensions>
     <gpxtpx:TrackPointExtension>
      <gpxtpx:hr>105</gpxtpx:hr>
      <gpxtpx:cad>63</gpxtpx:cad>
     </gpxtpx:TrackPointExtension>
    </extensions>
   </trkpt>
   <trkpt lat="28.4105260" lon="83.8227360">
    <ele>1786.8</ele>
    <time>2026-06-09T06:35:07Z</time>
    <extensions>
     <gpxtpx:TrackPointExtension>
      <gpxtpx:hr>106</gpxtpx:hr>
      <gpxtpx:cad>63</gpxtpx:cad>
     </gpxtpx:TrackPointExtension>
    </extensions>
   </trkpt>
   <trkpt lat="28.4105280" lon="83.8227340">
    <ele>1786.8</ele>
    <time>2026-06-09T06:35:08Z</time>
    <extensions>
     <gpxtpx:TrackPointExtension>
      <gpxtpx:hr>106</gpxtpx:hr>
      <gpxtpx:cad>63</gpxtpx:cad>
     </gpxtpx:TrackPointExtension>
    </extensions>
   </trkpt>
   <trkpt lat="28.4105420" lon="83.8227120">
    <ele>1787.2</ele>
    <time>2026-06-09T06:35:14Z</time>
    <extensions>
     <gpxtpx:TrackPointExtension>
      <gpxtpx:hr>108</gpxtpx:hr>
      <gpxtpx:cad>41</gpxtpx:cad>
     </gpxtpx:TrackPointExtension>
    </extensions>
   </trkpt>
   <trkpt lat="28.4105480" lon="83.8227000">
    <ele>1787.6</ele>
    <time>2026-06-09T06:35:17Z</time>
    <extensions>
     <gpxtpx:TrackPointExtension>
      <gpxtpx:hr>111</gpxtpx:hr>
      <gpxtpx:cad>0</gpxtpx:cad>
     </gpxtpx:TrackPointExtension>
    </extensions>
   </trkpt>
   <trkpt lat="28.4105500" lon="83.8226950">
    <ele>1787.8</ele>
    <time>2026-06-09T06:35:18Z</time>
    <extensions>
     <gpxtpx:TrackPointExtension>
      <gpxtpx:hr>111</gpxtpx:hr>
      <gpxtpx:cad>0</gpxtpx:cad>
     </gpxtpx:TrackPointExtension>
    </extensions>
   </trkpt>
   <trkpt lat="28.4105710" lon="83.8226730">
    <ele>1788.6</ele>
    <time>2026-06-09T06:35:22Z</time>
    <extensions>
     <gpxtpx:TrackPointExtension>
      <gpxtpx:hr>111</gpxtpx:hr>
      <gpxtpx:cad>65</gpxtpx:cad>
     </gpxtpx:TrackPointExtension>
    </extensions>
   </trkpt>
   <trkpt lat="28.4105950" lon="83.8226430">
    <ele>1788.8</ele>
    <time>2026-06-09T06:35:28Z</time>
    <extensions>
     <gpxtpx:TrackPointExtension>
      <gpxtpx:hr>113</gpxtpx:hr>
      <gpxtpx:cad>0</gpxtpx:cad>
     </gpxtpx:TrackPointExtension>
    </extensions>
   </trkpt>
   <trkpt lat="28.4105940" lon="83.8226440">
    <ele>1789.6</ele>
    <time>2026-06-09T06:35:31Z</time>
    <extensions>
     <gpxtpx:TrackPointExtension>
      <gpxtpx:hr>113</gpxtpx:hr>
      <gpxtpx:cad>0</gpxtpx:cad>
     </gpxtpx:TrackPointExtension>
    </extensions>
   </trkpt>
   <trkpt lat="28.4105950" lon="83.8226460">
    <ele>1789.8</ele>
    <time>2026-06-09T06:35:32Z</time>
    <extensions>
     <gpxtpx:TrackPointExtension>
      <gpxtpx:hr>114</gpxtpx:hr>
      <gpxtpx:cad>75</gpxtpx:cad>
     </gpxtpx:TrackPointExtension>
    </extensions>
   </trkpt>
   <trkpt lat="28.4106080" lon="83.8226360">
    <ele>1788.6</ele>
    <time>2026-06-09T06:35:40Z</time>
    <extensions>
     <gpxtpx:TrackPointExtension>
      <gpxtpx:hr>111</gpxtpx:hr>
      <gpxtpx:cad>0</gpxtpx:cad>
     </gpxtpx:TrackPointExtension>
    </extensions>
   </trkpt>
   <trkpt lat="28.4106120" lon="83.8226330">
    <ele>1788.6</ele>
    <time>2026-06-09T06:35:41Z</time>
    <extensions>
     <gpxtpx:TrackPointExtension>
      <gpxtpx:hr>110</gpxtpx:hr>
      <gpxtpx:cad>0</gpxtpx:cad>
     </gpxtpx:TrackPointExtension>
    </extensions>
   </trkpt>
   <trkpt lat="28.4106250" lon="83.8226180">
    <ele>1789.2</ele>
    <time>2026-06-09T06:35:44Z</time>
    <extensions>
     <gpxtpx:TrackPointExtension>
      <gpxtpx:hr>107</gpxtpx:hr>
      <gpxtpx:cad>0</gpxtpx:cad>
     </gpxtpx:TrackPointExtension>
    </extensions>
   </trkpt>
   <trkpt lat="28.4106250" lon="83.8226150">
    <ele>1789.8</ele>
    <time>2026-06-09T06:35:45Z</time>
    <extensions>
     <gpxtpx:TrackPointExtension>
      <gpxtpx:hr>107</gpxtpx:hr>
      <gpxtpx:cad>0</gpxtpx:cad>
     </gpxtpx:TrackPointExtension>
    </extensions>
   </trkpt>
   <trkpt lat="28.4106350" lon="83.8226030">
    <ele>1791.2</ele>
    <time>2026-06-09T06:35:49Z</time>
    <extensions>
     <gpxtpx:TrackPointExtension>
      <gpxtpx:hr>108</gpxtpx:hr>
      <gpxtpx:cad>0</gpxtpx:cad>
     </gpxtpx:TrackPointExtension>
    </extensions>
   </trkpt>
   <trkpt lat="28.4106430" lon="83.8225910">
    <ele>1790.0</ele>
    <time>2026-06-09T06:35:52Z</time>
    <extensions>
     <gpxtpx:TrackPointExtension>
      <gpxtpx:hr>106</gpxtpx:hr>
      <gpxtpx:cad>64</gpxtpx:cad>
     </gpxtpx:TrackPointExtension>
    </extensions>
   </trkpt>
   <trkpt lat="28.4106580" lon="83.8225600">
    <ele>1791.2</ele>
    <time>2026-06-09T06:35:57Z</time>
    <extensions>
     <gpxtpx:TrackPointExtension>
      <gpxtpx:hr>106</gpxtpx:hr>
      <gpxtpx:cad>63</gpxtpx:cad>
     </gpxtpx:TrackPointExtension>
    </extensions>
   </trkpt>
   <trkpt lat="28.4106680" lon="83.8225500">
    <ele>1791.6</ele>
    <time>2026-06-09T06:35:59Z</time>
    <extensions>
     <gpxtpx:TrackPointExtension>
      <gpxtpx:hr>106</gpxtpx:hr>
      <gpxtpx:cad>68</gpxtpx:cad>
     </gpxtpx:TrackPointExtension>
    </extensions>
   </trkpt>
   <trkpt lat="28.4107070" lon="83.8225120">
    <ele>1792.0</ele>
    <time>2026-06-09T06:36:07Z</time>
    <extensions>
     <gpxtpx:TrackPointExtension>
      <gpxtpx:hr>109</gpxtpx:hr>
      <gpxtpx:cad>76</gpxtpx:cad>
     </gpxtpx:TrackPointExtension>
    </extensions>
   </trkpt>
   <trkpt lat="28.4107200" lon="83.8225020">
    <ele>1792.0</ele>
    <time>2026-06-09T06:36:09Z</time>
    <extensions>
     <gpxtpx:TrackPointExtension>
      <gpxtpx:hr>110</gpxtpx:hr>
      <gpxtpx:cad>75</gpxtpx:cad>
     </gpxtpx:TrackPointExtension>
    </extensions>
   </trkpt>
   <trkpt lat="28.4107390" lon="83.8224880">
    <ele>1792.4</ele>
    <time>2026-06-09T06:36:13Z</time>
    <extensions>
     <gpxtpx:TrackPointExtension>
      <gpxtpx:hr>110</gpxtpx:hr>
      <gpxtpx:cad>0</gpxtpx:cad>
     </gpxtpx:TrackPointExtension>
    </extensions>
   </trkpt>
   <trkpt lat="28.4107690" lon="83.8224710">
    <ele>1792.8</ele>
    <time>2026-06-09T06:36:18Z</time>
    <extensions>
     <gpxtpx:TrackPointExtension>
      <gpxtpx:hr>108</gpxtpx:hr>
      <gpxtpx:cad>69</gpxtpx:cad>
     </gpxtpx:TrackPointExtension>
    </extensions>
   </trkpt>
   <trkpt lat="28.4107910" lon="83.8224520">
    <ele>1793.2</ele>
    <time>2026-06-09T06:36:24Z</time>
    <extensions>
     <gpxtpx:TrackPointExtension>
      <gpxtpx:hr>106</gpxtpx:hr>
      <gpxtpx:cad>75</gpxtpx:cad>
     </gpxtpx:TrackPointExtension>
    </extensions>
   </trkpt>
   <trkpt lat="28.4107960" lon="83.8224440">
    <ele>1793.4</ele>
    <time>2026-06-09T06:36:27Z</time>
    <extensions>
     <gpxtpx:TrackPointExtension>
      <gpxtpx:hr>105</gpxtpx:hr>
      <gpxtpx:cad>0</gpxtpx:cad>
     </gpxtpx:TrackPointExtension>
    </extensions>
   </trkpt>
   <trkpt lat="28.4108020" lon="83.8224230">
    <ele>1794.2</ele>
    <time>2026-06-09T06:36:32Z</time>
    <extensions>
     <gpxtpx:TrackPointExtension>
      <gpxtpx:hr>106</gpxtpx:hr>
      <gpxtpx:cad>71</gpxtpx:cad>
     </gpxtpx:TrackPointExtension>
    </extensions>
   </trkpt>
   <trkpt lat="28.4108040" lon="83.8224200">
    <ele>1794.4</ele>
    <time>2026-06-09T06:36:33Z</time>
    <extensions>
     <gpxtpx:TrackPointExtension>
      <gpxtpx:hr>106</gpxtpx:hr>
      <gpxtpx:cad>71</gpxtpx:cad>
     </gpxtpx:TrackPointExtension>
    </extensions>
   </trkpt>
   <trkpt lat="28.4108080" lon="83.8224070">
    <ele>1795.6</ele>
    <time>2026-06-09T06:36:38Z</time>
    <extensions>
     <gpxtpx:TrackPointExtension>
      <gpxtpx:hr>107</gpxtpx:hr>
      <gpxtpx:cad>67</gpxtpx:cad>
     </gpxtpx:TrackPointExtension>
    </extensions>
   </trkpt>
   <trkpt lat="28.4108180" lon="83.8223980">
    <ele>1796.0</ele>
    <time>2026-06-09T06:36:41Z</time>
    <extensions>
     <gpxtpx:TrackPointExtension>
      <gpxtpx:hr>108</gpxtpx:hr>
      <gpxtpx:cad>65</gpxtpx:cad>
     </gpxtpx:TrackPointExtension>
    </extensions>
   </trkpt>
   <trkpt lat="28.4108230" lon="83.8223900">
    <ele>1796.6</ele>
    <time>2026-06-09T06:36:43Z</time>
    <extensions>
     <gpxtpx:TrackPointExtension>
      <gpxtpx:hr>108</gpxtpx:hr>
      <gpxtpx:cad>0</gpxtpx:cad>
     </gpxtpx:TrackPointExtension>
    </extensions>
   </trkpt>
   <trkpt lat="28.4108420" lon="83.8223690">
    <ele>1797.4</ele>
    <time>2026-06-09T06:36:50Z</time>
    <extensions>
     <gpxtpx:TrackPointExtension>
      <gpxtpx:hr>109</gpxtpx:hr>
      <gpxtpx:cad>66</gpxtpx:cad>
     </gpxtpx:TrackPointExtension>
    </extensions>
   </trkpt>
   <trkpt lat="28.4108480" lon="83.8223610">
    <ele>1797.8</ele>
    <time>2026-06-09T06:36:52Z</time>
    <extensions>
     <gpxtpx:TrackPointExtension>
      <gpxtpx:hr>110</gpxtpx:hr>
      <gpxtpx:cad>65</gpxtpx:cad>
     </gpxtpx:TrackPointExtension>
    </extensions>
   </trkpt>
   <trkpt lat="28.4108630" lon="83.8223550">
    <ele>1798.6</ele>
    <time>2026-06-09T06:36:57Z</time>
    <extensions>
     <gpxtpx:TrackPointExtension>
      <gpxtpx:hr>113</gpxtpx:hr>
      <gpxtpx:cad>66</gpxtpx:cad>
     </gpxtpx:TrackPointExtension>
    </extensions>
   </trkpt>
   <trkpt lat="28.4108630" lon="83.8223570">
    <ele>1798.8</ele>
    <time>2026-06-09T06:36:58Z</time>
    <extensions>
     <gpxtpx:TrackPointExtension>
      <gpxtpx:hr>114</gpxtpx:hr>
      <gpxtpx:cad>66</gpxtpx:cad>
     </gpxtpx:TrackPointExtension>
    </extensions>
   </trkpt>
   <trkpt lat="28.4108800" lon="83.8223540">
    <ele>1800.0</ele>
    <time>2026-06-09T06:37:04Z</time>
    <extensions>
     <gpxtpx:TrackPointExtension>
      <gpxtpx:hr>115</gpxtpx:hr>
      <gpxtpx:cad>61</gpxtpx:cad>
     </gpxtpx:TrackPointExtension>
    </extensions>
   </trkpt>
   <trkpt lat="28.4108890" lon="83.8223400">
    <ele>1800.4</ele>
    <time>2026-06-09T06:37:07Z</time>
    <extensions>
     <gpxtpx:TrackPointExtension>
      <gpxtpx:hr>116</gpxtpx:hr>
      <gpxtpx:cad>59</gpxtpx:cad>
     </gpxtpx:TrackPointExtension>
    </extensions>
   </trkpt>
   <trkpt lat="28.4108980" lon="83.8223270">
    <ele>1800.8</ele>
    <time>2026-06-09T06:37:11Z</time>
    <extensions>
     <gpxtpx:TrackPointExtension>
      <gpxtpx:hr>119</gpxtpx:hr>
      <gpxtpx:cad>60</gpxtpx:cad>
     </gpxtpx:TrackPointExtension>
    </extensions>
   </trkpt>
   <trkpt lat="28.4109010" lon="83.8223230">
    <ele>1801.0</ele>
    <time>2026-06-09T06:37:12Z</time>
    <extensions>
     <gpxtpx:TrackPointExtension>
      <gpxtpx:hr>120</gpxtpx:hr>
      <gpxtpx:cad>57</gpxtpx:cad>
     </gpxtpx:TrackPointExtension>
    </extensions>
   </trkpt>
   <trkpt lat="28.4109060" lon="83.8223200">
    <ele>1801.6</ele>
    <time>2026-06-09T06:37:15Z</time>
    <extensions>
     <gpxtpx:TrackPointExtension>
      <gpxtpx:hr>121</gpxtpx:hr>
      <gpxtpx:cad>57</gpxtpx:cad>
     </gpxtpx:TrackPointExtension>
    </extensions>
   </trkpt>
   <trkpt lat="28.4109150" lon="83.8223130">
    <ele>1802.2</ele>
    <time>2026-06-09T06:37:18Z</time>
    <extensions>
     <gpxtpx:TrackPointExtension>
      <gpxtpx:hr>120</gpxtpx:hr>
      <gpxtpx:cad>57</gpxtpx:cad>
     </gpxtpx:TrackPointExtension>
    </extensions>
   </trkpt>
   <trkpt lat="28.4109380" lon="83.8223060">
    <ele>1803.2</ele>
    <time>2026-06-09T06:37:24Z</time>
    <extensions>
     <gpxtpx:TrackPointExtension>
      <gpxtpx:hr>120</gpxtpx:hr>
      <gpxtpx:cad>65</gpxtpx:cad>
     </gpxtpx:TrackPointExtension>
    </extensions>
   </trkpt>
   <trkpt lat="28.4109620" lon="83.8223000">
    <ele>1804.2</ele>
    <time>2026-06-09T06:37:30Z</time>
    <extensions>
     <gpxtpx:TrackPointExtension>
      <gpxtpx:hr>120</gpxtpx:hr>
      <gpxtpx:cad>69</gpxtpx:cad>
     </gpxtpx:TrackPointExtension>
    </extensions>
   </trkpt>
   <trkpt lat="28.4109800" lon="83.8222890">
    <ele>1804.8</ele>
    <time>2026-06-09T06:37:34Z</time>
    <extensions>
     <gpxtpx:TrackPointExtension>
      <gpxtpx:hr>121</gpxtpx:hr>
      <gpxtpx:cad>0</gpxtpx:cad>
     </gpxtpx:TrackPointExtension>
    </extensions>
   </trkpt>
   <trkpt lat="28.4109850" lon="83.8222830">
    <ele>1805.2</ele>
    <time>2026-06-09T06:37:39Z</time>
    <extensions>
     <gpxtpx:TrackPointExtension>
      <gpxtpx:hr>122</gpxtpx:hr>
      <gpxtpx:cad>47</gpxtpx:cad>
     </gpxtpx:TrackPointExtension>
    </extensions>
   </trkpt>
   <trkpt lat="28.4109860" lon="83.8222820">
    <ele>1805.4</ele>
    <time>2026-06-09T06:37:40Z</time>
    <extensions>
     <gpxtpx:TrackPointExtension>
      <gpxtpx:hr>122</gpxtpx:hr>
      <gpxtpx:cad>50</gpxtpx:cad>
     </gpxtpx:TrackPointExtension>
    </extensions>
   </trkpt>
   <trkpt lat="28.4110060" lon="83.8222800">
    <ele>1806.4</ele>
    <time>2026-06-09T06:37:46Z</time>
    <extensions>
     <gpxtpx:TrackPointExtension>
      <gpxtpx:hr>122</gpxtpx:hr>
      <gpxtpx:cad>52</gpxtpx:cad>
     </gpxtpx:TrackPointExtension>
    </extensions>
   </trkpt>
   <trkpt lat="28.4110190" lon="83.8222780">
    <ele>1807.2</ele>
    <time>2026-06-09T06:37:51Z</time>
    <extensions>
     <gpxtpx:TrackPointExtension>
      <gpxtpx:hr>123</gpxtpx:hr>
      <gpxtpx:cad>58</gpxtpx:cad>
     </gpxtpx:TrackPointExtension>
    </extensions>
   </trkpt>
   <trkpt lat="28.4110250" lon="83.8222820">
    <ele>1807.8</ele>
    <time>2026-06-09T06:37:55Z</time>
    <extensions>
     <gpxtpx:TrackPointExtension>
      <gpxtpx:hr>124</gpxtpx:hr>
      <gpxtpx:cad>0</gpxtpx:cad>
     </gpxtpx:TrackPointExtension>
    </extensions>
   </trkpt>
   <trkpt lat="28.4110280" lon="83.8222840">
    <ele>1809.2</ele>
    <time>2026-06-09T06:37:57Z</time>
    <extensions>
     <gpxtpx:TrackPointExtension>
      <gpxtpx:hr>124</gpxtpx:hr>
      <gpxtpx:cad>0</gpxtpx:cad>
     </gpxtpx:TrackPointExtension>
    </extensions>
   </trkpt>
   <trkpt lat="28.4110270" lon="83.8222850">
    <ele>1810.2</ele>
    <time>2026-06-09T06:38:00Z</time>
    <extensions>
     <gpxtpx:TrackPointExtension>
      <gpxtpx:hr>123</gpxtpx:hr>
      <gpxtpx:cad>0</gpxtpx:cad>
     </gpxtpx:TrackPointExtension>
    </extensions>
   </trkpt>
   <trkpt lat="28.4110230" lon="83.8222830">
    <ele>1810.2</ele>
    <time>2026-06-09T06:38:01Z</time>
    <extensions>
     <gpxtpx:TrackPointExtension>
      <gpxtpx:hr>123</gpxtpx:hr>
      <gpxtpx:cad>0</gpxtpx:cad>
     </gpxtpx:TrackPointExtension>
    </extensions>
   </trkpt>
   <trkpt lat="28.4110210" lon="83.8222860">
    <ele>1809.0</ele>
    <time>2026-06-09T06:38:07Z</time>
    <extensions>
     <gpxtpx:TrackPointExtension>
      <gpxtpx:hr>124</gpxtpx:hr>
      <gpxtpx:cad>0</gpxtpx:cad>
     </gpxtpx:TrackPointExtension>
    </extensions>
   </trkpt>
   <trkpt lat="28.4110210" lon="83.8222850">
    <ele>1808.8</ele>
    <time>2026-06-09T06:38:09Z</time>
    <extensions>
     <gpxtpx:TrackPointExtension>
      <gpxtpx:hr>126</gpxtpx:hr>
      <gpxtpx:cad>0</gpxtpx:cad>
     </gpxtpx:TrackPointExtension>
    </extensions>
   </trkpt>
   <trkpt lat="28.4110190" lon="83.8222800">
    <ele>1810.4</ele>
    <time>2026-06-09T06:38:12Z</time>
    <extensions>
     <gpxtpx:TrackPointExtension>
      <gpxtpx:hr>126</gpxtpx:hr>
      <gpxtpx:cad>0</gpxtpx:cad>
     </gpxtpx:TrackPointExtension>
    </extensions>
   </trkpt>
   <trkpt lat="28.4110620" lon="83.8222560">
    <ele>1810.4</ele>
    <time>2026-06-09T06:38:21Z</time>
    <extensions>
     <gpxtpx:TrackPointExtension>
      <gpxtpx:hr>119</gpxtpx:hr>
      <gpxtpx:cad>0</gpxtpx:cad>
     </gpxtpx:TrackPointExtension>
    </extensions>
   </trkpt>
   <trkpt lat="28.4110620" lon="83.8222510">
    <ele>1810.4</ele>
    <time>2026-06-09T06:38:22Z</time>
    <extensions>
     <gpxtpx:TrackPointExtension>
      <gpxtpx:hr>117</gpxtpx:hr>
      <gpxtpx:cad>0</gpxtpx:cad>
     </gpxtpx:TrackPointExtension>
    </extensions>
   </trkpt>
   <trkpt lat="28.4110570" lon="83.8222400">
    <ele>1809.8</ele>
    <time>2026-06-09T06:38:25Z</time>
    <extensions>
     <gpxtpx:TrackPointExtension>
      <gpxtpx:hr>114</gpxtpx:hr>
      <gpxtpx:cad>0</gpxtpx:cad>
     </gpxtpx:TrackPointExtension>
    </extensions>
   </trkpt>
   <trkpt lat="28.4110540" lon="83.8222400">
    <ele>1809.4</ele>
    <time>2026-06-09T06:38:26Z</time>
    <extensions>
     <gpxtpx:TrackPointExtension>
      <gpxtpx:hr>114</gpxtpx:hr>
      <gpxtpx:cad>0</gpxtpx:cad>
     </gpxtpx:TrackPointExtension>
    </extensions>
   </trkpt>
   <trkpt lat="28.4110380" lon="83.8222370">
    <ele>1809.0</ele>
    <time>2026-06-09T06:38:29Z</time>
    <extensions>
     <gpxtpx:TrackPointExtension>
      <gpxtpx:hr>114</gpxtpx:hr>
      <gpxtpx:cad>0</gpxtpx:cad>
     </gpxtpx:TrackPointExtension>
    </extensions>
   </trkpt>
   <trkpt lat="28.4110140" lon="83.8222330">
    <ele>1810.4</ele>
    <time>2026-06-09T06:38:36Z</time>
    <extensions>
     <gpxtpx:TrackPointExtension>
      <gpxtpx:hr>115</gpxtpx:hr>
      <gpxtpx:cad>57</gpxtpx:cad>
     </gpxtpx:TrackPointExtension>
    </extensions>
   </trkpt>
   <trkpt lat="28.4110120" lon="83.8222310">
    <ele>1810.4</ele>
    <time>2026-06-09T06:38:37Z</time>
    <extensions>
     <gpxtpx:TrackPointExtension>
      <gpxtpx:hr>115</gpxtpx:hr>
      <gpxtpx:cad>56</gpxtpx:cad>
     </gpxtpx:TrackPointExtension>
    </extensions>
   </trkpt>
   <trkpt lat="28.4109990" lon="83.8222230">
    <ele>1810.8</ele>
    <time>2026-06-09T06:38:40Z</time>
    <extensions>
     <gpxtpx:TrackPointExtension>
      <gpxtpx:hr>111</gpxtpx:hr>
      <gpxtpx:cad>57</gpxtpx:cad>
     </gpxtpx:TrackPointExtension>
    </extensions>
   </trkpt>
   <trkpt lat="28.4109820" lon="83.8222150">
    <ele>1811.4</ele>
    <time>2026-06-09T06:38:43Z</time>
    <extensions>
     <gpxtpx:TrackPointExtension>
      <gpxtpx:hr>110</gpxtpx:hr>
      <gpxtpx:cad>0</gpxtpx:cad>
     </gpxtpx:TrackPointExtension>
    </extensions>
   </trkpt>
   <trkpt lat="28.4109740" lon="83.8222060">
    <ele>1811.8</ele>
    <time>2026-06-09T06:38:46Z</time>
    <extensions>
     <gpxtpx:TrackPointExtension>
      <gpxtpx:hr>113</gpxtpx:hr>
      <gpxtpx:cad>55</gpxtpx:cad>
     </gpxtpx:TrackPointExtension>
    </extensions>
   </trkpt>
   <trkpt lat="28.4109700" lon="83.8221960">
    <ele>1812.6</ele>
    <time>2026-06-09T06:38:50Z</time>
    <extensions>
     <gpxtpx:TrackPointExtension>
      <gpxtpx:hr>113</gpxtpx:hr>
      <gpxtpx:cad>57</gpxtpx:cad>
     </gpxtpx:TrackPointExtension>
    </extensions>
   </trkpt>
   <trkpt lat="28.4109720" lon="83.8221930">
    <ele>1813.0</ele>
    <time>2026-06-09T06:38:51Z</time>
    <extensions>
     <gpxtpx:TrackPointExtension>
      <gpxtpx:hr>112</gpxtpx:hr>
      <gpxtpx:cad>0</gpxtpx:cad>
     </gpxtpx:TrackPointExtension>
    </extensions>
   </trkpt>
   <trkpt lat="28.4109770" lon="83.8221910">
    <ele>1814.0</ele>
    <time>2026-06-09T06:38:53Z</time>
    <extensions>
     <gpxtpx:TrackPointExtension>
      <gpxtpx:hr>113</gpxtpx:hr>
      <gpxtpx:cad>0</gpxtpx:cad>
     </gpxtpx:TrackPointExtension>
    </extensions>
   </trkpt>
   <trkpt lat="28.4110040" lon="83.8221910">
    <ele>1813.8</ele>
    <time>2026-06-09T06:38:59Z</time>
    <extensions>
     <gpxtpx:TrackPointExtension>
      <gpxtpx:hr>112</gpxtpx:hr>
      <gpxtpx:cad>61</gpxtpx:cad>
     </gpxtpx:TrackPointExtension>
    </extensions>
   </trkpt>
   <trkpt lat="28.4110160" lon="83.8222020">
    <ele>1813.6</ele>
    <time>2026-06-09T06:39:05Z</time>
    <extensions>
     <gpxtpx:TrackPointExtension>
      <gpxtpx:hr>115</gpxtpx:hr>
      <gpxtpx:cad>0</gpxtpx:cad>
     </gpxtpx:TrackPointExtension>
    </extensions>
   </trkpt>
   <trkpt lat="28.4110200" lon="83.8222020">
    <ele>1813.8</ele>
    <time>2026-06-09T06:39:06Z</time>
    <extensions>
     <gpxtpx:TrackPointExtension>
      <gpxtpx:hr>115</gpxtpx:hr>
      <gpxtpx:cad>0</gpxtpx:cad>
     </gpxtpx:TrackPointExtension>
    </extensions>
   </trkpt>
   <trkpt lat="28.4110340" lon="83.8222020">
    <ele>1814.6</ele>
    <time>2026-06-09T06:39:10Z</time>
    <extensions>
     <gpxtpx:TrackPointExtension>
      <gpxtpx:hr>118</gpxtpx:hr>
      <gpxtpx:cad>0</gpxtpx:cad>
     </gpxtpx:TrackPointExtension>
    </extensions>
   </trkpt>
   <trkpt lat="28.4110370" lon="83.8221910">
    <ele>1815.0</ele>
    <time>2026-06-09T06:39:13Z</time>
    <extensions>
     <gpxtpx:TrackPointExtension>
      <gpxtpx:hr>118</gpxtpx:hr>
      <gpxtpx:cad>0</gpxtpx:cad>
     </gpxtpx:TrackPointExtension>
    </extensions>
   </trkpt>
   <trkpt lat="28.4110250" lon="83.8221760">
    <ele>1815.0</ele>
    <time>2026-06-09T06:39:17Z</time>
    <extensions>
     <gpxtpx:TrackPointExtension>
      <gpxtpx:hr>116</gpxtpx:hr>
      <gpxtpx:cad>0</gpxtpx:cad>
     </gpxtpx:TrackPointExtension>
    </extensions>
   </trkpt>
   <trkpt lat="28.4110230" lon="83.8221690">
    <ele>1815.6</ele>
    <time>2026-06-09T06:39:20Z</time>
    <extensions>
     <gpxtpx:TrackPointExtension>
      <gpxtpx:hr>120</gpxtpx:hr>
      <gpxtpx:cad>0</gpxtpx:cad>
     </gpxtpx:TrackPointExtension>
    </extensions>
   </trkpt>
   <trkpt lat="28.4110260" lon="83.8221650">
    <ele>1816.0</ele>
    <time>2026-06-09T06:39:22Z</time>
    <extensions>
     <gpxtpx:TrackPointExtension>
      <gpxtpx:hr>120</gpxtpx:hr>
      <gpxtpx:cad>57</gpxtpx:cad>
     </gpxtpx:TrackPointExtension>
    </extensions>
   </trkpt>
   <trkpt lat="28.4110290" lon="83.8221570">
    <ele>1817.2</ele>
    <time>2026-06-09T06:39:26Z</time>
    <extensions>
     <gpxtpx:TrackPointExtension>
      <gpxtpx:hr>120</gpxtpx:hr>
      <gpxtpx:cad>53</gpxtpx:cad>
     </gpxtpx:TrackPointExtension>
    </extensions>
   </trkpt>
   <trkpt lat="28.4110280" lon="83.8221500">
    <ele>1817.6</ele>
    <time>2026-06-09T06:39:29Z</time>
    <extensions>
     <gpxtpx:TrackPointExtension>
      <gpxtpx:hr>117</gpxtpx:hr>
      <gpxtpx:cad>55</gpxtpx:cad>
     </gpxtpx:TrackPointExtension>
    </extensions>
   </trkpt>
   <trkpt lat="28.4110130" lon="83.8221380">
    <ele>1818.2</ele>
    <time>2026-06-09T06:39:35Z</time>
    <extensions>
     <gpxtpx:TrackPointExtension>
      <gpxtpx:hr>115</gpxtpx:hr>
      <gpxtpx:cad>51</gpxtpx:cad>
     </gpxtpx:TrackPointExtension>
    </extensions>
   </trkpt>
   <trkpt lat="28.4110020" lon="83.8221190">
    <ele>1818.8</ele>
    <time>2026-06-09T06:39:38Z</time>
    <extensions>
     <gpxtpx:TrackPointExtension>
      <gpxtpx:hr>116</gpxtpx:hr>
      <gpxtpx:cad>50</gpxtpx:cad>
     </gpxtpx:TrackPointExtension>
    </extensions>
   </trkpt>
   <trkpt lat="28.4110010" lon="83.8221150">
    <ele>1819.2</ele>
    <time>2026-06-09T06:39:39Z</time>
    <extensions>
     <gpxtpx:TrackPointExtension>
      <gpxtpx:hr>116</gpxtpx:hr>
      <gpxtpx:cad>54</gpxtpx:cad>
     </gpxtpx:TrackPointExtension>
    </extensions>
   </trkpt>
   <trkpt lat="28.4110000" lon="83.8220890">
    <ele>1820.0</ele>
    <time>2026-06-09T06:39:45Z</time>
    <extensions>
     <gpxtpx:TrackPointExtension>
      <gpxtpx:hr>115</gpxtpx:hr>
      <gpxtpx:cad>61</gpxtpx:cad>
     </gpxtpx:TrackPointExtension>
    </extensions>
   </trkpt>
   <trkpt lat="28.4109990" lon="83.8220790">
    <ele>1820.4</ele>
    <time>2026-06-09T06:39:47Z</time>
    <extensions>
     <gpxtpx:TrackPointExtension>
      <gpxtpx:hr>116</gpxtpx:hr>
      <gpxtpx:cad>61</gpxtpx:cad>
     </gpxtpx:TrackPointExtension>
    </extensions>
   </trkpt>
   <trkpt lat="28.4109930" lon="83.8220670">
    <ele>1820.8</ele>
    <time>2026-06-09T06:39:49Z</time>
    <extensions>
     <gpxtpx:TrackPointExtension>
      <gpxtpx:hr>119</gpxtpx:hr>
      <gpxtpx:cad>0</gpxtpx:cad>
     </gpxtpx:TrackPointExtension>
    </extensions>
   </trkpt>
   <trkpt lat="28.4109880" lon="83.8220550">
    <ele>1821.4</ele>
    <time>2026-06-09T06:39:52Z</time>
    <extensions>
     <gpxtpx:TrackPointExtension>
      <gpxtpx:hr>121</gpxtpx:hr>
      <gpxtpx:cad>55</gpxtpx:cad>
     </gpxtpx:TrackPointExtension>
    </extensions>
   </trkpt>
   <trkpt lat="28.4109870" lon="83.8220490">
    <ele>1821.8</ele>
    <time>2026-06-09T06:39:54Z</time>
    <extensions>
     <gpxtpx:TrackPointExtension>
      <gpxtpx:hr>122</gpxtpx:hr>
      <gpxtpx:cad>55</gpxtpx:cad>
     </gpxtpx:TrackPointExtension>
    </extensions>
   </trkpt>
   <trkpt lat="28.4109850" lon="83.8220400">
    <ele>1822.6</ele>
    <time>2026-06-09T06:39:59Z</time>
    <extensions>
     <gpxtpx:TrackPointExtension>
      <gpxtpx:hr>122</gpxtpx:hr>
      <gpxtpx:cad>63</gpxtpx:cad>
     </gpxtpx:TrackPointExtension>
    </extensions>
   </trkpt>
   <trkpt lat="28.4109820" lon="83.8220250">
    <ele>1823.0</ele>
    <time>2026-06-09T06:40:03Z</time>
    <extensions>
     <gpxtpx:TrackPointExtension>
      <gpxtpx:hr>123</gpxtpx:hr>
      <gpxtpx:cad>63</gpxtpx:cad>
     </gpxtpx:TrackPointExtension>
    </extensions>
   </trkpt>
   <trkpt lat="28.4109840" lon="83.8220160">
    <ele>1823.8</ele>
    <time>2026-06-09T06:40:06Z</time>
    <extensions>
     <gpxtpx:TrackPointExtension>
      <gpxtpx:hr>123</gpxtpx:hr>
      <gpxtpx:cad>60</gpxtpx:cad>
     </gpxtpx:TrackPointExtension>
    </extensions>
   </trkpt>
   <trkpt lat="28.4109920" lon="83.8219570">
    <ele>1824.2</ele>
    <time>2026-06-09T06:40:13Z</time>
    <extensions>
     <gpxtpx:TrackPointExtension>
      <gpxtpx:hr>122</gpxtpx:hr>
      <gpxtpx:cad>65</gpxtpx:cad>
     </gpxtpx:TrackPointExtension>
    </extensions>
   </trkpt>
   <trkpt lat="28.4109920" lon="83.8219570">
    <ele>1824.4</ele>
    <time>2026-06-09T06:40:20Z</time>
    <extensions>
     <gpxtpx:TrackPointExtension>
      <gpxtpx:hr>122</gpxtpx:hr>
      <gpxtpx:cad>65</gpxtpx:cad>
     </gpxtpx:TrackPointExtension>
    </extensions>
   </trkpt>
   <trkpt lat="28.4109920" lon="83.8219570">
    <ele>1824.0</ele>
    <time>2026-06-09T06:40:28Z</time>
    <extensions>
     <gpxtpx:TrackPointExtension>
      <gpxtpx:hr>121</gpxtpx:hr>
      <gpxtpx:cad>44</gpxtpx:cad>
     </gpxtpx:TrackPointExtension>
    </extensions>
   </trkpt>
   <trkpt lat="28.4109920" lon="83.8219570">
    <ele>1824.2</ele>
    <time>2026-06-09T06:40:30Z</time>
    <extensions>
     <gpxtpx:TrackPointExtension>
      <gpxtpx:hr>118</gpxtpx:hr>
      <gpxtpx:cad>44</gpxtpx:cad>
     </gpxtpx:TrackPointExtension>
    </extensions>
   </trkpt>
   <trkpt lat="28.4109920" lon="83.8219570">
    <ele>1824.8</ele>
    <time>2026-06-09T06:40:37Z</time>
    <extensions>
     <gpxtpx:TrackPointExtension>
      <gpxtpx:hr>116</gpxtpx:hr>
      <gpxtpx:cad>47</gpxtpx:cad>
     </gpxtpx:TrackPointExtension>
    </extensions>
   </trkpt>
   <trkpt lat="28.4109920" lon="83.8219570">
    <ele>1825.0</ele>
    <time>2026-06-09T06:40:38Z</time>
    <extensions>
     <gpxtpx:TrackPointExtension>
      <gpxtpx:hr>116</gpxtpx:hr>
      <gpxtpx:cad>47</gpxtpx:cad>
     </gpxtpx:TrackPointExtension>
    </extensions>
   </trkpt>
   <trkpt lat="28.4109920" lon="83.8219570">
    <ele>1825.4</ele>
    <time>2026-06-09T06:40:47Z</time>
    <extensions>
     <gpxtpx:TrackPointExtension>
      <gpxtpx:hr>114</gpxtpx:hr>
      <gpxtpx:cad>0</gpxtpx:cad>
     </gpxtpx:TrackPointExtension>
    </extensions>
   </trkpt>
   <trkpt lat="28.4109920" lon="83.8219570">
    <ele>1825.8</ele>
    <time>2026-06-09T06:40:51Z</time>
    <extensions>
     <gpxtpx:TrackPointExtension>
      <gpxtpx:hr>114</gpxtpx:hr>
      <gpxtpx:cad>72</gpxtpx:cad>
     </gpxtpx:TrackPointExtension>
    </extensions>
   </trkpt>
   <trkpt lat="28.4109920" lon="83.8219570">
    <ele>1826.2</ele>
    <time>2026-06-09T06:40:54Z</time>
    <extensions>
     <gpxtpx:TrackPointExtension>
      <gpxtpx:hr>111</gpxtpx:hr>
      <gpxtpx:cad>72</gpxtpx:cad>
     </gpxtpx:TrackPointExtension>
    </extensions>
   </trkpt>
   <trkpt lat="28.4109920" lon="83.8219570">
    <ele>1826.4</ele>
    <time>2026-06-09T06:40:56Z</time>
    <extensions>
     <gpxtpx:TrackPointExtension>
      <gpxtpx:hr>110</gpxtpx:hr>
      <gpxtpx:cad>69</gpxtpx:cad>
     </gpxtpx:TrackPointExtension>
    </extensions>
   </trkpt>
   <trkpt lat="28.4109920" lon="83.8219570">
    <ele>1827.0</ele>
    <time>2026-06-09T06:41:00Z</time>
    <extensions>
     <gpxtpx:TrackPointExtension>
      <gpxtpx:hr>110</gpxtpx:hr>
      <gpxtpx:cad>67</gpxtpx:cad>
     </gpxtpx:TrackPointExtension>
    </extensions>
   </trkpt>
   <trkpt lat="28.4109920" lon="83.8219570">
    <ele>1827.4</ele>
    <time>2026-06-09T06:41:05Z</time>
    <extensions>
     <gpxtpx:TrackPointExtension>
      <gpxtpx:hr>110</gpxtpx:hr>
      <gpxtpx:cad>66</gpxtpx:cad>
     </gpxtpx:TrackPointExtension>
    </extensions>
   </trkpt>
   <trkpt lat="28.4109920" lon="83.8219570">
    <ele>1828.0</ele>
    <time>2026-06-09T06:41:09Z</time>
    <extensions>
     <gpxtpx:TrackPointExtension>
      <gpxtpx:hr>110</gpxtpx:hr>
      <gpxtpx:cad>0</gpxtpx:cad>
     </gpxtpx:TrackPointExtension>
    </extensions>
   </trkpt>
   <trkpt lat="28.4109920" lon="83.8219570">
    <ele>1828.6</ele>
    <time>2026-06-09T06:41:14Z</time>
    <extensions>
     <gpxtpx:TrackPointExtension>
      <gpxtpx:hr>111</gpxtpx:hr>
      <gpxtpx:cad>58</gpxtpx:cad>
     </gpxtpx:TrackPointExtension>
    </extensions>
   </trkpt>
   <trkpt lat="28.4109920" lon="83.8219570">
    <ele>1829.0</ele>
    <time>2026-06-09T06:41:17Z</time>
    <extensions>
     <gpxtpx:TrackPointExtension>
      <gpxtpx:hr>112</gpxtpx:hr>
      <gpxtpx:cad>61</gpxtpx:cad>
     </gpxtpx:TrackPointExtension>
    </extensions>
   </trkpt>
   <trkpt lat="28.4109920" lon="83.8219570">
    <ele>1830.0</ele>
    <time>2026-06-09T06:41:22Z</time>
    <extensions>
     <gpxtpx:TrackPointExtension>
      <gpxtpx:hr>111</gpxtpx:hr>
      <gpxtpx:cad>59</gpxtpx:cad>
     </gpxtpx:TrackPointExtension>
    </extensions>
   </trkpt>
   <trkpt lat="28.4109920" lon="83.8219570">
    <ele>1830.6</ele>
    <time>2026-06-09T06:41:26Z</time>
    <extensions>
     <gpxtpx:TrackPointExtension>
      <gpxtpx:hr>113</gpxtpx:hr>
      <gpxtpx:cad>63</gpxtpx:cad>
     </gpxtpx:TrackPointExtension>
    </extensions>
   </trkpt>
   <trkpt lat="28.4109920" lon="83.8219570">
    <ele>1831.0</ele>
    <time>2026-06-09T06:41:33Z</time>
    <extensions>
     <gpxtpx:TrackPointExtension>
      <gpxtpx:hr>115</gpxtpx:hr>
      <gpxtpx:cad>62</gpxtpx:cad>
     </gpxtpx:TrackPointExtension>
    </extensions>
   </trkpt>
   <trkpt lat="28.4109920" lon="83.8219570">
    <ele>1831.8</ele>
    <time>2026-06-09T06:41:37Z</time>
    <extensions>
     <gpxtpx:TrackPointExtension>
      <gpxtpx:hr>115</gpxtpx:hr>
      <gpxtpx:cad>55</gpxtpx:cad>
     </gpxtpx:TrackPointExtension>
    </extensions>
   </trkpt>
   <trkpt lat="28.4109920" lon="83.8219570">
    <ele>1832.2</ele>
    <time>2026-06-09T06:41:40Z</time>
    <extensions>
     <gpxtpx:TrackPointExtension>
      <gpxtpx:hr>116</gpxtpx:hr>
      <gpxtpx:cad>0</gpxtpx:cad>
     </gpxtpx:TrackPointExtension>
    </extensions>
   </trkpt>
   <trkpt lat="28.4109920" lon="83.8219570">
    <ele>1833.0</ele>
    <time>2026-06-09T06:41:46Z</time>
    <extensions>
     <gpxtpx:TrackPointExtension>
      <gpxtpx:hr>117</gpxtpx:hr>
      <gpxtpx:cad>54</gpxtpx:cad>
     </gpxtpx:TrackPointExtension>
    </extensions>
   </trkpt>
   <trkpt lat="28.4109920" lon="83.8219570">
    <ele>1833.2</ele>
    <time>2026-06-09T06:41:47Z</time>
    <extensions>
     <gpxtpx:TrackPointExtension>
      <gpxtpx:hr>117</gpxtpx:hr>
      <gpxtpx:cad>54</gpxtpx:cad>
     </gpxtpx:TrackPointExtension>
    </extensions>
   </trkpt>
   <trkpt lat="28.4109920" lon="83.8219570">
    <ele>1834.4</ele>
    <time>2026-06-09T06:41:55Z</time>
    <extensions>
     <gpxtpx:TrackPointExtension>
      <gpxtpx:hr>118</gpxtpx:hr>
      <gpxtpx:cad>61</gpxtpx:cad>
     </gpxtpx:TrackPointExtension>
    </extensions>
   </trkpt>
   <trkpt lat="28.4109920" lon="83.8219570">
    <ele>1835.6</ele>
    <time>2026-06-09T06:42:02Z</time>
    <extensions>
     <gpxtpx:TrackPointExtension>
      <gpxtpx:hr>118</gpxtpx:hr>
      <gpxtpx:cad>62</gpxtpx:cad>
     </gpxtpx:TrackPointExtension>
    </extensions>
   </trkpt>
   <trkpt lat="28.4109920" lon="83.8219570">
    <ele>1836.4</ele>
    <time>2026-06-09T06:42:06Z</time>
    <extensions>
     <gpxtpx:TrackPointExtension>
      <gpxtpx:hr>121</gpxtpx:hr>
      <gpxtpx:cad>64</gpxtpx:cad>
     </gpxtpx:TrackPointExtension>
    </extensions>
   </trkpt>
   <trkpt lat="28.4109920" lon="83.8219570">
    <ele>1836.6</ele>
    <time>2026-06-09T06:42:09Z</time>
    <extensions>
     <gpxtpx:TrackPointExtension>
      <gpxtpx:hr>121</gpxtpx:hr>
      <gpxtpx:cad>0</gpxtpx:cad>
     </gpxtpx:TrackPointExtension>
    </extensions>
   </trkpt>
   <trkpt lat="28.4109920" lon="83.8219570">
    <ele>1836.6</ele>
    <time>2026-06-09T06:42:12Z</time>
    <extensions>
     <gpxtpx:TrackPointExtension>
      <gpxtpx:hr>119</gpxtpx:hr>
      <gpxtpx:cad>0</gpxtpx:cad>
     </gpxtpx:TrackPointExtension>
    </extensions>
   </trkpt>
   <trkpt lat="28.4109920" lon="83.8219570">
    <ele>1837.8</ele>
    <time>2026-06-09T06:42:17Z</time>
    <extensions>
     <gpxtpx:TrackPointExtension>
      <gpxtpx:hr>120</gpxtpx:hr>
      <gpxtpx:cad>0</gpxtpx:cad>
     </gpxtpx:TrackPointExtension>
    </extensions>
   </trkpt>
   <trkpt lat="28.4109920" lon="83.8219570">
    <ele>1839.0</ele>
    <time>2026-06-09T06:42:20Z</time>
    <extensions>
     <gpxtpx:TrackPointExtension>
      <gpxtpx:hr>119</gpxtpx:hr>
      <gpxtpx:cad>0</gpxtpx:cad>
     </gpxtpx:TrackPointExtension>
    </extensions>
   </trkpt>
   <trkpt lat="28.4109920" lon="83.8219570">
    <ele>1839.0</ele>
    <time>2026-06-09T06:42:21Z</time>
    <extensions>
     <gpxtpx:TrackPointExtension>
      <gpxtpx:hr>120</gpxtpx:hr>
      <gpxtpx:cad>0</gpxtpx:cad>
     </gpxtpx:TrackPointExtension>
    </extensions>
   </trkpt>
   <trkpt lat="28.4109920" lon="83.8219570">
    <ele>1837.8</ele>
    <time>2026-06-09T06:42:24Z</time>
    <extensions>
     <gpxtpx:TrackPointExtension>
      <gpxtpx:hr>119</gpxtpx:hr>
      <gpxtpx:cad>0</gpxtpx:cad>
     </gpxtpx:TrackPointExtension>
    </extensions>
   </trkpt>
   <trkpt lat="28.4109920" lon="83.8219570">
    <ele>1838.0</ele>
    <time>2026-06-09T06:42:28Z</time>
    <extensions>
     <gpxtpx:TrackPointExtension>
      <gpxtpx:hr>119</gpxtpx:hr>
      <gpxtpx:cad>0</gpxtpx:cad>
     </gpxtpx:TrackPointExtension>
    </extensions>
   </trkpt>
   <trkpt lat="28.4109920" lon="83.8219570">
    <ele>1838.8</ele>
    <time>2026-06-09T06:42:29Z</time>
    <extensions>
     <gpxtpx:TrackPointExtension>
      <gpxtpx:hr>120</gpxtpx:hr>
      <gpxtpx:cad>0</gpxtpx:cad>
     </gpxtpx:TrackPointExtension>
    </extensions>
   </trkpt>
   <trkpt lat="28.4109920" lon="83.8219570">
    <ele>1838.4</ele>
    <time>2026-06-09T06:42:34Z</time>
    <extensions>
     <gpxtpx:TrackPointExtension>
      <gpxtpx:hr>117</gpxtpx:hr>
      <gpxtpx:cad>0</gpxtpx:cad>
     </gpxtpx:TrackPointExtension>
    </extensions>
   </trkpt>
   <trkpt lat="28.4109920" lon="83.8219570">
    <ele>1837.6</ele>
    <time>2026-06-09T06:42:36Z</time>
    <extensions>
     <gpxtpx:TrackPointExtension>
      <gpxtpx:hr>115</gpxtpx:hr>
      <gpxtpx:cad>0</gpxtpx:cad>
     </gpxtpx:TrackPointExtension>
    </extensions>
   </trkpt>
   <trkpt lat="28.4109920" lon="83.8219570">
    <ele>1837.4</ele>
    <time>2026-06-09T06:42:37Z</time>
    <extensions>
     <gpxtpx:TrackPointExtension>
      <gpxtpx:hr>115</gpxtpx:hr>
      <gpxtpx:cad>0</gpxtpx:cad>
     </gpxtpx:TrackPointExtension>
    </extensions>
   </trkpt>
   <trkpt lat="28.4109920" lon="83.8219570">
    <ele>1837.2</ele>
    <time>2026-06-09T06:42:40Z</time>
    <extensions>
     <gpxtpx:TrackPointExtension>
      <gpxtpx:hr>112</gpxtpx:hr>
      <gpxtpx:cad>0</gpxtpx:cad>
     </gpxtpx:TrackPointExtension>
    </extensions>
   </trkpt>
   <trkpt lat="28.4109920" lon="83.8219570">
    <ele>1837.4</ele>
    <time>2026-06-09T06:42:42Z</time>
    <extensions>
     <gpxtpx:TrackPointExtension>
      <gpxtpx:hr>109</gpxtpx:hr>
      <gpxtpx:cad>0</gpxtpx:cad>
     </gpxtpx:TrackPointExtension>
    </extensions>
   </trkpt>
   <trkpt lat="28.4109920" lon="83.8219570">
    <ele>1837.4</ele>
    <time>2026-06-09T06:42:43Z</time>
    <extensions>
     <gpxtpx:TrackPointExtension>
      <gpxtpx:hr>105</gpxtpx:hr>
      <gpxtpx:cad>0</gpxtpx:cad>
     </gpxtpx:TrackPointExtension>
    </extensions>
   </trkpt>
   <trkpt lat="28.4109920" lon="83.8219570">
    <ele>1837.4</ele>
    <time>2026-06-09T06:42:47Z</time>
    <extensions>
     <gpxtpx:TrackPointExtension>
      <gpxtpx:hr>103</gpxtpx:hr>
      <gpxtpx:cad>0</gpxtpx:cad>
     </gpxtpx:TrackPointExtension>
    </extensions>
   </trkpt>
   <trkpt lat="28.4109920" lon="83.8219570">
    <ele>1838.6</ele>
    <time>2026-06-09T06:42:58Z</time>
    <extensions>
     <gpxtpx:TrackPointExtension>
      <gpxtpx:hr>101</gpxtpx:hr>
      <gpxtpx:cad>0</gpxtpx:cad>
     </gpxtpx:TrackPointExtension>
    </extensions>
   </trkpt>
   <trkpt lat="28.4109920" lon="83.8219570">
    <ele>1838.6</ele>
    <time>2026-06-09T06:43:06Z</time>
    <extensions>
     <gpxtpx:TrackPointExtension>
      <gpxtpx:hr>103</gpxtpx:hr>
      <gpxtpx:cad>0</gpxtpx:cad>
     </gpxtpx:TrackPointExtension>
    </extensions>
   </trkpt>
   <trkpt lat="28.4109920" lon="83.8219570">
    <ele>1838.6</ele>
    <time>2026-06-09T06:43:13Z</time>
    <extensions>
     <gpxtpx:TrackPointExtension>
      <gpxtpx:hr>100</gpxtpx:hr>
      <gpxtpx:cad>0</gpxtpx:cad>
     </gpxtpx:TrackPointExtension>
    </extensions>
   </trkpt>
   <trkpt lat="28.4109920" lon="83.8219570">
    <ele>1838.8</ele>
    <time>2026-06-09T06:43:15Z</time>
    <extensions>
     <gpxtpx:TrackPointExtension>
      <gpxtpx:hr>97</gpxtpx:hr>
      <gpxtpx:cad>0</gpxtpx:cad>
     </gpxtpx:TrackPointExtension>
    </extensions>
   </trkpt>
   <trkpt lat="28.4109920" lon="83.8219570">
    <ele>1838.8</ele>
    <time>2026-06-09T06:43:18Z</time>
    <extensions>
     <gpxtpx:TrackPointExtension>
      <gpxtpx:hr>92</gpxtpx:hr>
      <gpxtpx:cad>0</gpxtpx:cad>
     </gpxtpx:TrackPointExtension>
    </extensions>
   </trkpt>
   <trkpt lat="28.4109920" lon="83.8219570">
    <ele>1838.8</ele>
    <time>2026-06-09T06:43:21Z</time>
    <extensions>
     <gpxtpx:TrackPointExtension>
      <gpxtpx:hr>89</gpxtpx:hr>
      <gpxtpx:cad>0</gpxtpx:cad>
     </gpxtpx:TrackPointExtension>
    </extensions>
   </trkpt>
   <trkpt lat="28.4109920" lon="83.8219570">
    <ele>1839.8</ele>
    <time>2026-06-09T06:43:28Z</time>
    <extensions>
     <gpxtpx:TrackPointExtension>
      <gpxtpx:hr>90</gpxtpx:hr>
      <gpxtpx:cad>0</gpxtpx:cad>
     </gpxtpx:TrackPointExtension>
    </extensions>
   </trkpt>
   <trkpt lat="28.4109920" lon="83.8219570">
    <ele>1840.8</ele>
    <time>2026-06-09T06:43:35Z</time>
    <extensions>
     <gpxtpx:TrackPointExtension>
      <gpxtpx:hr>92</gpxtpx:hr>
      <gpxtpx:cad>68</gpxtpx:cad>
     </gpxtpx:TrackPointExtension>
    </extensions>
   </trkpt>
   <trkpt lat="28.4109920" lon="83.8219570">
    <ele>1841.2</ele>
    <time>2026-06-09T06:43:37Z</time>
    <extensions>
     <gpxtpx:TrackPointExtension>
      <gpxtpx:hr>95</gpxtpx:hr>
      <gpxtpx:cad>64</gpxtpx:cad>
     </gpxtpx:TrackPointExtension>
    </extensions>
   </trkpt>
   <trkpt lat="28.4109920" lon="83.8219570">
    <ele>1841.8</ele>
    <time>2026-06-09T06:43:39Z</time>
    <extensions>
     <gpxtpx:TrackPointExtension>
      <gpxtpx:hr>97</gpxtpx:hr>
      <gpxtpx:cad>63</gpxtpx:cad>
     </gpxtpx:TrackPointExtension>
    </extensions>
   </trkpt>
   <trkpt lat="28.4109920" lon="83.8219570">
    <ele>1842.6</ele>
    <time>2026-06-09T06:43:44Z</time>
    <extensions>
     <gpxtpx:TrackPointExtension>
      <gpxtpx:hr>101</gpxtpx:hr>
      <gpxtpx:cad>58</gpxtpx:cad>
     </gpxtpx:TrackPointExtension>
    </extensions>
   </trkpt>
   <trkpt lat="28.4109920" lon="83.8219570">
    <ele>1842.8</ele>
    <time>2026-06-09T06:43:45Z</time>
    <extensions>
     <gpxtpx:TrackPointExtension>
      <gpxtpx:hr>104</gpxtpx:hr>
      <gpxtpx:cad>58</gpxtpx:cad>
     </gpxtpx:TrackPointExtension>
    </extensions>
   </trkpt>
   <trkpt lat="28.4109920" lon="83.8219570">
    <ele>1843.0</ele>
    <time>2026-06-09T06:43:46Z</time>
    <extensions>
     <gpxtpx:TrackPointExtension>
      <gpxtpx:hr>105</gpxtpx:hr>
      <gpxtpx:cad>57</gpxtpx:cad>
     </gpxtpx:TrackPointExtension>
    </extensions>
   </trkpt>
   <trkpt lat="28.4109920" lon="83.8219570">
    <ele>1843.6</ele>
    <time>2026-06-09T06:43:49Z</time>
    <extensions>
     <gpxtpx:TrackPointExtension>
      <gpxtpx:hr>108</gpxtpx:hr>
      <gpxtpx:cad>60</gpxtpx:cad>
     </gpxtpx:TrackPointExtension>
    </extensions>
   </trkpt>
   <trkpt lat="28.4109920" lon="83.8219570">
    <ele>1844.0</ele>
    <time>2026-06-09T06:43:51Z</time>
    <extensions>
     <gpxtpx:TrackPointExtension>
      <gpxtpx:hr>111</gpxtpx:hr>
      <gpxtpx:cad>60</gpxtpx:cad>
     </gpxtpx:TrackPointExtension>
    </extensions>
   </trkpt>
   <trkpt lat="28.4109920" lon="83.8219570">
    <ele>1845.0</ele>
    <time>2026-06-09T06:43:56Z</time>
    <extensions>
     <gpxtpx:TrackPointExtension>
      <gpxtpx:hr>113</gpxtpx:hr>
      <gpxtpx:cad>58</gpxtpx:cad>
     </gpxtpx:TrackPointExtension>
    </extensions>
   </trkpt>
   <trkpt lat="28.4109920" lon="83.8219570">
    <ele>1846.2</ele>
    <time>2026-06-09T06:44:01Z</time>
    <extensions>
     <gpxtpx:TrackPointExtension>
      <gpxtpx:hr>115</gpxtpx:hr>
      <gpxtpx:cad>62</gpxtpx:cad>
     </gpxtpx:TrackPointExtension>
    </extensions>
   </trkpt>
   <trkpt lat="28.4109920" lon="83.8219570">
    <ele>1847.4</ele>
    <time>2026-06-09T06:44:06Z</time>
    <extensions>
     <gpxtpx:TrackPointExtension>
      <gpxtpx:hr>116</gpxtpx:hr>
      <gpxtpx:cad>60</gpxtpx:cad>
     </gpxtpx:TrackPointExtension>
    </extensions>
   </trkpt>
   <trkpt lat="28.4109920" lon="83.8219570">
    <ele>1847.8</ele>
    <time>2026-06-09T06:44:07Z</time>
    <extensions>
     <gpxtpx:TrackPointExtension>
      <gpxtpx:hr>116</gpxtpx:hr>
      <gpxtpx:cad>60</gpxtpx:cad>
     </gpxtpx:TrackPointExtension>
    </extensions>
   </trkpt>
   <trkpt lat="28.4109920" lon="83.8219570">
    <ele>1848.6</ele>
    <time>2026-06-09T06:44:12Z</time>
    <extensions>
     <gpxtpx:TrackPointExtension>
      <gpxtpx:hr>115</gpxtpx:hr>
      <gpxtpx:cad>60</gpxtpx:cad>
     </gpxtpx:TrackPointExtension>
    </extensions>
   </trkpt>
   <trkpt lat="28.4109920" lon="83.8219570">
    <ele>1849.0</ele>
    <time>2026-06-09T06:44:15Z</time>
    <extensions>
     <gpxtpx:TrackPointExtension>
      <gpxtpx:hr>118</gpxtpx:hr>
      <gpxtpx:cad>68</gpxtpx:cad>
     </gpxtpx:TrackPointExtension>
    </extensions>
   </trkpt>
   <trkpt lat="28.4109920" lon="83.8219570">
    <ele>1849.0</ele>
    <time>2026-06-09T06:44:16Z</time>
    <extensions>
     <gpxtpx:TrackPointExtension>
      <gpxtpx:hr>122</gpxtpx:hr>
      <gpxtpx:cad>68</gpxtpx:cad>
     </gpxtpx:TrackPointExtension>
    </extensions>
   </trkpt>
   <trkpt lat="28.4109920" lon="83.8219570">
    <ele>1849.2</ele>
    <time>2026-06-09T06:44:17Z</time>
    <extensions>
     <gpxtpx:TrackPointExtension>
      <gpxtpx:hr>123</gpxtpx:hr>
      <gpxtpx:cad>68</gpxtpx:cad>
     </gpxtpx:TrackPointExtension>
    </extensions>
   </trkpt>
   <trkpt lat="28.4109920" lon="83.8219570">
    <ele>1849.6</ele>
    <time>2026-06-09T06:44:19Z</time>
    <extensions>
     <gpxtpx:TrackPointExtension>
      <gpxtpx:hr>122</gpxtpx:hr>
      <gpxtpx:cad>64</gpxtpx:cad>
     </gpxtpx:TrackPointExtension>
    </extensions>
   </trkpt>
   <trkpt lat="28.4109920" lon="83.8219570">
    <ele>1850.6</ele>
    <time>2026-06-09T06:44:25Z</time>
    <extensions>
     <gpxtpx:TrackPointExtension>
      <gpxtpx:hr>122</gpxtpx:hr>
      <gpxtpx:cad>63</gpxtpx:cad>
     </gpxtpx:TrackPointExtension>
    </extensions>
   </trkpt>
   <trkpt lat="28.4109920" lon="83.8219570">
    <ele>1850.8</ele>
    <time>2026-06-09T06:44:26Z</time>
    <extensions>
     <gpxtpx:TrackPointExtension>
      <gpxtpx:hr>122</gpxtpx:hr>
      <gpxtpx:cad>62</gpxtpx:cad>
     </gpxtpx:TrackPointExtension>
    </extensions>
   </trkpt>
   <trkpt lat="28.4109920" lon="83.8219570">
    <ele>1851.6</ele>
    <time>2026-06-09T06:44:32Z</time>
    <extensions>
     <gpxtpx:TrackPointExtension>
      <gpxtpx:hr>125</gpxtpx:hr>
      <gpxtpx:cad>59</gpxtpx:cad>
     </gpxtpx:TrackPointExtension>
    </extensions>
   </trkpt>
   <trkpt lat="28.4109920" lon="83.8219570">
    <ele>1851.8</ele>
    <time>2026-06-09T06:44:33Z</time>
    <extensions>
     <gpxtpx:TrackPointExtension>
      <gpxtpx:hr>125</gpxtpx:hr>
      <gpxtpx:cad>59</gpxtpx:cad>
     </gpxtpx:TrackPointExtension>
    </extensions>
   </trkpt>
   <trkpt lat="28.4109920" lon="83.8219570">
    <ele>1852.6</ele>
    <time>2026-06-09T06:44:38Z</time>
    <extensions>
     <gpxtpx:TrackPointExtension>
      <gpxtpx:hr>125</gpxtpx:hr>
      <gpxtpx:cad>58</gpxtpx:cad>
     </gpxtpx:TrackPointExtension>
    </extensions>
   </trkpt>
   <trkpt lat="28.4109920" lon="83.8219570">
    <ele>1853.0</ele>
    <time>2026-06-09T06:44:40Z</time>
    <extensions>
     <gpxtpx:TrackPointExtension>
      <gpxtpx:hr>125</gpxtpx:hr>
      <gpxtpx:cad>58</gpxtpx:cad>
     </gpxtpx:TrackPointExtension>
    </extensions>
   </trkpt>
   <trkpt lat="28.4109920" lon="83.8219570">
    <ele>1853.6</ele>
    <time>2026-06-09T06:44:46Z</time>
    <extensions>
     <gpxtpx:TrackPointExtension>
      <gpxtpx:hr>125</gpxtpx:hr>
      <gpxtpx:cad>52</gpxtpx:cad>
     </gpxtpx:TrackPointExtension>
    </extensions>
   </trkpt>
   <trkpt lat="28.4109920" lon="83.8219570">
    <ele>1854.2</ele>
    <time>2026-06-09T06:44:49Z</time>
    <extensions>
     <gpxtpx:TrackPointExtension>
      <gpxtpx:hr>124</gpxtpx:hr>
      <gpxtpx:cad>41</gpxtpx:cad>
     </gpxtpx:TrackPointExtension>
    </extensions>
   </trkpt>
   <trkpt lat="28.4109920" lon="83.8219570">
    <ele>1854.8</ele>
    <time>2026-06-09T06:44:52Z</time>
    <extensions>
     <gpxtpx:TrackPointExtension>
      <gpxtpx:hr>124</gpxtpx:hr>
      <gpxtpx:cad>65</gpxtpx:cad>
     </gpxtpx:TrackPointExtension>
    </extensions>
   </trkpt>
   <trkpt lat="28.4109920" lon="83.8219570">
    <ele>1855.6</ele>
    <time>2026-06-09T06:44:56Z</time>
    <extensions>
     <gpxtpx:TrackPointExtension>
      <gpxtpx:hr>127</gpxtpx:hr>
      <gpxtpx:cad>66</gpxtpx:cad>
     </gpxtpx:TrackPointExtension>
    </extensions>
   </trkpt>
   <trkpt lat="28.4109920" lon="83.8219570">
    <ele>1855.8</ele>
    <time>2026-06-09T06:44:57Z</time>
    <extensions>
     <gpxtpx:TrackPointExtension>
      <gpxtpx:hr>128</gpxtpx:hr>
      <gpxtpx:cad>66</gpxtpx:cad>
     </gpxtpx:TrackPointExtension>
    </extensions>
   </trkpt>
   <trkpt lat="28.4109920" lon="83.8219570">
    <ele>1856.4</ele>
    <time>2026-06-09T06:45:00Z</time>
    <extensions>
     <gpxtpx:TrackPointExtension>
      <gpxtpx:hr>131</gpxtpx:hr>
      <gpxtpx:cad>64</gpxtpx:cad>
     </gpxtpx:TrackPointExtension>
    </extensions>
   </trkpt>
   <trkpt lat="28.4109920" lon="83.8219570">
    <ele>1857.0</ele>
    <time>2026-06-09T06:45:07Z</time>
    <extensions>
     <gpxtpx:TrackPointExtension>
      <gpxtpx:hr>132</gpxtpx:hr>
      <gpxtpx:cad>65</gpxtpx:cad>
     </gpxtpx:TrackPointExtension>
    </extensions>
   </trkpt>
   <trkpt lat="28.4109920" lon="83.8219570">
    <ele>1858.2</ele>
    <time>2026-06-09T06:45:14Z</time>
    <extensions>
     <gpxtpx:TrackPointExtension>
      <gpxtpx:hr>130</gpxtpx:hr>
      <gpxtpx:cad>61</gpxtpx:cad>
     </gpxtpx:TrackPointExtension>
    </extensions>
   </trkpt>
   <trkpt lat="28.4109920" lon="83.8219570">
    <ele>1859.4</ele>
    <time>2026-06-09T06:45:21Z</time>
    <extensions>
     <gpxtpx:TrackPointExtension>
      <gpxtpx:hr>130</gpxtpx:hr>
      <gpxtpx:cad>64</gpxtpx:cad>
     </gpxtpx:TrackPointExtension>
    </extensions>
   </trkpt>
   <trkpt lat="28.4109920" lon="83.8219570">
    <ele>1860.2</ele>
    <time>2026-06-09T06:45:28Z</time>
    <extensions>
     <gpxtpx:TrackPointExtension>
      <gpxtpx:hr>127</gpxtpx:hr>
      <gpxtpx:cad>0</gpxtpx:cad>
     </gpxtpx:TrackPointExtension>
    </extensions>
   </trkpt>
   <trkpt lat="28.4109920" lon="83.8219570">
    <ele>1860.4</ele>
    <time>2026-06-09T06:45:29Z</time>
    <extensions>
     <gpxtpx:TrackPointExtension>
      <gpxtpx:hr>127</gpxtpx:hr>
      <gpxtpx:cad>66</gpxtpx:cad>
     </gpxtpx:TrackPointExtension>
    </extensions>
   </trkpt>
   <trkpt lat="28.4109920" lon="83.8219570">
    <ele>1861.6</ele>
    <time>2026-06-09T06:45:35Z</time>
    <extensions>
     <gpxtpx:TrackPointExtension>
      <gpxtpx:hr>127</gpxtpx:hr>
      <gpxtpx:cad>64</gpxtpx:cad>
     </gpxtpx:TrackPointExtension>
    </extensions>
   </trkpt>
   <trkpt lat="28.4109920" lon="83.8219570">
    <ele>1862.6</ele>
    <time>2026-06-09T06:45:41Z</time>
    <extensions>
     <gpxtpx:TrackPointExtension>
      <gpxtpx:hr>128</gpxtpx:hr>
      <gpxtpx:cad>64</gpxtpx:cad>
     </gpxtpx:TrackPointExtension>
    </extensions>
   </trkpt>
   <trkpt lat="28.4109920" lon="83.8219570">
    <ele>1864.0</ele>
    <time>2026-06-09T06:45:47Z</time>
    <extensions>
     <gpxtpx:TrackPointExtension>
      <gpxtpx:hr>128</gpxtpx:hr>
      <gpxtpx:cad>57</gpxtpx:cad>
     </gpxtpx:TrackPointExtension>
    </extensions>
   </trkpt>
   <trkpt lat="28.4109920" lon="83.8219570">
    <ele>1865.0</ele>
    <time>2026-06-09T06:45:54Z</time>
    <extensions>
     <gpxtpx:TrackPointExtension>
      <gpxtpx:hr>128</gpxtpx:hr>
      <gpxtpx:cad>53</gpxtpx:cad>
     </gpxtpx:TrackPointExtension>
    </extensions>
   </trkpt>
   <trkpt lat="28.4109920" lon="83.8219570">
    <ele>1866.2</ele>
    <time>2026-06-09T06:46:01Z</time>
    <extensions>
     <gpxtpx:TrackPointExtension>
      <gpxtpx:hr>127</gpxtpx:hr>
      <gpxtpx:cad>58</gpxtpx:cad>
     </gpxtpx:TrackPointExtension>
    </extensions>
   </trkpt>
   <trkpt lat="28.4109920" lon="83.8219570">
    <ele>1867.2</ele>
    <time>2026-06-09T06:46:08Z</time>
    <extensions>
     <gpxtpx:TrackPointExtension>
      <gpxtpx:hr>126</gpxtpx:hr>
      <gpxtpx:cad>61</gpxtpx:cad>
     </gpxtpx:TrackPointExtension>
    </extensions>
   </trkpt>
   <trkpt lat="28.4112360" lon="83.8213550">
    <ele>1868.2</ele>
    <time>2026-06-09T06:46:14Z</time>
    <extensions>
     <gpxtpx:TrackPointExtension>
      <gpxtpx:hr>126</gpxtpx:hr>
      <gpxtpx:cad>64</gpxtpx:cad>
     </gpxtpx:TrackPointExtension>
    </extensions>
   </trkpt>
   <trkpt lat="28.4112400" lon="83.8213500">
    <ele>1868.6</ele>
    <time>2026-06-09T06:46:16Z</time>
    <extensions>
     <gpxtpx:TrackPointExtension>
      <gpxtpx:hr>126</gpxtpx:hr>
      <gpxtpx:cad>64</gpxtpx:cad>
     </gpxtpx:TrackPointExtension>
    </extensions>
   </trkpt>
   <trkpt lat="28.4112320" lon="83.8213830">
    <ele>1869.8</ele>
    <time>2026-06-09T06:46:19Z</time>
    <extensions>
     <gpxtpx:TrackPointExtension>
      <gpxtpx:hr>126</gpxtpx:hr>
      <gpxtpx:cad>61</gpxtpx:cad>
     </gpxtpx:TrackPointExtension>
    </extensions>
   </trkpt>
   <trkpt lat="28.4112270" lon="83.8214060">
    <ele>1870.8</ele>
    <time>2026-06-09T06:46:21Z</time>
    <extensions>
     <gpxtpx:TrackPointExtension>
      <gpxtpx:hr>127</gpxtpx:hr>
      <gpxtpx:cad>0</gpxtpx:cad>
     </gpxtpx:TrackPointExtension>
    </extensions>
   </trkpt>
   <trkpt lat="28.4112310" lon="83.8214190">
    <ele>1871.6</ele>
    <time>2026-06-09T06:46:23Z</time>
    <extensions>
     <gpxtpx:TrackPointExtension>
      <gpxtpx:hr>126</gpxtpx:hr>
      <gpxtpx:cad>0</gpxtpx:cad>
     </gpxtpx:TrackPointExtension>
    </extensions>
   </trkpt>
   <trkpt lat="28.4112410" lon="83.8214300">
    <ele>1871.0</ele>
    <time>2026-06-09T06:46:29Z</time>
    <extensions>
     <gpxtpx:TrackPointExtension>
      <gpxtpx:hr>124</gpxtpx:hr>
      <gpxtpx:cad>0</gpxtpx:cad>
     </gpxtpx:TrackPointExtension>
    </extensions>
   </trkpt>
   <trkpt lat="28.4112220" lon="83.8214370">
    <ele>1871.8</ele>
    <time>2026-06-09T06:46:35Z</time>
    <extensions>
     <gpxtpx:TrackPointExtension>
      <gpxtpx:hr>126</gpxtpx:hr>
      <gpxtpx:cad>0</gpxtpx:cad>
     </gpxtpx:TrackPointExtension>
    </extensions>
   </trkpt>
   <trkpt lat="28.4112290" lon="83.8214360">
    <ele>1871.2</ele>
    <time>2026-06-09T06:46:45Z</time>
    <extensions>
     <gpxtpx:TrackPointExtension>
      <gpxtpx:hr>127</gpxtpx:hr>
      <gpxtpx:cad>0</gpxtpx:cad>
     </gpxtpx:TrackPointExtension>
    </extensions>
   </trkpt>
   <trkpt lat="28.4112340" lon="83.8214440">
    <ele>1870.4</ele>
    <time>2026-06-09T06:46:51Z</time>
    <extensions>
     <gpxtpx:TrackPointExtension>
      <gpxtpx:hr>129</gpxtpx:hr>
      <gpxtpx:cad>0</gpxtpx:cad>
     </gpxtpx:TrackPointExtension>
    </extensions>
   </trkpt>
   <trkpt lat="28.4112420" lon="83.8214760">
    <ele>1870.6</ele>
    <time>2026-06-09T06:46:57Z</time>
    <extensions>
     <gpxtpx:TrackPointExtension>
      <gpxtpx:hr>129</gpxtpx:hr>
      <gpxtpx:cad>0</gpxtpx:cad>
     </gpxtpx:TrackPointExtension>
    </extensions>
   </trkpt>
   <trkpt lat="28.4112600" lon="83.8215210">
    <ele>1871.4</ele>
    <time>2026-06-09T06:47:03Z</time>
    <extensions>
     <gpxtpx:TrackPointExtension>
      <gpxtpx:hr>126</gpxtpx:hr>
      <gpxtpx:cad>68</gpxtpx:cad>
     </gpxtpx:TrackPointExtension>
    </extensions>
   </trkpt>
   <trkpt lat="28.4112660" lon="83.8215270">
    <ele>1871.6</ele>
    <time>2026-06-09T06:47:04Z</time>
    <extensions>
     <gpxtpx:TrackPointExtension>
      <gpxtpx:hr>123</gpxtpx:hr>
      <gpxtpx:cad>69</gpxtpx:cad>
     </gpxtpx:TrackPointExtension>
    </extensions>
   </trkpt>
   <trkpt lat="28.4112730" lon="83.8215320">
    <ele>1871.6</ele>
    <time>2026-06-09T06:47:05Z</time>
    <extensions>
     <gpxtpx:TrackPointExtension>
      <gpxtpx:hr>119</gpxtpx:hr>
      <gpxtpx:cad>69</gpxtpx:cad>
     </gpxtpx:TrackPointExtension>
    </extensions>
   </trkpt>
   <trkpt lat="28.4112780" lon="83.8215390">
    <ele>1871.6</ele>
    <time>2026-06-09T06:47:06Z</time>
    <extensions>
     <gpxtpx:TrackPointExtension>
      <gpxtpx:hr>115</gpxtpx:hr>
      <gpxtpx:cad>69</gpxtpx:cad>
     </gpxtpx:TrackPointExtension>
    </extensions>
   </trkpt>
   <trkpt lat="28.4112840" lon="83.8215460">
    <ele>1871.6</ele>
    <time>2026-06-09T06:47:07Z</time>
    <extensions>
     <gpxtpx:TrackPointExtension>
      <gpxtpx:hr>110</gpxtpx:hr>
      <gpxtpx:cad>67</gpxtpx:cad>
     </gpxtpx:TrackPointExtension>
    </extensions>
   </trkpt>
   <trkpt lat="28.4112940" lon="83.8215580">
    <ele>1871.6</ele>
    <time>2026-06-09T06:47:09Z</time>
    <extensions>
     <gpxtpx:TrackPointExtension>
      <gpxtpx:hr>107</gpxtpx:hr>
      <gpxtpx:cad>67</gpxtpx:cad>
     </gpxtpx:TrackPointExtension>
    </extensions>
   </trkpt>
   <trkpt lat="28.4113020" lon="83.8215660">
    <ele>1871.6</ele>
    <time>2026-06-09T06:47:12Z</time>
    <extensions>
     <gpxtpx:TrackPointExtension>
      <gpxtpx:hr>106</gpxtpx:hr>
      <gpxtpx:cad>41</gpxtpx:cad>
     </gpxtpx:TrackPointExtension>
    </extensions>
   </trkpt>
   <trkpt lat="28.4113090" lon="83.8215790">
    <ele>1871.8</ele>
    <time>2026-06-09T06:47:15Z</time>
    <extensions>
     <gpxtpx:TrackPointExtension>
      <gpxtpx:hr>107</gpxtpx:hr>
      <gpxtpx:cad>43</gpxtpx:cad>
     </gpxtpx:TrackPointExtension>
    </extensions>
   </trkpt>
   <trkpt lat="28.4113190" lon="83.8216100">
    <ele>1872.4</ele>
    <time>2026-06-09T06:47:22Z</time>
    <extensions>
     <gpxtpx:TrackPointExtension>
      <gpxtpx:hr>109</gpxtpx:hr>
      <gpxtpx:cad>0</gpxtpx:cad>
     </gpxtpx:TrackPointExtension>
    </extensions>
   </trkpt>
   <trkpt lat="28.4113310" lon="83.8216600">
    <ele>1872.2</ele>
    <time>2026-06-09T06:47:29Z</time>
    <extensions>
     <gpxtpx:TrackPointExtension>
      <gpxtpx:hr>108</gpxtpx:hr>
      <gpxtpx:cad>66</gpxtpx:cad>
     </gpxtpx:TrackPointExtension>
    </extensions>
   </trkpt>
   <trkpt lat="28.4113360" lon="83.8216710">
    <ele>1873.0</ele>
    <time>2026-06-09T06:47:32Z</time>
    <extensions>
     <gpxtpx:TrackPointExtension>
      <gpxtpx:hr>109</gpxtpx:hr>
      <gpxtpx:cad>65</gpxtpx:cad>
     </gpxtpx:TrackPointExtension>
    </extensions>
   </trkpt>
   <trkpt lat="28.4113390" lon="83.8216780">
    <ele>1873.4</ele>
    <time>2026-06-09T06:47:34Z</time>
    <extensions>
     <gpxtpx:TrackPointExtension>
      <gpxtpx:hr>106</gpxtpx:hr>
      <gpxtpx:cad>65</gpxtpx:cad>
     </gpxtpx:TrackPointExtension>
    </extensions>
   </trkpt>
   <trkpt lat="28.4113400" lon="83.8216810">
    <ele>1873.4</ele>
    <time>2026-06-09T06:47:35Z</time>
    <extensions>
     <gpxtpx:TrackPointExtension>
      <gpxtpx:hr>105</gpxtpx:hr>
      <gpxtpx:cad>65</gpxtpx:cad>
     </gpxtpx:TrackPointExtension>
    </extensions>
   </trkpt>
   <trkpt lat="28.4113430" lon="83.8217080">
    <ele>1873.8</ele>
    <time>2026-06-09T06:47:41Z</time>
    <extensions>
     <gpxtpx:TrackPointExtension>
      <gpxtpx:hr>108</gpxtpx:hr>
      <gpxtpx:cad>71</gpxtpx:cad>
     </gpxtpx:TrackPointExtension>
    </extensions>
   </trkpt>
   <trkpt lat="28.4113430" lon="83.8217150">
    <ele>1874.0</ele>
    <time>2026-06-09T06:47:42Z</time>
    <extensions>
     <gpxtpx:TrackPointExtension>
      <gpxtpx:hr>109</gpxtpx:hr>
      <gpxtpx:cad>75</gpxtpx:cad>
     </gpxtpx:TrackPointExtension>
    </extensions>
   </trkpt>
   <trkpt lat="28.4113470" lon="83.8217320">
    <ele>1874.6</ele>
    <time>2026-06-09T06:47:45Z</time>
    <extensions>
     <gpxtpx:TrackPointExtension>
      <gpxtpx:hr>112</gpxtpx:hr>
      <gpxtpx:cad>72</gpxtpx:cad>
     </gpxtpx:TrackPointExtension>
    </extensions>
   </trkpt>
   <trkpt lat="28.4113630" lon="83.8217460">
    <ele>1875.0</ele>
    <time>2026-06-09T06:47:48Z</time>
    <extensions>
     <gpxtpx:TrackPointExtension>
      <gpxtpx:hr>113</gpxtpx:hr>
      <gpxtpx:cad>70</gpxtpx:cad>
     </gpxtpx:TrackPointExtension>
    </extensions>
   </trkpt>
   <trkpt lat="28.4113690" lon="83.8217520">
    <ele>1875.0</ele>
    <time>2026-06-09T06:47:49Z</time>
    <extensions>
     <gpxtpx:TrackPointExtension>
      <gpxtpx:hr>113</gpxtpx:hr>
      <gpxtpx:cad>70</gpxtpx:cad>
     </gpxtpx:TrackPointExtension>
    </extensions>
   </trkpt>
   <trkpt lat="28.4113980" lon="83.8217680">
    <ele>1876.2</ele>
    <time>2026-06-09T06:47:55Z</time>
    <extensions>
     <gpxtpx:TrackPointExtension>
      <gpxtpx:hr>113</gpxtpx:hr>
      <gpxtpx:cad>0</gpxtpx:cad>
     </gpxtpx:TrackPointExtension>
    </extensions>
   </trkpt>
   <trkpt lat="28.4114040" lon="83.8217680">
    <ele>1876.6</ele>
    <time>2026-06-09T06:47:56Z</time>
    <extensions>
     <gpxtpx:TrackPointExtension>
      <gpxtpx:hr>114</gpxtpx:hr>
      <gpxtpx:cad>0</gpxtpx:cad>
     </gpxtpx:TrackPointExtension>
    </extensions>
   </trkpt>
   <trkpt lat="28.4114430" lon="83.8217720">
    <ele>1875.4</ele>
    <time>2026-06-09T06:48:04Z</time>
    <extensions>
     <gpxtpx:TrackPointExtension>
      <gpxtpx:hr>116</gpxtpx:hr>
      <gpxtpx:cad>0</gpxtpx:cad>
     </gpxtpx:TrackPointExtension>
    </extensions>
   </trkpt>
   <trkpt lat="28.4114730" lon="83.8217770">
    <ele>1876.8</ele>
    <time>2026-06-09T06:48:10Z</time>
    <extensions>
     <gpxtpx:TrackPointExtension>
      <gpxtpx:hr>116</gpxtpx:hr>
      <gpxtpx:cad>68</gpxtpx:cad>
     </gpxtpx:TrackPointExtension>
    </extensions>
   </trkpt>
   <trkpt lat="28.4114920" lon="83.8217650">
    <ele>1877.2</ele>
    <time>2026-06-09T06:48:14Z</time>
    <extensions>
     <gpxtpx:TrackPointExtension>
      <gpxtpx:hr>116</gpxtpx:hr>
      <gpxtpx:cad>65</gpxtpx:cad>
     </gpxtpx:TrackPointExtension>
    </extensions>
   </trkpt>
   <trkpt lat="28.4115040" lon="83.8217560">
    <ele>1877.8</ele>
    <time>2026-06-09T06:48:18Z</time>
    <extensions>
     <gpxtpx:TrackPointExtension>
      <gpxtpx:hr>116</gpxtpx:hr>
      <gpxtpx:cad>0</gpxtpx:cad>
     </gpxtpx:TrackPointExtension>
    </extensions>
   </trkpt>
   <trkpt lat="28.4115100" lon="83.8217590">
    <ele>1878.2</ele>
    <time>2026-06-09T06:48:19Z</time>
    <extensions>
     <gpxtpx:TrackPointExtension>
      <gpxtpx:hr>116</gpxtpx:hr>
      <gpxtpx:cad>0</gpxtpx:cad>
     </gpxtpx:TrackPointExtension>
    </extensions>
   </trkpt>
   <trkpt lat="28.4115260" lon="83.8217680">
    <ele>1879.4</ele>
    <time>2026-06-09T06:48:23Z</time>
    <extensions>
     <gpxtpx:TrackPointExtension>
      <gpxtpx:hr>120</gpxtpx:hr>
      <gpxtpx:cad>0</gpxtpx:cad>
     </gpxtpx:TrackPointExtension>
    </extensions>
   </trkpt>
   <trkpt lat="28.4115260" lon="83.8217720">
    <ele>1879.4</ele>
    <time>2026-06-09T06:48:24Z</time>
    <extensions>
     <gpxtpx:TrackPointExtension>
      <gpxtpx:hr>120</gpxtpx:hr>
      <gpxtpx:cad>0</gpxtpx:cad>
     </gpxtpx:TrackPointExtension>
    </extensions>
   </trkpt>
   <trkpt lat="28.4115220" lon="83.8217850">
    <ele>1878.8</ele>
    <time>2026-06-09T06:48:29Z</time>
    <extensions>
     <gpxtpx:TrackPointExtension>
      <gpxtpx:hr>118</gpxtpx:hr>
      <gpxtpx:cad>0</gpxtpx:cad>
     </gpxtpx:TrackPointExtension>
    </extensions>
   </trkpt>
   <trkpt lat="28.4115230" lon="83.8217840">
    <ele>1878.2</ele>
    <time>2026-06-09T06:48:33Z</time>
    <extensions>
     <gpxtpx:TrackPointExtension>
      <gpxtpx:hr>117</gpxtpx:hr>
      <gpxtpx:cad>0</gpxtpx:cad>
     </gpxtpx:TrackPointExtension>
    </extensions>
   </trkpt>
   <trkpt lat="28.4115240" lon="83.8217850">
    <ele>1878.0</ele>
    <time>2026-06-09T06:48:37Z</time>
    <extensions>
     <gpxtpx:TrackPointExtension>
      <gpxtpx:hr>120</gpxtpx:hr>
      <gpxtpx:cad>0</gpxtpx:cad>
     </gpxtpx:TrackPointExtension>
    </extensions>
   </trkpt>
   <trkpt lat="28.4115230" lon="83.8217810">
    <ele>1878.0</ele>
    <time>2026-06-09T06:48:45Z</time>
    <extensions>
     <gpxtpx:TrackPointExtension>
      <gpxtpx:hr>117</gpxtpx:hr>
      <gpxtpx:cad>0</gpxtpx:cad>
     </gpxtpx:TrackPointExtension>
    </extensions>
   </trkpt>
   <trkpt lat="28.4115220" lon="83.8217750">
    <ele>1878.0</ele>
    <time>2026-06-09T06:48:46Z</time>
    <extensions>
     <gpxtpx:TrackPointExtension>
      <gpxtpx:hr>116</gpxtpx:hr>
      <gpxtpx:cad>0</gpxtpx:cad>
     </gpxtpx:TrackPointExtension>
    </extensions>
   </trkpt>
   <trkpt lat="28.4115090" lon="83.8217330">
    <ele>1877.4</ele>
    <time>2026-06-09T06:48:51Z</time>
    <extensions>
     <gpxtpx:TrackPointExtension>
      <gpxtpx:hr>116</gpxtpx:hr>
      <gpxtpx:cad>0</gpxtpx:cad>
     </gpxtpx:TrackPointExtension>
    </extensions>
   </trkpt>
   <trkpt lat="28.4115050" lon="83.8217300">
    <ele>1877.2</ele>
    <time>2026-06-09T06:48:52Z</time>
    <extensions>
     <gpxtpx:TrackPointExtension>
      <gpxtpx:hr>116</gpxtpx:hr>
      <gpxtpx:cad>0</gpxtpx:cad>
     </gpxtpx:TrackPointExtension>
    </extensions>
   </trkpt>
   <trkpt lat="28.4114840" lon="83.8217120">
    <ele>1877.2</ele>
    <time>2026-06-09T06:48:56Z</time>
    <extensions>
     <gpxtpx:TrackPointExtension>
      <gpxtpx:hr>113</gpxtpx:hr>
      <gpxtpx:cad>0</gpxtpx:cad>
     </gpxtpx:TrackPointExtension>
    </extensions>
   </trkpt>
   <trkpt lat="28.4114800" lon="83.8217080">
    <ele>1877.4</ele>
    <time>2026-06-09T06:48:57Z</time>
    <extensions>
     <gpxtpx:TrackPointExtension>
      <gpxtpx:hr>110</gpxtpx:hr>
      <gpxtpx:cad>74</gpxtpx:cad>
     </gpxtpx:TrackPointExtension>
    </extensions>
   </trkpt>
   <trkpt lat="28.4114720" lon="83.8216950">
    <ele>1877.6</ele>
    <time>2026-06-09T06:49:00Z</time>
    <extensions>
     <gpxtpx:TrackPointExtension>
      <gpxtpx:hr>108</gpxtpx:hr>
      <gpxtpx:cad>77</gpxtpx:cad>
     </gpxtpx:TrackPointExtension>
    </extensions>
   </trkpt>
   <trkpt lat="28.4114690" lon="83.8216820">
    <ele>1878.2</ele>
    <time>2026-06-09T06:49:03Z</time>
    <extensions>
     <gpxtpx:TrackPointExtension>
      <gpxtpx:hr>106</gpxtpx:hr>
      <gpxtpx:cad>75</gpxtpx:cad>
     </gpxtpx:TrackPointExtension>
    </extensions>
   </trkpt>
   <trkpt lat="28.4114640" lon="83.8216710">
    <ele>1878.8</ele>
    <time>2026-06-09T06:49:06Z</time>
    <extensions>
     <gpxtpx:TrackPointExtension>
      <gpxtpx:hr>106</gpxtpx:hr>
      <gpxtpx:cad>71</gpxtpx:cad>
     </gpxtpx:TrackPointExtension>
    </extensions>
   </trkpt>
   <trkpt lat="28.4114680" lon="83.8216660">
    <ele>1879.2</ele>
    <time>2026-06-09T06:49:08Z</time>
    <extensions>
     <gpxtpx:TrackPointExtension>
      <gpxtpx:hr>110</gpxtpx:hr>
      <gpxtpx:cad>70</gpxtpx:cad>
     </gpxtpx:TrackPointExtension>
    </extensions>
   </trkpt>
   <trkpt lat="28.4114690" lon="83.8216630">
    <ele>1879.2</ele>
    <time>2026-06-09T06:49:09Z</time>
    <extensions>
     <gpxtpx:TrackPointExtension>
      <gpxtpx:hr>111</gpxtpx:hr>
      <gpxtpx:cad>71</gpxtpx:cad>
     </gpxtpx:TrackPointExtension>
    </extensions>
   </trkpt>
   <trkpt lat="28.4114730" lon="83.8216500">
    <ele>1879.8</ele>
    <time>2026-06-09T06:49:12Z</time>
    <extensions>
     <gpxtpx:TrackPointExtension>
      <gpxtpx:hr>110</gpxtpx:hr>
      <gpxtpx:cad>68</gpxtpx:cad>
     </gpxtpx:TrackPointExtension>
    </extensions>
   </trkpt>
   <trkpt lat="28.4114790" lon="83.8216460">
    <ele>1880.4</ele>
    <time>2026-06-09T06:49:15Z</time>
    <extensions>
     <gpxtpx:TrackPointExtension>
      <gpxtpx:hr>112</gpxtpx:hr>
      <gpxtpx:cad>67</gpxtpx:cad>
     </gpxtpx:TrackPointExtension>
    </extensions>
   </trkpt>
   <trkpt lat="28.4114960" lon="83.8216420">
    <ele>1881.0</ele>
    <time>2026-06-09T06:49:19Z</time>
    <extensions>
     <gpxtpx:TrackPointExtension>
      <gpxtpx:hr>116</gpxtpx:hr>
      <gpxtpx:cad>61</gpxtpx:cad>
     </gpxtpx:TrackPointExtension>
    </extensions>
   </trkpt>
   <trkpt lat="28.4115030" lon="83.8216420">
    <ele>1881.4</ele>
    <time>2026-06-09T06:49:21Z</time>
    <extensions>
     <gpxtpx:TrackPointExtension>
      <gpxtpx:hr>116</gpxtpx:hr>
      <gpxtpx:cad>68</gpxtpx:cad>
     </gpxtpx:TrackPointExtension>
    </extensions>
   </trkpt>
   <trkpt lat="28.4115230" lon="83.8216300">
    <ele>1881.8</ele>
    <time>2026-06-09T06:49:25Z</time>
    <extensions>
     <gpxtpx:TrackPointExtension>
      <gpxtpx:hr>116</gpxtpx:hr>
      <gpxtpx:cad>68</gpxtpx:cad>
     </gpxtpx:TrackPointExtension>
    </extensions>
   </trkpt>
   <trkpt lat="28.4115430" lon="83.8215860">
    <ele>1882.4</ele>
    <time>2026-06-09T06:49:32Z</time>
    <extensions>
     <gpxtpx:TrackPointExtension>
      <gpxtpx:hr>117</gpxtpx:hr>
      <gpxtpx:cad>73</gpxtpx:cad>
     </gpxtpx:TrackPointExtension>
    </extensions>
   </trkpt>
   <trkpt lat="28.4115420" lon="83.8215770">
    <ele>1882.4</ele>
    <time>2026-06-09T06:49:35Z</time>
    <extensions>
     <gpxtpx:TrackPointExtension>
      <gpxtpx:hr>119</gpxtpx:hr>
      <gpxtpx:cad>70</gpxtpx:cad>
     </gpxtpx:TrackPointExtension>
    </extensions>
   </trkpt>
   <trkpt lat="28.4115450" lon="83.8215650">
    <ele>1883.2</ele>
    <time>2026-06-09T06:49:39Z</time>
    <extensions>
     <gpxtpx:TrackPointExtension>
      <gpxtpx:hr>119</gpxtpx:hr>
      <gpxtpx:cad>62</gpxtpx:cad>
     </gpxtpx:TrackPointExtension>
    </extensions>
   </trkpt>
   <trkpt lat="28.4115470" lon="83.8215640">
    <ele>1883.6</ele>
    <time>2026-06-09T06:49:40Z</time>
    <extensions>
     <gpxtpx:TrackPointExtension>
      <gpxtpx:hr>119</gpxtpx:hr>
      <gpxtpx:cad>67</gpxtpx:cad>
     </gpxtpx:TrackPointExtension>
    </extensions>
   </trkpt>
   <trkpt lat="28.4115470" lon="83.8215490">
    <ele>1884.8</ele>
    <time>2026-06-09T06:49:44Z</time>
    <extensions>
     <gpxtpx:TrackPointExtension>
      <gpxtpx:hr>120</gpxtpx:hr>
      <gpxtpx:cad>63</gpxtpx:cad>
     </gpxtpx:TrackPointExtension>
    </extensions>
   </trkpt>
   <trkpt lat="28.4115430" lon="83.8215470">
    <ele>1884.8</ele>
    <time>2026-06-09T06:49:46Z</time>
    <extensions>
     <gpxtpx:TrackPointExtension>
      <gpxtpx:hr>120</gpxtpx:hr>
      <gpxtpx:cad>63</gpxtpx:cad>
     </gpxtpx:TrackPointExtension>
    </extensions>
   </trkpt>
   <trkpt lat="28.4115480" lon="83.8215420">
    <ele>1885.4</ele>
    <time>2026-06-09T06:49:52Z</time>
    <extensions>
     <gpxtpx:TrackPointExtension>
      <gpxtpx:hr>122</gpxtpx:hr>
      <gpxtpx:cad>0</gpxtpx:cad>
     </gpxtpx:TrackPointExtension>
    </extensions>
   </trkpt>
   <trkpt lat="28.4115500" lon="83.8215390">
    <ele>1885.8</ele>
    <time>2026-06-09T06:49:53Z</time>
    <extensions>
     <gpxtpx:TrackPointExtension>
      <gpxtpx:hr>122</gpxtpx:hr>
      <gpxtpx:cad>0</gpxtpx:cad>
     </gpxtpx:TrackPointExtension>
    </extensions>
   </trkpt>
   <trkpt lat="28.4115760" lon="83.8215300">
    <ele>1886.2</ele>
    <time>2026-06-09T06:50:01Z</time>
    <extensions>
     <gpxtpx:TrackPointExtension>
      <gpxtpx:hr>123</gpxtpx:hr>
      <gpxtpx:cad>0</gpxtpx:cad>
     </gpxtpx:TrackPointExtension>
    </extensions>
   </trkpt>
   <trkpt lat="28.4115690" lon="83.8215330">
    <ele>1886.4</ele>
    <time>2026-06-09T06:50:09Z</time>
    <extensions>
     <gpxtpx:TrackPointExtension>
      <gpxtpx:hr>120</gpxtpx:hr>
      <gpxtpx:cad>0</gpxtpx:cad>
     </gpxtpx:TrackPointExtension>
    </extensions>
   </trkpt>
   <trkpt lat="28.4115680" lon="83.8215320">
    <ele>1886.4</ele>
    <time>2026-06-09T06:50:11Z</time>
    <extensions>
     <gpxtpx:TrackPointExtension>
      <gpxtpx:hr>117</gpxtpx:hr>
      <gpxtpx:cad>0</gpxtpx:cad>
     </gpxtpx:TrackPointExtension>
    </extensions>
   </trkpt>
   <trkpt lat="28.4115650" lon="83.8215330">
    <ele>1886.6</ele>
    <time>2026-06-09T06:50:13Z</time>
    <extensions>
     <gpxtpx:TrackPointExtension>
      <gpxtpx:hr>114</gpxtpx:hr>
      <gpxtpx:cad>0</gpxtpx:cad>
     </gpxtpx:TrackPointExtension>
    </extensions>
   </trkpt>
   <trkpt lat="28.4115650" lon="83.8215330">
    <ele>1887.0</ele>
    <time>2026-06-09T06:50:15Z</time>
    <extensions>
     <gpxtpx:TrackPointExtension>
      <gpxtpx:hr>112</gpxtpx:hr>
      <gpxtpx:cad>0</gpxtpx:cad>
     </gpxtpx:TrackPointExtension>
    </extensions>
   </trkpt>
   <trkpt lat="28.4115790" lon="83.8215220">
    <ele>1887.4</ele>
    <time>2026-06-09T06:50:22Z</time>
    <extensions>
     <gpxtpx:TrackPointExtension>
      <gpxtpx:hr>108</gpxtpx:hr>
      <gpxtpx:cad>0</gpxtpx:cad>
     </gpxtpx:TrackPointExtension>
    </extensions>
   </trkpt>
   <trkpt lat="28.4115780" lon="83.8215200">
    <ele>1887.6</ele>
    <time>2026-06-09T06:50:25Z</time>
    <extensions>
     <gpxtpx:TrackPointExtension>
      <gpxtpx:hr>105</gpxtpx:hr>
      <gpxtpx:cad>0</gpxtpx:cad>
     </gpxtpx:TrackPointExtension>
    </extensions>
   </trkpt>
   <trkpt lat="28.4115780" lon="83.8215190">
    <ele>1887.6</ele>
    <time>2026-06-09T06:50:26Z</time>
    <extensions>
     <gpxtpx:TrackPointExtension>
      <gpxtpx:hr>104</gpxtpx:hr>
      <gpxtpx:cad>0</gpxtpx:cad>
     </gpxtpx:TrackPointExtension>
    </extensions>
   </trkpt>
   <trkpt lat="28.4115880" lon="83.8215200">
    <ele>1885.8</ele>
    <time>2026-06-09T06:50:31Z</time>
    <extensions>
     <gpxtpx:TrackPointExtension>
      <gpxtpx:hr>101</gpxtpx:hr>
      <gpxtpx:cad>0</gpxtpx:cad>
     </gpxtpx:TrackPointExtension>
    </extensions>
   </trkpt>
   <trkpt lat="28.4115860" lon="83.8215150">
    <ele>1885.4</ele>
    <time>2026-06-09T06:50:38Z</time>
    <extensions>
     <gpxtpx:TrackPointExtension>
      <gpxtpx:hr>100</gpxtpx:hr>
      <gpxtpx:cad>0</gpxtpx:cad>
     </gpxtpx:TrackPointExtension>
    </extensions>
   </trkpt>
   <trkpt lat="28.4115910" lon="83.8215190">
    <ele>1885.6</ele>
    <time>2026-06-09T06:50:42Z</time>
    <extensions>
     <gpxtpx:TrackPointExtension>
      <gpxtpx:hr>96</gpxtpx:hr>
      <gpxtpx:cad>0</gpxtpx:cad>
     </gpxtpx:TrackPointExtension>
    </extensions>
   </trkpt>
   <trkpt lat="28.4115900" lon="83.8215230">
    <ele>1885.6</ele>
    <time>2026-06-09T06:50:48Z</time>
    <extensions>
     <gpxtpx:TrackPointExtension>
      <gpxtpx:hr>93</gpxtpx:hr>
      <gpxtpx:cad>0</gpxtpx:cad>
     </gpxtpx:TrackPointExtension>
    </extensions>
   </trkpt>
   <trkpt lat="28.4115930" lon="83.8215250">
    <ele>1886.0</ele>
    <time>2026-06-09T06:50:56Z</time>
    <extensions>
     <gpxtpx:TrackPointExtension>
      <gpxtpx:hr>96</gpxtpx:hr>
      <gpxtpx:cad>0</gpxtpx:cad>
     </gpxtpx:TrackPointExtension>
    </extensions>
   </trkpt>
   <trkpt lat="28.4115910" lon="83.8215320">
    <ele>1887.0</ele>
    <time>2026-06-09T06:50:59Z</time>
    <extensions>
     <gpxtpx:TrackPointExtension>
      <gpxtpx:hr>97</gpxtpx:hr>
      <gpxtpx:cad>0</gpxtpx:cad>
     </gpxtpx:TrackPointExtension>
    </extensions>
   </trkpt>
   <trkpt lat="28.4115930" lon="83.8215390">
    <ele>1888.2</ele>
    <time>2026-06-09T06:51:01Z</time>
    <extensions>
     <gpxtpx:TrackPointExtension>
      <gpxtpx:hr>98</gpxtpx:hr>
      <gpxtpx:cad>0</gpxtpx:cad>
     </gpxtpx:TrackPointExtension>
    </extensions>
   </trkpt>
   <trkpt lat="28.4115820" lon="83.8215590">
    <ele>1887.2</ele>
    <time>2026-06-09T06:51:09Z</time>
    <extensions>
     <gpxtpx:TrackPointExtension>
      <gpxtpx:hr>97</gpxtpx:hr>
      <gpxtpx:cad>0</gpxtpx:cad>
     </gpxtpx:TrackPointExtension>
    </extensions>
   </trkpt>
   <trkpt lat="28.4115790" lon="83.8215560">
    <ele>1888.2</ele>
    <time>2026-06-09T06:51:11Z</time>
    <extensions>
     <gpxtpx:TrackPointExtension>
      <gpxtpx:hr>97</gpxtpx:hr>
      <gpxtpx:cad>0</gpxtpx:cad>
     </gpxtpx:TrackPointExtension>
    </extensions>
   </trkpt>
   <trkpt lat="28.4115730" lon="83.8215540">
    <ele>1888.6</ele>
    <time>2026-06-09T06:51:13Z</time>
    <extensions>
     <gpxtpx:TrackPointExtension>
      <gpxtpx:hr>97</gpxtpx:hr>
      <gpxtpx:cad>0</gpxtpx:cad>
     </gpxtpx:TrackPointExtension>
    </extensions>
   </trkpt>
   <trkpt lat="28.4115680" lon="83.8215590">
    <ele>1887.0</ele>
    <time>2026-06-09T06:51:18Z</time>
    <extensions>
     <gpxtpx:TrackPointExtension>
      <gpxtpx:hr>97</gpxtpx:hr>
      <gpxtpx:cad>0</gpxtpx:cad>
     </gpxtpx:TrackPointExtension>
    </extensions>
   </trkpt>
   <trkpt lat="28.4115710" lon="83.8215540">
    <ele>1886.6</ele>
    <time>2026-06-09T06:51:25Z</time>
    <extensions>
     <gpxtpx:TrackPointExtension>
      <gpxtpx:hr>94</gpxtpx:hr>
      <gpxtpx:cad>0</gpxtpx:cad>
     </gpxtpx:TrackPointExtension>
    </extensions>
   </trkpt>
   <trkpt lat="28.4115740" lon="83.8215500">
    <ele>1886.6</ele>
    <time>2026-06-09T06:51:28Z</time>
    <extensions>
     <gpxtpx:TrackPointExtension>
      <gpxtpx:hr>95</gpxtpx:hr>
      <gpxtpx:cad>0</gpxtpx:cad>
     </gpxtpx:TrackPointExtension>
    </extensions>
   </trkpt>
   <trkpt lat="28.4115750" lon="83.8215490">
    <ele>1886.6</ele>
    <time>2026-06-09T06:51:29Z</time>
    <extensions>
     <gpxtpx:TrackPointExtension>
      <gpxtpx:hr>98</gpxtpx:hr>
      <gpxtpx:cad>0</gpxtpx:cad>
     </gpxtpx:TrackPointExtension>
    </extensions>
   </trkpt>
   <trkpt lat="28.4115830" lon="83.8215330">
    <ele>1886.8</ele>
    <time>2026-06-09T06:51:41Z</time>
    <extensions>
     <gpxtpx:TrackPointExtension>
      <gpxtpx:hr>94</gpxtpx:hr>
      <gpxtpx:cad>0</gpxtpx:cad>
     </gpxtpx:TrackPointExtension>
    </extensions>
   </trkpt>
   <trkpt lat="28.4115820" lon="83.8215300">
    <ele>1887.0</ele>
    <time>2026-06-09T06:51:43Z</time>
    <extensions>
     <gpxtpx:TrackPointExtension>
      <gpxtpx:hr>91</gpxtpx:hr>
      <gpxtpx:cad>0</gpxtpx:cad>
     </gpxtpx:TrackPointExtension>
    </extensions>
   </trkpt>
   <trkpt lat="28.4115830" lon="83.8215300">
    <ele>1888.2</ele>
    <time>2026-06-09T06:51:46Z</time>
    <extensions>
     <gpxtpx:TrackPointExtension>
      <gpxtpx:hr>90</gpxtpx:hr>
      <gpxtpx:cad>0</gpxtpx:cad>
     </gpxtpx:TrackPointExtension>
    </extensions>
   </trkpt>
   <trkpt lat="28.4115830" lon="83.8215300">
    <ele>1889.0</ele>
    <time>2026-06-09T06:51:49Z</time>
    <extensions>
     <gpxtpx:TrackPointExtension>
      <gpxtpx:hr>90</gpxtpx:hr>
      <gpxtpx:cad>0</gpxtpx:cad>
     </gpxtpx:TrackPointExtension>
    </extensions>
   </trkpt>
   <trkpt lat="28.4115830" lon="83.8215300">
    <ele>1889.2</ele>
    <time>2026-06-09T06:51:51Z</time>
    <extensions>
     <gpxtpx:TrackPointExtension>
      <gpxtpx:hr>93</gpxtpx:hr>
      <gpxtpx:cad>0</gpxtpx:cad>
     </gpxtpx:TrackPointExtension>
    </extensions>
   </trkpt>
   <trkpt lat="28.4115840" lon="83.8215270">
    <ele>1889.4</ele>
    <time>2026-06-09T06:52:00Z</time>
    <extensions>
     <gpxtpx:TrackPointExtension>
      <gpxtpx:hr>93</gpxtpx:hr>
      <gpxtpx:cad>0</gpxtpx:cad>
     </gpxtpx:TrackPointExtension>
    </extensions>
   </trkpt>
   <trkpt lat="28.4115850" lon="83.8215270">
    <ele>1889.6</ele>
    <time>2026-06-09T06:52:07Z</time>
    <extensions>
     <gpxtpx:TrackPointExtension>
      <gpxtpx:hr>87</gpxtpx:hr>
      <gpxtpx:cad>0</gpxtpx:cad>
     </gpxtpx:TrackPointExtension>
    </extensions>
   </trkpt>
   <trkpt lat="28.4115850" lon="83.8215270">
    <ele>1889.6</ele>
    <time>2026-06-09T06:52:08Z</time>
    <extensions>
     <gpxtpx:TrackPointExtension>
      <gpxtpx:hr>84</gpxtpx:hr>
      <gpxtpx:cad>0</gpxtpx:cad>
     </gpxtpx:TrackPointExtension>
    </extensions>
   </trkpt>
   <trkpt lat="28.4115850" lon="83.8215310">
    <ele>1889.8</ele>
    <time>2026-06-09T06:52:17Z</time>
    <extensions>
     <gpxtpx:TrackPointExtension>
      <gpxtpx:hr>84</gpxtpx:hr>
      <gpxtpx:cad>0</gpxtpx:cad>
     </gpxtpx:TrackPointExtension>
    </extensions>
   </trkpt>
   <trkpt lat="28.4115800" lon="83.8215330">
    <ele>1889.6</ele>
    <time>2026-06-09T06:52:22Z</time>
    <extensions>
     <gpxtpx:TrackPointExtension>
      <gpxtpx:hr>87</gpxtpx:hr>
      <gpxtpx:cad>0</gpxtpx:cad>
     </gpxtpx:TrackPointExtension>
    </extensions>
   </trkpt>
   <trkpt lat="28.4115780" lon="83.8215610">
    <ele>1889.8</ele>
    <time>2026-06-09T06:52:35Z</time>
    <extensions>
     <gpxtpx:TrackPointExtension>
      <gpxtpx:hr>86</gpxtpx:hr>
      <gpxtpx:cad>0</gpxtpx:cad>
     </gpxtpx:TrackPointExtension>
    </extensions>
   </trkpt>
   <trkpt lat="28.4116270" lon="83.8215440">
    <ele>1889.8</ele>
    <time>2026-06-09T06:52:46Z</time>
    <extensions>
     <gpxtpx:TrackPointExtension>
      <gpxtpx:hr>82</gpxtpx:hr>
      <gpxtpx:cad>0</gpxtpx:cad>
     </gpxtpx:TrackPointExtension>
    </extensions>
   </trkpt>
   <trkpt lat="28.4116140" lon="83.8215440">
    <ele>1889.4</ele>
    <time>2026-06-09T06:52:53Z</time>
    <extensions>
     <gpxtpx:TrackPointExtension>
      <gpxtpx:hr>80</gpxtpx:hr>
      <gpxtpx:cad>0</gpxtpx:cad>
     </gpxtpx:TrackPointExtension>
    </extensions>
   </trkpt>
   <trkpt lat="28.4116070" lon="83.8215380">
    <ele>1888.0</ele>
    <time>2026-06-09T06:52:57Z</time>
    <extensions>
     <gpxtpx:TrackPointExtension>
      <gpxtpx:hr>81</gpxtpx:hr>
      <gpxtpx:cad>0</gpxtpx:cad>
     </gpxtpx:TrackPointExtension>
    </extensions>
   </trkpt>
   <trkpt lat="28.4115960" lon="83.8215380">
    <ele>1887.6</ele>
    <time>2026-06-09T06:53:01Z</time>
    <extensions>
     <gpxtpx:TrackPointExtension>
      <gpxtpx:hr>85</gpxtpx:hr>
      <gpxtpx:cad>0</gpxtpx:cad>
     </gpxtpx:TrackPointExtension>
    </extensions>
   </trkpt>
   <trkpt lat="28.4115900" lon="83.8215370">
    <ele>1887.4</ele>
    <time>2026-06-09T06:53:03Z</time>
    <extensions>
     <gpxtpx:TrackPointExtension>
      <gpxtpx:hr>86</gpxtpx:hr>
      <gpxtpx:cad>0</gpxtpx:cad>
     </gpxtpx:TrackPointExtension>
    </extensions>
   </trkpt>
   <trkpt lat="28.4115880" lon="83.8215370">
    <ele>1887.4</ele>
    <time>2026-06-09T06:53:04Z</time>
    <extensions>
     <gpxtpx:TrackPointExtension>
      <gpxtpx:hr>89</gpxtpx:hr>
      <gpxtpx:cad>0</gpxtpx:cad>
     </gpxtpx:TrackPointExtension>
    </extensions>
   </trkpt>
   <trkpt lat="28.4115860" lon="83.8215400">
    <ele>1887.4</ele>
    <time>2026-06-09T06:53:06Z</time>
    <extensions>
     <gpxtpx:TrackPointExtension>
      <gpxtpx:hr>92</gpxtpx:hr>
      <gpxtpx:cad>0</gpxtpx:cad>
     </gpxtpx:TrackPointExtension>
    </extensions>
   </trkpt>
   <trkpt lat="28.4115710" lon="83.8215450">
    <ele>1887.6</ele>
    <time>2026-06-09T06:53:13Z</time>
    <extensions>
     <gpxtpx:TrackPointExtension>
      <gpxtpx:hr>88</gpxtpx:hr>
      <gpxtpx:cad>0</gpxtpx:cad>
     </gpxtpx:TrackPointExtension>
    </extensions>
   </trkpt>
   <trkpt lat="28.4115640" lon="83.8215420">
    <ele>1887.6</ele>
    <time>2026-06-09T06:53:15Z</time>
    <extensions>
     <gpxtpx:TrackPointExtension>
      <gpxtpx:hr>83</gpxtpx:hr>
      <gpxtpx:cad>0</gpxtpx:cad>
     </gpxtpx:TrackPointExtension>
    </extensions>
   </trkpt>
   <trkpt lat="28.4115600" lon="83.8215420">
    <ele>1887.6</ele>
    <time>2026-06-09T06:53:17Z</time>
    <extensions>
     <gpxtpx:TrackPointExtension>
      <gpxtpx:hr>80</gpxtpx:hr>
      <gpxtpx:cad>0</gpxtpx:cad>
     </gpxtpx:TrackPointExtension>
    </extensions>
   </trkpt>
   <trkpt lat="28.4115570" lon="83.8215440">
    <ele>1887.4</ele>
    <time>2026-06-09T06:53:18Z</time>
    <extensions>
     <gpxtpx:TrackPointExtension>
      <gpxtpx:hr>81</gpxtpx:hr>
      <gpxtpx:cad>0</gpxtpx:cad>
     </gpxtpx:TrackPointExtension>
    </extensions>
   </trkpt>
   <trkpt lat="28.4115490" lon="83.8215470">
    <ele>1887.4</ele>
    <time>2026-06-09T06:53:20Z</time>
    <extensions>
     <gpxtpx:TrackPointExtension>
      <gpxtpx:hr>86</gpxtpx:hr>
      <gpxtpx:cad>0</gpxtpx:cad>
     </gpxtpx:TrackPointExtension>
    </extensions>
   </trkpt>
   <trkpt lat="28.4115460" lon="83.8215450">
    <ele>1887.6</ele>
    <time>2026-06-09T06:53:23Z</time>
    <extensions>
     <gpxtpx:TrackPointExtension>
      <gpxtpx:hr>83</gpxtpx:hr>
      <gpxtpx:cad>0</gpxtpx:cad>
     </gpxtpx:TrackPointExtension>
    </extensions>
   </trkpt>
   <trkpt lat="28.4115470" lon="83.8215440">
    <ele>1887.4</ele>
    <time>2026-06-09T06:53:26Z</time>
    <extensions>
     <gpxtpx:TrackPointExtension>
      <gpxtpx:hr>80</gpxtpx:hr>
      <gpxtpx:cad>0</gpxtpx:cad>
     </gpxtpx:TrackPointExtension>
    </extensions>
   </trkpt>
   <trkpt lat="28.4115760" lon="83.8215340">
    <ele>1887.6</ele>
    <time>2026-06-09T06:53:33Z</time>
    <extensions>
     <gpxtpx:TrackPointExtension>
      <gpxtpx:hr>82</gpxtpx:hr>
      <gpxtpx:cad>0</gpxtpx:cad>
     </gpxtpx:TrackPointExtension>
    </extensions>
   </trkpt>
   <trkpt lat="28.4116070" lon="83.8215320">
    <ele>1887.6</ele>
    <time>2026-06-09T06:53:36Z</time>
    <extensions>
     <gpxtpx:TrackPointExtension>
      <gpxtpx:hr>85</gpxtpx:hr>
      <gpxtpx:cad>0</gpxtpx:cad>
     </gpxtpx:TrackPointExtension>
    </extensions>
   </trkpt>
   <trkpt lat="28.4116400" lon="83.8215050">
    <ele>1888.2</ele>
    <time>2026-06-09T06:53:41Z</time>
    <extensions>
     <gpxtpx:TrackPointExtension>
      <gpxtpx:hr>84</gpxtpx:hr>
      <gpxtpx:cad>45</gpxtpx:cad>
     </gpxtpx:TrackPointExtension>
    </extensions>
   </trkpt>
   <trkpt lat="28.4116530" lon="83.8214780">
    <ele>1888.4</ele>
    <time>2026-06-09T06:53:46Z</time>
    <extensions>
     <gpxtpx:TrackPointExtension>
      <gpxtpx:hr>87</gpxtpx:hr>
      <gpxtpx:cad>0</gpxtpx:cad>
     </gpxtpx:TrackPointExtension>
    </extensions>
   </trkpt>
   <trkpt lat="28.4116550" lon="83.8214730">
    <ele>1888.4</ele>
    <time>2026-06-09T06:53:47Z</time>
    <extensions>
     <gpxtpx:TrackPointExtension>
      <gpxtpx:hr>88</gpxtpx:hr>
      <gpxtpx:cad>0</gpxtpx:cad>
     </gpxtpx:TrackPointExtension>
    </extensions>
   </trkpt>
   <trkpt lat="28.4116610" lon="83.8214650">
    <ele>1889.0</ele>
    <time>2026-06-09T06:53:51Z</time>
    <extensions>
     <gpxtpx:TrackPointExtension>
      <gpxtpx:hr>89</gpxtpx:hr>
      <gpxtpx:cad>70</gpxtpx:cad>
     </gpxtpx:TrackPointExtension>
    </extensions>
   </trkpt>
   <trkpt lat="28.4116570" lon="83.8214500">
    <ele>1890.0</ele>
    <time>2026-06-09T06:53:55Z</time>
    <extensions>
     <gpxtpx:TrackPointExtension>
      <gpxtpx:hr>91</gpxtpx:hr>
      <gpxtpx:cad>66</gpxtpx:cad>
     </gpxtpx:TrackPointExtension>
    </extensions>
   </trkpt>
   <trkpt lat="28.4116540" lon="83.8214430">
    <ele>1890.2</ele>
    <time>2026-06-09T06:53:56Z</time>
    <extensions>
     <gpxtpx:TrackPointExtension>
      <gpxtpx:hr>91</gpxtpx:hr>
      <gpxtpx:cad>66</gpxtpx:cad>
     </gpxtpx:TrackPointExtension>
    </extensions>
   </trkpt>
   <trkpt lat="28.4116440" lon="83.8214150">
    <ele>1890.6</ele>
    <time>2026-06-09T06:54:01Z</time>
    <extensions>
     <gpxtpx:TrackPointExtension>
      <gpxtpx:hr>91</gpxtpx:hr>
      <gpxtpx:cad>0</gpxtpx:cad>
     </gpxtpx:TrackPointExtension>
    </extensions>
   </trkpt>
   <trkpt lat="28.4116490" lon="83.8213950">
    <ele>1891.2</ele>
    <time>2026-06-09T06:54:06Z</time>
    <extensions>
     <gpxtpx:TrackPointExtension>
      <gpxtpx:hr>93</gpxtpx:hr>
      <gpxtpx:cad>0</gpxtpx:cad>
     </gpxtpx:TrackPointExtension>
    </extensions>
   </trkpt>
   <trkpt lat="28.4116510" lon="83.8213850">
    <ele>1891.4</ele>
    <time>2026-06-09T06:54:08Z</time>
    <extensions>
     <gpxtpx:TrackPointExtension>
      <gpxtpx:hr>93</gpxtpx:hr>
      <gpxtpx:cad>0</gpxtpx:cad>
     </gpxtpx:TrackPointExtension>
    </extensions>
   </trkpt>
   <trkpt lat="28.4116520" lon="83.8213770">
    <ele>1892.0</ele>
    <time>2026-06-09T06:54:11Z</time>
    <extensions>
     <gpxtpx:TrackPointExtension>
      <gpxtpx:hr>97</gpxtpx:hr>
      <gpxtpx:cad>66</gpxtpx:cad>
     </gpxtpx:TrackPointExtension>
    </extensions>
   </trkpt>
   <trkpt lat="28.4116510" lon="83.8213710">
    <ele>1892.2</ele>
    <time>2026-06-09T06:54:12Z</time>
    <extensions>
     <gpxtpx:TrackPointExtension>
      <gpxtpx:hr>97</gpxtpx:hr>
      <gpxtpx:cad>65</gpxtpx:cad>
     </gpxtpx:TrackPointExtension>
    </extensions>
   </trkpt>
   <trkpt lat="28.4116480" lon="83.8213440">
    <ele>1893.0</ele>
    <time>2026-06-09T06:54:16Z</time>
    <extensions>
     <gpxtpx:TrackPointExtension>
      <gpxtpx:hr>95</gpxtpx:hr>
      <gpxtpx:cad>0</gpxtpx:cad>
     </gpxtpx:TrackPointExtension>
    </extensions>
   </trkpt>
   <trkpt lat="28.4116440" lon="83.8213300">
    <ele>1893.4</ele>
    <time>2026-06-09T06:54:19Z</time>
    <extensions>
     <gpxtpx:TrackPointExtension>
      <gpxtpx:hr>98</gpxtpx:hr>
      <gpxtpx:cad>60</gpxtpx:cad>
     </gpxtpx:TrackPointExtension>
    </extensions>
   </trkpt>
   <trkpt lat="28.4116440" lon="83.8213270">
    <ele>1893.4</ele>
    <time>2026-06-09T06:54:20Z</time>
    <extensions>
     <gpxtpx:TrackPointExtension>
      <gpxtpx:hr>103</gpxtpx:hr>
      <gpxtpx:cad>60</gpxtpx:cad>
     </gpxtpx:TrackPointExtension>
    </extensions>
   </trkpt>
   <trkpt lat="28.4116440" lon="83.8213250">
    <ele>1893.6</ele>
    <time>2026-06-09T06:54:21Z</time>
    <extensions>
     <gpxtpx:TrackPointExtension>
      <gpxtpx:hr>108</gpxtpx:hr>
      <gpxtpx:cad>0</gpxtpx:cad>
     </gpxtpx:TrackPointExtension>
    </extensions>
   </trkpt>
   <trkpt lat="28.4116440" lon="83.8213200">
    <ele>1893.8</ele>
    <time>2026-06-09T06:54:22Z</time>
    <extensions>
     <gpxtpx:TrackPointExtension>
      <gpxtpx:hr>111</gpxtpx:hr>
      <gpxtpx:cad>0</gpxtpx:cad>
     </gpxtpx:TrackPointExtension>
    </extensions>
   </trkpt>
   <trkpt lat="28.4116420" lon="83.8213140">
    <ele>1893.8</ele>
    <time>2026-06-09T06:54:23Z</time>
    <extensions>
     <gpxtpx:TrackPointExtension>
      <gpxtpx:hr>112</gpxtpx:hr>
      <gpxtpx:cad>0</gpxtpx:cad>
     </gpxtpx:TrackPointExtension>
    </extensions>
   </trkpt>
   <trkpt lat="28.4116530" lon="83.8213010">
    <ele>1894.4</ele>
    <time>2026-06-09T06:54:28Z</time>
    <extensions>
     <gpxtpx:TrackPointExtension>
      <gpxtpx:hr>113</gpxtpx:hr>
      <gpxtpx:cad>0</gpxtpx:cad>
     </gpxtpx:TrackPointExtension>
    </extensions>
   </trkpt>
   <trkpt lat="28.4116680" lon="83.8212850">
    <ele>1895.0</ele>
    <time>2026-06-09T06:54:32Z</time>
    <extensions>
     <gpxtpx:TrackPointExtension>
      <gpxtpx:hr>111</gpxtpx:hr>
      <gpxtpx:cad>66</gpxtpx:cad>
     </gpxtpx:TrackPointExtension>
    </extensions>
   </trkpt>
   <trkpt lat="28.4116730" lon="83.8212810">
    <ele>1895.6</ele>
    <time>2026-06-09T06:54:36Z</time>
    <extensions>
     <gpxtpx:TrackPointExtension>
      <gpxtpx:hr>111</gpxtpx:hr>
      <gpxtpx:cad>62</gpxtpx:cad>
     </gpxtpx:TrackPointExtension>
    </extensions>
   </trkpt>
   <trkpt lat="28.4116770" lon="83.8212730">
    <ele>1895.8</ele>
    <time>2026-06-09T06:54:38Z</time>
    <extensions>
     <gpxtpx:TrackPointExtension>
      <gpxtpx:hr>112</gpxtpx:hr>
      <gpxtpx:cad>0</gpxtpx:cad>
     </gpxtpx:TrackPointExtension>
    </extensions>
   </trkpt>
   <trkpt lat="28.4116950" lon="83.8212410">
    <ele>1896.4</ele>
    <time>2026-06-09T06:54:44Z</time>
    <extensions>
     <gpxtpx:TrackPointExtension>
      <gpxtpx:hr>115</gpxtpx:hr>
      <gpxtpx:cad>0</gpxtpx:cad>
     </gpxtpx:TrackPointExtension>
    </extensions>
   </trkpt>
   <trkpt lat="28.4117060" lon="83.8212230">
    <ele>1896.8</ele>
    <time>2026-06-09T06:54:46Z</time>
    <extensions>
     <gpxtpx:TrackPointExtension>
      <gpxtpx:hr>117</gpxtpx:hr>
      <gpxtpx:cad>57</gpxtpx:cad>
     </gpxtpx:TrackPointExtension>
    </extensions>
   </trkpt>
   <trkpt lat="28.4117120" lon="83.8212160">
    <ele>1896.8</ele>
    <time>2026-06-09T06:54:47Z</time>
    <extensions>
     <gpxtpx:TrackPointExtension>
      <gpxtpx:hr>119</gpxtpx:hr>
      <gpxtpx:cad>56</gpxtpx:cad>
     </gpxtpx:TrackPointExtension>
    </extensions>
   </trkpt>
   <trkpt lat="28.4117450" lon="83.8211980">
    <ele>1897.6</ele>
    <time>2026-06-09T06:54:56Z</time>
    <extensions>
     <gpxtpx:TrackPointExtension>
      <gpxtpx:hr>121</gpxtpx:hr>
      <gpxtpx:cad>0</gpxtpx:cad>
     </gpxtpx:TrackPointExtension>
    </extensions>
   </trkpt>
   <trkpt lat="28.4117470" lon="83.8211950">
    <ele>1897.8</ele>
    <time>2026-06-09T06:54:57Z</time>
    <extensions>
     <gpxtpx:TrackPointExtension>
      <gpxtpx:hr>121</gpxtpx:hr>
      <gpxtpx:cad>65</gpxtpx:cad>
     </gpxtpx:TrackPointExtension>
    </extensions>
   </trkpt>
   <trkpt lat="28.4117550" lon="83.8211800">
    <ele>1898.4</ele>
    <time>2026-06-09T06:55:02Z</time>
    <extensions>
     <gpxtpx:TrackPointExtension>
      <gpxtpx:hr>123</gpxtpx:hr>
      <gpxtpx:cad>0</gpxtpx:cad>
     </gpxtpx:TrackPointExtension>
    </extensions>
   </trkpt>
   <trkpt lat="28.4117580" lon="83.8211600">
    <ele>1899.0</ele>
    <time>2026-06-09T06:55:07Z</time>
    <extensions>
     <gpxtpx:TrackPointExtension>
      <gpxtpx:hr>125</gpxtpx:hr>
      <gpxtpx:cad>49</gpxtpx:cad>
     </gpxtpx:TrackPointExtension>
    </extensions>
   </trkpt>
   <trkpt lat="28.4117610" lon="83.8211530">
    <ele>1899.4</ele>
    <time>2026-06-09T06:55:09Z</time>
    <extensions>
     <gpxtpx:TrackPointExtension>
      <gpxtpx:hr>124</gpxtpx:hr>
      <gpxtpx:cad>50</gpxtpx:cad>
     </gpxtpx:TrackPointExtension>
    </extensions>
   </trkpt>
   <trkpt lat="28.4117620" lon="83.8211390">
    <ele>1900.2</ele>
    <time>2026-06-09T06:55:13Z</time>
    <extensions>
     <gpxtpx:TrackPointExtension>
      <gpxtpx:hr>125</gpxtpx:hr>
      <gpxtpx:cad>53</gpxtpx:cad>
     </gpxtpx:TrackPointExtension>
    </extensions>
   </trkpt>
   <trkpt lat="28.4117610" lon="83.8211270">
    <ele>1900.6</ele>
    <time>2026-06-09T06:55:16Z</time>
    <extensions>
     <gpxtpx:TrackPointExtension>
      <gpxtpx:hr>126</gpxtpx:hr>
      <gpxtpx:cad>0</gpxtpx:cad>
     </gpxtpx:TrackPointExtension>
    </extensions>
   </trkpt>
   <trkpt lat="28.4117600" lon="83.8211130">
    <ele>1901.2</ele>
    <time>2026-06-09T06:55:19Z</time>
    <extensions>
     <gpxtpx:TrackPointExtension>
      <gpxtpx:hr>126</gpxtpx:hr>
      <gpxtpx:cad>53</gpxtpx:cad>
     </gpxtpx:TrackPointExtension>
    </extensions>
   </trkpt>
   <trkpt lat="28.4117560" lon="83.8211010">
    <ele>1902.0</ele>
    <time>2026-06-09T06:55:23Z</time>
    <extensions>
     <gpxtpx:TrackPointExtension>
      <gpxtpx:hr>128</gpxtpx:hr>
      <gpxtpx:cad>0</gpxtpx:cad>
     </gpxtpx:TrackPointExtension>
    </extensions>
   </trkpt>
   <trkpt lat="28.4117510" lon="83.8210900">
    <ele>1902.4</ele>
    <time>2026-06-09T06:55:27Z</time>
    <extensions>
     <gpxtpx:TrackPointExtension>
      <gpxtpx:hr>129</gpxtpx:hr>
      <gpxtpx:cad>0</gpxtpx:cad>
     </gpxtpx:TrackPointExtension>
    </extensions>
   </trkpt>
   <trkpt lat="28.4117550" lon="83.8210860">
    <ele>1903.2</ele>
    <time>2026-06-09T06:55:31Z</time>
    <extensions>
     <gpxtpx:TrackPointExtension>
      <gpxtpx:hr>130</gpxtpx:hr>
      <gpxtpx:cad>64</gpxtpx:cad>
     </gpxtpx:TrackPointExtension>
    </extensions>
   </trkpt>
   <trkpt lat="28.4117580" lon="83.8210850">
    <ele>1903.4</ele>
    <time>2026-06-09T06:55:32Z</time>
    <extensions>
     <gpxtpx:TrackPointExtension>
      <gpxtpx:hr>130</gpxtpx:hr>
      <gpxtpx:cad>62</gpxtpx:cad>
     </gpxtpx:TrackPointExtension>
    </extensions>
   </trkpt>
   <trkpt lat="28.4117870" lon="83.8210770">
    <ele>1904.6</ele>
    <time>2026-06-09T06:55:39Z</time>
    <extensions>
     <gpxtpx:TrackPointExtension>
      <gpxtpx:hr>130</gpxtpx:hr>
      <gpxtpx:cad>62</gpxtpx:cad>
     </gpxtpx:TrackPointExtension>
    </extensions>
   </trkpt>
   <trkpt lat="28.4118220" lon="83.8210640">
    <ele>1905.6</ele>
    <time>2026-06-09T06:55:45Z</time>
    <extensions>
     <gpxtpx:TrackPointExtension>
      <gpxtpx:hr>132</gpxtpx:hr>
      <gpxtpx:cad>64</gpxtpx:cad>
     </gpxtpx:TrackPointExtension>
    </extensions>
   </trkpt>
   <trkpt lat="28.4118310" lon="83.8210600">
    <ele>1905.8</ele>
    <time>2026-06-09T06:55:47Z</time>
    <extensions>
     <gpxtpx:TrackPointExtension>
      <gpxtpx:hr>132</gpxtpx:hr>
      <gpxtpx:cad>67</gpxtpx:cad>
     </gpxtpx:TrackPointExtension>
    </extensions>
   </trkpt>
   <trkpt lat="28.4118510" lon="83.8210600">
    <ele>1906.6</ele>
    <time>2026-06-09T06:55:54Z</time>
    <extensions>
     <gpxtpx:TrackPointExtension>
      <gpxtpx:hr>132</gpxtpx:hr>
      <gpxtpx:cad>0</gpxtpx:cad>
     </gpxtpx:TrackPointExtension>
    </extensions>
   </trkpt>
   <trkpt lat="28.4118730" lon="83.8210580">
    <ele>1907.8</ele>
    <time>2026-06-09T06:56:01Z</time>
    <extensions>
     <gpxtpx:TrackPointExtension>
      <gpxtpx:hr>131</gpxtpx:hr>
      <gpxtpx:cad>57</gpxtpx:cad>
     </gpxtpx:TrackPointExtension>
    </extensions>
   </trkpt>
   <trkpt lat="28.4118780" lon="83.8210580">
    <ele>1908.0</ele>
    <time>2026-06-09T06:56:02Z</time>
    <extensions>
     <gpxtpx:TrackPointExtension>
      <gpxtpx:hr>132</gpxtpx:hr>
      <gpxtpx:cad>57</gpxtpx:cad>
     </gpxtpx:TrackPointExtension>
    </extensions>
   </trkpt>
   <trkpt lat="28.4119010" lon="83.8210560">
    <ele>1909.0</ele>
    <time>2026-06-09T06:56:06Z</time>
    <extensions>
     <gpxtpx:TrackPointExtension>
      <gpxtpx:hr>130</gpxtpx:hr>
      <gpxtpx:cad>59</gpxtpx:cad>
     </gpxtpx:TrackPointExtension>
    </extensions>
   </trkpt>
   <trkpt lat="28.4119230" lon="83.8210420">
    <ele>1909.6</ele>
    <time>2026-06-09T06:56:10Z</time>
    <extensions>
     <gpxtpx:TrackPointExtension>
      <gpxtpx:hr>132</gpxtpx:hr>
      <gpxtpx:cad>59</gpxtpx:cad>
     </gpxtpx:TrackPointExtension>
    </extensions>
   </trkpt>
   <trkpt lat="28.4119340" lon="83.8210330">
    <ele>1910.0</ele>
    <time>2026-06-09T06:56:13Z</time>
    <extensions>
     <gpxtpx:TrackPointExtension>
      <gpxtpx:hr>132</gpxtpx:hr>
      <gpxtpx:cad>61</gpxtpx:cad>
     </gpxtpx:TrackPointExtension>
    </extensions>
   </trkpt>
   <trkpt lat="28.4119470" lon="83.8210170">
    <ele>1910.8</ele>
    <time>2026-06-09T06:56:18Z</time>
    <extensions>
     <gpxtpx:TrackPointExtension>
      <gpxtpx:hr>132</gpxtpx:hr>
      <gpxtpx:cad>59</gpxtpx:cad>
     </gpxtpx:TrackPointExtension>
    </extensions>
   </trkpt>
   <trkpt lat="28.4119510" lon="83.8210090">
    <ele>1911.0</ele>
    <time>2026-06-09T06:56:20Z</time>
    <extensions>
     <gpxtpx:TrackPointExtension>
      <gpxtpx:hr>132</gpxtpx:hr>
      <gpxtpx:cad>0</gpxtpx:cad>
     </gpxtpx:TrackPointExtension>
    </extensions>
   </trkpt>
   <trkpt lat="28.4119600" lon="83.8209910">
    <ele>1911.6</ele>
    <time>2026-06-09T06:56:24Z</time>
    <extensions>
     <gpxtpx:TrackPointExtension>
      <gpxtpx:hr>132</gpxtpx:hr>
      <gpxtpx:cad>68</gpxtpx:cad>
     </gpxtpx:TrackPointExtension>
    </extensions>
   </trkpt>
   <trkpt lat="28.4119670" lon="83.8209850">
    <ele>1912.2</ele>
    <time>2026-06-09T06:56:28Z</time>
    <extensions>
     <gpxtpx:TrackPointExtension>
      <gpxtpx:hr>132</gpxtpx:hr>
      <gpxtpx:cad>62</gpxtpx:cad>
     </gpxtpx:TrackPointExtension>
    </extensions>
   </trkpt>
   <trkpt lat="28.4119810" lon="83.8209790">
    <ele>1913.2</ele>
    <time>2026-06-09T06:56:33Z</time>
    <extensions>
     <gpxtpx:TrackPointExtension>
      <gpxtpx:hr>130</gpxtpx:hr>
      <gpxtpx:cad>58</gpxtpx:cad>
     </gpxtpx:TrackPointExtension>
    </extensions>
   </trkpt>
   <trkpt lat="28.4119840" lon="83.8209770">
    <ele>1913.4</ele>
    <time>2026-06-09T06:56:34Z</time>
    <extensions>
     <gpxtpx:TrackPointExtension>
      <gpxtpx:hr>130</gpxtpx:hr>
      <gpxtpx:cad>57</gpxtpx:cad>
     </gpxtpx:TrackPointExtension>
    </extensions>
   </trkpt>
   <trkpt lat="28.4119910" lon="83.8209750">
    <ele>1914.2</ele>
    <time>2026-06-09T06:56:40Z</time>
    <extensions>
     <gpxtpx:TrackPointExtension>
      <gpxtpx:hr>130</gpxtpx:hr>
      <gpxtpx:cad>52</gpxtpx:cad>
     </gpxtpx:TrackPointExtension>
    </extensions>
   </trkpt>
   <trkpt lat="28.4119960" lon="83.8209730">
    <ele>1914.6</ele>
    <time>2026-06-09T06:56:42Z</time>
    <extensions>
     <gpxtpx:TrackPointExtension>
      <gpxtpx:hr>130</gpxtpx:hr>
      <gpxtpx:cad>52</gpxtpx:cad>
     </gpxtpx:TrackPointExtension>
    </extensions>
   </trkpt>
   <trkpt lat="28.4120180" lon="83.8209700">
    <ele>1915.6</ele>
    <time>2026-06-09T06:56:48Z</time>
    <extensions>
     <gpxtpx:TrackPointExtension>
      <gpxtpx:hr>130</gpxtpx:hr>
      <gpxtpx:cad>52</gpxtpx:cad>
     </gpxtpx:TrackPointExtension>
    </extensions>
   </trkpt>
   <trkpt lat="28.4120210" lon="83.8209720">
    <ele>1915.8</ele>
    <time>2026-06-09T06:56:49Z</time>
    <extensions>
     <gpxtpx:TrackPointExtension>
      <gpxtpx:hr>129</gpxtpx:hr>
      <gpxtpx:cad>57</gpxtpx:cad>
     </gpxtpx:TrackPointExtension>
    </extensions>
   </trkpt>
   <trkpt lat="28.4120440" lon="83.8209600">
    <ele>1916.8</ele>
    <time>2026-06-09T06:56:55Z</time>
    <extensions>
     <gpxtpx:TrackPointExtension>
      <gpxtpx:hr>128</gpxtpx:hr>
      <gpxtpx:cad>0</gpxtpx:cad>
     </gpxtpx:TrackPointExtension>
    </extensions>
   </trkpt>
   <trkpt lat="28.4120530" lon="83.8209530">
    <ele>1917.0</ele>
    <time>2026-06-09T06:56:58Z</time>
    <extensions>
     <gpxtpx:TrackPointExtension>
      <gpxtpx:hr>127</gpxtpx:hr>
      <gpxtpx:cad>61</gpxtpx:cad>
     </gpxtpx:TrackPointExtension>
    </extensions>
   </trkpt>
   <trkpt lat="28.4120540" lon="83.8209320">
    <ele>1918.0</ele>
    <time>2026-06-09T06:57:03Z</time>
    <extensions>
     <gpxtpx:TrackPointExtension>
      <gpxtpx:hr>127</gpxtpx:hr>
      <gpxtpx:cad>0</gpxtpx:cad>
     </gpxtpx:TrackPointExtension>
    </extensions>
   </trkpt>
   <trkpt lat="28.4120390" lon="83.8209150">
    <ele>1918.4</ele>
    <time>2026-06-09T06:57:05Z</time>
    <extensions>
     <gpxtpx:TrackPointExtension>
      <gpxtpx:hr>128</gpxtpx:hr>
      <gpxtpx:cad>53</gpxtpx:cad>
     </gpxtpx:TrackPointExtension>
    </extensions>
   </trkpt>
   <trkpt lat="28.4120100" lon="83.8208920">
    <ele>1918.6</ele>
    <time>2026-06-09T06:57:11Z</time>
    <extensions>
     <gpxtpx:TrackPointExtension>
      <gpxtpx:hr>129</gpxtpx:hr>
      <gpxtpx:cad>0</gpxtpx:cad>
     </gpxtpx:TrackPointExtension>
    </extensions>
   </trkpt>
   <trkpt lat="28.4119990" lon="83.8208860">
    <ele>1919.0</ele>
    <time>2026-06-09T06:57:13Z</time>
    <extensions>
     <gpxtpx:TrackPointExtension>
      <gpxtpx:hr>128</gpxtpx:hr>
      <gpxtpx:cad>0</gpxtpx:cad>
     </gpxtpx:TrackPointExtension>
    </extensions>
   </trkpt>
   <trkpt lat="28.4119780" lon="83.8208730">
    <ele>1920.2</ele>
    <time>2026-06-09T06:57:18Z</time>
    <extensions>
     <gpxtpx:TrackPointExtension>
      <gpxtpx:hr>128</gpxtpx:hr>
      <gpxtpx:cad>0</gpxtpx:cad>
     </gpxtpx:TrackPointExtension>
    </extensions>
   </trkpt>
   <trkpt lat="28.4119730" lon="83.8208710">
    <ele>1920.6</ele>
    <time>2026-06-09T06:57:19Z</time>
    <extensions>
     <gpxtpx:TrackPointExtension>
      <gpxtpx:hr>128</gpxtpx:hr>
      <gpxtpx:cad>0</gpxtpx:cad>
     </gpxtpx:TrackPointExtension>
    </extensions>
   </trkpt>
   <trkpt lat="28.4119650" lon="83.8208660">
    <ele>1921.4</ele>
    <time>2026-06-09T06:57:21Z</time>
    <extensions>
     <gpxtpx:TrackPointExtension>
      <gpxtpx:hr>127</gpxtpx:hr>
      <gpxtpx:cad>0</gpxtpx:cad>
     </gpxtpx:TrackPointExtension>
    </extensions>
   </trkpt>
   <trkpt lat="28.4119530" lon="83.8208580">
    <ele>1920.4</ele>
    <time>2026-06-09T06:57:26Z</time>
    <extensions>
     <gpxtpx:TrackPointExtension>
      <gpxtpx:hr>126</gpxtpx:hr>
      <gpxtpx:cad>0</gpxtpx:cad>
     </gpxtpx:TrackPointExtension>
    </extensions>
   </trkpt>
   <trkpt lat="28.4119510" lon="83.8208580">
    <ele>1920.2</ele>
    <time>2026-06-09T06:57:28Z</time>
    <extensions>
     <gpxtpx:TrackPointExtension>
      <gpxtpx:hr>126</gpxtpx:hr>
      <gpxtpx:cad>0</gpxtpx:cad>
     </gpxtpx:TrackPointExtension>
    </extensions>
   </trkpt>
   <trkpt lat="28.4119450" lon="83.8208490">
    <ele>1921.0</ele>
    <time>2026-06-09T06:57:36Z</time>
    <extensions>
     <gpxtpx:TrackPointExtension>
      <gpxtpx:hr>125</gpxtpx:hr>
      <gpxtpx:cad>0</gpxtpx:cad>
     </gpxtpx:TrackPointExtension>
    </extensions>
   </trkpt>
   <trkpt lat="28.4119400" lon="83.8208510">
    <ele>1921.4</ele>
    <time>2026-06-09T06:57:38Z</time>
    <extensions>
     <gpxtpx:TrackPointExtension>
      <gpxtpx:hr>125</gpxtpx:hr>
      <gpxtpx:cad>59</gpxtpx:cad>
     </gpxtpx:TrackPointExtension>
    </extensions>
   </trkpt>
   <trkpt lat="28.4119330" lon="83.8208490">
    <ele>1921.8</ele>
    <time>2026-06-09T06:57:40Z</time>
    <extensions>
     <gpxtpx:TrackPointExtension>
      <gpxtpx:hr>122</gpxtpx:hr>
      <gpxtpx:cad>0</gpxtpx:cad>
     </gpxtpx:TrackPointExtension>
    </extensions>
   </trkpt>
   <trkpt lat="28.4119340" lon="83.8208470">
    <ele>1922.2</ele>
    <time>2026-06-09T06:57:41Z</time>
    <extensions>
     <gpxtpx:TrackPointExtension>
      <gpxtpx:hr>121</gpxtpx:hr>
      <gpxtpx:cad>0</gpxtpx:cad>
     </gpxtpx:TrackPointExtension>
    </extensions>
   </trkpt>
   <trkpt lat="28.4119340" lon="83.8208430">
    <ele>1922.4</ele>
    <time>2026-06-09T06:57:43Z</time>
    <extensions>
     <gpxtpx:TrackPointExtension>
      <gpxtpx:hr>120</gpxtpx:hr>
      <gpxtpx:cad>57</gpxtpx:cad>
     </gpxtpx:TrackPointExtension>
    </extensions>
   </trkpt>
   <trkpt lat="28.4119410" lon="83.8208480">
    <ele>1923.4</ele>
    <time>2026-06-09T06:57:48Z</time>
    <extensions>
     <gpxtpx:TrackPointExtension>
      <gpxtpx:hr>120</gpxtpx:hr>
      <gpxtpx:cad>0</gpxtpx:cad>
     </gpxtpx:TrackPointExtension>
    </extensions>
   </trkpt>
   <trkpt lat="28.4119410" lon="83.8208500">
    <ele>1923.8</ele>
    <time>2026-06-09T06:57:49Z</time>
    <extensions>
     <gpxtpx:TrackPointExtension>
      <gpxtpx:hr>121</gpxtpx:hr>
      <gpxtpx:cad>0</gpxtpx:cad>
     </gpxtpx:TrackPointExtension>
    </extensions>
   </trkpt>
   <trkpt lat="28.4119410" lon="83.8208520">
    <ele>1924.8</ele>
    <time>2026-06-09T06:57:52Z</time>
    <extensions>
     <gpxtpx:TrackPointExtension>
      <gpxtpx:hr>122</gpxtpx:hr>
      <gpxtpx:cad>0</gpxtpx:cad>
     </gpxtpx:TrackPointExtension>
    </extensions>
   </trkpt>
   <trkpt lat="28.4119460" lon="83.8208540">
    <ele>1925.0</ele>
    <time>2026-06-09T06:57:55Z</time>
    <extensions>
     <gpxtpx:TrackPointExtension>
      <gpxtpx:hr>122</gpxtpx:hr>
      <gpxtpx:cad>0</gpxtpx:cad>
     </gpxtpx:TrackPointExtension>
    </extensions>
   </trkpt>
   <trkpt lat="28.4119480" lon="83.8208540">
    <ele>1924.8</ele>
    <time>2026-06-09T06:57:58Z</time>
    <extensions>
     <gpxtpx:TrackPointExtension>
      <gpxtpx:hr>125</gpxtpx:hr>
      <gpxtpx:cad>0</gpxtpx:cad>
     </gpxtpx:TrackPointExtension>
    </extensions>
   </trkpt>
   <trkpt lat="28.4119350" lon="83.8208590">
    <ele>1924.2</ele>
    <time>2026-06-09T06:58:03Z</time>
    <extensions>
     <gpxtpx:TrackPointExtension>
      <gpxtpx:hr>128</gpxtpx:hr>
      <gpxtpx:cad>0</gpxtpx:cad>
     </gpxtpx:TrackPointExtension>
    </extensions>
   </trkpt>
   <trkpt lat="28.4119300" lon="83.8208600">
    <ele>1923.8</ele>
    <time>2026-06-09T06:58:04Z</time>
    <extensions>
     <gpxtpx:TrackPointExtension>
      <gpxtpx:hr>129</gpxtpx:hr>
      <gpxtpx:cad>0</gpxtpx:cad>
     </gpxtpx:TrackPointExtension>
    </extensions>
   </trkpt>
   <trkpt lat="28.4119110" lon="83.8208620">
    <ele>1923.2</ele>
    <time>2026-06-09T06:58:08Z</time>
    <extensions>
     <gpxtpx:TrackPointExtension>
      <gpxtpx:hr>126</gpxtpx:hr>
      <gpxtpx:cad>0</gpxtpx:cad>
     </gpxtpx:TrackPointExtension>
    </extensions>
   </trkpt>
   <trkpt lat="28.4118970" lon="83.8208630">
    <ele>1923.6</ele>
    <time>2026-06-09T06:58:11Z</time>
    <extensions>
     <gpxtpx:TrackPointExtension>
      <gpxtpx:hr>123</gpxtpx:hr>
      <gpxtpx:cad>0</gpxtpx:cad>
     </gpxtpx:TrackPointExtension>
    </extensions>
   </trkpt>
   <trkpt lat="28.4119020" lon="83.8208610">
    <ele>1923.6</ele>
    <time>2026-06-09T06:58:13Z</time>
    <extensions>
     <gpxtpx:TrackPointExtension>
      <gpxtpx:hr>120</gpxtpx:hr>
      <gpxtpx:cad>0</gpxtpx:cad>
     </gpxtpx:TrackPointExtension>
    </extensions>
   </trkpt>
   <trkpt lat="28.4119260" lon="83.8208500">
    <ele>1923.4</ele>
    <time>2026-06-09T06:58:19Z</time>
    <extensions>
     <gpxtpx:TrackPointExtension>
      <gpxtpx:hr>116</gpxtpx:hr>
      <gpxtpx:cad>0</gpxtpx:cad>
     </gpxtpx:TrackPointExtension>
    </extensions>
   </trkpt>
   <trkpt lat="28.4119390" lon="83.8208420">
    <ele>1923.4</ele>
    <time>2026-06-09T06:58:21Z</time>
    <extensions>
     <gpxtpx:TrackPointExtension>
      <gpxtpx:hr>114</gpxtpx:hr>
      <gpxtpx:cad>0</gpxtpx:cad>
     </gpxtpx:TrackPointExtension>
    </extensions>
   </trkpt>
   <trkpt lat="28.4119500" lon="83.8208390">
    <ele>1923.6</ele>
    <time>2026-06-09T06:58:25Z</time>
    <extensions>
     <gpxtpx:TrackPointExtension>
      <gpxtpx:hr>111</gpxtpx:hr>
      <gpxtpx:cad>0</gpxtpx:cad>
     </gpxtpx:TrackPointExtension>
    </extensions>
   </trkpt>
   <trkpt lat="28.4119480" lon="83.8208370">
    <ele>1924.8</ele>
    <time>2026-06-09T06:58:28Z</time>
    <extensions>
     <gpxtpx:TrackPointExtension>
      <gpxtpx:hr>108</gpxtpx:hr>
      <gpxtpx:cad>0</gpxtpx:cad>
     </gpxtpx:TrackPointExtension>
    </extensions>
   </trkpt>
   <trkpt lat="28.4119450" lon="83.8208300">
    <ele>1923.8</ele>
    <time>2026-06-09T06:58:33Z</time>
    <extensions>
     <gpxtpx:TrackPointExtension>
      <gpxtpx:hr>108</gpxtpx:hr>
      <gpxtpx:cad>0</gpxtpx:cad>
     </gpxtpx:TrackPointExtension>
    </extensions>
   </trkpt>
   <trkpt lat="28.4119410" lon="83.8208260">
    <ele>1923.8</ele>
    <time>2026-06-09T06:58:35Z</time>
    <extensions>
     <gpxtpx:TrackPointExtension>
      <gpxtpx:hr>108</gpxtpx:hr>
      <gpxtpx:cad>0</gpxtpx:cad>
     </gpxtpx:TrackPointExtension>
    </extensions>
   </trkpt>
   <trkpt lat="28.4119380" lon="83.8208250">
    <ele>1923.8</ele>
    <time>2026-06-09T06:58:37Z</time>
    <extensions>
     <gpxtpx:TrackPointExtension>
      <gpxtpx:hr>104</gpxtpx:hr>
      <gpxtpx:cad>0</gpxtpx:cad>
     </gpxtpx:TrackPointExtension>
    </extensions>
   </trkpt>
   <trkpt lat="28.4119370" lon="83.8208300">
    <ele>1924.0</ele>
    <time>2026-06-09T06:58:39Z</time>
    <extensions>
     <gpxtpx:TrackPointExtension>
      <gpxtpx:hr>101</gpxtpx:hr>
      <gpxtpx:cad>0</gpxtpx:cad>
     </gpxtpx:TrackPointExtension>
    </extensions>
   </trkpt>
   <trkpt lat="28.4119350" lon="83.8208300">
    <ele>1924.2</ele>
    <time>2026-06-09T06:58:45Z</time>
    <extensions>
     <gpxtpx:TrackPointExtension>
      <gpxtpx:hr>100</gpxtpx:hr>
      <gpxtpx:cad>0</gpxtpx:cad>
     </gpxtpx:TrackPointExtension>
    </extensions>
   </trkpt>
   <trkpt lat="28.4119450" lon="83.8208340">
    <ele>1925.0</ele>
    <time>2026-06-09T06:58:48Z</time>
    <extensions>
     <gpxtpx:TrackPointExtension>
      <gpxtpx:hr>99</gpxtpx:hr>
      <gpxtpx:cad>0</gpxtpx:cad>
     </gpxtpx:TrackPointExtension>
    </extensions>
   </trkpt>
   <trkpt lat="28.4119870" lon="83.8208420">
    <ele>1925.8</ele>
    <time>2026-06-09T06:58:53Z</time>
    <extensions>
     <gpxtpx:TrackPointExtension>
      <gpxtpx:hr>98</gpxtpx:hr>
      <gpxtpx:cad>43</gpxtpx:cad>
     </gpxtpx:TrackPointExtension>
    </extensions>
   </trkpt>
   <trkpt lat="28.4120100" lon="83.8208340">
    <ele>1926.0</ele>
    <time>2026-06-09T06:58:56Z</time>
    <extensions>
     <gpxtpx:TrackPointExtension>
      <gpxtpx:hr>100</gpxtpx:hr>
      <gpxtpx:cad>43</gpxtpx:cad>
     </gpxtpx:TrackPointExtension>
    </extensions>
   </trkpt>
   <trkpt lat="28.4120280" lon="83.8208260">
    <ele>1926.4</ele>
    <time>2026-06-09T06:59:00Z</time>
    <extensions>
     <gpxtpx:TrackPointExtension>
      <gpxtpx:hr>99</gpxtpx:hr>
      <gpxtpx:cad>0</gpxtpx:cad>
     </gpxtpx:TrackPointExtension>
    </extensions>
   </trkpt>
   <trkpt lat="28.4120460" lon="83.8208300">
    <ele>1927.2</ele>
    <time>2026-06-09T06:59:04Z</time>
    <extensions>
     <gpxtpx:TrackPointExtension>
      <gpxtpx:hr>100</gpxtpx:hr>
      <gpxtpx:cad>0</gpxtpx:cad>
     </gpxtpx:TrackPointExtension>
    </extensions>
   </trkpt>
   <trkpt lat="28.4120570" lon="83.8208230">
    <ele>1928.0</ele>
    <time>2026-06-09T06:59:07Z</time>
    <extensions>
     <gpxtpx:TrackPointExtension>
      <gpxtpx:hr>103</gpxtpx:hr>
      <gpxtpx:cad>51</gpxtpx:cad>
     </gpxtpx:TrackPointExtension>
    </extensions>
   </trkpt>
   <trkpt lat="28.4120580" lon="83.8208200">
    <ele>1928.2</ele>
    <time>2026-06-09T06:59:08Z</time>
    <extensions>
     <gpxtpx:TrackPointExtension>
      <gpxtpx:hr>102</gpxtpx:hr>
      <gpxtpx:cad>55</gpxtpx:cad>
     </gpxtpx:TrackPointExtension>
    </extensions>
   </trkpt>
   <trkpt lat="28.4120580" lon="83.8208160">
    <ele>1928.4</ele>
    <time>2026-06-09T06:59:09Z</time>
    <extensions>
     <gpxtpx:TrackPointExtension>
      <gpxtpx:hr>102</gpxtpx:hr>
      <gpxtpx:cad>55</gpxtpx:cad>
     </gpxtpx:TrackPointExtension>
    </extensions>
   </trkpt>
   <trkpt lat="28.4120760" lon="83.8208110">
    <ele>1929.0</ele>
    <time>2026-06-09T06:59:15Z</time>
    <extensions>
     <gpxtpx:TrackPointExtension>
      <gpxtpx:hr>102</gpxtpx:hr>
      <gpxtpx:cad>57</gpxtpx:cad>
     </gpxtpx:TrackPointExtension>
    </extensions>
   </trkpt>
   <trkpt lat="28.4120960" lon="83.8207960">
    <ele>1929.0</ele>
    <time>2026-06-09T06:59:20Z</time>
    <extensions>
     <gpxtpx:TrackPointExtension>
      <gpxtpx:hr>103</gpxtpx:hr>
      <gpxtpx:cad>0</gpxtpx:cad>
     </gpxtpx:TrackPointExtension>
    </extensions>
   </trkpt>
   <trkpt lat="28.4121000" lon="83.8207900">
    <ele>1929.4</ele>
    <time>2026-06-09T06:59:23Z</time>
    <extensions>
     <gpxtpx:TrackPointExtension>
      <gpxtpx:hr>104</gpxtpx:hr>
      <gpxtpx:cad>0</gpxtpx:cad>
     </gpxtpx:TrackPointExtension>
    </extensions>
   </trkpt>
   <trkpt lat="28.4121030" lon="83.8207850">
    <ele>1930.2</ele>
    <time>2026-06-09T06:59:26Z</time>
    <extensions>
     <gpxtpx:TrackPointExtension>
      <gpxtpx:hr>107</gpxtpx:hr>
      <gpxtpx:cad>53</gpxtpx:cad>
     </gpxtpx:TrackPointExtension>
    </extensions>
   </trkpt>
   <trkpt lat="28.4121020" lon="83.8207830">
    <ele>1930.4</ele>
    <time>2026-06-09T06:59:27Z</time>
    <extensions>
     <gpxtpx:TrackPointExtension>
      <gpxtpx:hr>107</gpxtpx:hr>
      <gpxtpx:cad>53</gpxtpx:cad>
     </gpxtpx:TrackPointExtension>
    </extensions>
   </trkpt>
   <trkpt lat="28.4121000" lon="83.8207800">
    <ele>1930.4</ele>
    <time>2026-06-09T06:59:28Z</time>
    <extensions>
     <gpxtpx:TrackPointExtension>
      <gpxtpx:hr>109</gpxtpx:hr>
      <gpxtpx:cad>53</gpxtpx:cad>
     </gpxtpx:TrackPointExtension>
    </extensions>
   </trkpt>
   <trkpt lat="28.4120860" lon="83.8207600">
    <ele>1931.2</ele>
    <time>2026-06-09T06:59:33Z</time>
    <extensions>
     <gpxtpx:TrackPointExtension>
      <gpxtpx:hr>112</gpxtpx:hr>
      <gpxtpx:cad>0</gpxtpx:cad>
     </gpxtpx:TrackPointExtension>
    </extensions>
   </trkpt>
   <trkpt lat="28.4120810" lon="83.8207540">
    <ele>1931.4</ele>
    <time>2026-06-09T06:59:34Z</time>
    <extensions>
     <gpxtpx:TrackPointExtension>
      <gpxtpx:hr>112</gpxtpx:hr>
      <gpxtpx:cad>0</gpxtpx:cad>
     </gpxtpx:TrackPointExtension>
    </extensions>
   </trkpt>
   <trkpt lat="28.4120740" lon="83.8207390">
    <ele>1931.6</ele>
    <time>2026-06-09T06:59:36Z</time>
    <extensions>
     <gpxtpx:TrackPointExtension>
      <gpxtpx:hr>116</gpxtpx:hr>
      <gpxtpx:cad>0</gpxtpx:cad>
     </gpxtpx:TrackPointExtension>
    </extensions>
   </trkpt>
   <trkpt lat="28.4120710" lon="83.8207290">
    <ele>1931.6</ele>
    <time>2026-06-09T06:59:38Z</time>
    <extensions>
     <gpxtpx:TrackPointExtension>
      <gpxtpx:hr>120</gpxtpx:hr>
      <gpxtpx:cad>0</gpxtpx:cad>
     </gpxtpx:TrackPointExtension>
    </extensions>
   </trkpt>
   <trkpt lat="28.4120520" lon="83.8207020">
    <ele>1932.0</ele>
    <time>2026-06-09T06:59:43Z</time>
    <extensions>
     <gpxtpx:TrackPointExtension>
      <gpxtpx:hr>123</gpxtpx:hr>
      <gpxtpx:cad>64</gpxtpx:cad>
     </gpxtpx:TrackPointExtension>
    </extensions>
   </trkpt>
   <trkpt lat="28.4120330" lon="83.8206800">
    <ele>1932.6</ele>
    <time>2026-06-09T06:59:47Z</time>
    <extensions>
     <gpxtpx:TrackPointExtension>
      <gpxtpx:hr>122</gpxtpx:hr>
      <gpxtpx:cad>0</gpxtpx:cad>
     </gpxtpx:TrackPointExtension>
    </extensions>
   </trkpt>
   <trkpt lat="28.4120250" lon="83.8206680">
    <ele>1933.0</ele>
    <time>2026-06-09T06:59:50Z</time>
    <extensions>
     <gpxtpx:TrackPointExtension>
      <gpxtpx:hr>122</gpxtpx:hr>
      <gpxtpx:cad>58</gpxtpx:cad>
     </gpxtpx:TrackPointExtension>
    </extensions>
   </trkpt>
   <trkpt lat="28.4120190" lon="83.8206630">
    <ele>1933.6</ele>
    <time>2026-06-09T06:59:53Z</time>
    <extensions>
     <gpxtpx:TrackPointExtension>
      <gpxtpx:hr>123</gpxtpx:hr>
      <gpxtpx:cad>58</gpxtpx:cad>
     </gpxtpx:TrackPointExtension>
    </extensions>
   </trkpt>
   <trkpt lat="28.4120130" lon="83.8206500">
    <ele>1934.4</ele>
    <time>2026-06-09T06:59:57Z</time>
    <extensions>
     <gpxtpx:TrackPointExtension>
      <gpxtpx:hr>124</gpxtpx:hr>
      <gpxtpx:cad>57</gpxtpx:cad>
     </gpxtpx:TrackPointExtension>
    </extensions>
   </trkpt>
   <trkpt lat="28.4119990" lon="83.8206380">
    <ele>1934.8</ele>
    <time>2026-06-09T07:00:00Z</time>
    <extensions>
     <gpxtpx:TrackPointExtension>
      <gpxtpx:hr>124</gpxtpx:hr>
      <gpxtpx:cad>63</gpxtpx:cad>
     </gpxtpx:TrackPointExtension>
    </extensions>
   </trkpt>
   <trkpt lat="28.4119900" lon="83.8206300">
    <ele>1935.2</ele>
    <time>2026-06-09T07:00:03Z</time>
    <extensions>
     <gpxtpx:TrackPointExtension>
      <gpxtpx:hr>126</gpxtpx:hr>
      <gpxtpx:cad>68</gpxtpx:cad>
     </gpxtpx:TrackPointExtension>
    </extensions>
   </trkpt>
   <trkpt lat="28.4119810" lon="83.8206310">
    <ele>1935.4</ele>
    <time>2026-06-09T07:00:11Z</time>
    <extensions>
     <gpxtpx:TrackPointExtension>
      <gpxtpx:hr>126</gpxtpx:hr>
      <gpxtpx:cad>76</gpxtpx:cad>
     </gpxtpx:TrackPointExtension>
    </extensions>
   </trkpt>
   <trkpt lat="28.4119890" lon="83.8206430">
    <ele>1935.8</ele>
    <time>2026-06-09T07:00:15Z</time>
    <extensions>
     <gpxtpx:TrackPointExtension>
      <gpxtpx:hr>126</gpxtpx:hr>
      <gpxtpx:cad>70</gpxtpx:cad>
     </gpxtpx:TrackPointExtension>
    </extensions>
   </trkpt>
   <trkpt lat="28.4120030" lon="83.8206480">
    <ele>1936.2</ele>
    <time>2026-06-09T07:00:17Z</time>
    <extensions>
     <gpxtpx:TrackPointExtension>
      <gpxtpx:hr>126</gpxtpx:hr>
      <gpxtpx:cad>75</gpxtpx:cad>
     </gpxtpx:TrackPointExtension>
    </extensions>
   </trkpt>
   <trkpt lat="28.4120250" lon="83.8206500">
    <ele>1936.8</ele>
    <time>2026-06-09T07:00:21Z</time>
    <extensions>
     <gpxtpx:TrackPointExtension>
      <gpxtpx:hr>125</gpxtpx:hr>
      <gpxtpx:cad>71</gpxtpx:cad>
     </gpxtpx:TrackPointExtension>
    </extensions>
   </trkpt>
   <trkpt lat="28.4120330" lon="83.8206470">
    <ele>1937.2</ele>
    <time>2026-06-09T07:00:23Z</time>
    <extensions>
     <gpxtpx:TrackPointExtension>
      <gpxtpx:hr>124</gpxtpx:hr>
      <gpxtpx:cad>0</gpxtpx:cad>
     </gpxtpx:TrackPointExtension>
    </extensions>
   </trkpt>
   <trkpt lat="28.4120370" lon="83.8206460">
    <ele>1937.2</ele>
    <time>2026-06-09T07:00:24Z</time>
    <extensions>
     <gpxtpx:TrackPointExtension>
      <gpxtpx:hr>124</gpxtpx:hr>
      <gpxtpx:cad>0</gpxtpx:cad>
     </gpxtpx:TrackPointExtension>
    </extensions>
   </trkpt>
   <trkpt lat="28.4120580" lon="83.8206450">
    <ele>1937.8</ele>
    <time>2026-06-09T07:00:31Z</time>
    <extensions>
     <gpxtpx:TrackPointExtension>
      <gpxtpx:hr>124</gpxtpx:hr>
      <gpxtpx:cad>0</gpxtpx:cad>
     </gpxtpx:TrackPointExtension>
    </extensions>
   </trkpt>
   <trkpt lat="28.4120630" lon="83.8206330">
    <ele>1938.0</ele>
    <time>2026-06-09T07:00:34Z</time>
    <extensions>
     <gpxtpx:TrackPointExtension>
      <gpxtpx:hr>126</gpxtpx:hr>
      <gpxtpx:cad>71</gpxtpx:cad>
     </gpxtpx:TrackPointExtension>
    </extensions>
   </trkpt>
   <trkpt lat="28.4120580" lon="83.8206160">
    <ele>1938.4</ele>
    <time>2026-06-09T07:00:37Z</time>
    <extensions>
     <gpxtpx:TrackPointExtension>
      <gpxtpx:hr>126</gpxtpx:hr>
      <gpxtpx:cad>0</gpxtpx:cad>
     </gpxtpx:TrackPointExtension>
    </extensions>
   </trkpt>
   <trkpt lat="28.4120570" lon="83.8206020">
    <ele>1939.0</ele>
    <time>2026-06-09T07:00:41Z</time>
    <extensions>
     <gpxtpx:TrackPointExtension>
      <gpxtpx:hr>126</gpxtpx:hr>
      <gpxtpx:cad>55</gpxtpx:cad>
     </gpxtpx:TrackPointExtension>
    </extensions>
   </trkpt>
   <trkpt lat="28.4120490" lon="83.8205840">
    <ele>1940.0</ele>
    <time>2026-06-09T07:00:45Z</time>
    <extensions>
     <gpxtpx:TrackPointExtension>
      <gpxtpx:hr>126</gpxtpx:hr>
      <gpxtpx:cad>65</gpxtpx:cad>
     </gpxtpx:TrackPointExtension>
    </extensions>
   </trkpt>
   <trkpt lat="28.4120450" lon="83.8205780">
    <ele>1940.2</ele>
    <time>2026-06-09T07:00:46Z</time>
    <extensions>
     <gpxtpx:TrackPointExtension>
      <gpxtpx:hr>126</gpxtpx:hr>
      <gpxtpx:cad>65</gpxtpx:cad>
     </gpxtpx:TrackPointExtension>
    </extensions>
   </trkpt>
   <trkpt lat="28.4120290" lon="83.8205730">
    <ele>1940.6</ele>
    <time>2026-06-09T07:00:52Z</time>
    <extensions>
     <gpxtpx:TrackPointExtension>
      <gpxtpx:hr>126</gpxtpx:hr>
      <gpxtpx:cad>0</gpxtpx:cad>
     </gpxtpx:TrackPointExtension>
    </extensions>
   </trkpt>
   <trkpt lat="28.4119910" lon="83.8205650">
    <ele>1940.8</ele>
    <time>2026-06-09T07:01:00Z</time>
    <extensions>
     <gpxtpx:TrackPointExtension>
      <gpxtpx:hr>126</gpxtpx:hr>
      <gpxtpx:cad>0</gpxtpx:cad>
     </gpxtpx:TrackPointExtension>
    </extensions>
   </trkpt>
   <trkpt lat="28.4119780" lon="83.8205610">
    <ele>1941.4</ele>
    <time>2026-06-09T07:01:04Z</time>
    <extensions>
     <gpxtpx:TrackPointExtension>
      <gpxtpx:hr>128</gpxtpx:hr>
      <gpxtpx:cad>0</gpxtpx:cad>
     </gpxtpx:TrackPointExtension>
    </extensions>
   </trkpt>
   <trkpt lat="28.4119620" lon="83.8205530">
    <ele>1942.2</ele>
    <time>2026-06-09T07:01:08Z</time>
    <extensions>
     <gpxtpx:TrackPointExtension>
      <gpxtpx:hr>128</gpxtpx:hr>
      <gpxtpx:cad>64</gpxtpx:cad>
     </gpxtpx:TrackPointExtension>
    </extensions>
   </trkpt>
   <trkpt lat="28.4119570" lon="83.8205500">
    <ele>1942.4</ele>
    <time>2026-06-09T07:01:09Z</time>
    <extensions>
     <gpxtpx:TrackPointExtension>
      <gpxtpx:hr>127</gpxtpx:hr>
      <gpxtpx:cad>64</gpxtpx:cad>
     </gpxtpx:TrackPointExtension>
    </extensions>
   </trkpt>
   <trkpt lat="28.4119500" lon="83.8205270">
    <ele>1943.4</ele>
    <time>2026-06-09T07:01:16Z</time>
    <extensions>
     <gpxtpx:TrackPointExtension>
      <gpxtpx:hr>127</gpxtpx:hr>
      <gpxtpx:cad>58</gpxtpx:cad>
     </gpxtpx:TrackPointExtension>
    </extensions>
   </trkpt>
   <trkpt lat="28.4119460" lon="83.8205150">
    <ele>1944.6</ele>
    <time>2026-06-09T07:01:21Z</time>
    <extensions>
     <gpxtpx:TrackPointExtension>
      <gpxtpx:hr>128</gpxtpx:hr>
      <gpxtpx:cad>56</gpxtpx:cad>
     </gpxtpx:TrackPointExtension>
    </extensions>
   </trkpt>
   <trkpt lat="28.4119460" lon="83.8205130">
    <ele>1944.8</ele>
    <time>2026-06-09T07:01:22Z</time>
    <extensions>
     <gpxtpx:TrackPointExtension>
      <gpxtpx:hr>128</gpxtpx:hr>
      <gpxtpx:cad>0</gpxtpx:cad>
     </gpxtpx:TrackPointExtension>
    </extensions>
   </trkpt>
   <trkpt lat="28.4119330" lon="83.8204960">
    <ele>1945.6</ele>
    <time>2026-06-09T07:01:28Z</time>
    <extensions>
     <gpxtpx:TrackPointExtension>
      <gpxtpx:hr>127</gpxtpx:hr>
      <gpxtpx:cad>61</gpxtpx:cad>
     </gpxtpx:TrackPointExtension>
    </extensions>
   </trkpt>
   <trkpt lat="28.4119310" lon="83.8204970">
    <ele>1946.0</ele>
    <time>2026-06-09T07:01:30Z</time>
    <extensions>
     <gpxtpx:TrackPointExtension>
      <gpxtpx:hr>128</gpxtpx:hr>
      <gpxtpx:cad>0</gpxtpx:cad>
     </gpxtpx:TrackPointExtension>
    </extensions>
   </trkpt>
   <trkpt lat="28.4119180" lon="83.8204770">
    <ele>1945.6</ele>
    <time>2026-06-09T07:01:39Z</time>
    <extensions>
     <gpxtpx:TrackPointExtension>
      <gpxtpx:hr>129</gpxtpx:hr>
      <gpxtpx:cad>0</gpxtpx:cad>
     </gpxtpx:TrackPointExtension>
    </extensions>
   </trkpt>
   <trkpt lat="28.4119360" lon="83.8204890">
    <ele>1945.8</ele>
    <time>2026-06-09T07:01:45Z</time>
    <extensions>
     <gpxtpx:TrackPointExtension>
      <gpxtpx:hr>126</gpxtpx:hr>
      <gpxtpx:cad>0</gpxtpx:cad>
     </gpxtpx:TrackPointExtension>
    </extensions>
   </trkpt>
   <trkpt lat="28.4119380" lon="83.8204780">
    <ele>1945.6</ele>
    <time>2026-06-09T07:01:52Z</time>
    <extensions>
     <gpxtpx:TrackPointExtension>
      <gpxtpx:hr>122</gpxtpx:hr>
      <gpxtpx:cad>0</gpxtpx:cad>
     </gpxtpx:TrackPointExtension>
    </extensions>
   </trkpt>
   <trkpt lat="28.4119390" lon="83.8204700">
    <ele>1945.8</ele>
    <time>2026-06-09T07:01:54Z</time>
    <extensions>
     <gpxtpx:TrackPointExtension>
      <gpxtpx:hr>118</gpxtpx:hr>
      <gpxtpx:cad>0</gpxtpx:cad>
     </gpxtpx:TrackPointExtension>
    </extensions>
   </trkpt>
   <trkpt lat="28.4119420" lon="83.8204650">
    <ele>1946.2</ele>
    <time>2026-06-09T07:01:56Z</time>
    <extensions>
     <gpxtpx:TrackPointExtension>
      <gpxtpx:hr>115</gpxtpx:hr>
      <gpxtpx:cad>0</gpxtpx:cad>
     </gpxtpx:TrackPointExtension>
    </extensions>
   </trkpt>
   <trkpt lat="28.4119430" lon="83.8204570">
    <ele>1946.6</ele>
    <time>2026-06-09T07:01:59Z</time>
    <extensions>
     <gpxtpx:TrackPointExtension>
      <gpxtpx:hr>115</gpxtpx:hr>
      <gpxtpx:cad>0</gpxtpx:cad>
     </gpxtpx:TrackPointExtension>
    </extensions>
   </trkpt>
   <trkpt lat="28.4119420" lon="83.8204520">
    <ele>1946.6</ele>
    <time>2026-06-09T07:02:01Z</time>
    <extensions>
     <gpxtpx:TrackPointExtension>
      <gpxtpx:hr>115</gpxtpx:hr>
      <gpxtpx:cad>0</gpxtpx:cad>
     </gpxtpx:TrackPointExtension>
    </extensions>
   </trkpt>
   <trkpt lat="28.4119320" lon="83.8204610">
    <ele>1946.6</ele>
    <time>2026-06-09T07:02:07Z</time>
    <extensions>
     <gpxtpx:TrackPointExtension>
      <gpxtpx:hr>113</gpxtpx:hr>
      <gpxtpx:cad>0</gpxtpx:cad>
     </gpxtpx:TrackPointExtension>
    </extensions>
   </trkpt>
   <trkpt lat="28.4119290" lon="83.8204630">
    <ele>1947.6</ele>
    <time>2026-06-09T07:02:10Z</time>
    <extensions>
     <gpxtpx:TrackPointExtension>
      <gpxtpx:hr>114</gpxtpx:hr>
      <gpxtpx:cad>0</gpxtpx:cad>
     </gpxtpx:TrackPointExtension>
    </extensions>
   </trkpt>
   <trkpt lat="28.4119210" lon="83.8204660">
    <ele>1946.6</ele>
    <time>2026-06-09T07:02:15Z</time>
    <extensions>
     <gpxtpx:TrackPointExtension>
      <gpxtpx:hr>112</gpxtpx:hr>
      <gpxtpx:cad>0</gpxtpx:cad>
     </gpxtpx:TrackPointExtension>
    </extensions>
   </trkpt>
   <trkpt lat="28.4119200" lon="83.8204660">
    <ele>1946.4</ele>
    <time>2026-06-09T07:02:17Z</time>
    <extensions>
     <gpxtpx:TrackPointExtension>
      <gpxtpx:hr>112</gpxtpx:hr>
      <gpxtpx:cad>0</gpxtpx:cad>
     </gpxtpx:TrackPointExtension>
    </extensions>
   </trkpt>
   <trkpt lat="28.4119150" lon="83.8204640">
    <ele>1946.6</ele>
    <time>2026-06-09T07:02:25Z</time>
    <extensions>
     <gpxtpx:TrackPointExtension>
      <gpxtpx:hr>109</gpxtpx:hr>
      <gpxtpx:cad>0</gpxtpx:cad>
     </gpxtpx:TrackPointExtension>
    </extensions>
   </trkpt>
   <trkpt lat="28.4119100" lon="83.8204620">
    <ele>1946.8</ele>
    <time>2026-06-09T07:02:28Z</time>
    <extensions>
     <gpxtpx:TrackPointExtension>
      <gpxtpx:hr>106</gpxtpx:hr>
      <gpxtpx:cad>0</gpxtpx:cad>
     </gpxtpx:TrackPointExtension>
    </extensions>
   </trkpt>
   <trkpt lat="28.4119090" lon="83.8204610">
    <ele>1946.8</ele>
    <time>2026-06-09T07:02:29Z</time>
    <extensions>
     <gpxtpx:TrackPointExtension>
      <gpxtpx:hr>105</gpxtpx:hr>
      <gpxtpx:cad>0</gpxtpx:cad>
     </gpxtpx:TrackPointExtension>
    </extensions>
   </trkpt>
   <trkpt lat="28.4119160" lon="83.8204560">
    <ele>1947.2</ele>
    <time>2026-06-09T07:02:32Z</time>
    <extensions>
     <gpxtpx:TrackPointExtension>
      <gpxtpx:hr>102</gpxtpx:hr>
      <gpxtpx:cad>68</gpxtpx:cad>
     </gpxtpx:TrackPointExtension>
    </extensions>
   </trkpt>
   <trkpt lat="28.4119190" lon="83.8204550">
    <ele>1947.6</ele>
    <time>2026-06-09T07:02:34Z</time>
    <extensions>
     <gpxtpx:TrackPointExtension>
      <gpxtpx:hr>99</gpxtpx:hr>
      <gpxtpx:cad>0</gpxtpx:cad>
     </gpxtpx:TrackPointExtension>
    </extensions>
   </trkpt>
   <trkpt lat="28.4119200" lon="83.8204520">
    <ele>1947.8</ele>
    <time>2026-06-09T07:02:35Z</time>
    <extensions>
     <gpxtpx:TrackPointExtension>
      <gpxtpx:hr>98</gpxtpx:hr>
      <gpxtpx:cad>0</gpxtpx:cad>
     </gpxtpx:TrackPointExtension>
    </extensions>
   </trkpt>
   <trkpt lat="28.4119180" lon="83.8204460">
    <ele>1948.4</ele>
    <time>2026-06-09T07:02:37Z</time>
    <extensions>
     <gpxtpx:TrackPointExtension>
      <gpxtpx:hr>98</gpxtpx:hr>
      <gpxtpx:cad>63</gpxtpx:cad>
     </gpxtpx:TrackPointExtension>
    </extensions>
   </trkpt>
   <trkpt lat="28.4119150" lon="83.8204390">
    <ele>1948.6</ele>
    <time>2026-06-09T07:02:42Z</time>
    <extensions>
     <gpxtpx:TrackPointExtension>
      <gpxtpx:hr>101</gpxtpx:hr>
      <gpxtpx:cad>0</gpxtpx:cad>
     </gpxtpx:TrackPointExtension>
    </extensions>
   </trkpt>
   <trkpt lat="28.4119170" lon="83.8204360">
    <ele>1948.6</ele>
    <time>2026-06-09T07:02:43Z</time>
    <extensions>
     <gpxtpx:TrackPointExtension>
      <gpxtpx:hr>103</gpxtpx:hr>
      <gpxtpx:cad>0</gpxtpx:cad>
     </gpxtpx:TrackPointExtension>
    </extensions>
   </trkpt>
   <trkpt lat="28.4119310" lon="83.8204320">
    <ele>1948.8</ele>
    <time>2026-06-09T07:02:48Z</time>
    <extensions>
     <gpxtpx:TrackPointExtension>
      <gpxtpx:hr>104</gpxtpx:hr>
      <gpxtpx:cad>0</gpxtpx:cad>
     </gpxtpx:TrackPointExtension>
    </extensions>
   </trkpt>
   <trkpt lat="28.4119520" lon="83.8204370">
    <ele>1950.2</ele>
    <time>2026-06-09T07:02:53Z</time>
    <extensions>
     <gpxtpx:TrackPointExtension>
      <gpxtpx:hr>105</gpxtpx:hr>
      <gpxtpx:cad>68</gpxtpx:cad>
     </gpxtpx:TrackPointExtension>
    </extensions>
   </trkpt>
   <trkpt lat="28.4119660" lon="83.8204360">
    <ele>1950.8</ele>
    <time>2026-06-09T07:02:59Z</time>
    <extensions>
     <gpxtpx:TrackPointExtension>
      <gpxtpx:hr>108</gpxtpx:hr>
      <gpxtpx:cad>0</gpxtpx:cad>
     </gpxtpx:TrackPointExtension>
    </extensions>
   </trkpt>
   <trkpt lat="28.4119730" lon="83.8204350">
    <ele>1951.2</ele>
    <time>2026-06-09T07:03:01Z</time>
    <extensions>
     <gpxtpx:TrackPointExtension>
      <gpxtpx:hr>109</gpxtpx:hr>
      <gpxtpx:cad>0</gpxtpx:cad>
     </gpxtpx:TrackPointExtension>
    </extensions>
   </trkpt>
   <trkpt lat="28.4119750" lon="83.8204320">
    <ele>1951.4</ele>
    <time>2026-06-09T07:03:02Z</time>
    <extensions>
     <gpxtpx:TrackPointExtension>
      <gpxtpx:hr>110</gpxtpx:hr>
      <gpxtpx:cad>0</gpxtpx:cad>
     </gpxtpx:TrackPointExtension>
    </extensions>
   </trkpt>
   <trkpt lat="28.4119940" lon="83.8204270">
    <ele>1952.4</ele>
    <time>2026-06-09T07:03:07Z</time>
    <extensions>
     <gpxtpx:TrackPointExtension>
      <gpxtpx:hr>112</gpxtpx:hr>
      <gpxtpx:cad>57</gpxtpx:cad>
     </gpxtpx:TrackPointExtension>
    </extensions>
   </trkpt>
   <trkpt lat="28.4119940" lon="83.8204210">
    <ele>1952.8</ele>
    <time>2026-06-09T07:03:10Z</time>
    <extensions>
     <gpxtpx:TrackPointExtension>
      <gpxtpx:hr>114</gpxtpx:hr>
      <gpxtpx:cad>65</gpxtpx:cad>
     </gpxtpx:TrackPointExtension>
    </extensions>
   </trkpt>
   <trkpt lat="28.4119980" lon="83.8204180">
    <ele>1953.0</ele>
    <time>2026-06-09T07:03:12Z</time>
    <extensions>
     <gpxtpx:TrackPointExtension>
      <gpxtpx:hr>117</gpxtpx:hr>
      <gpxtpx:cad>65</gpxtpx:cad>
     </gpxtpx:TrackPointExtension>
    </extensions>
   </trkpt>
   <trkpt lat="28.4120030" lon="83.8204150">
    <ele>1953.2</ele>
    <time>2026-06-09T07:03:14Z</time>
    <extensions>
     <gpxtpx:TrackPointExtension>
      <gpxtpx:hr>120</gpxtpx:hr>
      <gpxtpx:cad>0</gpxtpx:cad>
     </gpxtpx:TrackPointExtension>
    </extensions>
   </trkpt>
   <trkpt lat="28.4120080" lon="83.8204130">
    <ele>1953.4</ele>
    <time>2026-06-09T07:03:15Z</time>
    <extensions>
     <gpxtpx:TrackPointExtension>
      <gpxtpx:hr>121</gpxtpx:hr>
      <gpxtpx:cad>0</gpxtpx:cad>
     </gpxtpx:TrackPointExtension>
    </extensions>
   </trkpt>
   <trkpt lat="28.4120190" lon="83.8204070">
    <ele>1953.8</ele>
    <time>2026-06-09T07:03:18Z</time>
    <extensions>
     <gpxtpx:TrackPointExtension>
      <gpxtpx:hr>122</gpxtpx:hr>
      <gpxtpx:cad>0</gpxtpx:cad>
     </gpxtpx:TrackPointExtension>
    </extensions>
   </trkpt>
   <trkpt lat="28.4120360" lon="83.8204000">
    <ele>1954.4</ele>
    <time>2026-06-09T07:03:22Z</time>
    <extensions>
     <gpxtpx:TrackPointExtension>
      <gpxtpx:hr>120</gpxtpx:hr>
      <gpxtpx:cad>0</gpxtpx:cad>
     </gpxtpx:TrackPointExtension>
    </extensions>
   </trkpt>
   <trkpt lat="28.4120480" lon="83.8203970">
    <ele>1954.6</ele>
    <time>2026-06-09T07:03:24Z</time>
    <extensions>
     <gpxtpx:TrackPointExtension>
      <gpxtpx:hr>121</gpxtpx:hr>
      <gpxtpx:cad>61</gpxtpx:cad>
     </gpxtpx:TrackPointExtension>
    </extensions>
   </trkpt>
   <trkpt lat="28.4120840" lon="83.8204000">
    <ele>1955.0</ele>
    <time>2026-06-09T07:03:30Z</time>
    <extensions>
     <gpxtpx:TrackPointExtension>
      <gpxtpx:hr>121</gpxtpx:hr>
      <gpxtpx:cad>46</gpxtpx:cad>
     </gpxtpx:TrackPointExtension>
    </extensions>
   </trkpt>
   <trkpt lat="28.4121020" lon="83.8203970">
    <ele>1955.4</ele>
    <time>2026-06-09T07:03:33Z</time>
    <extensions>
     <gpxtpx:TrackPointExtension>
      <gpxtpx:hr>120</gpxtpx:hr>
      <gpxtpx:cad>42</gpxtpx:cad>
     </gpxtpx:TrackPointExtension>
    </extensions>
   </trkpt>
   <trkpt lat="28.4121180" lon="83.8203980">
    <ele>1955.6</ele>
    <time>2026-06-09T07:03:37Z</time>
    <extensions>
     <gpxtpx:TrackPointExtension>
      <gpxtpx:hr>120</gpxtpx:hr>
      <gpxtpx:cad>42</gpxtpx:cad>
     </gpxtpx:TrackPointExtension>
    </extensions>
   </trkpt>
   <trkpt lat="28.4121120" lon="83.8203700">
    <ele>1956.4</ele>
    <time>2026-06-09T07:03:44Z</time>
    <extensions>
     <gpxtpx:TrackPointExtension>
      <gpxtpx:hr>121</gpxtpx:hr>
      <gpxtpx:cad>65</gpxtpx:cad>
     </gpxtpx:TrackPointExtension>
    </extensions>
   </trkpt>
   <trkpt lat="28.4121060" lon="83.8203630">
    <ele>1956.4</ele>
    <time>2026-06-09T07:03:45Z</time>
    <extensions>
     <gpxtpx:TrackPointExtension>
      <gpxtpx:hr>122</gpxtpx:hr>
      <gpxtpx:cad>65</gpxtpx:cad>
     </gpxtpx:TrackPointExtension>
    </extensions>
   </trkpt>
   <trkpt lat="28.4120820" lon="83.8203410">
    <ele>1957.4</ele>
    <time>2026-06-09T07:03:51Z</time>
    <extensions>
     <gpxtpx:TrackPointExtension>
      <gpxtpx:hr>122</gpxtpx:hr>
      <gpxtpx:cad>59</gpxtpx:cad>
     </gpxtpx:TrackPointExtension>
    </extensions>
   </trkpt>
   <trkpt lat="28.4120820" lon="83.8203390">
    <ele>1957.6</ele>
    <time>2026-06-09T07:03:52Z</time>
    <extensions>
     <gpxtpx:TrackPointExtension>
      <gpxtpx:hr>122</gpxtpx:hr>
      <gpxtpx:cad>59</gpxtpx:cad>
     </gpxtpx:TrackPointExtension>
    </extensions>
   </trkpt>
   <trkpt lat="28.4120760" lon="83.8203340">
    <ele>1958.6</ele>
    <time>2026-06-09T07:03:58Z</time>
    <extensions>
     <gpxtpx:TrackPointExtension>
      <gpxtpx:hr>124</gpxtpx:hr>
      <gpxtpx:cad>0</gpxtpx:cad>
     </gpxtpx:TrackPointExtension>
    </extensions>
   </trkpt>
   <trkpt lat="28.4120750" lon="83.8203310">
    <ele>1958.8</ele>
    <time>2026-06-09T07:04:00Z</time>
    <extensions>
     <gpxtpx:TrackPointExtension>
      <gpxtpx:hr>124</gpxtpx:hr>
      <gpxtpx:cad>55</gpxtpx:cad>
     </gpxtpx:TrackPointExtension>
    </extensions>
   </trkpt>
   <trkpt lat="28.4120590" lon="83.8203110">
    <ele>1959.8</ele>
    <time>2026-06-09T07:04:08Z</time>
    <extensions>
     <gpxtpx:TrackPointExtension>
      <gpxtpx:hr>126</gpxtpx:hr>
      <gpxtpx:cad>0</gpxtpx:cad>
     </gpxtpx:TrackPointExtension>
    </extensions>
   </trkpt>
   <trkpt lat="28.4120360" lon="83.8202980">
    <ele>1960.8</ele>
    <time>2026-06-09T07:04:14Z</time>
    <extensions>
     <gpxtpx:TrackPointExtension>
      <gpxtpx:hr>126</gpxtpx:hr>
      <gpxtpx:cad>0</gpxtpx:cad>
     </gpxtpx:TrackPointExtension>
    </extensions>
   </trkpt>
   <trkpt lat="28.4120310" lon="83.8202960">
    <ele>1961.0</ele>
    <time>2026-06-09T07:04:15Z</time>
    <extensions>
     <gpxtpx:TrackPointExtension>
      <gpxtpx:hr>125</gpxtpx:hr>
      <gpxtpx:cad>56</gpxtpx:cad>
     </gpxtpx:TrackPointExtension>
    </extensions>
   </trkpt>
   <trkpt lat="28.4120130" lon="83.8202920">
    <ele>1961.6</ele>
    <time>2026-06-09T07:04:22Z</time>
    <extensions>
     <gpxtpx:TrackPointExtension>
      <gpxtpx:hr>126</gpxtpx:hr>
      <gpxtpx:cad>0</gpxtpx:cad>
     </gpxtpx:TrackPointExtension>
    </extensions>
   </trkpt>
   <trkpt lat="28.4120440" lon="83.8202810">
    <ele>1961.8</ele>
    <time>2026-06-09T07:04:32Z</time>
    <extensions>
     <gpxtpx:TrackPointExtension>
      <gpxtpx:hr>126</gpxtpx:hr>
      <gpxtpx:cad>0</gpxtpx:cad>
     </gpxtpx:TrackPointExtension>
    </extensions>
   </trkpt>
   <trkpt lat="28.4120460" lon="83.8202810">
    <ele>1962.0</ele>
    <time>2026-06-09T07:04:33Z</time>
    <extensions>
     <gpxtpx:TrackPointExtension>
      <gpxtpx:hr>126</gpxtpx:hr>
      <gpxtpx:cad>0</gpxtpx:cad>
     </gpxtpx:TrackPointExtension>
    </extensions>
   </trkpt>
   <trkpt lat="28.4120560" lon="83.8202790">
    <ele>1963.2</ele>
    <time>2026-06-09T07:04:37Z</time>
    <extensions>
     <gpxtpx:TrackPointExtension>
      <gpxtpx:hr>125</gpxtpx:hr>
      <gpxtpx:cad>59</gpxtpx:cad>
     </gpxtpx:TrackPointExtension>
    </extensions>
   </trkpt>
   <trkpt lat="28.4120630" lon="83.8202780">
    <ele>1963.4</ele>
    <time>2026-06-09T07:04:38Z</time>
    <extensions>
     <gpxtpx:TrackPointExtension>
      <gpxtpx:hr>125</gpxtpx:hr>
      <gpxtpx:cad>0</gpxtpx:cad>
     </gpxtpx:TrackPointExtension>
    </extensions>
   </trkpt>
   <trkpt lat="28.4121190" lon="83.8202730">
    <ele>1963.8</ele>
    <time>2026-06-09T07:04:44Z</time>
    <extensions>
     <gpxtpx:TrackPointExtension>
      <gpxtpx:hr>125</gpxtpx:hr>
      <gpxtpx:cad>0</gpxtpx:cad>
     </gpxtpx:TrackPointExtension>
    </extensions>
   </trkpt>
   <trkpt lat="28.4121350" lon="83.8202710">
    <ele>1964.2</ele>
    <time>2026-06-09T07:04:47Z</time>
    <extensions>
     <gpxtpx:TrackPointExtension>
      <gpxtpx:hr>125</gpxtpx:hr>
      <gpxtpx:cad>65</gpxtpx:cad>
     </gpxtpx:TrackPointExtension>
    </extensions>
   </trkpt>
   <trkpt lat="28.4121390" lon="83.8202490">
    <ele>1964.6</ele>
    <time>2026-06-09T07:04:51Z</time>
    <extensions>
     <gpxtpx:TrackPointExtension>
      <gpxtpx:hr>127</gpxtpx:hr>
      <gpxtpx:cad>0</gpxtpx:cad>
     </gpxtpx:TrackPointExtension>
    </extensions>
   </trkpt>
   <trkpt lat="28.4121230" lon="83.8202320">
    <ele>1965.0</ele>
    <time>2026-06-09T07:04:57Z</time>
    <extensions>
     <gpxtpx:TrackPointExtension>
      <gpxtpx:hr>130</gpxtpx:hr>
      <gpxtpx:cad>57</gpxtpx:cad>
     </gpxtpx:TrackPointExtension>
    </extensions>
   </trkpt>
   <trkpt lat="28.4121130" lon="83.8202220">
    <ele>1965.2</ele>
    <time>2026-06-09T07:04:59Z</time>
    <extensions>
     <gpxtpx:TrackPointExtension>
      <gpxtpx:hr>129</gpxtpx:hr>
      <gpxtpx:cad>57</gpxtpx:cad>
     </gpxtpx:TrackPointExtension>
    </extensions>
   </trkpt>
   <trkpt lat="28.4121010" lon="83.8202110">
    <ele>1965.8</ele>
    <time>2026-06-09T07:05:02Z</time>
    <extensions>
     <gpxtpx:TrackPointExtension>
      <gpxtpx:hr>126</gpxtpx:hr>
      <gpxtpx:cad>61</gpxtpx:cad>
     </gpxtpx:TrackPointExtension>
    </extensions>
   </trkpt>
   <trkpt lat="28.4120930" lon="83.8202070">
    <ele>1966.2</ele>
    <time>2026-06-09T07:05:04Z</time>
    <extensions>
     <gpxtpx:TrackPointExtension>
      <gpxtpx:hr>122</gpxtpx:hr>
      <gpxtpx:cad>61</gpxtpx:cad>
     </gpxtpx:TrackPointExtension>
    </extensions>
   </trkpt>
   <trkpt lat="28.4120870" lon="83.8202050">
    <ele>1966.2</ele>
    <time>2026-06-09T07:05:05Z</time>
    <extensions>
     <gpxtpx:TrackPointExtension>
      <gpxtpx:hr>121</gpxtpx:hr>
      <gpxtpx:cad>61</gpxtpx:cad>
     </gpxtpx:TrackPointExtension>
    </extensions>
   </trkpt>
   <trkpt lat="28.4120590" lon="83.8201970">
    <ele>1966.4</ele>
    <time>2026-06-09T07:05:09Z</time>
    <extensions>
     <gpxtpx:TrackPointExtension>
      <gpxtpx:hr>124</gpxtpx:hr>
      <gpxtpx:cad>67</gpxtpx:cad>
     </gpxtpx:TrackPointExtension>
    </extensions>
   </trkpt>
   <trkpt lat="28.4120500" lon="83.8201920">
    <ele>1966.4</ele>
    <time>2026-06-09T07:05:12Z</time>
    <extensions>
     <gpxtpx:TrackPointExtension>
      <gpxtpx:hr>125</gpxtpx:hr>
      <gpxtpx:cad>77</gpxtpx:cad>
     </gpxtpx:TrackPointExtension>
    </extensions>
   </trkpt>
   <trkpt lat="28.4120590" lon="83.8201890">
    <ele>1966.4</ele>
    <time>2026-06-09T07:05:16Z</time>
    <extensions>
     <gpxtpx:TrackPointExtension>
      <gpxtpx:hr>122</gpxtpx:hr>
      <gpxtpx:cad>73</gpxtpx:cad>
     </gpxtpx:TrackPointExtension>
    </extensions>
   </trkpt>
   <trkpt lat="28.4120630" lon="83.8201890">
    <ele>1966.6</ele>
    <time>2026-06-09T07:05:17Z</time>
    <extensions>
     <gpxtpx:TrackPointExtension>
      <gpxtpx:hr>122</gpxtpx:hr>
      <gpxtpx:cad>73</gpxtpx:cad>
     </gpxtpx:TrackPointExtension>
    </extensions>
   </trkpt>
   <trkpt lat="28.4120740" lon="83.8201780">
    <ele>1967.4</ele>
    <time>2026-06-09T07:05:21Z</time>
    <extensions>
     <gpxtpx:TrackPointExtension>
      <gpxtpx:hr>123</gpxtpx:hr>
      <gpxtpx:cad>0</gpxtpx:cad>
     </gpxtpx:TrackPointExtension>
    </extensions>
   </trkpt>
   <trkpt lat="28.4120820" lon="83.8201750">
    <ele>1968.4</ele>
    <time>2026-06-09T07:05:27Z</time>
    <extensions>
     <gpxtpx:TrackPointExtension>
      <gpxtpx:hr>123</gpxtpx:hr>
      <gpxtpx:cad>0</gpxtpx:cad>
     </gpxtpx:TrackPointExtension>
    </extensions>
   </trkpt>
   <trkpt lat="28.4120900" lon="83.8201750">
    <ele>1968.8</ele>
    <time>2026-06-09T07:05:30Z</time>
    <extensions>
     <gpxtpx:TrackPointExtension>
      <gpxtpx:hr>124</gpxtpx:hr>
      <gpxtpx:cad>47</gpxtpx:cad>
     </gpxtpx:TrackPointExtension>
    </extensions>
   </trkpt>
   <trkpt lat="28.4121190" lon="83.8201680">
    <ele>1969.4</ele>
    <time>2026-06-09T07:05:34Z</time>
    <extensions>
     <gpxtpx:TrackPointExtension>
      <gpxtpx:hr>124</gpxtpx:hr>
      <gpxtpx:cad>0</gpxtpx:cad>
     </gpxtpx:TrackPointExtension>
    </extensions>
   </trkpt>
   <trkpt lat="28.4121300" lon="83.8201600">
    <ele>1970.4</ele>
    <time>2026-06-09T07:05:38Z</time>
    <extensions>
     <gpxtpx:TrackPointExtension>
      <gpxtpx:hr>125</gpxtpx:hr>
      <gpxtpx:cad>58</gpxtpx:cad>
     </gpxtpx:TrackPointExtension>
    </extensions>
   </trkpt>
   <trkpt lat="28.4121320" lon="83.8201570">
    <ele>1970.4</ele>
    <time>2026-06-09T07:05:39Z</time>
    <extensions>
     <gpxtpx:TrackPointExtension>
      <gpxtpx:hr>125</gpxtpx:hr>
      <gpxtpx:cad>58</gpxtpx:cad>
     </gpxtpx:TrackPointExtension>
    </extensions>
   </trkpt>
   <trkpt lat="28.4121450" lon="83.8201400">
    <ele>1971.0</ele>
    <time>2026-06-09T07:05:45Z</time>
    <extensions>
     <gpxtpx:TrackPointExtension>
      <gpxtpx:hr>125</gpxtpx:hr>
      <gpxtpx:cad>57</gpxtpx:cad>
     </gpxtpx:TrackPointExtension>
    </extensions>
   </trkpt>
   <trkpt lat="28.4121360" lon="83.8201180">
    <ele>1971.6</ele>
    <time>2026-06-09T07:05:49Z</time>
    <extensions>
     <gpxtpx:TrackPointExtension>
      <gpxtpx:hr>126</gpxtpx:hr>
      <gpxtpx:cad>0</gpxtpx:cad>
     </gpxtpx:TrackPointExtension>
    </extensions>
   </trkpt>
   <trkpt lat="28.4121190" lon="83.8201050">
    <ele>1972.0</ele>
    <time>2026-06-09T07:05:53Z</time>
    <extensions>
     <gpxtpx:TrackPointExtension>
      <gpxtpx:hr>128</gpxtpx:hr>
      <gpxtpx:cad>0</gpxtpx:cad>
     </gpxtpx:TrackPointExtension>
    </extensions>
   </trkpt>
   <trkpt lat="28.4121050" lon="83.8201050">
    <ele>1972.6</ele>
    <time>2026-06-09T07:05:56Z</time>
    <extensions>
     <gpxtpx:TrackPointExtension>
      <gpxtpx:hr>128</gpxtpx:hr>
      <gpxtpx:cad>68</gpxtpx:cad>
     </gpxtpx:TrackPointExtension>
    </extensions>
   </trkpt>
   <trkpt lat="28.4120910" lon="83.8201030">
    <ele>1972.8</ele>
    <time>2026-06-09T07:05:59Z</time>
    <extensions>
     <gpxtpx:TrackPointExtension>
      <gpxtpx:hr>129</gpxtpx:hr>
      <gpxtpx:cad>68</gpxtpx:cad>
     </gpxtpx:TrackPointExtension>
    </extensions>
   </trkpt>
   <trkpt lat="28.4120530" lon="83.8201090">
    <ele>1973.4</ele>
    <time>2026-06-09T07:06:07Z</time>
    <extensions>
     <gpxtpx:TrackPointExtension>
      <gpxtpx:hr>129</gpxtpx:hr>
      <gpxtpx:cad>0</gpxtpx:cad>
     </gpxtpx:TrackPointExtension>
    </extensions>
   </trkpt>
   <trkpt lat="28.4120500" lon="83.8201090">
    <ele>1973.6</ele>
    <time>2026-06-09T07:06:08Z</time>
    <extensions>
     <gpxtpx:TrackPointExtension>
      <gpxtpx:hr>130</gpxtpx:hr>
      <gpxtpx:cad>0</gpxtpx:cad>
     </gpxtpx:TrackPointExtension>
    </extensions>
   </trkpt>
   <trkpt lat="28.4120270" lon="83.8201080">
    <ele>1974.6</ele>
    <time>2026-06-09T07:06:13Z</time>
    <extensions>
     <gpxtpx:TrackPointExtension>
      <gpxtpx:hr>128</gpxtpx:hr>
      <gpxtpx:cad>0</gpxtpx:cad>
     </gpxtpx:TrackPointExtension>
    </extensions>
   </trkpt>
   <trkpt lat="28.4120240" lon="83.8201080">
    <ele>1974.8</ele>
    <time>2026-06-09T07:06:15Z</time>
    <extensions>
     <gpxtpx:TrackPointExtension>
      <gpxtpx:hr>129</gpxtpx:hr>
      <gpxtpx:cad>0</gpxtpx:cad>
     </gpxtpx:TrackPointExtension>
    </extensions>
   </trkpt>
   <trkpt lat="28.4120250" lon="83.8201110">
    <ele>1976.0</ele>
    <time>2026-06-09T07:06:18Z</time>
    <extensions>
     <gpxtpx:TrackPointExtension>
      <gpxtpx:hr>129</gpxtpx:hr>
      <gpxtpx:cad>0</gpxtpx:cad>
     </gpxtpx:TrackPointExtension>
    </extensions>
   </trkpt>
   <trkpt lat="28.4120270" lon="83.8201120">
    <ele>1977.0</ele>
    <time>2026-06-09T07:06:21Z</time>
    <extensions>
     <gpxtpx:TrackPointExtension>
      <gpxtpx:hr>129</gpxtpx:hr>
      <gpxtpx:cad>0</gpxtpx:cad>
     </gpxtpx:TrackPointExtension>
    </extensions>
   </trkpt>
   <trkpt lat="28.4120280" lon="83.8201120">
    <ele>1976.8</ele>
    <time>2026-06-09T07:06:24Z</time>
    <extensions>
     <gpxtpx:TrackPointExtension>
      <gpxtpx:hr>130</gpxtpx:hr>
      <gpxtpx:cad>0</gpxtpx:cad>
     </gpxtpx:TrackPointExtension>
    </extensions>
   </trkpt>
   <trkpt lat="28.4120280" lon="83.8201120">
    <ele>1975.8</ele>
    <time>2026-06-09T07:06:28Z</time>
    <extensions>
     <gpxtpx:TrackPointExtension>
      <gpxtpx:hr>130</gpxtpx:hr>
      <gpxtpx:cad>0</gpxtpx:cad>
     </gpxtpx:TrackPointExtension>
    </extensions>
   </trkpt>
   <trkpt lat="28.4120290" lon="83.8201120">
    <ele>1975.6</ele>
    <time>2026-06-09T07:06:35Z</time>
    <extensions>
     <gpxtpx:TrackPointExtension>
      <gpxtpx:hr>131</gpxtpx:hr>
      <gpxtpx:cad>0</gpxtpx:cad>
     </gpxtpx:TrackPointExtension>
    </extensions>
   </trkpt>
   <trkpt lat="28.4120290" lon="83.8201130">
    <ele>1974.6</ele>
    <time>2026-06-09T07:06:37Z</time>
    <extensions>
     <gpxtpx:TrackPointExtension>
      <gpxtpx:hr>130</gpxtpx:hr>
      <gpxtpx:cad>0</gpxtpx:cad>
     </gpxtpx:TrackPointExtension>
    </extensions>
   </trkpt>
   <trkpt lat="28.4120290" lon="83.8201130">
    <ele>1975.2</ele>
    <time>2026-06-09T07:06:42Z</time>
    <extensions>
     <gpxtpx:TrackPointExtension>
      <gpxtpx:hr>127</gpxtpx:hr>
      <gpxtpx:cad>0</gpxtpx:cad>
     </gpxtpx:TrackPointExtension>
    </extensions>
   </trkpt>
   <trkpt lat="28.4120290" lon="83.8201130">
    <ele>1975.6</ele>
    <time>2026-06-09T07:06:44Z</time>
    <extensions>
     <gpxtpx:TrackPointExtension>
      <gpxtpx:hr>126</gpxtpx:hr>
      <gpxtpx:cad>0</gpxtpx:cad>
     </gpxtpx:TrackPointExtension>
    </extensions>
   </trkpt>
   <trkpt lat="28.4120290" lon="83.8201140">
    <ele>1975.0</ele>
    <time>2026-06-09T07:06:46Z</time>
    <extensions>
     <gpxtpx:TrackPointExtension>
      <gpxtpx:hr>122</gpxtpx:hr>
      <gpxtpx:cad>0</gpxtpx:cad>
     </gpxtpx:TrackPointExtension>
    </extensions>
   </trkpt>
   <trkpt lat="28.4120290" lon="83.8201140">
    <ele>1974.6</ele>
    <time>2026-06-09T07:06:47Z</time>
    <extensions>
     <gpxtpx:TrackPointExtension>
      <gpxtpx:hr>121</gpxtpx:hr>
      <gpxtpx:cad>0</gpxtpx:cad>
     </gpxtpx:TrackPointExtension>
    </extensions>
   </trkpt>
   <trkpt lat="28.4120290" lon="83.8201150">
    <ele>1974.2</ele>
    <time>2026-06-09T07:06:55Z</time>
    <extensions>
     <gpxtpx:TrackPointExtension>
      <gpxtpx:hr>118</gpxtpx:hr>
      <gpxtpx:cad>0</gpxtpx:cad>
     </gpxtpx:TrackPointExtension>
    </extensions>
   </trkpt>
   <trkpt lat="28.4120290" lon="83.8201150">
    <ele>1974.4</ele>
    <time>2026-06-09T07:06:59Z</time>
    <extensions>
     <gpxtpx:TrackPointExtension>
      <gpxtpx:hr>115</gpxtpx:hr>
      <gpxtpx:cad>0</gpxtpx:cad>
     </gpxtpx:TrackPointExtension>
    </extensions>
   </trkpt>
   <trkpt lat="28.4120290" lon="83.8201150">
    <ele>1974.4</ele>
    <time>2026-06-09T07:07:02Z</time>
    <extensions>
     <gpxtpx:TrackPointExtension>
      <gpxtpx:hr>113</gpxtpx:hr>
      <gpxtpx:cad>0</gpxtpx:cad>
     </gpxtpx:TrackPointExtension>
    </extensions>
   </trkpt>
   <trkpt lat="28.4120300" lon="83.8201160">
    <ele>1974.4</ele>
    <time>2026-06-09T07:07:13Z</time>
    <extensions>
     <gpxtpx:TrackPointExtension>
      <gpxtpx:hr>110</gpxtpx:hr>
      <gpxtpx:cad>0</gpxtpx:cad>
     </gpxtpx:TrackPointExtension>
    </extensions>
   </trkpt>
   <trkpt lat="28.4120300" lon="83.8201170">
    <ele>1974.4</ele>
    <time>2026-06-09T07:07:15Z</time>
    <extensions>
     <gpxtpx:TrackPointExtension>
      <gpxtpx:hr>107</gpxtpx:hr>
      <gpxtpx:cad>0</gpxtpx:cad>
     </gpxtpx:TrackPointExtension>
    </extensions>
   </trkpt>
   <trkpt lat="28.4120310" lon="83.8201170">
    <ele>1974.4</ele>
    <time>2026-06-09T07:07:17Z</time>
    <extensions>
     <gpxtpx:TrackPointExtension>
      <gpxtpx:hr>104</gpxtpx:hr>
      <gpxtpx:cad>0</gpxtpx:cad>
     </gpxtpx:TrackPointExtension>
    </extensions>
   </trkpt>
   <trkpt lat="28.4120310" lon="83.8201170">
    <ele>1974.2</ele>
    <time>2026-06-09T07:07:18Z</time>
    <extensions>
     <gpxtpx:TrackPointExtension>
      <gpxtpx:hr>101</gpxtpx:hr>
      <gpxtpx:cad>0</gpxtpx:cad>
     </gpxtpx:TrackPointExtension>
    </extensions>
   </trkpt>
   <trkpt lat="28.4120310" lon="83.8201170">
    <ele>1974.2</ele>
    <time>2026-06-09T07:07:21Z</time>
    <extensions>
     <gpxtpx:TrackPointExtension>
      <gpxtpx:hr>106</gpxtpx:hr>
      <gpxtpx:cad>0</gpxtpx:cad>
     </gpxtpx:TrackPointExtension>
    </extensions>
   </trkpt>
   <trkpt lat="28.4120310" lon="83.8201170">
    <ele>1974.2</ele>
    <time>2026-06-09T07:07:23Z</time>
    <extensions>
     <gpxtpx:TrackPointExtension>
      <gpxtpx:hr>103</gpxtpx:hr>
      <gpxtpx:cad>0</gpxtpx:cad>
     </gpxtpx:TrackPointExtension>
    </extensions>
   </trkpt>
   <trkpt lat="28.4120310" lon="83.8201170">
    <ele>1974.4</ele>
    <time>2026-06-09T07:07:25Z</time>
    <extensions>
     <gpxtpx:TrackPointExtension>
      <gpxtpx:hr>100</gpxtpx:hr>
      <gpxtpx:cad>0</gpxtpx:cad>
     </gpxtpx:TrackPointExtension>
    </extensions>
   </trkpt>
   <trkpt lat="28.4120380" lon="83.8201050">
    <ele>1974.2</ele>
    <time>2026-06-09T07:07:32Z</time>
    <extensions>
     <gpxtpx:TrackPointExtension>
      <gpxtpx:hr>103</gpxtpx:hr>
      <gpxtpx:cad>0</gpxtpx:cad>
     </gpxtpx:TrackPointExtension>
    </extensions>
   </trkpt>
   <trkpt lat="28.4120480" lon="83.8200940">
    <ele>1974.4</ele>
    <time>2026-06-09T07:07:35Z</time>
    <extensions>
     <gpxtpx:TrackPointExtension>
      <gpxtpx:hr>102</gpxtpx:hr>
      <gpxtpx:cad>0</gpxtpx:cad>
     </gpxtpx:TrackPointExtension>
    </extensions>
   </trkpt>
   <trkpt lat="28.4120380" lon="83.8200800">
    <ele>1975.6</ele>
    <time>2026-06-09T07:07:40Z</time>
    <extensions>
     <gpxtpx:TrackPointExtension>
      <gpxtpx:hr>105</gpxtpx:hr>
      <gpxtpx:cad>68</gpxtpx:cad>
     </gpxtpx:TrackPointExtension>
    </extensions>
   </trkpt>
   <trkpt lat="28.4120400" lon="83.8200730">
    <ele>1976.0</ele>
    <time>2026-06-09T07:07:41Z</time>
    <extensions>
     <gpxtpx:TrackPointExtension>
      <gpxtpx:hr>106</gpxtpx:hr>
      <gpxtpx:cad>68</gpxtpx:cad>
     </gpxtpx:TrackPointExtension>
    </extensions>
   </trkpt>
   <trkpt lat="28.4120530" lon="83.8200660">
    <ele>1976.4</ele>
    <time>2026-06-09T07:07:43Z</time>
    <extensions>
     <gpxtpx:TrackPointExtension>
      <gpxtpx:hr>105</gpxtpx:hr>
      <gpxtpx:cad>63</gpxtpx:cad>
     </gpxtpx:TrackPointExtension>
    </extensions>
   </trkpt>
   <trkpt lat="28.4120650" lon="83.8200720">
    <ele>1976.6</ele>
    <time>2026-06-09T07:07:45Z</time>
    <extensions>
     <gpxtpx:TrackPointExtension>
      <gpxtpx:hr>106</gpxtpx:hr>
      <gpxtpx:cad>62</gpxtpx:cad>
     </gpxtpx:TrackPointExtension>
    </extensions>
   </trkpt>
   <trkpt lat="28.4120780" lon="83.8200670">
    <ele>1977.0</ele>
    <time>2026-06-09T07:07:47Z</time>
    <extensions>
     <gpxtpx:TrackPointExtension>
      <gpxtpx:hr>106</gpxtpx:hr>
      <gpxtpx:cad>60</gpxtpx:cad>
     </gpxtpx:TrackPointExtension>
    </extensions>
   </trkpt>
   <trkpt lat="28.4120860" lon="83.8200600">
    <ele>1977.4</ele>
    <time>2026-06-09T07:07:49Z</time>
    <extensions>
     <gpxtpx:TrackPointExtension>
      <gpxtpx:hr>109</gpxtpx:hr>
      <gpxtpx:cad>58</gpxtpx:cad>
     </gpxtpx:TrackPointExtension>
    </extensions>
   </trkpt>
   <trkpt lat="28.4120910" lon="83.8200530">
    <ele>1977.8</ele>
    <time>2026-06-09T07:07:51Z</time>
    <extensions>
     <gpxtpx:TrackPointExtension>
      <gpxtpx:hr>112</gpxtpx:hr>
      <gpxtpx:cad>58</gpxtpx:cad>
     </gpxtpx:TrackPointExtension>
    </extensions>
   </trkpt>
   <trkpt lat="28.4120970" lon="83.8200480">
    <ele>1977.8</ele>
    <time>2026-06-09T07:07:53Z</time>
    <extensions>
     <gpxtpx:TrackPointExtension>
      <gpxtpx:hr>115</gpxtpx:hr>
      <gpxtpx:cad>55</gpxtpx:cad>
     </gpxtpx:TrackPointExtension>
    </extensions>
   </trkpt>
   <trkpt lat="28.4121000" lon="83.8200450">
    <ele>1978.0</ele>
    <time>2026-06-09T07:07:54Z</time>
    <extensions>
     <gpxtpx:TrackPointExtension>
      <gpxtpx:hr>115</gpxtpx:hr>
      <gpxtpx:cad>55</gpxtpx:cad>
     </gpxtpx:TrackPointExtension>
    </extensions>
   </trkpt>
   <trkpt lat="28.4121070" lon="83.8200400">
    <ele>1978.2</ele>
    <time>2026-06-09T07:07:55Z</time>
    <extensions>
     <gpxtpx:TrackPointExtension>
      <gpxtpx:hr>116</gpxtpx:hr>
      <gpxtpx:cad>55</gpxtpx:cad>
     </gpxtpx:TrackPointExtension>
    </extensions>
   </trkpt>
   <trkpt lat="28.4121140" lon="83.8200390">
    <ele>1978.6</ele>
    <time>2026-06-09T07:07:57Z</time>
    <extensions>
     <gpxtpx:TrackPointExtension>
      <gpxtpx:hr>116</gpxtpx:hr>
      <gpxtpx:cad>56</gpxtpx:cad>
     </gpxtpx:TrackPointExtension>
    </extensions>
   </trkpt>
   <trkpt lat="28.4121250" lon="83.8200420">
    <ele>1979.2</ele>
    <time>2026-06-09T07:07:59Z</time>
    <extensions>
     <gpxtpx:TrackPointExtension>
      <gpxtpx:hr>116</gpxtpx:hr>
      <gpxtpx:cad>56</gpxtpx:cad>
     </gpxtpx:TrackPointExtension>
    </extensions>
   </trkpt>
   <trkpt lat="28.4121300" lon="83.8200430">
    <ele>1979.4</ele>
    <time>2026-06-09T07:08:00Z</time>
    <extensions>
     <gpxtpx:TrackPointExtension>
      <gpxtpx:hr>117</gpxtpx:hr>
      <gpxtpx:cad>56</gpxtpx:cad>
     </gpxtpx:TrackPointExtension>
    </extensions>
   </trkpt>
   <trkpt lat="28.4121490" lon="83.8200370">
    <ele>1980.0</ele>
    <time>2026-06-09T07:08:04Z</time>
    <extensions>
     <gpxtpx:TrackPointExtension>
      <gpxtpx:hr>118</gpxtpx:hr>
      <gpxtpx:cad>64</gpxtpx:cad>
     </gpxtpx:TrackPointExtension>
    </extensions>
   </trkpt>
   <trkpt lat="28.4121520" lon="83.8200320">
    <ele>1980.2</ele>
    <time>2026-06-09T07:08:05Z</time>
    <extensions>
     <gpxtpx:TrackPointExtension>
      <gpxtpx:hr>118</gpxtpx:hr>
      <gpxtpx:cad>64</gpxtpx:cad>
     </gpxtpx:TrackPointExtension>
    </extensions>
   </trkpt>
   <trkpt lat="28.4121510" lon="83.8200250">
    <ele>1980.4</ele>
    <time>2026-06-09T07:08:07Z</time>
    <extensions>
     <gpxtpx:TrackPointExtension>
      <gpxtpx:hr>120</gpxtpx:hr>
      <gpxtpx:cad>0</gpxtpx:cad>
     </gpxtpx:TrackPointExtension>
    </extensions>
   </trkpt>
   <trkpt lat="28.4121290" lon="83.8200120">
    <ele>1980.8</ele>
    <time>2026-06-09T07:08:11Z</time>
    <extensions>
     <gpxtpx:TrackPointExtension>
      <gpxtpx:hr>122</gpxtpx:hr>
      <gpxtpx:cad>64</gpxtpx:cad>
     </gpxtpx:TrackPointExtension>
    </extensions>
   </trkpt>
   <trkpt lat="28.4121120" lon="83.8200020">
    <ele>1981.4</ele>
    <time>2026-06-09T07:08:14Z</time>
    <extensions>
     <gpxtpx:TrackPointExtension>
      <gpxtpx:hr>122</gpxtpx:hr>
      <gpxtpx:cad>0</gpxtpx:cad>
     </gpxtpx:TrackPointExtension>
    </extensions>
   </trkpt>
   <trkpt lat="28.4120890" lon="83.8199880">
    <ele>1982.4</ele>
    <time>2026-06-09T07:08:19Z</time>
    <extensions>
     <gpxtpx:TrackPointExtension>
      <gpxtpx:hr>124</gpxtpx:hr>
      <gpxtpx:cad>55</gpxtpx:cad>
     </gpxtpx:TrackPointExtension>
    </extensions>
   </trkpt>
   <trkpt lat="28.4120620" lon="83.8199800">
    <ele>1982.8</ele>
    <time>2026-06-09T07:08:26Z</time>
    <extensions>
     <gpxtpx:TrackPointExtension>
      <gpxtpx:hr>127</gpxtpx:hr>
      <gpxtpx:cad>65</gpxtpx:cad>
     </gpxtpx:TrackPointExtension>
    </extensions>
   </trkpt>
   <trkpt lat="28.4120520" lon="83.8199680">
    <ele>1983.4</ele>
    <time>2026-06-09T07:08:31Z</time>
    <extensions>
     <gpxtpx:TrackPointExtension>
      <gpxtpx:hr>129</gpxtpx:hr>
      <gpxtpx:cad>0</gpxtpx:cad>
     </gpxtpx:TrackPointExtension>
    </extensions>
   </trkpt>
   <trkpt lat="28.4120500" lon="83.8199680">
    <ele>1983.6</ele>
    <time>2026-06-09T07:08:32Z</time>
    <extensions>
     <gpxtpx:TrackPointExtension>
      <gpxtpx:hr>128</gpxtpx:hr>
      <gpxtpx:cad>0</gpxtpx:cad>
     </gpxtpx:TrackPointExtension>
    </extensions>
   </trkpt>
   <trkpt lat="28.4120410" lon="83.8199620">
    <ele>1984.4</ele>
    <time>2026-06-09T07:08:37Z</time>
    <extensions>
     <gpxtpx:TrackPointExtension>
      <gpxtpx:hr>125</gpxtpx:hr>
      <gpxtpx:cad>0</gpxtpx:cad>
     </gpxtpx:TrackPointExtension>
    </extensions>
   </trkpt>
   <trkpt lat="28.4120410" lon="83.8199570">
    <ele>1984.6</ele>
    <time>2026-06-09T07:08:39Z</time>
    <extensions>
     <gpxtpx:TrackPointExtension>
      <gpxtpx:hr>125</gpxtpx:hr>
      <gpxtpx:cad>0</gpxtpx:cad>
     </gpxtpx:TrackPointExtension>
    </extensions>
   </trkpt>
   <trkpt lat="28.4120250" lon="83.8199390">
    <ele>1985.8</ele>
    <time>2026-06-09T07:08:46Z</time>
    <extensions>
     <gpxtpx:TrackPointExtension>
      <gpxtpx:hr>126</gpxtpx:hr>
      <gpxtpx:cad>0</gpxtpx:cad>
     </gpxtpx:TrackPointExtension>
    </extensions>
   </trkpt>
   <trkpt lat="28.4120190" lon="83.8199270">
    <ele>1986.8</ele>
    <time>2026-06-09T07:08:52Z</time>
    <extensions>
     <gpxtpx:TrackPointExtension>
      <gpxtpx:hr>126</gpxtpx:hr>
      <gpxtpx:cad>53</gpxtpx:cad>
     </gpxtpx:TrackPointExtension>
    </extensions>
   </trkpt>
   <trkpt lat="28.4120180" lon="83.8199250">
    <ele>1987.2</ele>
    <time>2026-06-09T07:08:54Z</time>
    <extensions>
     <gpxtpx:TrackPointExtension>
      <gpxtpx:hr>126</gpxtpx:hr>
      <gpxtpx:cad>52</gpxtpx:cad>
     </gpxtpx:TrackPointExtension>
    </extensions>
   </trkpt>
   <trkpt lat="28.4120170" lon="83.8199130">
    <ele>1988.0</ele>
    <time>2026-06-09T07:08:59Z</time>
    <extensions>
     <gpxtpx:TrackPointExtension>
      <gpxtpx:hr>127</gpxtpx:hr>
      <gpxtpx:cad>0</gpxtpx:cad>
     </gpxtpx:TrackPointExtension>
    </extensions>
   </trkpt>
   <trkpt lat="28.4120120" lon="83.8199080">
    <ele>1988.0</ele>
    <time>2026-06-09T07:09:01Z</time>
    <extensions>
     <gpxtpx:TrackPointExtension>
      <gpxtpx:hr>128</gpxtpx:hr>
      <gpxtpx:cad>0</gpxtpx:cad>
     </gpxtpx:TrackPointExtension>
    </extensions>
   </trkpt>
   <trkpt lat="28.4119920" lon="83.8198930">
    <ele>1989.0</ele>
    <time>2026-06-09T07:09:09Z</time>
    <extensions>
     <gpxtpx:TrackPointExtension>
      <gpxtpx:hr>129</gpxtpx:hr>
      <gpxtpx:cad>0</gpxtpx:cad>
     </gpxtpx:TrackPointExtension>
    </extensions>
   </trkpt>
   <trkpt lat="28.4119780" lon="83.8198900">
    <ele>1989.6</ele>
    <time>2026-06-09T07:09:14Z</time>
    <extensions>
     <gpxtpx:TrackPointExtension>
      <gpxtpx:hr>128</gpxtpx:hr>
      <gpxtpx:cad>0</gpxtpx:cad>
     </gpxtpx:TrackPointExtension>
    </extensions>
   </trkpt>
   <trkpt lat="28.4119560" lon="83.8198760">
    <ele>1990.0</ele>
    <time>2026-06-09T07:09:18Z</time>
    <extensions>
     <gpxtpx:TrackPointExtension>
      <gpxtpx:hr>128</gpxtpx:hr>
      <gpxtpx:cad>0</gpxtpx:cad>
     </gpxtpx:TrackPointExtension>
    </extensions>
   </trkpt>
   <trkpt lat="28.4119460" lon="83.8198670">
    <ele>1990.6</ele>
    <time>2026-06-09T07:09:21Z</time>
    <extensions>
     <gpxtpx:TrackPointExtension>
      <gpxtpx:hr>127</gpxtpx:hr>
      <gpxtpx:cad>53</gpxtpx:cad>
     </gpxtpx:TrackPointExtension>
    </extensions>
   </trkpt>
   <trkpt lat="28.4119320" lon="83.8198510">
    <ele>1991.2</ele>
    <time>2026-06-09T07:09:24Z</time>
    <extensions>
     <gpxtpx:TrackPointExtension>
      <gpxtpx:hr>127</gpxtpx:hr>
      <gpxtpx:cad>53</gpxtpx:cad>
     </gpxtpx:TrackPointExtension>
    </extensions>
   </trkpt>
   <trkpt lat="28.4119190" lon="83.8198500">
    <ele>1991.6</ele>
    <time>2026-06-09T07:09:27Z</time>
    <extensions>
     <gpxtpx:TrackPointExtension>
      <gpxtpx:hr>127</gpxtpx:hr>
      <gpxtpx:cad>0</gpxtpx:cad>
     </gpxtpx:TrackPointExtension>
    </extensions>
   </trkpt>
   <trkpt lat="28.4119230" lon="83.8198350">
    <ele>1992.2</ele>
    <time>2026-06-09T07:09:34Z</time>
    <extensions>
     <gpxtpx:TrackPointExtension>
      <gpxtpx:hr>125</gpxtpx:hr>
      <gpxtpx:cad>66</gpxtpx:cad>
     </gpxtpx:TrackPointExtension>
    </extensions>
   </trkpt>
   <trkpt lat="28.4119250" lon="83.8198310">
    <ele>1992.2</ele>
    <time>2026-06-09T07:09:35Z</time>
    <extensions>
     <gpxtpx:TrackPointExtension>
      <gpxtpx:hr>125</gpxtpx:hr>
      <gpxtpx:cad>66</gpxtpx:cad>
     </gpxtpx:TrackPointExtension>
    </extensions>
   </trkpt>
   <trkpt lat="28.4119340" lon="83.8198140">
    <ele>1993.0</ele>
    <time>2026-06-09T07:09:42Z</time>
    <extensions>
     <gpxtpx:TrackPointExtension>
      <gpxtpx:hr>127</gpxtpx:hr>
      <gpxtpx:cad>0</gpxtpx:cad>
     </gpxtpx:TrackPointExtension>
    </extensions>
   </trkpt>
   <trkpt lat="28.4119440" lon="83.8198110">
    <ele>1993.4</ele>
    <time>2026-06-09T07:09:45Z</time>
    <extensions>
     <gpxtpx:TrackPointExtension>
      <gpxtpx:hr>127</gpxtpx:hr>
      <gpxtpx:cad>58</gpxtpx:cad>
     </gpxtpx:TrackPointExtension>
    </extensions>
   </trkpt>
   <trkpt lat="28.4119640" lon="83.8198290">
    <ele>1994.0</ele>
    <time>2026-06-09T07:09:51Z</time>
    <extensions>
     <gpxtpx:TrackPointExtension>
      <gpxtpx:hr>125</gpxtpx:hr>
      <gpxtpx:cad>64</gpxtpx:cad>
     </gpxtpx:TrackPointExtension>
    </extensions>
   </trkpt>
   <trkpt lat="28.4119640" lon="83.8198390">
    <ele>1994.4</ele>
    <time>2026-06-09T07:09:53Z</time>
    <extensions>
     <gpxtpx:TrackPointExtension>
      <gpxtpx:hr>124</gpxtpx:hr>
      <gpxtpx:cad>64</gpxtpx:cad>
     </gpxtpx:TrackPointExtension>
    </extensions>
   </trkpt>
   <trkpt lat="28.4119810" lon="83.8198360">
    <ele>1995.0</ele>
    <time>2026-06-09T07:09:58Z</time>
    <extensions>
     <gpxtpx:TrackPointExtension>
      <gpxtpx:hr>124</gpxtpx:hr>
      <gpxtpx:cad>0</gpxtpx:cad>
     </gpxtpx:TrackPointExtension>
    </extensions>
   </trkpt>
   <trkpt lat="28.4119920" lon="83.8198310">
    <ele>1995.6</ele>
    <time>2026-06-09T07:10:04Z</time>
    <extensions>
     <gpxtpx:TrackPointExtension>
      <gpxtpx:hr>125</gpxtpx:hr>
      <gpxtpx:cad>0</gpxtpx:cad>
     </gpxtpx:TrackPointExtension>
    </extensions>
   </trkpt>
   <trkpt lat="28.4119950" lon="83.8198270">
    <ele>1995.8</ele>
    <time>2026-06-09T07:10:05Z</time>
    <extensions>
     <gpxtpx:TrackPointExtension>
      <gpxtpx:hr>124</gpxtpx:hr>
      <gpxtpx:cad>0</gpxtpx:cad>
     </gpxtpx:TrackPointExtension>
    </extensions>
   </trkpt>
   <trkpt lat="28.4119960" lon="83.8197850">
    <ele>1996.6</ele>
    <time>2026-06-09T07:10:11Z</time>
    <extensions>
     <gpxtpx:TrackPointExtension>
      <gpxtpx:hr>124</gpxtpx:hr>
      <gpxtpx:cad>0</gpxtpx:cad>
     </gpxtpx:TrackPointExtension>
    </extensions>
   </trkpt>
   <trkpt lat="28.4119940" lon="83.8197840">
    <ele>1996.6</ele>
    <time>2026-06-09T07:10:12Z</time>
    <extensions>
     <gpxtpx:TrackPointExtension>
      <gpxtpx:hr>124</gpxtpx:hr>
      <gpxtpx:cad>0</gpxtpx:cad>
     </gpxtpx:TrackPointExtension>
    </extensions>
   </trkpt>
   <trkpt lat="28.4120110" lon="83.8197670">
    <ele>1997.0</ele>
    <time>2026-06-09T07:10:17Z</time>
    <extensions>
     <gpxtpx:TrackPointExtension>
      <gpxtpx:hr>124</gpxtpx:hr>
      <gpxtpx:cad>64</gpxtpx:cad>
     </gpxtpx:TrackPointExtension>
    </extensions>
   </trkpt>
   <trkpt lat="28.4120220" lon="83.8197630">
    <ele>1997.2</ele>
    <time>2026-06-09T07:10:23Z</time>
    <extensions>
     <gpxtpx:TrackPointExtension>
      <gpxtpx:hr>126</gpxtpx:hr>
      <gpxtpx:cad>0</gpxtpx:cad>
     </gpxtpx:TrackPointExtension>
    </extensions>
   </trkpt>
   <trkpt lat="28.4120290" lon="83.8197560">
    <ele>1997.6</ele>
    <time>2026-06-09T07:10:29Z</time>
    <extensions>
     <gpxtpx:TrackPointExtension>
      <gpxtpx:hr>123</gpxtpx:hr>
      <gpxtpx:cad>67</gpxtpx:cad>
     </gpxtpx:TrackPointExtension>
    </extensions>
   </trkpt>
   <trkpt lat="28.4120320" lon="83.8197500">
    <ele>1998.0</ele>
    <time>2026-06-09T07:10:30Z</time>
    <extensions>
     <gpxtpx:TrackPointExtension>
      <gpxtpx:hr>122</gpxtpx:hr>
      <gpxtpx:cad>67</gpxtpx:cad>
     </gpxtpx:TrackPointExtension>
    </extensions>
   </trkpt>
   <trkpt lat="28.4120350" lon="83.8197290">
    <ele>1998.8</ele>
    <time>2026-06-09T07:10:34Z</time>
    <extensions>
     <gpxtpx:TrackPointExtension>
      <gpxtpx:hr>122</gpxtpx:hr>
      <gpxtpx:cad>0</gpxtpx:cad>
     </gpxtpx:TrackPointExtension>
    </extensions>
   </trkpt>
   <trkpt lat="28.4120380" lon="83.8197300">
    <ele>1998.6</ele>
    <time>2026-06-09T07:10:38Z</time>
    <extensions>
     <gpxtpx:TrackPointExtension>
      <gpxtpx:hr>122</gpxtpx:hr>
      <gpxtpx:cad>0</gpxtpx:cad>
     </gpxtpx:TrackPointExtension>
    </extensions>
   </trkpt>
   <trkpt lat="28.4120510" lon="83.8197420">
    <ele>1999.8</ele>
    <time>2026-06-09T07:10:48Z</time>
    <extensions>
     <gpxtpx:TrackPointExtension>
      <gpxtpx:hr>122</gpxtpx:hr>
      <gpxtpx:cad>0</gpxtpx:cad>
     </gpxtpx:TrackPointExtension>
    </extensions>
   </trkpt>
   <trkpt lat="28.4120510" lon="83.8197440">
    <ele>2000.2</ele>
    <time>2026-06-09T07:10:50Z</time>
    <extensions>
     <gpxtpx:TrackPointExtension>
      <gpxtpx:hr>122</gpxtpx:hr>
      <gpxtpx:cad>0</gpxtpx:cad>
     </gpxtpx:TrackPointExtension>
    </extensions>
   </trkpt>
   <trkpt lat="28.4120470" lon="83.8197540">
    <ele>2000.4</ele>
    <time>2026-06-09T07:10:58Z</time>
    <extensions>
     <gpxtpx:TrackPointExtension>
      <gpxtpx:hr>119</gpxtpx:hr>
      <gpxtpx:cad>0</gpxtpx:cad>
     </gpxtpx:TrackPointExtension>
    </extensions>
   </trkpt>
   <trkpt lat="28.4120440" lon="83.8197580">
    <ele>2000.4</ele>
    <time>2026-06-09T07:11:01Z</time>
    <extensions>
     <gpxtpx:TrackPointExtension>
      <gpxtpx:hr>118</gpxtpx:hr>
      <gpxtpx:cad>0</gpxtpx:cad>
     </gpxtpx:TrackPointExtension>
    </extensions>
   </trkpt>
   <trkpt lat="28.4120410" lon="83.8197690">
    <ele>2000.0</ele>
    <time>2026-06-09T07:11:04Z</time>
    <extensions>
     <gpxtpx:TrackPointExtension>
      <gpxtpx:hr>114</gpxtpx:hr>
      <gpxtpx:cad>0</gpxtpx:cad>
     </gpxtpx:TrackPointExtension>
    </extensions>
   </trkpt>
   <trkpt lat="28.4120380" lon="83.8197640">
    <ele>1999.8</ele>
    <time>2026-06-09T07:11:10Z</time>
    <extensions>
     <gpxtpx:TrackPointExtension>
      <gpxtpx:hr>112</gpxtpx:hr>
      <gpxtpx:cad>0</gpxtpx:cad>
     </gpxtpx:TrackPointExtension>
    </extensions>
   </trkpt>
   <trkpt lat="28.4120340" lon="83.8197780">
    <ele>1999.6</ele>
    <time>2026-06-09T07:11:17Z</time>
    <extensions>
     <gpxtpx:TrackPointExtension>
      <gpxtpx:hr>112</gpxtpx:hr>
      <gpxtpx:cad>0</gpxtpx:cad>
     </gpxtpx:TrackPointExtension>
    </extensions>
   </trkpt>
   <trkpt lat="28.4120370" lon="83.8197800">
    <ele>1999.6</ele>
    <time>2026-06-09T07:11:27Z</time>
    <extensions>
     <gpxtpx:TrackPointExtension>
      <gpxtpx:hr>106</gpxtpx:hr>
      <gpxtpx:cad>0</gpxtpx:cad>
     </gpxtpx:TrackPointExtension>
    </extensions>
   </trkpt>
   <trkpt lat="28.4120370" lon="83.8197790">
    <ele>1999.6</ele>
    <time>2026-06-09T07:11:28Z</time>
    <extensions>
     <gpxtpx:TrackPointExtension>
      <gpxtpx:hr>103</gpxtpx:hr>
      <gpxtpx:cad>0</gpxtpx:cad>
     </gpxtpx:TrackPointExtension>
    </extensions>
   </trkpt>
   <trkpt lat="28.4120370" lon="83.8197790">
    <ele>1999.6</ele>
    <time>2026-06-09T07:11:29Z</time>
    <extensions>
     <gpxtpx:TrackPointExtension>
      <gpxtpx:hr>100</gpxtpx:hr>
      <gpxtpx:cad>0</gpxtpx:cad>
     </gpxtpx:TrackPointExtension>
    </extensions>
   </trkpt>
   <trkpt lat="28.4120380" lon="83.8197780">
    <ele>1998.6</ele>
    <time>2026-06-09T07:11:32Z</time>
    <extensions>
     <gpxtpx:TrackPointExtension>
      <gpxtpx:hr>98</gpxtpx:hr>
      <gpxtpx:cad>0</gpxtpx:cad>
     </gpxtpx:TrackPointExtension>
    </extensions>
   </trkpt>
   <trkpt lat="28.4120400" lon="83.8197760">
    <ele>1999.4</ele>
    <time>2026-06-09T07:11:37Z</time>
    <extensions>
     <gpxtpx:TrackPointExtension>
      <gpxtpx:hr>102</gpxtpx:hr>
      <gpxtpx:cad>0</gpxtpx:cad>
     </gpxtpx:TrackPointExtension>
    </extensions>
   </trkpt>
   <trkpt lat="28.4120410" lon="83.8197740">
    <ele>2000.0</ele>
    <time>2026-06-09T07:11:41Z</time>
    <extensions>
     <gpxtpx:TrackPointExtension>
      <gpxtpx:hr>101</gpxtpx:hr>
      <gpxtpx:cad>0</gpxtpx:cad>
     </gpxtpx:TrackPointExtension>
    </extensions>
   </trkpt>
   <trkpt lat="28.4120420" lon="83.8197730">
    <ele>1999.8</ele>
    <time>2026-06-09T07:11:45Z</time>
    <extensions>
     <gpxtpx:TrackPointExtension>
      <gpxtpx:hr>104</gpxtpx:hr>
      <gpxtpx:cad>0</gpxtpx:cad>
     </gpxtpx:TrackPointExtension>
    </extensions>
   </trkpt>
   <trkpt lat="28.4120440" lon="83.8197720">
    <ele>1999.6</ele>
    <time>2026-06-09T07:11:49Z</time>
    <extensions>
     <gpxtpx:TrackPointExtension>
      <gpxtpx:hr>107</gpxtpx:hr>
      <gpxtpx:cad>0</gpxtpx:cad>
     </gpxtpx:TrackPointExtension>
    </extensions>
   </trkpt>
   <trkpt lat="28.4120450" lon="83.8197670">
    <ele>1999.4</ele>
    <time>2026-06-09T07:11:54Z</time>
    <extensions>
     <gpxtpx:TrackPointExtension>
      <gpxtpx:hr>104</gpxtpx:hr>
      <gpxtpx:cad>0</gpxtpx:cad>
     </gpxtpx:TrackPointExtension>
    </extensions>
   </trkpt>
   <trkpt lat="28.4120440" lon="83.8197630">
    <ele>1999.4</ele>
    <time>2026-06-09T07:11:55Z</time>
    <extensions>
     <gpxtpx:TrackPointExtension>
      <gpxtpx:hr>104</gpxtpx:hr>
      <gpxtpx:cad>0</gpxtpx:cad>
     </gpxtpx:TrackPointExtension>
    </extensions>
   </trkpt>
   <trkpt lat="28.4120500" lon="83.8197310">
    <ele>2000.6</ele>
    <time>2026-06-09T07:12:03Z</time>
    <extensions>
     <gpxtpx:TrackPointExtension>
      <gpxtpx:hr>105</gpxtpx:hr>
      <gpxtpx:cad>0</gpxtpx:cad>
     </gpxtpx:TrackPointExtension>
    </extensions>
   </trkpt>
   <trkpt lat="28.4120560" lon="83.8197200">
    <ele>2001.2</ele>
    <time>2026-06-09T07:12:06Z</time>
    <extensions>
     <gpxtpx:TrackPointExtension>
      <gpxtpx:hr>106</gpxtpx:hr>
      <gpxtpx:cad>67</gpxtpx:cad>
     </gpxtpx:TrackPointExtension>
    </extensions>
   </trkpt>
   <trkpt lat="28.4120590" lon="83.8196930">
    <ele>2001.8</ele>
    <time>2026-06-09T07:12:11Z</time>
    <extensions>
     <gpxtpx:TrackPointExtension>
      <gpxtpx:hr>108</gpxtpx:hr>
      <gpxtpx:cad>67</gpxtpx:cad>
     </gpxtpx:TrackPointExtension>
    </extensions>
   </trkpt>
   <trkpt lat="28.4120590" lon="83.8196750">
    <ele>2002.2</ele>
    <time>2026-06-09T07:12:14Z</time>
    <extensions>
     <gpxtpx:TrackPointExtension>
      <gpxtpx:hr>109</gpxtpx:hr>
      <gpxtpx:cad>67</gpxtpx:cad>
     </gpxtpx:TrackPointExtension>
    </extensions>
   </trkpt>
   <trkpt lat="28.4120660" lon="83.8196760">
    <ele>2002.6</ele>
    <time>2026-06-09T07:12:17Z</time>
    <extensions>
     <gpxtpx:TrackPointExtension>
      <gpxtpx:hr>112</gpxtpx:hr>
      <gpxtpx:cad>57</gpxtpx:cad>
     </gpxtpx:TrackPointExtension>
    </extensions>
   </trkpt>
   <trkpt lat="28.4120780" lon="83.8196790">
    <ele>2003.0</ele>
    <time>2026-06-09T07:12:20Z</time>
    <extensions>
     <gpxtpx:TrackPointExtension>
      <gpxtpx:hr>115</gpxtpx:hr>
      <gpxtpx:cad>57</gpxtpx:cad>
     </gpxtpx:TrackPointExtension>
    </extensions>
   </trkpt>
   <trkpt lat="28.4120860" lon="83.8196870">
    <ele>2003.4</ele>
    <time>2026-06-09T07:12:23Z</time>
    <extensions>
     <gpxtpx:TrackPointExtension>
      <gpxtpx:hr>117</gpxtpx:hr>
      <gpxtpx:cad>57</gpxtpx:cad>
     </gpxtpx:TrackPointExtension>
    </extensions>
   </trkpt>
   <trkpt lat="28.4120880" lon="83.8196900">
    <ele>2003.4</ele>
    <time>2026-06-09T07:12:24Z</time>
    <extensions>
     <gpxtpx:TrackPointExtension>
      <gpxtpx:hr>117</gpxtpx:hr>
      <gpxtpx:cad>0</gpxtpx:cad>
     </gpxtpx:TrackPointExtension>
    </extensions>
   </trkpt>
   <trkpt lat="28.4121080" lon="83.8197020">
    <ele>2004.6</ele>
    <time>2026-06-09T07:12:29Z</time>
    <extensions>
     <gpxtpx:TrackPointExtension>
      <gpxtpx:hr>119</gpxtpx:hr>
      <gpxtpx:cad>0</gpxtpx:cad>
     </gpxtpx:TrackPointExtension>
    </extensions>
   </trkpt>
   <trkpt lat="28.4121180" lon="83.8197090">
    <ele>2005.0</ele>
    <time>2026-06-09T07:12:32Z</time>
    <extensions>
     <gpxtpx:TrackPointExtension>
      <gpxtpx:hr>119</gpxtpx:hr>
      <gpxtpx:cad>66</gpxtpx:cad>
     </gpxtpx:TrackPointExtension>
    </extensions>
   </trkpt>
   <trkpt lat="28.4121370" lon="83.8197220">
    <ele>2004.6</ele>
    <time>2026-06-09T07:12:40Z</time>
    <extensions>
     <gpxtpx:TrackPointExtension>
      <gpxtpx:hr>121</gpxtpx:hr>
      <gpxtpx:cad>70</gpxtpx:cad>
     </gpxtpx:TrackPointExtension>
    </extensions>
   </trkpt>
   <trkpt lat="28.4121430" lon="83.8197160">
    <ele>2005.6</ele>
    <time>2026-06-09T07:12:45Z</time>
    <extensions>
     <gpxtpx:TrackPointExtension>
      <gpxtpx:hr>123</gpxtpx:hr>
      <gpxtpx:cad>70</gpxtpx:cad>
     </gpxtpx:TrackPointExtension>
    </extensions>
   </trkpt>
   <trkpt lat="28.4121500" lon="83.8197140">
    <ele>2006.0</ele>
    <time>2026-06-09T07:12:47Z</time>
    <extensions>
     <gpxtpx:TrackPointExtension>
      <gpxtpx:hr>124</gpxtpx:hr>
      <gpxtpx:cad>68</gpxtpx:cad>
     </gpxtpx:TrackPointExtension>
    </extensions>
   </trkpt>
   <trkpt lat="28.4121660" lon="83.8197110">
    <ele>2006.6</ele>
    <time>2026-06-09T07:12:52Z</time>
    <extensions>
     <gpxtpx:TrackPointExtension>
      <gpxtpx:hr>123</gpxtpx:hr>
      <gpxtpx:cad>62</gpxtpx:cad>
     </gpxtpx:TrackPointExtension>
    </extensions>
   </trkpt>
   <trkpt lat="28.4121680" lon="83.8197090">
    <ele>2006.8</ele>
    <time>2026-06-09T07:12:53Z</time>
    <extensions>
     <gpxtpx:TrackPointExtension>
      <gpxtpx:hr>124</gpxtpx:hr>
      <gpxtpx:cad>56</gpxtpx:cad>
     </gpxtpx:TrackPointExtension>
    </extensions>
   </trkpt>
   <trkpt lat="28.4121980" lon="83.8197000">
    <ele>2007.8</ele>
    <time>2026-06-09T07:13:00Z</time>
    <extensions>
     <gpxtpx:TrackPointExtension>
      <gpxtpx:hr>126</gpxtpx:hr>
      <gpxtpx:cad>0</gpxtpx:cad>
     </gpxtpx:TrackPointExtension>
    </extensions>
   </trkpt>
   <trkpt lat="28.4122000" lon="83.8196990">
    <ele>2007.8</ele>
    <time>2026-06-09T07:13:01Z</time>
    <extensions>
     <gpxtpx:TrackPointExtension>
      <gpxtpx:hr>126</gpxtpx:hr>
      <gpxtpx:cad>0</gpxtpx:cad>
     </gpxtpx:TrackPointExtension>
    </extensions>
   </trkpt>
   <trkpt lat="28.4122300" lon="83.8196900">
    <ele>2008.8</ele>
    <time>2026-06-09T07:13:09Z</time>
    <extensions>
     <gpxtpx:TrackPointExtension>
      <gpxtpx:hr>128</gpxtpx:hr>
      <gpxtpx:cad>58</gpxtpx:cad>
     </gpxtpx:TrackPointExtension>
    </extensions>
   </trkpt>
   <trkpt lat="28.4122580" lon="83.8196780">
    <ele>2009.8</ele>
    <time>2026-06-09T07:13:14Z</time>
    <extensions>
     <gpxtpx:TrackPointExtension>
      <gpxtpx:hr>131</gpxtpx:hr>
      <gpxtpx:cad>58</gpxtpx:cad>
     </gpxtpx:TrackPointExtension>
    </extensions>
   </trkpt>
   <trkpt lat="28.4122650" lon="83.8196760">
    <ele>2010.0</ele>
    <time>2026-06-09T07:13:15Z</time>
    <extensions>
     <gpxtpx:TrackPointExtension>
      <gpxtpx:hr>131</gpxtpx:hr>
      <gpxtpx:cad>0</gpxtpx:cad>
     </gpxtpx:TrackPointExtension>
    </extensions>
   </trkpt>
   <trkpt lat="28.4122710" lon="83.8196700">
    <ele>2010.2</ele>
    <time>2026-06-09T07:13:17Z</time>
    <extensions>
     <gpxtpx:TrackPointExtension>
      <gpxtpx:hr>132</gpxtpx:hr>
      <gpxtpx:cad>55</gpxtpx:cad>
     </gpxtpx:TrackPointExtension>
    </extensions>
   </trkpt>
   <trkpt lat="28.4122830" lon="83.8196630">
    <ele>2011.2</ele>
    <time>2026-06-09T07:13:22Z</time>
    <extensions>
     <gpxtpx:TrackPointExtension>
      <gpxtpx:hr>131</gpxtpx:hr>
      <gpxtpx:cad>51</gpxtpx:cad>
     </gpxtpx:TrackPointExtension>
    </extensions>
   </trkpt>
   <trkpt lat="28.4122860" lon="83.8196470">
    <ele>2011.6</ele>
    <time>2026-06-09T07:13:25Z</time>
    <extensions>
     <gpxtpx:TrackPointExtension>
      <gpxtpx:hr>132</gpxtpx:hr>
      <gpxtpx:cad>0</gpxtpx:cad>
     </gpxtpx:TrackPointExtension>
    </extensions>
   </trkpt>
   <trkpt lat="28.4122820" lon="83.8196140">
    <ele>2012.2</ele>
    <time>2026-06-09T07:13:32Z</time>
    <extensions>
     <gpxtpx:TrackPointExtension>
      <gpxtpx:hr>131</gpxtpx:hr>
      <gpxtpx:cad>55</gpxtpx:cad>
     </gpxtpx:TrackPointExtension>
    </extensions>
   </trkpt>
   <trkpt lat="28.4122790" lon="83.8196090">
    <ele>2012.4</ele>
    <time>2026-06-09T07:13:33Z</time>
    <extensions>
     <gpxtpx:TrackPointExtension>
      <gpxtpx:hr>131</gpxtpx:hr>
      <gpxtpx:cad>0</gpxtpx:cad>
     </gpxtpx:TrackPointExtension>
    </extensions>
   </trkpt>
   <trkpt lat="28.4122510" lon="83.8195860">
    <ele>2013.4</ele>
    <time>2026-06-09T07:13:39Z</time>
    <extensions>
     <gpxtpx:TrackPointExtension>
      <gpxtpx:hr>133</gpxtpx:hr>
      <gpxtpx:cad>61</gpxtpx:cad>
     </gpxtpx:TrackPointExtension>
    </extensions>
   </trkpt>
   <trkpt lat="28.4122420" lon="83.8195840">
    <ele>2013.8</ele>
    <time>2026-06-09T07:13:42Z</time>
    <extensions>
     <gpxtpx:TrackPointExtension>
      <gpxtpx:hr>134</gpxtpx:hr>
      <gpxtpx:cad>53</gpxtpx:cad>
     </gpxtpx:TrackPointExtension>
    </extensions>
   </trkpt>
   <trkpt lat="28.4122240" lon="83.8195770">
    <ele>2014.4</ele>
    <time>2026-06-09T07:13:47Z</time>
    <extensions>
     <gpxtpx:TrackPointExtension>
      <gpxtpx:hr>134</gpxtpx:hr>
      <gpxtpx:cad>0</gpxtpx:cad>
     </gpxtpx:TrackPointExtension>
    </extensions>
   </trkpt>
   <trkpt lat="28.4122190" lon="83.8195710">
    <ele>2014.8</ele>
    <time>2026-06-09T07:13:49Z</time>
    <extensions>
     <gpxtpx:TrackPointExtension>
      <gpxtpx:hr>133</gpxtpx:hr>
      <gpxtpx:cad>0</gpxtpx:cad>
     </gpxtpx:TrackPointExtension>
    </extensions>
   </trkpt>
   <trkpt lat="28.4121950" lon="83.8195580">
    <ele>2015.6</ele>
    <time>2026-06-09T07:13:58Z</time>
    <extensions>
     <gpxtpx:TrackPointExtension>
      <gpxtpx:hr>132</gpxtpx:hr>
      <gpxtpx:cad>0</gpxtpx:cad>
     </gpxtpx:TrackPointExtension>
    </extensions>
   </trkpt>
   <trkpt lat="28.4121900" lon="83.8195550">
    <ele>2015.8</ele>
    <time>2026-06-09T07:13:59Z</time>
    <extensions>
     <gpxtpx:TrackPointExtension>
      <gpxtpx:hr>132</gpxtpx:hr>
      <gpxtpx:cad>0</gpxtpx:cad>
     </gpxtpx:TrackPointExtension>
    </extensions>
   </trkpt>
   <trkpt lat="28.4121600" lon="83.8195290">
    <ele>2016.6</ele>
    <time>2026-06-09T07:14:06Z</time>
    <extensions>
     <gpxtpx:TrackPointExtension>
      <gpxtpx:hr>130</gpxtpx:hr>
      <gpxtpx:cad>0</gpxtpx:cad>
     </gpxtpx:TrackPointExtension>
    </extensions>
   </trkpt>
   <trkpt lat="28.4121470" lon="83.8195300">
    <ele>2018.0</ele>
    <time>2026-06-09T07:14:09Z</time>
    <extensions>
     <gpxtpx:TrackPointExtension>
      <gpxtpx:hr>130</gpxtpx:hr>
      <gpxtpx:cad>0</gpxtpx:cad>
     </gpxtpx:TrackPointExtension>
    </extensions>
   </trkpt>
   <trkpt lat="28.4121470" lon="83.8195300">
    <ele>2018.8</ele>
    <time>2026-06-09T07:14:11Z</time>
    <extensions>
     <gpxtpx:TrackPointExtension>
      <gpxtpx:hr>130</gpxtpx:hr>
      <gpxtpx:cad>0</gpxtpx:cad>
     </gpxtpx:TrackPointExtension>
    </extensions>
   </trkpt>
   <trkpt lat="28.4121470" lon="83.8195310">
    <ele>2019.0</ele>
    <time>2026-06-09T07:14:12Z</time>
    <extensions>
     <gpxtpx:TrackPointExtension>
      <gpxtpx:hr>130</gpxtpx:hr>
      <gpxtpx:cad>0</gpxtpx:cad>
     </gpxtpx:TrackPointExtension>
    </extensions>
   </trkpt>
   <trkpt lat="28.4121600" lon="83.8195330">
    <ele>2018.4</ele>
    <time>2026-06-09T07:14:19Z</time>
    <extensions>
     <gpxtpx:TrackPointExtension>
      <gpxtpx:hr>129</gpxtpx:hr>
      <gpxtpx:cad>0</gpxtpx:cad>
     </gpxtpx:TrackPointExtension>
    </extensions>
   </trkpt>
   <trkpt lat="28.4121610" lon="83.8195370">
    <ele>2018.0</ele>
    <time>2026-06-09T07:14:20Z</time>
    <extensions>
     <gpxtpx:TrackPointExtension>
      <gpxtpx:hr>129</gpxtpx:hr>
      <gpxtpx:cad>0</gpxtpx:cad>
     </gpxtpx:TrackPointExtension>
    </extensions>
   </trkpt>
   <trkpt lat="28.4121590" lon="83.8195380">
    <ele>2017.2</ele>
    <time>2026-06-09T07:14:23Z</time>
    <extensions>
     <gpxtpx:TrackPointExtension>
      <gpxtpx:hr>128</gpxtpx:hr>
      <gpxtpx:cad>0</gpxtpx:cad>
     </gpxtpx:TrackPointExtension>
    </extensions>
   </trkpt>
   <trkpt lat="28.4121510" lon="83.8195330">
    <ele>2017.4</ele>
    <time>2026-06-09T07:14:30Z</time>
    <extensions>
     <gpxtpx:TrackPointExtension>
      <gpxtpx:hr>127</gpxtpx:hr>
      <gpxtpx:cad>0</gpxtpx:cad>
     </gpxtpx:TrackPointExtension>
    </extensions>
   </trkpt>
   <trkpt lat="28.4121550" lon="83.8195380">
    <ele>2017.2</ele>
    <time>2026-06-09T07:14:33Z</time>
    <extensions>
     <gpxtpx:TrackPointExtension>
      <gpxtpx:hr>124</gpxtpx:hr>
      <gpxtpx:cad>0</gpxtpx:cad>
     </gpxtpx:TrackPointExtension>
    </extensions>
   </trkpt>
   <trkpt lat="28.4121640" lon="83.8195390">
    <ele>2017.0</ele>
    <time>2026-06-09T07:14:35Z</time>
    <extensions>
     <gpxtpx:TrackPointExtension>
      <gpxtpx:hr>123</gpxtpx:hr>
      <gpxtpx:cad>0</gpxtpx:cad>
     </gpxtpx:TrackPointExtension>
    </extensions>
   </trkpt>
   <trkpt lat="28.4121650" lon="83.8195380">
    <ele>2018.2</ele>
    <time>2026-06-09T07:14:39Z</time>
    <extensions>
     <gpxtpx:TrackPointExtension>
      <gpxtpx:hr>121</gpxtpx:hr>
      <gpxtpx:cad>0</gpxtpx:cad>
     </gpxtpx:TrackPointExtension>
    </extensions>
   </trkpt>
   <trkpt lat="28.4121620" lon="83.8195370">
    <ele>2019.4</ele>
    <time>2026-06-09T07:14:41Z</time>
    <extensions>
     <gpxtpx:TrackPointExtension>
      <gpxtpx:hr>120</gpxtpx:hr>
      <gpxtpx:cad>0</gpxtpx:cad>
     </gpxtpx:TrackPointExtension>
    </extensions>
   </trkpt>
   <trkpt lat="28.4121630" lon="83.8195390">
    <ele>2020.0</ele>
    <time>2026-06-09T07:14:43Z</time>
    <extensions>
     <gpxtpx:TrackPointExtension>
      <gpxtpx:hr>117</gpxtpx:hr>
      <gpxtpx:cad>0</gpxtpx:cad>
     </gpxtpx:TrackPointExtension>
    </extensions>
   </trkpt>
   <trkpt lat="28.4121650" lon="83.8195420">
    <ele>2019.8</ele>
    <time>2026-06-09T07:14:45Z</time>
    <extensions>
     <gpxtpx:TrackPointExtension>
      <gpxtpx:hr>116</gpxtpx:hr>
      <gpxtpx:cad>0</gpxtpx:cad>
     </gpxtpx:TrackPointExtension>
    </extensions>
   </trkpt>
   <trkpt lat="28.4121900" lon="83.8195500">
    <ele>2018.8</ele>
    <time>2026-06-09T07:14:51Z</time>
    <extensions>
     <gpxtpx:TrackPointExtension>
      <gpxtpx:hr>113</gpxtpx:hr>
      <gpxtpx:cad>0</gpxtpx:cad>
     </gpxtpx:TrackPointExtension>
    </extensions>
   </trkpt>
   <trkpt lat="28.4121940" lon="83.8195490">
    <ele>2018.2</ele>
    <time>2026-06-09T07:14:52Z</time>
    <extensions>
     <gpxtpx:TrackPointExtension>
      <gpxtpx:hr>112</gpxtpx:hr>
      <gpxtpx:cad>0</gpxtpx:cad>
     </gpxtpx:TrackPointExtension>
    </extensions>
   </trkpt>
   <trkpt lat="28.4122030" lon="83.8195490">
    <ele>2017.4</ele>
    <time>2026-06-09T07:14:54Z</time>
    <extensions>
     <gpxtpx:TrackPointExtension>
      <gpxtpx:hr>109</gpxtpx:hr>
      <gpxtpx:cad>0</gpxtpx:cad>
     </gpxtpx:TrackPointExtension>
    </extensions>
   </trkpt>
   <trkpt lat="28.4122110" lon="83.8195240">
    <ele>2018.6</ele>
    <time>2026-06-09T07:14:59Z</time>
    <extensions>
     <gpxtpx:TrackPointExtension>
      <gpxtpx:hr>108</gpxtpx:hr>
      <gpxtpx:cad>0</gpxtpx:cad>
     </gpxtpx:TrackPointExtension>
    </extensions>
   </trkpt>
   <trkpt lat="28.4122070" lon="83.8195120">
    <ele>2019.4</ele>
    <time>2026-06-09T07:15:01Z</time>
    <extensions>
     <gpxtpx:TrackPointExtension>
      <gpxtpx:hr>107</gpxtpx:hr>
      <gpxtpx:cad>0</gpxtpx:cad>
     </gpxtpx:TrackPointExtension>
    </extensions>
   </trkpt>
   <trkpt lat="28.4121910" lon="83.8194820">
    <ele>2019.4</ele>
    <time>2026-06-09T07:15:07Z</time>
    <extensions>
     <gpxtpx:TrackPointExtension>
      <gpxtpx:hr>110</gpxtpx:hr>
      <gpxtpx:cad>0</gpxtpx:cad>
     </gpxtpx:TrackPointExtension>
    </extensions>
   </trkpt>
   <trkpt lat="28.4121810" lon="83.8194860">
    <ele>2018.8</ele>
    <time>2026-06-09T07:15:14Z</time>
    <extensions>
     <gpxtpx:TrackPointExtension>
      <gpxtpx:hr>109</gpxtpx:hr>
      <gpxtpx:cad>0</gpxtpx:cad>
     </gpxtpx:TrackPointExtension>
    </extensions>
   </trkpt>
   <trkpt lat="28.4121850" lon="83.8194970">
    <ele>2018.4</ele>
    <time>2026-06-09T07:15:16Z</time>
    <extensions>
     <gpxtpx:TrackPointExtension>
      <gpxtpx:hr>109</gpxtpx:hr>
      <gpxtpx:cad>0</gpxtpx:cad>
     </gpxtpx:TrackPointExtension>
    </extensions>
   </trkpt>
   <trkpt lat="28.4121870" lon="83.8195110">
    <ele>2018.4</ele>
    <time>2026-06-09T07:15:20Z</time>
    <extensions>
     <gpxtpx:TrackPointExtension>
      <gpxtpx:hr>109</gpxtpx:hr>
      <gpxtpx:cad>0</gpxtpx:cad>
     </gpxtpx:TrackPointExtension>
    </extensions>
   </trkpt>
   <trkpt lat="28.4121840" lon="83.8195140">
    <ele>2018.8</ele>
    <time>2026-06-09T07:15:22Z</time>
    <extensions>
     <gpxtpx:TrackPointExtension>
      <gpxtpx:hr>106</gpxtpx:hr>
      <gpxtpx:cad>0</gpxtpx:cad>
     </gpxtpx:TrackPointExtension>
    </extensions>
   </trkpt>
   <trkpt lat="28.4121860" lon="83.8195320">
    <ele>2019.2</ele>
    <time>2026-06-09T07:15:26Z</time>
    <extensions>
     <gpxtpx:TrackPointExtension>
      <gpxtpx:hr>109</gpxtpx:hr>
      <gpxtpx:cad>0</gpxtpx:cad>
     </gpxtpx:TrackPointExtension>
    </extensions>
   </trkpt>
   <trkpt lat="28.4121870" lon="83.8195350">
    <ele>2019.4</ele>
    <time>2026-06-09T07:15:28Z</time>
    <extensions>
     <gpxtpx:TrackPointExtension>
      <gpxtpx:hr>106</gpxtpx:hr>
      <gpxtpx:cad>0</gpxtpx:cad>
     </gpxtpx:TrackPointExtension>
    </extensions>
   </trkpt>
   <trkpt lat="28.4121870" lon="83.8195310">
    <ele>2019.4</ele>
    <time>2026-06-09T07:15:30Z</time>
    <extensions>
     <gpxtpx:TrackPointExtension>
      <gpxtpx:hr>105</gpxtpx:hr>
      <gpxtpx:cad>0</gpxtpx:cad>
     </gpxtpx:TrackPointExtension>
    </extensions>
   </trkpt>
   <trkpt lat="28.4121870" lon="83.8195200">
    <ele>2019.6</ele>
    <time>2026-06-09T07:15:42Z</time>
    <extensions>
     <gpxtpx:TrackPointExtension>
      <gpxtpx:hr>102</gpxtpx:hr>
      <gpxtpx:cad>0</gpxtpx:cad>
     </gpxtpx:TrackPointExtension>
    </extensions>
   </trkpt>
   <trkpt lat="28.4121870" lon="83.8195180">
    <ele>2019.6</ele>
    <time>2026-06-09T07:15:43Z</time>
    <extensions>
     <gpxtpx:TrackPointExtension>
      <gpxtpx:hr>103</gpxtpx:hr>
      <gpxtpx:cad>0</gpxtpx:cad>
     </gpxtpx:TrackPointExtension>
    </extensions>
   </trkpt>
   <trkpt lat="28.4121860" lon="83.8195160">
    <ele>2019.0</ele>
    <time>2026-06-09T07:15:46Z</time>
    <extensions>
     <gpxtpx:TrackPointExtension>
      <gpxtpx:hr>106</gpxtpx:hr>
      <gpxtpx:cad>0</gpxtpx:cad>
     </gpxtpx:TrackPointExtension>
    </extensions>
   </trkpt>
   <trkpt lat="28.4121900" lon="83.8195210">
    <ele>2018.6</ele>
    <time>2026-06-09T07:15:50Z</time>
    <extensions>
     <gpxtpx:TrackPointExtension>
      <gpxtpx:hr>103</gpxtpx:hr>
      <gpxtpx:cad>0</gpxtpx:cad>
     </gpxtpx:TrackPointExtension>
    </extensions>
   </trkpt>
   <trkpt lat="28.4121950" lon="83.8195210">
    <ele>2018.8</ele>
    <time>2026-06-09T07:15:54Z</time>
    <extensions>
     <gpxtpx:TrackPointExtension>
      <gpxtpx:hr>100</gpxtpx:hr>
      <gpxtpx:cad>0</gpxtpx:cad>
     </gpxtpx:TrackPointExtension>
    </extensions>
   </trkpt>
   <trkpt lat="28.4121970" lon="83.8195100">
    <ele>2019.0</ele>
    <time>2026-06-09T07:15:56Z</time>
    <extensions>
     <gpxtpx:TrackPointExtension>
      <gpxtpx:hr>99</gpxtpx:hr>
      <gpxtpx:cad>0</gpxtpx:cad>
     </gpxtpx:TrackPointExtension>
    </extensions>
   </trkpt>
   <trkpt lat="28.4121980" lon="83.8194890">
    <ele>2019.2</ele>
    <time>2026-06-09T07:16:04Z</time>
    <extensions>
     <gpxtpx:TrackPointExtension>
      <gpxtpx:hr>96</gpxtpx:hr>
      <gpxtpx:cad>0</gpxtpx:cad>
     </gpxtpx:TrackPointExtension>
    </extensions>
   </trkpt>
   <trkpt lat="28.4121980" lon="83.8194870">
    <ele>2019.2</ele>
    <time>2026-06-09T07:16:05Z</time>
    <extensions>
     <gpxtpx:TrackPointExtension>
      <gpxtpx:hr>92</gpxtpx:hr>
      <gpxtpx:cad>0</gpxtpx:cad>
     </gpxtpx:TrackPointExtension>
    </extensions>
   </trkpt>
   <trkpt lat="28.4121930" lon="83.8195140">
    <ele>2019.2</ele>
    <time>2026-06-09T07:16:14Z</time>
    <extensions>
     <gpxtpx:TrackPointExtension>
      <gpxtpx:hr>92</gpxtpx:hr>
      <gpxtpx:cad>0</gpxtpx:cad>
     </gpxtpx:TrackPointExtension>
    </extensions>
   </trkpt>
   <trkpt lat="28.4121840" lon="83.8195330">
    <ele>2019.2</ele>
    <time>2026-06-09T07:16:26Z</time>
    <extensions>
     <gpxtpx:TrackPointExtension>
      <gpxtpx:hr>96</gpxtpx:hr>
      <gpxtpx:cad>0</gpxtpx:cad>
     </gpxtpx:TrackPointExtension>
    </extensions>
   </trkpt>
   <trkpt lat="28.4121810" lon="83.8195400">
    <ele>2019.6</ele>
    <time>2026-06-09T07:16:30Z</time>
    <extensions>
     <gpxtpx:TrackPointExtension>
      <gpxtpx:hr>96</gpxtpx:hr>
      <gpxtpx:cad>0</gpxtpx:cad>
     </gpxtpx:TrackPointExtension>
    </extensions>
   </trkpt>
   <trkpt lat="28.4121790" lon="83.8195390">
    <ele>2019.6</ele>
    <time>2026-06-09T07:16:33Z</time>
    <extensions>
     <gpxtpx:TrackPointExtension>
      <gpxtpx:hr>93</gpxtpx:hr>
      <gpxtpx:cad>0</gpxtpx:cad>
     </gpxtpx:TrackPointExtension>
    </extensions>
   </trkpt>
   <trkpt lat="28.4121740" lon="83.8195630">
    <ele>2020.0</ele>
    <time>2026-06-09T07:16:45Z</time>
    <extensions>
     <gpxtpx:TrackPointExtension>
      <gpxtpx:hr>92</gpxtpx:hr>
      <gpxtpx:cad>0</gpxtpx:cad>
     </gpxtpx:TrackPointExtension>
    </extensions>
   </trkpt>
   <trkpt lat="28.4121730" lon="83.8195630">
    <ele>2020.4</ele>
    <time>2026-06-09T07:16:49Z</time>
    <extensions>
     <gpxtpx:TrackPointExtension>
      <gpxtpx:hr>92</gpxtpx:hr>
      <gpxtpx:cad>0</gpxtpx:cad>
     </gpxtpx:TrackPointExtension>
    </extensions>
   </trkpt>
   <trkpt lat="28.4121720" lon="83.8195670">
    <ele>2020.4</ele>
    <time>2026-06-09T07:16:53Z</time>
    <extensions>
     <gpxtpx:TrackPointExtension>
      <gpxtpx:hr>92</gpxtpx:hr>
      <gpxtpx:cad>0</gpxtpx:cad>
     </gpxtpx:TrackPointExtension>
    </extensions>
   </trkpt>
   <trkpt lat="28.4121700" lon="83.8195730">
    <ele>2020.8</ele>
    <time>2026-06-09T07:17:03Z</time>
    <extensions>
     <gpxtpx:TrackPointExtension>
      <gpxtpx:hr>95</gpxtpx:hr>
      <gpxtpx:cad>0</gpxtpx:cad>
     </gpxtpx:TrackPointExtension>
    </extensions>
   </trkpt>
   <trkpt lat="28.4121700" lon="83.8195680">
    <ele>2020.8</ele>
    <time>2026-06-09T07:17:04Z</time>
    <extensions>
     <gpxtpx:TrackPointExtension>
      <gpxtpx:hr>96</gpxtpx:hr>
      <gpxtpx:cad>0</gpxtpx:cad>
     </gpxtpx:TrackPointExtension>
    </extensions>
   </trkpt>
   <trkpt lat="28.4121700" lon="83.8195520">
    <ele>2021.0</ele>
    <time>2026-06-09T07:17:08Z</time>
    <extensions>
     <gpxtpx:TrackPointExtension>
      <gpxtpx:hr>100</gpxtpx:hr>
      <gpxtpx:cad>0</gpxtpx:cad>
     </gpxtpx:TrackPointExtension>
    </extensions>
   </trkpt>
   <trkpt lat="28.4121690" lon="83.8195260">
    <ele>2020.8</ele>
    <time>2026-06-09T07:17:13Z</time>
    <extensions>
     <gpxtpx:TrackPointExtension>
      <gpxtpx:hr>93</gpxtpx:hr>
      <gpxtpx:cad>0</gpxtpx:cad>
     </gpxtpx:TrackPointExtension>
    </extensions>
   </trkpt>
   <trkpt lat="28.4121690" lon="83.8195240">
    <ele>2020.8</ele>
    <time>2026-06-09T07:17:14Z</time>
    <extensions>
     <gpxtpx:TrackPointExtension>
      <gpxtpx:hr>90</gpxtpx:hr>
      <gpxtpx:cad>0</gpxtpx:cad>
     </gpxtpx:TrackPointExtension>
    </extensions>
   </trkpt>
   <trkpt lat="28.4121710" lon="83.8195260">
    <ele>2020.8</ele>
    <time>2026-06-09T07:17:16Z</time>
    <extensions>
     <gpxtpx:TrackPointExtension>
      <gpxtpx:hr>87</gpxtpx:hr>
      <gpxtpx:cad>0</gpxtpx:cad>
     </gpxtpx:TrackPointExtension>
    </extensions>
   </trkpt>
   <trkpt lat="28.4121800" lon="83.8195380">
    <ele>2020.8</ele>
    <time>2026-06-09T07:17:23Z</time>
    <extensions>
     <gpxtpx:TrackPointExtension>
      <gpxtpx:hr>84</gpxtpx:hr>
      <gpxtpx:cad>0</gpxtpx:cad>
     </gpxtpx:TrackPointExtension>
    </extensions>
   </trkpt>
   <trkpt lat="28.4121820" lon="83.8195460">
    <ele>2020.8</ele>
    <time>2026-06-09T07:17:25Z</time>
    <extensions>
     <gpxtpx:TrackPointExtension>
      <gpxtpx:hr>82</gpxtpx:hr>
      <gpxtpx:cad>0</gpxtpx:cad>
     </gpxtpx:TrackPointExtension>
    </extensions>
   </trkpt>
   <trkpt lat="28.4121820" lon="83.8195400">
    <ele>2021.0</ele>
    <time>2026-06-09T07:17:41Z</time>
    <extensions>
     <gpxtpx:TrackPointExtension>
      <gpxtpx:hr>86</gpxtpx:hr>
      <gpxtpx:cad>0</gpxtpx:cad>
     </gpxtpx:TrackPointExtension>
    </extensions>
   </trkpt>
   <trkpt lat="28.4121750" lon="83.8195320">
    <ele>2020.6</ele>
    <time>2026-06-09T07:17:43Z</time>
    <extensions>
     <gpxtpx:TrackPointExtension>
      <gpxtpx:hr>87</gpxtpx:hr>
      <gpxtpx:cad>0</gpxtpx:cad>
     </gpxtpx:TrackPointExtension>
    </extensions>
   </trkpt>
   <trkpt lat="28.4121570" lon="83.8195300">
    <ele>2019.6</ele>
    <time>2026-06-09T07:17:49Z</time>
    <extensions>
     <gpxtpx:TrackPointExtension>
      <gpxtpx:hr>89</gpxtpx:hr>
      <gpxtpx:cad>0</gpxtpx:cad>
     </gpxtpx:TrackPointExtension>
    </extensions>
   </trkpt>
   <trkpt lat="28.4121580" lon="83.8195240">
    <ele>2020.4</ele>
    <time>2026-06-09T07:17:53Z</time>
    <extensions>
     <gpxtpx:TrackPointExtension>
      <gpxtpx:hr>86</gpxtpx:hr>
      <gpxtpx:cad>0</gpxtpx:cad>
     </gpxtpx:TrackPointExtension>
    </extensions>
   </trkpt>
   <trkpt lat="28.4121480" lon="83.8195160">
    <ele>2020.6</ele>
    <time>2026-06-09T07:17:56Z</time>
    <extensions>
     <gpxtpx:TrackPointExtension>
      <gpxtpx:hr>85</gpxtpx:hr>
      <gpxtpx:cad>0</gpxtpx:cad>
     </gpxtpx:TrackPointExtension>
    </extensions>
   </trkpt>
   <trkpt lat="28.4121510" lon="83.8195120">
    <ele>2020.8</ele>
    <time>2026-06-09T07:18:00Z</time>
    <extensions>
     <gpxtpx:TrackPointExtension>
      <gpxtpx:hr>89</gpxtpx:hr>
      <gpxtpx:cad>0</gpxtpx:cad>
     </gpxtpx:TrackPointExtension>
    </extensions>
   </trkpt>
   <trkpt lat="28.4121460" lon="83.8195090">
    <ele>2020.8</ele>
    <time>2026-06-09T07:18:02Z</time>
    <extensions>
     <gpxtpx:TrackPointExtension>
      <gpxtpx:hr>92</gpxtpx:hr>
      <gpxtpx:cad>0</gpxtpx:cad>
     </gpxtpx:TrackPointExtension>
    </extensions>
   </trkpt>
   <trkpt lat="28.4121360" lon="83.8195050">
    <ele>2020.8</ele>
    <time>2026-06-09T07:18:08Z</time>
    <extensions>
     <gpxtpx:TrackPointExtension>
      <gpxtpx:hr>89</gpxtpx:hr>
      <gpxtpx:cad>0</gpxtpx:cad>
     </gpxtpx:TrackPointExtension>
    </extensions>
   </trkpt>
   <trkpt lat="28.4121330" lon="83.8195060">
    <ele>2020.8</ele>
    <time>2026-06-09T07:18:11Z</time>
    <extensions>
     <gpxtpx:TrackPointExtension>
      <gpxtpx:hr>86</gpxtpx:hr>
      <gpxtpx:cad>0</gpxtpx:cad>
     </gpxtpx:TrackPointExtension>
    </extensions>
   </trkpt>
   <trkpt lat="28.4121330" lon="83.8195070">
    <ele>2020.8</ele>
    <time>2026-06-09T07:18:12Z</time>
    <extensions>
     <gpxtpx:TrackPointExtension>
      <gpxtpx:hr>85</gpxtpx:hr>
      <gpxtpx:cad>0</gpxtpx:cad>
     </gpxtpx:TrackPointExtension>
    </extensions>
   </trkpt>
   <trkpt lat="28.4121350" lon="83.8195100">
    <ele>2021.0</ele>
    <time>2026-06-09T07:18:18Z</time>
    <extensions>
     <gpxtpx:TrackPointExtension>
      <gpxtpx:hr>82</gpxtpx:hr>
      <gpxtpx:cad>0</gpxtpx:cad>
     </gpxtpx:TrackPointExtension>
    </extensions>
   </trkpt>
   <trkpt lat="28.4121340" lon="83.8195080">
    <ele>2021.2</ele>
    <time>2026-06-09T07:18:23Z</time>
    <extensions>
     <gpxtpx:TrackPointExtension>
      <gpxtpx:hr>85</gpxtpx:hr>
      <gpxtpx:cad>0</gpxtpx:cad>
     </gpxtpx:TrackPointExtension>
    </extensions>
   </trkpt>
   <trkpt lat="28.4121350" lon="83.8195070">
    <ele>2021.2</ele>
    <time>2026-06-09T07:18:24Z</time>
    <extensions>
     <gpxtpx:TrackPointExtension>
      <gpxtpx:hr>88</gpxtpx:hr>
      <gpxtpx:cad>0</gpxtpx:cad>
     </gpxtpx:TrackPointExtension>
    </extensions>
   </trkpt>
   <trkpt lat="28.4121330" lon="83.8195040">
    <ele>2021.0</ele>
    <time>2026-06-09T07:18:26Z</time>
    <extensions>
     <gpxtpx:TrackPointExtension>
      <gpxtpx:hr>91</gpxtpx:hr>
      <gpxtpx:cad>0</gpxtpx:cad>
     </gpxtpx:TrackPointExtension>
    </extensions>
   </trkpt>
   <trkpt lat="28.4121400" lon="83.8194950">
    <ele>2020.0</ele>
    <time>2026-06-09T07:18:34Z</time>
    <extensions>
     <gpxtpx:TrackPointExtension>
      <gpxtpx:hr>87</gpxtpx:hr>
      <gpxtpx:cad>0</gpxtpx:cad>
     </gpxtpx:TrackPointExtension>
    </extensions>
   </trkpt>
   <trkpt lat="28.4121430" lon="83.8194840">
    <ele>2019.8</ele>
    <time>2026-06-09T07:18:38Z</time>
    <extensions>
     <gpxtpx:TrackPointExtension>
      <gpxtpx:hr>90</gpxtpx:hr>
      <gpxtpx:cad>0</gpxtpx:cad>
     </gpxtpx:TrackPointExtension>
    </extensions>
   </trkpt>
   <trkpt lat="28.4121470" lon="83.8194830">
    <ele>2019.8</ele>
    <time>2026-06-09T07:18:40Z</time>
    <extensions>
     <gpxtpx:TrackPointExtension>
      <gpxtpx:hr>89</gpxtpx:hr>
      <gpxtpx:cad>0</gpxtpx:cad>
     </gpxtpx:TrackPointExtension>
    </extensions>
   </trkpt>
   <trkpt lat="28.4121610" lon="83.8194980">
    <ele>2020.0</ele>
    <time>2026-06-09T07:18:48Z</time>
    <extensions>
     <gpxtpx:TrackPointExtension>
      <gpxtpx:hr>86</gpxtpx:hr>
      <gpxtpx:cad>0</gpxtpx:cad>
     </gpxtpx:TrackPointExtension>
    </extensions>
   </trkpt>
   <trkpt lat="28.4121610" lon="83.8195010">
    <ele>2020.0</ele>
    <time>2026-06-09T07:18:50Z</time>
    <extensions>
     <gpxtpx:TrackPointExtension>
      <gpxtpx:hr>82</gpxtpx:hr>
      <gpxtpx:cad>0</gpxtpx:cad>
     </gpxtpx:TrackPointExtension>
    </extensions>
   </trkpt>
   <trkpt lat="28.4121610" lon="83.8195080">
    <ele>2020.0</ele>
    <time>2026-06-09T07:18:54Z</time>
    <extensions>
     <gpxtpx:TrackPointExtension>
      <gpxtpx:hr>79</gpxtpx:hr>
      <gpxtpx:cad>0</gpxtpx:cad>
     </gpxtpx:TrackPointExtension>
    </extensions>
   </trkpt>
   <trkpt lat="28.4121510" lon="83.8195280">
    <ele>2020.4</ele>
    <time>2026-06-09T07:19:05Z</time>
    <extensions>
     <gpxtpx:TrackPointExtension>
      <gpxtpx:hr>80</gpxtpx:hr>
      <gpxtpx:cad>0</gpxtpx:cad>
     </gpxtpx:TrackPointExtension>
    </extensions>
   </trkpt>
   <trkpt lat="28.4121530" lon="83.8195340">
    <ele>2021.2</ele>
    <time>2026-06-09T07:19:10Z</time>
    <extensions>
     <gpxtpx:TrackPointExtension>
      <gpxtpx:hr>83</gpxtpx:hr>
      <gpxtpx:cad>0</gpxtpx:cad>
     </gpxtpx:TrackPointExtension>
    </extensions>
   </trkpt>
   <trkpt lat="28.4121470" lon="83.8195170">
    <ele>2020.2</ele>
    <time>2026-06-09T07:19:21Z</time>
    <extensions>
     <gpxtpx:TrackPointExtension>
      <gpxtpx:hr>81</gpxtpx:hr>
      <gpxtpx:cad>0</gpxtpx:cad>
     </gpxtpx:TrackPointExtension>
    </extensions>
   </trkpt>
   <trkpt lat="28.4121360" lon="83.8194910">
    <ele>2020.0</ele>
    <time>2026-06-09T07:19:36Z</time>
    <extensions>
     <gpxtpx:TrackPointExtension>
      <gpxtpx:hr>80</gpxtpx:hr>
      <gpxtpx:cad>0</gpxtpx:cad>
     </gpxtpx:TrackPointExtension>
    </extensions>
   </trkpt>
   <trkpt lat="28.4121330" lon="83.8194880">
    <ele>2020.0</ele>
    <time>2026-06-09T07:19:40Z</time>
    <extensions>
     <gpxtpx:TrackPointExtension>
      <gpxtpx:hr>77</gpxtpx:hr>
      <gpxtpx:cad>0</gpxtpx:cad>
     </gpxtpx:TrackPointExtension>
    </extensions>
   </trkpt>
   <trkpt lat="28.4121310" lon="83.8194660">
    <ele>2020.0</ele>
    <time>2026-06-09T07:19:52Z</time>
    <extensions>
     <gpxtpx:TrackPointExtension>
      <gpxtpx:hr>80</gpxtpx:hr>
      <gpxtpx:cad>0</gpxtpx:cad>
     </gpxtpx:TrackPointExtension>
    </extensions>
   </trkpt>
   <trkpt lat="28.4121320" lon="83.8194640">
    <ele>2020.0</ele>
    <time>2026-06-09T07:19:53Z</time>
    <extensions>
     <gpxtpx:TrackPointExtension>
      <gpxtpx:hr>81</gpxtpx:hr>
      <gpxtpx:cad>0</gpxtpx:cad>
     </gpxtpx:TrackPointExtension>
    </extensions>
   </trkpt>
   <trkpt lat="28.4121440" lon="83.8194550">
    <ele>2020.0</ele>
    <time>2026-06-09T07:20:02Z</time>
    <extensions>
     <gpxtpx:TrackPointExtension>
      <gpxtpx:hr>78</gpxtpx:hr>
      <gpxtpx:cad>0</gpxtpx:cad>
     </gpxtpx:TrackPointExtension>
    </extensions>
   </trkpt>
   <trkpt lat="28.4121430" lon="83.8194580">
    <ele>2020.0</ele>
    <time>2026-06-09T07:20:06Z</time>
    <extensions>
     <gpxtpx:TrackPointExtension>
      <gpxtpx:hr>80</gpxtpx:hr>
      <gpxtpx:cad>0</gpxtpx:cad>
     </gpxtpx:TrackPointExtension>
    </extensions>
   </trkpt>
   <trkpt lat="28.4121290" lon="83.8194460">
    <ele>2020.0</ele>
    <time>2026-06-09T07:20:14Z</time>
    <extensions>
     <gpxtpx:TrackPointExtension>
      <gpxtpx:hr>77</gpxtpx:hr>
      <gpxtpx:cad>0</gpxtpx:cad>
     </gpxtpx:TrackPointExtension>
    </extensions>
   </trkpt>
   <trkpt lat="28.4121250" lon="83.8194370">
    <ele>2020.2</ele>
    <time>2026-06-09T07:20:18Z</time>
    <extensions>
     <gpxtpx:TrackPointExtension>
      <gpxtpx:hr>78</gpxtpx:hr>
      <gpxtpx:cad>0</gpxtpx:cad>
     </gpxtpx:TrackPointExtension>
    </extensions>
   </trkpt>
   <trkpt lat="28.4121170" lon="83.8194340">
    <ele>2020.2</ele>
    <time>2026-06-09T07:20:34Z</time>
    <extensions>
     <gpxtpx:TrackPointExtension>
      <gpxtpx:hr>78</gpxtpx:hr>
      <gpxtpx:cad>0</gpxtpx:cad>
     </gpxtpx:TrackPointExtension>
    </extensions>
   </trkpt>
   <trkpt lat="28.4121150" lon="83.8194140">
    <ele>2020.2</ele>
    <time>2026-06-09T07:20:50Z</time>
    <extensions>
     <gpxtpx:TrackPointExtension>
      <gpxtpx:hr>79</gpxtpx:hr>
      <gpxtpx:cad>0</gpxtpx:cad>
     </gpxtpx:TrackPointExtension>
    </extensions>
   </trkpt>
   <trkpt lat="28.4121390" lon="83.8194190">
    <ele>2020.2</ele>
    <time>2026-06-09T07:20:58Z</time>
    <extensions>
     <gpxtpx:TrackPointExtension>
      <gpxtpx:hr>84</gpxtpx:hr>
      <gpxtpx:cad>0</gpxtpx:cad>
     </gpxtpx:TrackPointExtension>
    </extensions>
   </trkpt>
   <trkpt lat="28.4121470" lon="83.8194260">
    <ele>2020.2</ele>
    <time>2026-06-09T07:21:00Z</time>
    <extensions>
     <gpxtpx:TrackPointExtension>
      <gpxtpx:hr>87</gpxtpx:hr>
      <gpxtpx:cad>0</gpxtpx:cad>
     </gpxtpx:TrackPointExtension>
    </extensions>
   </trkpt>
   <trkpt lat="28.4121510" lon="83.8194350">
    <ele>2020.2</ele>
    <time>2026-06-09T07:21:02Z</time>
    <extensions>
     <gpxtpx:TrackPointExtension>
      <gpxtpx:hr>88</gpxtpx:hr>
      <gpxtpx:cad>0</gpxtpx:cad>
     </gpxtpx:TrackPointExtension>
    </extensions>
   </trkpt>
   <trkpt lat="28.4121750" lon="83.8194460">
    <ele>2020.2</ele>
    <time>2026-06-09T07:21:11Z</time>
    <extensions>
     <gpxtpx:TrackPointExtension>
      <gpxtpx:hr>85</gpxtpx:hr>
      <gpxtpx:cad>0</gpxtpx:cad>
     </gpxtpx:TrackPointExtension>
    </extensions>
   </trkpt>
   <trkpt lat="28.4121880" lon="83.8194600">
    <ele>2020.2</ele>
    <time>2026-06-09T07:21:17Z</time>
    <extensions>
     <gpxtpx:TrackPointExtension>
      <gpxtpx:hr>86</gpxtpx:hr>
      <gpxtpx:cad>0</gpxtpx:cad>
     </gpxtpx:TrackPointExtension>
    </extensions>
   </trkpt>
   <trkpt lat="28.4122100" lon="83.8194720">
    <ele>2020.2</ele>
    <time>2026-06-09T07:21:24Z</time>
    <extensions>
     <gpxtpx:TrackPointExtension>
      <gpxtpx:hr>81</gpxtpx:hr>
      <gpxtpx:cad>0</gpxtpx:cad>
     </gpxtpx:TrackPointExtension>
    </extensions>
   </trkpt>
   <trkpt lat="28.4122130" lon="83.8194660">
    <ele>2020.2</ele>
    <time>2026-06-09T07:21:27Z</time>
    <extensions>
     <gpxtpx:TrackPointExtension>
      <gpxtpx:hr>79</gpxtpx:hr>
      <gpxtpx:cad>0</gpxtpx:cad>
     </gpxtpx:TrackPointExtension>
    </extensions>
   </trkpt>
   <trkpt lat="28.4122270" lon="83.8194810">
    <ele>2020.2</ele>
    <time>2026-06-09T07:21:36Z</time>
    <extensions>
     <gpxtpx:TrackPointExtension>
      <gpxtpx:hr>80</gpxtpx:hr>
      <gpxtpx:cad>0</gpxtpx:cad>
     </gpxtpx:TrackPointExtension>
    </extensions>
   </trkpt>
   <trkpt lat="28.4121960" lon="83.8195010">
    <ele>2020.2</ele>
    <time>2026-06-09T07:21:46Z</time>
    <extensions>
     <gpxtpx:TrackPointExtension>
      <gpxtpx:hr>82</gpxtpx:hr>
      <gpxtpx:cad>0</gpxtpx:cad>
     </gpxtpx:TrackPointExtension>
    </extensions>
   </trkpt>
   <trkpt lat="28.4121940" lon="83.8195290">
    <ele>2020.0</ele>
    <time>2026-06-09T07:21:53Z</time>
    <extensions>
     <gpxtpx:TrackPointExtension>
      <gpxtpx:hr>85</gpxtpx:hr>
      <gpxtpx:cad>0</gpxtpx:cad>
     </gpxtpx:TrackPointExtension>
    </extensions>
   </trkpt>
   <trkpt lat="28.4121900" lon="83.8195330">
    <ele>2020.0</ele>
    <time>2026-06-09T07:21:54Z</time>
    <extensions>
     <gpxtpx:TrackPointExtension>
      <gpxtpx:hr>86</gpxtpx:hr>
      <gpxtpx:cad>0</gpxtpx:cad>
     </gpxtpx:TrackPointExtension>
    </extensions>
   </trkpt>
   <trkpt lat="28.4121640" lon="83.8195410">
    <ele>2020.2</ele>
    <time>2026-06-09T07:21:59Z</time>
    <extensions>
     <gpxtpx:TrackPointExtension>
      <gpxtpx:hr>87</gpxtpx:hr>
      <gpxtpx:cad>0</gpxtpx:cad>
     </gpxtpx:TrackPointExtension>
    </extensions>
   </trkpt>
   <trkpt lat="28.4121490" lon="83.8195490">
    <ele>2020.6</ele>
    <time>2026-06-09T07:22:04Z</time>
    <extensions>
     <gpxtpx:TrackPointExtension>
      <gpxtpx:hr>90</gpxtpx:hr>
      <gpxtpx:cad>0</gpxtpx:cad>
     </gpxtpx:TrackPointExtension>
    </extensions>
   </trkpt>
   <trkpt lat="28.4121360" lon="83.8195540">
    <ele>2020.4</ele>
    <time>2026-06-09T07:22:08Z</time>
    <extensions>
     <gpxtpx:TrackPointExtension>
      <gpxtpx:hr>93</gpxtpx:hr>
      <gpxtpx:cad>0</gpxtpx:cad>
     </gpxtpx:TrackPointExtension>
    </extensions>
   </trkpt>
   <trkpt lat="28.4121340" lon="83.8195550">
    <ele>2020.4</ele>
    <time>2026-06-09T07:22:09Z</time>
    <extensions>
     <gpxtpx:TrackPointExtension>
      <gpxtpx:hr>95</gpxtpx:hr>
      <gpxtpx:cad>0</gpxtpx:cad>
     </gpxtpx:TrackPointExtension>
    </extensions>
   </trkpt>
   <trkpt lat="28.4121560" lon="83.8195710">
    <ele>2020.4</ele>
    <time>2026-06-09T07:22:20Z</time>
    <extensions>
     <gpxtpx:TrackPointExtension>
      <gpxtpx:hr>91</gpxtpx:hr>
      <gpxtpx:cad>0</gpxtpx:cad>
     </gpxtpx:TrackPointExtension>
    </extensions>
   </trkpt>
   <trkpt lat="28.4121510" lon="83.8195730">
    <ele>2020.4</ele>
    <time>2026-06-09T07:22:22Z</time>
    <extensions>
     <gpxtpx:TrackPointExtension>
      <gpxtpx:hr>87</gpxtpx:hr>
      <gpxtpx:cad>0</gpxtpx:cad>
     </gpxtpx:TrackPointExtension>
    </extensions>
   </trkpt>
   <trkpt lat="28.4121470" lon="83.8195740">
    <ele>2020.4</ele>
    <time>2026-06-09T07:22:23Z</time>
    <extensions>
     <gpxtpx:TrackPointExtension>
      <gpxtpx:hr>84</gpxtpx:hr>
      <gpxtpx:cad>0</gpxtpx:cad>
     </gpxtpx:TrackPointExtension>
    </extensions>
   </trkpt>
   <trkpt lat="28.4121330" lon="83.8195750">
    <ele>2020.4</ele>
    <time>2026-06-09T07:22:26Z</time>
    <extensions>
     <gpxtpx:TrackPointExtension>
      <gpxtpx:hr>83</gpxtpx:hr>
      <gpxtpx:cad>0</gpxtpx:cad>
     </gpxtpx:TrackPointExtension>
    </extensions>
   </trkpt>
   <trkpt lat="28.4121320" lon="83.8195740">
    <ele>2020.4</ele>
    <time>2026-06-09T07:22:31Z</time>
    <extensions>
     <gpxtpx:TrackPointExtension>
      <gpxtpx:hr>80</gpxtpx:hr>
      <gpxtpx:cad>0</gpxtpx:cad>
     </gpxtpx:TrackPointExtension>
    </extensions>
   </trkpt>
   <trkpt lat="28.4121200" lon="83.8195560">
    <ele>2020.4</ele>
    <time>2026-06-09T07:22:41Z</time>
    <extensions>
     <gpxtpx:TrackPointExtension>
      <gpxtpx:hr>77</gpxtpx:hr>
      <gpxtpx:cad>0</gpxtpx:cad>
     </gpxtpx:TrackPointExtension>
    </extensions>
   </trkpt>
   <trkpt lat="28.4121200" lon="83.8195500">
    <ele>2020.4</ele>
    <time>2026-06-09T07:22:42Z</time>
    <extensions>
     <gpxtpx:TrackPointExtension>
      <gpxtpx:hr>77</gpxtpx:hr>
      <gpxtpx:cad>0</gpxtpx:cad>
     </gpxtpx:TrackPointExtension>
    </extensions>
   </trkpt>
   <trkpt lat="28.4121400" lon="83.8195310">
    <ele>2020.6</ele>
    <time>2026-06-09T07:22:54Z</time>
    <extensions>
     <gpxtpx:TrackPointExtension>
      <gpxtpx:hr>79</gpxtpx:hr>
      <gpxtpx:cad>0</gpxtpx:cad>
     </gpxtpx:TrackPointExtension>
    </extensions>
   </trkpt>
   <trkpt lat="28.4121690" lon="83.8195130">
    <ele>2020.2</ele>
    <time>2026-06-09T07:23:01Z</time>
    <extensions>
     <gpxtpx:TrackPointExtension>
      <gpxtpx:hr>80</gpxtpx:hr>
      <gpxtpx:cad>0</gpxtpx:cad>
     </gpxtpx:TrackPointExtension>
    </extensions>
   </trkpt>
   <trkpt lat="28.4121890" lon="83.8195140">
    <ele>2021.4</ele>
    <time>2026-06-09T07:23:13Z</time>
    <extensions>
     <gpxtpx:TrackPointExtension>
      <gpxtpx:hr>81</gpxtpx:hr>
      <gpxtpx:cad>0</gpxtpx:cad>
     </gpxtpx:TrackPointExtension>
    </extensions>
   </trkpt>
   <trkpt lat="28.4121870" lon="83.8195260">
    <ele>2020.4</ele>
    <time>2026-06-09T07:23:18Z</time>
    <extensions>
     <gpxtpx:TrackPointExtension>
      <gpxtpx:hr>83</gpxtpx:hr>
      <gpxtpx:cad>0</gpxtpx:cad>
     </gpxtpx:TrackPointExtension>
    </extensions>
   </trkpt>
   <trkpt lat="28.4121870" lon="83.8195260">
    <ele>2020.0</ele>
    <time>2026-06-09T07:23:19Z</time>
    <extensions>
     <gpxtpx:TrackPointExtension>
      <gpxtpx:hr>83</gpxtpx:hr>
      <gpxtpx:cad>0</gpxtpx:cad>
     </gpxtpx:TrackPointExtension>
    </extensions>
   </trkpt>
   <trkpt lat="28.4121750" lon="83.8195290">
    <ele>2021.2</ele>
    <time>2026-06-09T07:23:30Z</time>
    <extensions>
     <gpxtpx:TrackPointExtension>
      <gpxtpx:hr>84</gpxtpx:hr>
      <gpxtpx:cad>0</gpxtpx:cad>
     </gpxtpx:TrackPointExtension>
    </extensions>
   </trkpt>
   <trkpt lat="28.4121610" lon="83.8195240">
    <ele>2021.6</ele>
    <time>2026-06-09T07:23:33Z</time>
    <extensions>
     <gpxtpx:TrackPointExtension>
      <gpxtpx:hr>84</gpxtpx:hr>
      <gpxtpx:cad>0</gpxtpx:cad>
     </gpxtpx:TrackPointExtension>
    </extensions>
   </trkpt>
   <trkpt lat="28.4121670" lon="83.8195250">
    <ele>2021.8</ele>
    <time>2026-06-09T07:23:36Z</time>
    <extensions>
     <gpxtpx:TrackPointExtension>
      <gpxtpx:hr>85</gpxtpx:hr>
      <gpxtpx:cad>0</gpxtpx:cad>
     </gpxtpx:TrackPointExtension>
    </extensions>
   </trkpt>
   <trkpt lat="28.4121670" lon="83.8195230">
    <ele>2020.6</ele>
    <time>2026-06-09T07:23:39Z</time>
    <extensions>
     <gpxtpx:TrackPointExtension>
      <gpxtpx:hr>88</gpxtpx:hr>
      <gpxtpx:cad>0</gpxtpx:cad>
     </gpxtpx:TrackPointExtension>
    </extensions>
   </trkpt>
   <trkpt lat="28.4121720" lon="83.8195220">
    <ele>2020.8</ele>
    <time>2026-06-09T07:23:41Z</time>
    <extensions>
     <gpxtpx:TrackPointExtension>
      <gpxtpx:hr>91</gpxtpx:hr>
      <gpxtpx:cad>0</gpxtpx:cad>
     </gpxtpx:TrackPointExtension>
    </extensions>
   </trkpt>
   <trkpt lat="28.4121790" lon="83.8195190">
    <ele>2021.0</ele>
    <time>2026-06-09T07:23:43Z</time>
    <extensions>
     <gpxtpx:TrackPointExtension>
      <gpxtpx:hr>91</gpxtpx:hr>
      <gpxtpx:cad>0</gpxtpx:cad>
     </gpxtpx:TrackPointExtension>
    </extensions>
   </trkpt>
   <trkpt lat="28.4121900" lon="83.8195120">
    <ele>2020.8</ele>
    <time>2026-06-09T07:23:49Z</time>
    <extensions>
     <gpxtpx:TrackPointExtension>
      <gpxtpx:hr>92</gpxtpx:hr>
      <gpxtpx:cad>0</gpxtpx:cad>
     </gpxtpx:TrackPointExtension>
    </extensions>
   </trkpt>
   <trkpt lat="28.4121920" lon="83.8195160">
    <ele>2020.6</ele>
    <time>2026-06-09T07:23:50Z</time>
    <extensions>
     <gpxtpx:TrackPointExtension>
      <gpxtpx:hr>92</gpxtpx:hr>
      <gpxtpx:cad>0</gpxtpx:cad>
     </gpxtpx:TrackPointExtension>
    </extensions>
   </trkpt>
   <trkpt lat="28.4122000" lon="83.8195190">
    <ele>2020.4</ele>
    <time>2026-06-09T07:23:55Z</time>
    <extensions>
     <gpxtpx:TrackPointExtension>
      <gpxtpx:hr>91</gpxtpx:hr>
      <gpxtpx:cad>0</gpxtpx:cad>
     </gpxtpx:TrackPointExtension>
    </extensions>
   </trkpt>
   <trkpt lat="28.4122010" lon="83.8195190">
    <ele>2020.4</ele>
    <time>2026-06-09T07:23:57Z</time>
    <extensions>
     <gpxtpx:TrackPointExtension>
      <gpxtpx:hr>94</gpxtpx:hr>
      <gpxtpx:cad>0</gpxtpx:cad>
     </gpxtpx:TrackPointExtension>
    </extensions>
   </trkpt>
   <trkpt lat="28.4122010" lon="83.8195180">
    <ele>2020.4</ele>
    <time>2026-06-09T07:23:58Z</time>
    <extensions>
     <gpxtpx:TrackPointExtension>
      <gpxtpx:hr>97</gpxtpx:hr>
      <gpxtpx:cad>0</gpxtpx:cad>
     </gpxtpx:TrackPointExtension>
    </extensions>
   </trkpt>
   <trkpt lat="28.4121990" lon="83.8195140">
    <ele>2020.8</ele>
    <time>2026-06-09T07:24:00Z</time>
    <extensions>
     <gpxtpx:TrackPointExtension>
      <gpxtpx:hr>100</gpxtpx:hr>
      <gpxtpx:cad>0</gpxtpx:cad>
     </gpxtpx:TrackPointExtension>
    </extensions>
   </trkpt>
   <trkpt lat="28.4121950" lon="83.8195170">
    <ele>2022.0</ele>
    <time>2026-06-09T07:24:03Z</time>
    <extensions>
     <gpxtpx:TrackPointExtension>
      <gpxtpx:hr>102</gpxtpx:hr>
      <gpxtpx:cad>0</gpxtpx:cad>
     </gpxtpx:TrackPointExtension>
    </extensions>
   </trkpt>
   <trkpt lat="28.4121950" lon="83.8195230">
    <ele>2021.4</ele>
    <time>2026-06-09T07:24:07Z</time>
    <extensions>
     <gpxtpx:TrackPointExtension>
      <gpxtpx:hr>100</gpxtpx:hr>
      <gpxtpx:cad>0</gpxtpx:cad>
     </gpxtpx:TrackPointExtension>
    </extensions>
   </trkpt>
   <trkpt lat="28.4122000" lon="83.8195270">
    <ele>2020.6</ele>
    <time>2026-06-09T07:24:09Z</time>
    <extensions>
     <gpxtpx:TrackPointExtension>
      <gpxtpx:hr>97</gpxtpx:hr>
      <gpxtpx:cad>0</gpxtpx:cad>
     </gpxtpx:TrackPointExtension>
    </extensions>
   </trkpt>
   <trkpt lat="28.4122160" lon="83.8195250">
    <ele>2020.4</ele>
    <time>2026-06-09T07:24:13Z</time>
    <extensions>
     <gpxtpx:TrackPointExtension>
      <gpxtpx:hr>101</gpxtpx:hr>
      <gpxtpx:cad>0</gpxtpx:cad>
     </gpxtpx:TrackPointExtension>
    </extensions>
   </trkpt>
   <trkpt lat="28.4122350" lon="83.8195140">
    <ele>2021.6</ele>
    <time>2026-06-09T07:24:18Z</time>
    <extensions>
     <gpxtpx:TrackPointExtension>
      <gpxtpx:hr>103</gpxtpx:hr>
      <gpxtpx:cad>64</gpxtpx:cad>
     </gpxtpx:TrackPointExtension>
    </extensions>
   </trkpt>
   <trkpt lat="28.4122360" lon="83.8195140">
    <ele>2022.0</ele>
    <time>2026-06-09T07:24:19Z</time>
    <extensions>
     <gpxtpx:TrackPointExtension>
      <gpxtpx:hr>102</gpxtpx:hr>
      <gpxtpx:cad>64</gpxtpx:cad>
     </gpxtpx:TrackPointExtension>
    </extensions>
   </trkpt>
   <trkpt lat="28.4122450" lon="83.8195060">
    <ele>2022.8</ele>
    <time>2026-06-09T07:24:23Z</time>
    <extensions>
     <gpxtpx:TrackPointExtension>
      <gpxtpx:hr>101</gpxtpx:hr>
      <gpxtpx:cad>60</gpxtpx:cad>
     </gpxtpx:TrackPointExtension>
    </extensions>
   </trkpt>
   <trkpt lat="28.4122500" lon="83.8195010">
    <ele>2023.2</ele>
    <time>2026-06-09T07:24:27Z</time>
    <extensions>
     <gpxtpx:TrackPointExtension>
      <gpxtpx:hr>100</gpxtpx:hr>
      <gpxtpx:cad>66</gpxtpx:cad>
     </gpxtpx:TrackPointExtension>
    </extensions>
   </trkpt>
   <trkpt lat="28.4122530" lon="83.8194970">
    <ele>2023.6</ele>
    <time>2026-06-09T07:24:29Z</time>
    <extensions>
     <gpxtpx:TrackPointExtension>
      <gpxtpx:hr>103</gpxtpx:hr>
      <gpxtpx:cad>68</gpxtpx:cad>
     </gpxtpx:TrackPointExtension>
    </extensions>
   </trkpt>
   <trkpt lat="28.4122520" lon="83.8194960">
    <ele>2023.8</ele>
    <time>2026-06-09T07:24:31Z</time>
    <extensions>
     <gpxtpx:TrackPointExtension>
      <gpxtpx:hr>104</gpxtpx:hr>
      <gpxtpx:cad>64</gpxtpx:cad>
     </gpxtpx:TrackPointExtension>
    </extensions>
   </trkpt>
   <trkpt lat="28.4122540" lon="83.8194980">
    <ele>2024.0</ele>
    <time>2026-06-09T07:24:33Z</time>
    <extensions>
     <gpxtpx:TrackPointExtension>
      <gpxtpx:hr>103</gpxtpx:hr>
      <gpxtpx:cad>63</gpxtpx:cad>
     </gpxtpx:TrackPointExtension>
    </extensions>
   </trkpt>
   <trkpt lat="28.4122530" lon="83.8194980">
    <ele>2024.4</ele>
    <time>2026-06-09T07:24:35Z</time>
    <extensions>
     <gpxtpx:TrackPointExtension>
      <gpxtpx:hr>106</gpxtpx:hr>
      <gpxtpx:cad>61</gpxtpx:cad>
     </gpxtpx:TrackPointExtension>
    </extensions>
   </trkpt>
   <trkpt lat="28.4122490" lon="83.8194910">
    <ele>2025.0</ele>
    <time>2026-06-09T07:24:38Z</time>
    <extensions>
     <gpxtpx:TrackPointExtension>
      <gpxtpx:hr>105</gpxtpx:hr>
      <gpxtpx:cad>0</gpxtpx:cad>
     </gpxtpx:TrackPointExtension>
    </extensions>
   </trkpt>
   <trkpt lat="28.4122480" lon="83.8194840">
    <ele>2025.2</ele>
    <time>2026-06-09T07:24:40Z</time>
    <extensions>
     <gpxtpx:TrackPointExtension>
      <gpxtpx:hr>105</gpxtpx:hr>
      <gpxtpx:cad>0</gpxtpx:cad>
     </gpxtpx:TrackPointExtension>
    </extensions>
   </trkpt>
   <trkpt lat="28.4122460" lon="83.8194660">
    <ele>2025.4</ele>
    <time>2026-06-09T07:24:43Z</time>
    <extensions>
     <gpxtpx:TrackPointExtension>
      <gpxtpx:hr>108</gpxtpx:hr>
      <gpxtpx:cad>0</gpxtpx:cad>
     </gpxtpx:TrackPointExtension>
    </extensions>
   </trkpt>
   <trkpt lat="28.4122450" lon="83.8194530">
    <ele>2026.0</ele>
    <time>2026-06-09T07:24:46Z</time>
    <extensions>
     <gpxtpx:TrackPointExtension>
      <gpxtpx:hr>109</gpxtpx:hr>
      <gpxtpx:cad>54</gpxtpx:cad>
     </gpxtpx:TrackPointExtension>
    </extensions>
   </trkpt>
   <trkpt lat="28.4122430" lon="83.8194400">
    <ele>2026.6</ele>
    <time>2026-06-09T07:24:49Z</time>
    <extensions>
     <gpxtpx:TrackPointExtension>
      <gpxtpx:hr>110</gpxtpx:hr>
      <gpxtpx:cad>57</gpxtpx:cad>
     </gpxtpx:TrackPointExtension>
    </extensions>
   </trkpt>
   <trkpt lat="28.4122390" lon="83.8194180">
    <ele>2027.0</ele>
    <time>2026-06-09T07:24:53Z</time>
    <extensions>
     <gpxtpx:TrackPointExtension>
      <gpxtpx:hr>111</gpxtpx:hr>
      <gpxtpx:cad>0</gpxtpx:cad>
     </gpxtpx:TrackPointExtension>
    </extensions>
   </trkpt>
   <trkpt lat="28.4122370" lon="83.8193990">
    <ele>2027.6</ele>
    <time>2026-06-09T07:24:57Z</time>
    <extensions>
     <gpxtpx:TrackPointExtension>
      <gpxtpx:hr>112</gpxtpx:hr>
      <gpxtpx:cad>57</gpxtpx:cad>
     </gpxtpx:TrackPointExtension>
    </extensions>
   </trkpt>
   <trkpt lat="28.4122330" lon="83.8193890">
    <ele>2027.8</ele>
    <time>2026-06-09T07:25:01Z</time>
    <extensions>
     <gpxtpx:TrackPointExtension>
      <gpxtpx:hr>115</gpxtpx:hr>
      <gpxtpx:cad>0</gpxtpx:cad>
     </gpxtpx:TrackPointExtension>
    </extensions>
   </trkpt>
   <trkpt lat="28.4122320" lon="83.8193810">
    <ele>2028.0</ele>
    <time>2026-06-09T07:25:04Z</time>
    <extensions>
     <gpxtpx:TrackPointExtension>
      <gpxtpx:hr>119</gpxtpx:hr>
      <gpxtpx:cad>0</gpxtpx:cad>
     </gpxtpx:TrackPointExtension>
    </extensions>
   </trkpt>
   <trkpt lat="28.4122310" lon="83.8193780">
    <ele>2028.2</ele>
    <time>2026-06-09T07:25:05Z</time>
    <extensions>
     <gpxtpx:TrackPointExtension>
      <gpxtpx:hr>120</gpxtpx:hr>
      <gpxtpx:cad>0</gpxtpx:cad>
     </gpxtpx:TrackPointExtension>
    </extensions>
   </trkpt>
   <trkpt lat="28.4122180" lon="83.8193470">
    <ele>2029.2</ele>
    <time>2026-06-09T07:25:10Z</time>
    <extensions>
     <gpxtpx:TrackPointExtension>
      <gpxtpx:hr>119</gpxtpx:hr>
      <gpxtpx:cad>61</gpxtpx:cad>
     </gpxtpx:TrackPointExtension>
    </extensions>
   </trkpt>
   <trkpt lat="28.4122090" lon="83.8193250">
    <ele>2029.4</ele>
    <time>2026-06-09T07:25:13Z</time>
    <extensions>
     <gpxtpx:TrackPointExtension>
      <gpxtpx:hr>119</gpxtpx:hr>
      <gpxtpx:cad>0</gpxtpx:cad>
     </gpxtpx:TrackPointExtension>
    </extensions>
   </trkpt>
   <trkpt lat="28.4121990" lon="83.8192880">
    <ele>2029.4</ele>
    <time>2026-06-09T07:25:20Z</time>
    <extensions>
     <gpxtpx:TrackPointExtension>
      <gpxtpx:hr>119</gpxtpx:hr>
      <gpxtpx:cad>0</gpxtpx:cad>
     </gpxtpx:TrackPointExtension>
    </extensions>
   </trkpt>
   <trkpt lat="28.4121940" lon="83.8192400">
    <ele>2029.8</ele>
    <time>2026-06-09T07:25:26Z</time>
    <extensions>
     <gpxtpx:TrackPointExtension>
      <gpxtpx:hr>119</gpxtpx:hr>
      <gpxtpx:cad>0</gpxtpx:cad>
     </gpxtpx:TrackPointExtension>
    </extensions>
   </trkpt>
   <trkpt lat="28.4121930" lon="83.8192020">
    <ele>2029.8</ele>
    <time>2026-06-09T07:25:32Z</time>
    <extensions>
     <gpxtpx:TrackPointExtension>
      <gpxtpx:hr>117</gpxtpx:hr>
      <gpxtpx:cad>0</gpxtpx:cad>
     </gpxtpx:TrackPointExtension>
    </extensions>
   </trkpt>
   <trkpt lat="28.4121930" lon="83.8191680">
    <ele>2030.2</ele>
    <time>2026-06-09T07:25:38Z</time>
    <extensions>
     <gpxtpx:TrackPointExtension>
      <gpxtpx:hr>118</gpxtpx:hr>
      <gpxtpx:cad>0</gpxtpx:cad>
     </gpxtpx:TrackPointExtension>
    </extensions>
   </trkpt>
   <trkpt lat="28.4121930" lon="83.8191570">
    <ele>2030.2</ele>
    <time>2026-06-09T07:25:40Z</time>
    <extensions>
     <gpxtpx:TrackPointExtension>
      <gpxtpx:hr>118</gpxtpx:hr>
      <gpxtpx:cad>0</gpxtpx:cad>
     </gpxtpx:TrackPointExtension>
    </extensions>
   </trkpt>
   <trkpt lat="28.4122010" lon="83.8191370">
    <ele>2031.2</ele>
    <time>2026-06-09T07:25:46Z</time>
    <extensions>
     <gpxtpx:TrackPointExtension>
      <gpxtpx:hr>120</gpxtpx:hr>
      <gpxtpx:cad>0</gpxtpx:cad>
     </gpxtpx:TrackPointExtension>
    </extensions>
   </trkpt>
   <trkpt lat="28.4122020" lon="83.8191350">
    <ele>2031.2</ele>
    <time>2026-06-09T07:25:47Z</time>
    <extensions>
     <gpxtpx:TrackPointExtension>
      <gpxtpx:hr>119</gpxtpx:hr>
      <gpxtpx:cad>0</gpxtpx:cad>
     </gpxtpx:TrackPointExtension>
    </extensions>
   </trkpt>
   <trkpt lat="28.4122230" lon="83.8191410">
    <ele>2032.2</ele>
    <time>2026-06-09T07:25:52Z</time>
    <extensions>
     <gpxtpx:TrackPointExtension>
      <gpxtpx:hr>118</gpxtpx:hr>
      <gpxtpx:cad>56</gpxtpx:cad>
     </gpxtpx:TrackPointExtension>
    </extensions>
   </trkpt>
   <trkpt lat="28.4122280" lon="83.8191420">
    <ele>2032.4</ele>
    <time>2026-06-09T07:25:53Z</time>
    <extensions>
     <gpxtpx:TrackPointExtension>
      <gpxtpx:hr>118</gpxtpx:hr>
      <gpxtpx:cad>56</gpxtpx:cad>
     </gpxtpx:TrackPointExtension>
    </extensions>
   </trkpt>
   <trkpt lat="28.4122620" lon="83.8191790">
    <ele>2033.2</ele>
    <time>2026-06-09T07:25:59Z</time>
    <extensions>
     <gpxtpx:TrackPointExtension>
      <gpxtpx:hr>120</gpxtpx:hr>
      <gpxtpx:cad>0</gpxtpx:cad>
     </gpxtpx:TrackPointExtension>
    </extensions>
   </trkpt>
   <trkpt lat="28.4122710" lon="83.8191990">
    <ele>2033.4</ele>
    <time>2026-06-09T07:26:01Z</time>
    <extensions>
     <gpxtpx:TrackPointExtension>
      <gpxtpx:hr>122</gpxtpx:hr>
      <gpxtpx:cad>44</gpxtpx:cad>
     </gpxtpx:TrackPointExtension>
    </extensions>
   </trkpt>
   <trkpt lat="28.4122890" lon="83.8192360">
    <ele>2034.6</ele>
    <time>2026-06-09T07:26:06Z</time>
    <extensions>
     <gpxtpx:TrackPointExtension>
      <gpxtpx:hr>123</gpxtpx:hr>
      <gpxtpx:cad>0</gpxtpx:cad>
     </gpxtpx:TrackPointExtension>
    </extensions>
   </trkpt>
   <trkpt lat="28.4123030" lon="83.8192560">
    <ele>2034.4</ele>
    <time>2026-06-09T07:26:10Z</time>
    <extensions>
     <gpxtpx:TrackPointExtension>
      <gpxtpx:hr>127</gpxtpx:hr>
      <gpxtpx:cad>0</gpxtpx:cad>
     </gpxtpx:TrackPointExtension>
    </extensions>
   </trkpt>
   <trkpt lat="28.4123080" lon="83.8192620">
    <ele>2033.6</ele>
    <time>2026-06-09T07:26:12Z</time>
    <extensions>
     <gpxtpx:TrackPointExtension>
      <gpxtpx:hr>127</gpxtpx:hr>
      <gpxtpx:cad>0</gpxtpx:cad>
     </gpxtpx:TrackPointExtension>
    </extensions>
   </trkpt>
   <trkpt lat="28.4123100" lon="83.8192660">
    <ele>2033.6</ele>
    <time>2026-06-09T07:26:13Z</time>
    <extensions>
     <gpxtpx:TrackPointExtension>
      <gpxtpx:hr>126</gpxtpx:hr>
      <gpxtpx:cad>0</gpxtpx:cad>
     </gpxtpx:TrackPointExtension>
    </extensions>
   </trkpt>
   <trkpt lat="28.4123170" lon="83.8192800">
    <ele>2034.2</ele>
    <time>2026-06-09T07:26:16Z</time>
    <extensions>
     <gpxtpx:TrackPointExtension>
      <gpxtpx:hr>120</gpxtpx:hr>
      <gpxtpx:cad>0</gpxtpx:cad>
     </gpxtpx:TrackPointExtension>
    </extensions>
   </trkpt>
   <trkpt lat="28.4123210" lon="83.8192820">
    <ele>2034.4</ele>
    <time>2026-06-09T07:26:17Z</time>
    <extensions>
     <gpxtpx:TrackPointExtension>
      <gpxtpx:hr>120</gpxtpx:hr>
      <gpxtpx:cad>0</gpxtpx:cad>
     </gpxtpx:TrackPointExtension>
    </extensions>
   </trkpt>
   <trkpt lat="28.4123260" lon="83.8192850">
    <ele>2034.8</ele>
    <time>2026-06-09T07:26:18Z</time>
    <extensions>
     <gpxtpx:TrackPointExtension>
      <gpxtpx:hr>120</gpxtpx:hr>
      <gpxtpx:cad>0</gpxtpx:cad>
     </gpxtpx:TrackPointExtension>
    </extensions>
   </trkpt>
   <trkpt lat="28.4123360" lon="83.8192860">
    <ele>2035.2</ele>
    <time>2026-06-09T07:26:20Z</time>
    <extensions>
     <gpxtpx:TrackPointExtension>
      <gpxtpx:hr>118</gpxtpx:hr>
      <gpxtpx:cad>53</gpxtpx:cad>
     </gpxtpx:TrackPointExtension>
    </extensions>
   </trkpt>
   <trkpt lat="28.4123480" lon="83.8192830">
    <ele>2035.8</ele>
    <time>2026-06-09T07:26:24Z</time>
    <extensions>
     <gpxtpx:TrackPointExtension>
      <gpxtpx:hr>118</gpxtpx:hr>
      <gpxtpx:cad>58</gpxtpx:cad>
     </gpxtpx:TrackPointExtension>
    </extensions>
   </trkpt>
   <trkpt lat="28.4123500" lon="83.8192830">
    <ele>2035.8</ele>
    <time>2026-06-09T07:26:25Z</time>
    <extensions>
     <gpxtpx:TrackPointExtension>
      <gpxtpx:hr>118</gpxtpx:hr>
      <gpxtpx:cad>60</gpxtpx:cad>
     </gpxtpx:TrackPointExtension>
    </extensions>
   </trkpt>
   <trkpt lat="28.4123640" lon="83.8192810">
    <ele>2036.8</ele>
    <time>2026-06-09T07:26:31Z</time>
    <extensions>
     <gpxtpx:TrackPointExtension>
      <gpxtpx:hr>118</gpxtpx:hr>
      <gpxtpx:cad>0</gpxtpx:cad>
     </gpxtpx:TrackPointExtension>
    </extensions>
   </trkpt>
   <trkpt lat="28.4123770" lon="83.8192760">
    <ele>2037.2</ele>
    <time>2026-06-09T07:26:34Z</time>
    <extensions>
     <gpxtpx:TrackPointExtension>
      <gpxtpx:hr>119</gpxtpx:hr>
      <gpxtpx:cad>51</gpxtpx:cad>
     </gpxtpx:TrackPointExtension>
    </extensions>
   </trkpt>
   <trkpt lat="28.4123940" lon="83.8192640">
    <ele>2038.0</ele>
    <time>2026-06-09T07:26:39Z</time>
    <extensions>
     <gpxtpx:TrackPointExtension>
      <gpxtpx:hr>121</gpxtpx:hr>
      <gpxtpx:cad>51</gpxtpx:cad>
     </gpxtpx:TrackPointExtension>
    </extensions>
   </trkpt>
   <trkpt lat="28.4123970" lon="83.8192640">
    <ele>2038.0</ele>
    <time>2026-06-09T07:26:40Z</time>
    <extensions>
     <gpxtpx:TrackPointExtension>
      <gpxtpx:hr>121</gpxtpx:hr>
      <gpxtpx:cad>52</gpxtpx:cad>
     </gpxtpx:TrackPointExtension>
    </extensions>
   </trkpt>
   <trkpt lat="28.4124030" lon="83.8192610">
    <ele>2039.0</ele>
    <time>2026-06-09T07:26:45Z</time>
    <extensions>
     <gpxtpx:TrackPointExtension>
      <gpxtpx:hr>121</gpxtpx:hr>
      <gpxtpx:cad>0</gpxtpx:cad>
     </gpxtpx:TrackPointExtension>
    </extensions>
   </trkpt>
   <trkpt lat="28.4124060" lon="83.8192580">
    <ele>2039.2</ele>
    <time>2026-06-09T07:26:47Z</time>
    <extensions>
     <gpxtpx:TrackPointExtension>
      <gpxtpx:hr>121</gpxtpx:hr>
      <gpxtpx:cad>50</gpxtpx:cad>
     </gpxtpx:TrackPointExtension>
    </extensions>
   </trkpt>
   <trkpt lat="28.4124290" lon="83.8192480">
    <ele>2040.0</ele>
    <time>2026-06-09T07:26:53Z</time>
    <extensions>
     <gpxtpx:TrackPointExtension>
      <gpxtpx:hr>120</gpxtpx:hr>
      <gpxtpx:cad>53</gpxtpx:cad>
     </gpxtpx:TrackPointExtension>
    </extensions>
   </trkpt>
   <trkpt lat="28.4124480" lon="83.8192360">
    <ele>2040.8</ele>
    <time>2026-06-09T07:26:59Z</time>
    <extensions>
     <gpxtpx:TrackPointExtension>
      <gpxtpx:hr>120</gpxtpx:hr>
      <gpxtpx:cad>0</gpxtpx:cad>
     </gpxtpx:TrackPointExtension>
    </extensions>
   </trkpt>
   <trkpt lat="28.4124640" lon="83.8192370">
    <ele>2041.2</ele>
    <time>2026-06-09T07:27:04Z</time>
    <extensions>
     <gpxtpx:TrackPointExtension>
      <gpxtpx:hr>123</gpxtpx:hr>
      <gpxtpx:cad>0</gpxtpx:cad>
     </gpxtpx:TrackPointExtension>
    </extensions>
   </trkpt>
   <trkpt lat="28.4124690" lon="83.8192360">
    <ele>2041.6</ele>
    <time>2026-06-09T07:27:07Z</time>
    <extensions>
     <gpxtpx:TrackPointExtension>
      <gpxtpx:hr>123</gpxtpx:hr>
      <gpxtpx:cad>0</gpxtpx:cad>
     </gpxtpx:TrackPointExtension>
    </extensions>
   </trkpt>
   <trkpt lat="28.4124740" lon="83.8192290">
    <ele>2042.2</ele>
    <time>2026-06-09T07:27:13Z</time>
    <extensions>
     <gpxtpx:TrackPointExtension>
      <gpxtpx:hr>121</gpxtpx:hr>
      <gpxtpx:cad>0</gpxtpx:cad>
     </gpxtpx:TrackPointExtension>
    </extensions>
   </trkpt>
   <trkpt lat="28.4124740" lon="83.8192250">
    <ele>2042.4</ele>
    <time>2026-06-09T07:27:14Z</time>
    <extensions>
     <gpxtpx:TrackPointExtension>
      <gpxtpx:hr>121</gpxtpx:hr>
      <gpxtpx:cad>0</gpxtpx:cad>
     </gpxtpx:TrackPointExtension>
    </extensions>
   </trkpt>
   <trkpt lat="28.4124790" lon="83.8192010">
    <ele>2043.2</ele>
    <time>2026-06-09T07:27:20Z</time>
    <extensions>
     <gpxtpx:TrackPointExtension>
      <gpxtpx:hr>122</gpxtpx:hr>
      <gpxtpx:cad>0</gpxtpx:cad>
     </gpxtpx:TrackPointExtension>
    </extensions>
   </trkpt>
   <trkpt lat="28.4125140" lon="83.8191950">
    <ele>2044.0</ele>
    <time>2026-06-09T07:27:27Z</time>
    <extensions>
     <gpxtpx:TrackPointExtension>
      <gpxtpx:hr>122</gpxtpx:hr>
      <gpxtpx:cad>64</gpxtpx:cad>
     </gpxtpx:TrackPointExtension>
    </extensions>
   </trkpt>
   <trkpt lat="28.4125240" lon="83.8192000">
    <ele>2044.4</ele>
    <time>2026-06-09T07:27:29Z</time>
    <extensions>
     <gpxtpx:TrackPointExtension>
      <gpxtpx:hr>122</gpxtpx:hr>
      <gpxtpx:cad>65</gpxtpx:cad>
     </gpxtpx:TrackPointExtension>
    </extensions>
   </trkpt>
   <trkpt lat="28.4125510" lon="83.8192090">
    <ele>2045.4</ele>
    <time>2026-06-09T07:27:33Z</time>
    <extensions>
     <gpxtpx:TrackPointExtension>
      <gpxtpx:hr>125</gpxtpx:hr>
      <gpxtpx:cad>59</gpxtpx:cad>
     </gpxtpx:TrackPointExtension>
    </extensions>
   </trkpt>
   <trkpt lat="28.4125590" lon="83.8192120">
    <ele>2045.6</ele>
    <time>2026-06-09T07:27:34Z</time>
    <extensions>
     <gpxtpx:TrackPointExtension>
      <gpxtpx:hr>126</gpxtpx:hr>
      <gpxtpx:cad>59</gpxtpx:cad>
     </gpxtpx:TrackPointExtension>
    </extensions>
   </trkpt>
   <trkpt lat="28.4125710" lon="83.8192120">
    <ele>2046.0</ele>
    <time>2026-06-09T07:27:36Z</time>
    <extensions>
     <gpxtpx:TrackPointExtension>
      <gpxtpx:hr>127</gpxtpx:hr>
      <gpxtpx:cad>0</gpxtpx:cad>
     </gpxtpx:TrackPointExtension>
    </extensions>
   </trkpt>
   <trkpt lat="28.4125870" lon="83.8192060">
    <ele>2046.6</ele>
    <time>2026-06-09T07:27:39Z</time>
    <extensions>
     <gpxtpx:TrackPointExtension>
      <gpxtpx:hr>128</gpxtpx:hr>
      <gpxtpx:cad>0</gpxtpx:cad>
     </gpxtpx:TrackPointExtension>
    </extensions>
   </trkpt>
   <trkpt lat="28.4125980" lon="83.8192020">
    <ele>2046.8</ele>
    <time>2026-06-09T07:27:41Z</time>
    <extensions>
     <gpxtpx:TrackPointExtension>
      <gpxtpx:hr>128</gpxtpx:hr>
      <gpxtpx:cad>0</gpxtpx:cad>
     </gpxtpx:TrackPointExtension>
    </extensions>
   </trkpt>
   <trkpt lat="28.4126180" lon="83.8191820">
    <ele>2047.6</ele>
    <time>2026-06-09T07:27:47Z</time>
    <extensions>
     <gpxtpx:TrackPointExtension>
      <gpxtpx:hr>128</gpxtpx:hr>
      <gpxtpx:cad>0</gpxtpx:cad>
     </gpxtpx:TrackPointExtension>
    </extensions>
   </trkpt>
   <trkpt lat="28.4126200" lon="83.8191790">
    <ele>2047.6</ele>
    <time>2026-06-09T07:27:48Z</time>
    <extensions>
     <gpxtpx:TrackPointExtension>
      <gpxtpx:hr>128</gpxtpx:hr>
      <gpxtpx:cad>0</gpxtpx:cad>
     </gpxtpx:TrackPointExtension>
    </extensions>
   </trkpt>
   <trkpt lat="28.4126460" lon="83.8191800">
    <ele>2048.4</ele>
    <time>2026-06-09T07:27:55Z</time>
    <extensions>
     <gpxtpx:TrackPointExtension>
      <gpxtpx:hr>128</gpxtpx:hr>
      <gpxtpx:cad>73</gpxtpx:cad>
     </gpxtpx:TrackPointExtension>
    </extensions>
   </trkpt>
   <trkpt lat="28.4126590" lon="83.8191800">
    <ele>2048.6</ele>
    <time>2026-06-09T07:27:58Z</time>
    <extensions>
     <gpxtpx:TrackPointExtension>
      <gpxtpx:hr>127</gpxtpx:hr>
      <gpxtpx:cad>71</gpxtpx:cad>
     </gpxtpx:TrackPointExtension>
    </extensions>
   </trkpt>
   <trkpt lat="28.4126720" lon="83.8191790">
    <ele>2049.2</ele>
    <time>2026-06-09T07:28:03Z</time>
    <extensions>
     <gpxtpx:TrackPointExtension>
      <gpxtpx:hr>126</gpxtpx:hr>
      <gpxtpx:cad>0</gpxtpx:cad>
     </gpxtpx:TrackPointExtension>
    </extensions>
   </trkpt>
   <trkpt lat="28.4126880" lon="83.8191740">
    <ele>2049.8</ele>
    <time>2026-06-09T07:28:07Z</time>
    <extensions>
     <gpxtpx:TrackPointExtension>
      <gpxtpx:hr>125</gpxtpx:hr>
      <gpxtpx:cad>0</gpxtpx:cad>
     </gpxtpx:TrackPointExtension>
    </extensions>
   </trkpt>
   <trkpt lat="28.4127020" lon="83.8191700">
    <ele>2050.2</ele>
    <time>2026-06-09T07:28:10Z</time>
    <extensions>
     <gpxtpx:TrackPointExtension>
      <gpxtpx:hr>126</gpxtpx:hr>
      <gpxtpx:cad>0</gpxtpx:cad>
     </gpxtpx:TrackPointExtension>
    </extensions>
   </trkpt>
   <trkpt lat="28.4127240" lon="83.8191280">
    <ele>2050.8</ele>
    <time>2026-06-09T07:28:17Z</time>
    <extensions>
     <gpxtpx:TrackPointExtension>
      <gpxtpx:hr>125</gpxtpx:hr>
      <gpxtpx:cad>0</gpxtpx:cad>
     </gpxtpx:TrackPointExtension>
    </extensions>
   </trkpt>
   <trkpt lat="28.4127240" lon="83.8191210">
    <ele>2051.0</ele>
    <time>2026-06-09T07:28:18Z</time>
    <extensions>
     <gpxtpx:TrackPointExtension>
      <gpxtpx:hr>124</gpxtpx:hr>
      <gpxtpx:cad>0</gpxtpx:cad>
     </gpxtpx:TrackPointExtension>
    </extensions>
   </trkpt>
   <trkpt lat="28.4127230" lon="83.8191010">
    <ele>2051.8</ele>
    <time>2026-06-09T07:28:23Z</time>
    <extensions>
     <gpxtpx:TrackPointExtension>
      <gpxtpx:hr>124</gpxtpx:hr>
      <gpxtpx:cad>0</gpxtpx:cad>
     </gpxtpx:TrackPointExtension>
    </extensions>
   </trkpt>
   <trkpt lat="28.4127200" lon="83.8191020">
    <ele>2052.0</ele>
    <time>2026-06-09T07:28:24Z</time>
    <extensions>
     <gpxtpx:TrackPointExtension>
      <gpxtpx:hr>123</gpxtpx:hr>
      <gpxtpx:cad>0</gpxtpx:cad>
     </gpxtpx:TrackPointExtension>
    </extensions>
   </trkpt>
   <trkpt lat="28.4127000" lon="83.8191190">
    <ele>2052.6</ele>
    <time>2026-06-09T07:28:30Z</time>
    <extensions>
     <gpxtpx:TrackPointExtension>
      <gpxtpx:hr>123</gpxtpx:hr>
      <gpxtpx:cad>0</gpxtpx:cad>
     </gpxtpx:TrackPointExtension>
    </extensions>
   </trkpt>
   <trkpt lat="28.4126960" lon="83.8191180">
    <ele>2053.0</ele>
    <time>2026-06-09T07:28:32Z</time>
    <extensions>
     <gpxtpx:TrackPointExtension>
      <gpxtpx:hr>123</gpxtpx:hr>
      <gpxtpx:cad>68</gpxtpx:cad>
     </gpxtpx:TrackPointExtension>
    </extensions>
   </trkpt>
   <trkpt lat="28.4126910" lon="83.8191090">
    <ele>2053.4</ele>
    <time>2026-06-09T07:28:36Z</time>
    <extensions>
     <gpxtpx:TrackPointExtension>
      <gpxtpx:hr>122</gpxtpx:hr>
      <gpxtpx:cad>61</gpxtpx:cad>
     </gpxtpx:TrackPointExtension>
    </extensions>
   </trkpt>
   <trkpt lat="28.4126840" lon="83.8190910">
    <ele>2054.2</ele>
    <time>2026-06-09T07:28:40Z</time>
    <extensions>
     <gpxtpx:TrackPointExtension>
      <gpxtpx:hr>121</gpxtpx:hr>
      <gpxtpx:cad>66</gpxtpx:cad>
     </gpxtpx:TrackPointExtension>
    </extensions>
   </trkpt>
   <trkpt lat="28.4126720" lon="83.8190700">
    <ele>2054.6</ele>
    <time>2026-06-09T07:28:44Z</time>
    <extensions>
     <gpxtpx:TrackPointExtension>
      <gpxtpx:hr>122</gpxtpx:hr>
      <gpxtpx:cad>69</gpxtpx:cad>
     </gpxtpx:TrackPointExtension>
    </extensions>
   </trkpt>
   <trkpt lat="28.4126660" lon="83.8190410">
    <ele>2055.0</ele>
    <time>2026-06-09T07:28:52Z</time>
    <extensions>
     <gpxtpx:TrackPointExtension>
      <gpxtpx:hr>124</gpxtpx:hr>
      <gpxtpx:cad>65</gpxtpx:cad>
     </gpxtpx:TrackPointExtension>
    </extensions>
   </trkpt>
   <trkpt lat="28.4126700" lon="83.8190340">
    <ele>2055.2</ele>
    <time>2026-06-09T07:28:55Z</time>
    <extensions>
     <gpxtpx:TrackPointExtension>
      <gpxtpx:hr>124</gpxtpx:hr>
      <gpxtpx:cad>66</gpxtpx:cad>
     </gpxtpx:TrackPointExtension>
    </extensions>
   </trkpt>
   <trkpt lat="28.4126760" lon="83.8190060">
    <ele>2055.6</ele>
    <time>2026-06-09T07:29:00Z</time>
    <extensions>
     <gpxtpx:TrackPointExtension>
      <gpxtpx:hr>124</gpxtpx:hr>
      <gpxtpx:cad>66</gpxtpx:cad>
     </gpxtpx:TrackPointExtension>
    </extensions>
   </trkpt>
   <trkpt lat="28.4126870" lon="83.8189780">
    <ele>2056.2</ele>
    <time>2026-06-09T07:29:05Z</time>
    <extensions>
     <gpxtpx:TrackPointExtension>
      <gpxtpx:hr>124</gpxtpx:hr>
      <gpxtpx:cad>70</gpxtpx:cad>
     </gpxtpx:TrackPointExtension>
    </extensions>
   </trkpt>
   <trkpt lat="28.4126870" lon="83.8189530">
    <ele>2056.4</ele>
    <time>2026-06-09T07:29:09Z</time>
    <extensions>
     <gpxtpx:TrackPointExtension>
      <gpxtpx:hr>124</gpxtpx:hr>
      <gpxtpx:cad>0</gpxtpx:cad>
     </gpxtpx:TrackPointExtension>
    </extensions>
   </trkpt>
   <trkpt lat="28.4126900" lon="83.8189230">
    <ele>2057.2</ele>
    <time>2026-06-09T07:29:14Z</time>
    <extensions>
     <gpxtpx:TrackPointExtension>
      <gpxtpx:hr>121</gpxtpx:hr>
      <gpxtpx:cad>65</gpxtpx:cad>
     </gpxtpx:TrackPointExtension>
    </extensions>
   </trkpt>
   <trkpt lat="28.4126890" lon="83.8189210">
    <ele>2057.2</ele>
    <time>2026-06-09T07:29:15Z</time>
    <extensions>
     <gpxtpx:TrackPointExtension>
      <gpxtpx:hr>120</gpxtpx:hr>
      <gpxtpx:cad>57</gpxtpx:cad>
     </gpxtpx:TrackPointExtension>
    </extensions>
   </trkpt>
   <trkpt lat="28.4126900" lon="83.8189060">
    <ele>2057.4</ele>
    <time>2026-06-09T07:29:18Z</time>
    <extensions>
     <gpxtpx:TrackPointExtension>
      <gpxtpx:hr>118</gpxtpx:hr>
      <gpxtpx:cad>57</gpxtpx:cad>
     </gpxtpx:TrackPointExtension>
    </extensions>
   </trkpt>
   <trkpt lat="28.4126940" lon="83.8188640">
    <ele>2058.4</ele>
    <time>2026-06-09T07:29:24Z</time>
    <extensions>
     <gpxtpx:TrackPointExtension>
      <gpxtpx:hr>116</gpxtpx:hr>
      <gpxtpx:cad>70</gpxtpx:cad>
     </gpxtpx:TrackPointExtension>
    </extensions>
   </trkpt>
   <trkpt lat="28.4126950" lon="83.8188590">
    <ele>2058.4</ele>
    <time>2026-06-09T07:29:25Z</time>
    <extensions>
     <gpxtpx:TrackPointExtension>
      <gpxtpx:hr>116</gpxtpx:hr>
      <gpxtpx:cad>0</gpxtpx:cad>
     </gpxtpx:TrackPointExtension>
    </extensions>
   </trkpt>
   <trkpt lat="28.4127010" lon="83.8188580">
    <ele>2058.8</ele>
    <time>2026-06-09T07:29:32Z</time>
    <extensions>
     <gpxtpx:TrackPointExtension>
      <gpxtpx:hr>118</gpxtpx:hr>
      <gpxtpx:cad>0</gpxtpx:cad>
     </gpxtpx:TrackPointExtension>
    </extensions>
   </trkpt>
   <trkpt lat="28.4127020" lon="83.8188610">
    <ele>2059.0</ele>
    <time>2026-06-09T07:29:33Z</time>
    <extensions>
     <gpxtpx:TrackPointExtension>
      <gpxtpx:hr>118</gpxtpx:hr>
      <gpxtpx:cad>0</gpxtpx:cad>
     </gpxtpx:TrackPointExtension>
    </extensions>
   </trkpt>
   <trkpt lat="28.4127040" lon="83.8188650">
    <ele>2059.4</ele>
    <time>2026-06-09T07:29:35Z</time>
    <extensions>
     <gpxtpx:TrackPointExtension>
      <gpxtpx:hr>118</gpxtpx:hr>
      <gpxtpx:cad>0</gpxtpx:cad>
     </gpxtpx:TrackPointExtension>
    </extensions>
   </trkpt>
   <trkpt lat="28.4127210" lon="83.8188940">
    <ele>2060.4</ele>
    <time>2026-06-09T07:29:42Z</time>
    <extensions>
     <gpxtpx:TrackPointExtension>
      <gpxtpx:hr>116</gpxtpx:hr>
      <gpxtpx:cad>57</gpxtpx:cad>
     </gpxtpx:TrackPointExtension>
    </extensions>
   </trkpt>
   <trkpt lat="28.4127370" lon="83.8189180">
    <ele>2061.6</ele>
    <time>2026-06-09T07:29:50Z</time>
    <extensions>
     <gpxtpx:TrackPointExtension>
      <gpxtpx:hr>115</gpxtpx:hr>
      <gpxtpx:cad>61</gpxtpx:cad>
     </gpxtpx:TrackPointExtension>
    </extensions>
   </trkpt>
   <trkpt lat="28.4127440" lon="83.8189380">
    <ele>2062.6</ele>
    <time>2026-06-09T07:29:56Z</time>
    <extensions>
     <gpxtpx:TrackPointExtension>
      <gpxtpx:hr>118</gpxtpx:hr>
      <gpxtpx:cad>60</gpxtpx:cad>
     </gpxtpx:TrackPointExtension>
    </extensions>
   </trkpt>
   <trkpt lat="28.4127450" lon="83.8189430">
    <ele>2062.8</ele>
    <time>2026-06-09T07:29:57Z</time>
    <extensions>
     <gpxtpx:TrackPointExtension>
      <gpxtpx:hr>119</gpxtpx:hr>
      <gpxtpx:cad>60</gpxtpx:cad>
     </gpxtpx:TrackPointExtension>
    </extensions>
   </trkpt>
   <trkpt lat="28.4127540" lon="83.8189710">
    <ele>2063.8</ele>
    <time>2026-06-09T07:30:04Z</time>
    <extensions>
     <gpxtpx:TrackPointExtension>
      <gpxtpx:hr>121</gpxtpx:hr>
      <gpxtpx:cad>55</gpxtpx:cad>
     </gpxtpx:TrackPointExtension>
    </extensions>
   </trkpt>
   <trkpt lat="28.4127560" lon="83.8190050">
    <ele>2064.8</ele>
    <time>2026-06-09T07:30:12Z</time>
    <extensions>
     <gpxtpx:TrackPointExtension>
      <gpxtpx:hr>122</gpxtpx:hr>
      <gpxtpx:cad>57</gpxtpx:cad>
     </gpxtpx:TrackPointExtension>
    </extensions>
   </trkpt>
   <trkpt lat="28.4127700" lon="83.8190280">
    <ele>2066.0</ele>
    <time>2026-06-09T07:30:19Z</time>
    <extensions>
     <gpxtpx:TrackPointExtension>
      <gpxtpx:hr>122</gpxtpx:hr>
      <gpxtpx:cad>55</gpxtpx:cad>
     </gpxtpx:TrackPointExtension>
    </extensions>
   </trkpt>
   <trkpt lat="28.4127800" lon="83.8190410">
    <ele>2067.0</ele>
    <time>2026-06-09T07:30:24Z</time>
    <extensions>
     <gpxtpx:TrackPointExtension>
      <gpxtpx:hr>119</gpxtpx:hr>
      <gpxtpx:cad>71</gpxtpx:cad>
     </gpxtpx:TrackPointExtension>
    </extensions>
   </trkpt>
   <trkpt lat="28.4127870" lon="83.8190450">
    <ele>2067.4</ele>
    <time>2026-06-09T07:30:26Z</time>
    <extensions>
     <gpxtpx:TrackPointExtension>
      <gpxtpx:hr>118</gpxtpx:hr>
      <gpxtpx:cad>71</gpxtpx:cad>
     </gpxtpx:TrackPointExtension>
    </extensions>
   </trkpt>
   <trkpt lat="28.4127970" lon="83.8190470">
    <ele>2068.0</ele>
    <time>2026-06-09T07:30:30Z</time>
    <extensions>
     <gpxtpx:TrackPointExtension>
      <gpxtpx:hr>118</gpxtpx:hr>
      <gpxtpx:cad>68</gpxtpx:cad>
     </gpxtpx:TrackPointExtension>
    </extensions>
   </trkpt>
   <trkpt lat="28.4128030" lon="83.8190510">
    <ele>2068.4</ele>
    <time>2026-06-09T07:30:32Z</time>
    <extensions>
     <gpxtpx:TrackPointExtension>
      <gpxtpx:hr>118</gpxtpx:hr>
      <gpxtpx:cad>64</gpxtpx:cad>
     </gpxtpx:TrackPointExtension>
    </extensions>
   </trkpt>
   <trkpt lat="28.4128070" lon="83.8190580">
    <ele>2069.0</ele>
    <time>2026-06-09T07:30:35Z</time>
    <extensions>
     <gpxtpx:TrackPointExtension>
      <gpxtpx:hr>121</gpxtpx:hr>
      <gpxtpx:cad>68</gpxtpx:cad>
     </gpxtpx:TrackPointExtension>
    </extensions>
   </trkpt>
   <trkpt lat="28.4128090" lon="83.8190640">
    <ele>2069.0</ele>
    <time>2026-06-09T07:30:36Z</time>
    <extensions>
     <gpxtpx:TrackPointExtension>
      <gpxtpx:hr>121</gpxtpx:hr>
      <gpxtpx:cad>68</gpxtpx:cad>
     </gpxtpx:TrackPointExtension>
    </extensions>
   </trkpt>
   <trkpt lat="28.4128130" lon="83.8190770">
    <ele>2069.6</ele>
    <time>2026-06-09T07:30:39Z</time>
    <extensions>
     <gpxtpx:TrackPointExtension>
      <gpxtpx:hr>122</gpxtpx:hr>
      <gpxtpx:cad>66</gpxtpx:cad>
     </gpxtpx:TrackPointExtension>
    </extensions>
   </trkpt>
   <trkpt lat="28.4128270" lon="83.8190950">
    <ele>2070.4</ele>
    <time>2026-06-09T07:30:45Z</time>
    <extensions>
     <gpxtpx:TrackPointExtension>
      <gpxtpx:hr>124</gpxtpx:hr>
      <gpxtpx:cad>64</gpxtpx:cad>
     </gpxtpx:TrackPointExtension>
    </extensions>
   </trkpt>
   <trkpt lat="28.4128290" lon="83.8190980">
    <ele>2070.4</ele>
    <time>2026-06-09T07:30:46Z</time>
    <extensions>
     <gpxtpx:TrackPointExtension>
      <gpxtpx:hr>124</gpxtpx:hr>
      <gpxtpx:cad>64</gpxtpx:cad>
     </gpxtpx:TrackPointExtension>
    </extensions>
   </trkpt>
   <trkpt lat="28.4128450" lon="83.8191010">
    <ele>2071.4</ele>
    <time>2026-06-09T07:30:51Z</time>
    <extensions>
     <gpxtpx:TrackPointExtension>
      <gpxtpx:hr>125</gpxtpx:hr>
      <gpxtpx:cad>0</gpxtpx:cad>
     </gpxtpx:TrackPointExtension>
    </extensions>
   </trkpt>
   <trkpt lat="28.4128410" lon="83.8190940">
    <ele>2071.6</ele>
    <time>2026-06-09T07:30:53Z</time>
    <extensions>
     <gpxtpx:TrackPointExtension>
      <gpxtpx:hr>126</gpxtpx:hr>
      <gpxtpx:cad>0</gpxtpx:cad>
     </gpxtpx:TrackPointExtension>
    </extensions>
   </trkpt>
   <trkpt lat="28.4128340" lon="83.8190810">
    <ele>2072.4</ele>
    <time>2026-06-09T07:31:00Z</time>
    <extensions>
     <gpxtpx:TrackPointExtension>
      <gpxtpx:hr>128</gpxtpx:hr>
      <gpxtpx:cad>62</gpxtpx:cad>
     </gpxtpx:TrackPointExtension>
    </extensions>
   </trkpt>
   <trkpt lat="28.4128340" lon="83.8190780">
    <ele>2072.4</ele>
    <time>2026-06-09T07:31:01Z</time>
    <extensions>
     <gpxtpx:TrackPointExtension>
      <gpxtpx:hr>128</gpxtpx:hr>
      <gpxtpx:cad>61</gpxtpx:cad>
     </gpxtpx:TrackPointExtension>
    </extensions>
   </trkpt>
   <trkpt lat="28.4128310" lon="83.8190450">
    <ele>2073.4</ele>
    <time>2026-06-09T07:31:07Z</time>
    <extensions>
     <gpxtpx:TrackPointExtension>
      <gpxtpx:hr>128</gpxtpx:hr>
      <gpxtpx:cad>62</gpxtpx:cad>
     </gpxtpx:TrackPointExtension>
    </extensions>
   </trkpt>
   <trkpt lat="28.4128320" lon="83.8190380">
    <ele>2073.4</ele>
    <time>2026-06-09T07:31:08Z</time>
    <extensions>
     <gpxtpx:TrackPointExtension>
      <gpxtpx:hr>128</gpxtpx:hr>
      <gpxtpx:cad>60</gpxtpx:cad>
     </gpxtpx:TrackPointExtension>
    </extensions>
   </trkpt>
   <trkpt lat="28.4128340" lon="83.8189980">
    <ele>2074.6</ele>
    <time>2026-06-09T07:31:15Z</time>
    <extensions>
     <gpxtpx:TrackPointExtension>
      <gpxtpx:hr>126</gpxtpx:hr>
      <gpxtpx:cad>0</gpxtpx:cad>
     </gpxtpx:TrackPointExtension>
    </extensions>
   </trkpt>
   <trkpt lat="28.4128260" lon="83.8189730">
    <ele>2075.0</ele>
    <time>2026-06-09T07:31:22Z</time>
    <extensions>
     <gpxtpx:TrackPointExtension>
      <gpxtpx:hr>125</gpxtpx:hr>
      <gpxtpx:cad>55</gpxtpx:cad>
     </gpxtpx:TrackPointExtension>
    </extensions>
   </trkpt>
   <trkpt lat="28.4128210" lon="83.8189670">
    <ele>2075.6</ele>
    <time>2026-06-09T07:31:27Z</time>
    <extensions>
     <gpxtpx:TrackPointExtension>
      <gpxtpx:hr>124</gpxtpx:hr>
      <gpxtpx:cad>60</gpxtpx:cad>
     </gpxtpx:TrackPointExtension>
    </extensions>
   </trkpt>
   <trkpt lat="28.4128180" lon="83.8189590">
    <ele>2075.8</ele>
    <time>2026-06-09T07:31:29Z</time>
    <extensions>
     <gpxtpx:TrackPointExtension>
      <gpxtpx:hr>124</gpxtpx:hr>
      <gpxtpx:cad>61</gpxtpx:cad>
     </gpxtpx:TrackPointExtension>
    </extensions>
   </trkpt>
   <trkpt lat="28.4128290" lon="83.8189240">
    <ele>2076.2</ele>
    <time>2026-06-09T07:31:36Z</time>
    <extensions>
     <gpxtpx:TrackPointExtension>
      <gpxtpx:hr>124</gpxtpx:hr>
      <gpxtpx:cad>63</gpxtpx:cad>
     </gpxtpx:TrackPointExtension>
    </extensions>
   </trkpt>
   <trkpt lat="28.4128340" lon="83.8189030">
    <ele>2076.6</ele>
    <time>2026-06-09T07:31:40Z</time>
    <extensions>
     <gpxtpx:TrackPointExtension>
      <gpxtpx:hr>123</gpxtpx:hr>
      <gpxtpx:cad>66</gpxtpx:cad>
     </gpxtpx:TrackPointExtension>
    </extensions>
   </trkpt>
   <trkpt lat="28.4128400" lon="83.8188850">
    <ele>2077.0</ele>
    <time>2026-06-09T07:31:44Z</time>
    <extensions>
     <gpxtpx:TrackPointExtension>
      <gpxtpx:hr>125</gpxtpx:hr>
      <gpxtpx:cad>0</gpxtpx:cad>
     </gpxtpx:TrackPointExtension>
    </extensions>
   </trkpt>
   <trkpt lat="28.4128430" lon="83.8188660">
    <ele>2077.8</ele>
    <time>2026-06-09T07:31:48Z</time>
    <extensions>
     <gpxtpx:TrackPointExtension>
      <gpxtpx:hr>124</gpxtpx:hr>
      <gpxtpx:cad>0</gpxtpx:cad>
     </gpxtpx:TrackPointExtension>
    </extensions>
   </trkpt>
   <trkpt lat="28.4128460" lon="83.8188520">
    <ele>2079.0</ele>
    <time>2026-06-09T07:31:51Z</time>
    <extensions>
     <gpxtpx:TrackPointExtension>
      <gpxtpx:hr>124</gpxtpx:hr>
      <gpxtpx:cad>0</gpxtpx:cad>
     </gpxtpx:TrackPointExtension>
    </extensions>
   </trkpt>
   <trkpt lat="28.4128510" lon="83.8188420">
    <ele>2078.8</ele>
    <time>2026-06-09T07:32:00Z</time>
    <extensions>
     <gpxtpx:TrackPointExtension>
      <gpxtpx:hr>122</gpxtpx:hr>
      <gpxtpx:cad>0</gpxtpx:cad>
     </gpxtpx:TrackPointExtension>
    </extensions>
   </trkpt>
   <trkpt lat="28.4128520" lon="83.8188450">
    <ele>2077.8</ele>
    <time>2026-06-09T07:32:03Z</time>
    <extensions>
     <gpxtpx:TrackPointExtension>
      <gpxtpx:hr>123</gpxtpx:hr>
      <gpxtpx:cad>0</gpxtpx:cad>
     </gpxtpx:TrackPointExtension>
    </extensions>
   </trkpt>
   <trkpt lat="28.4128490" lon="83.8188500">
    <ele>2077.2</ele>
    <time>2026-06-09T07:32:10Z</time>
    <extensions>
     <gpxtpx:TrackPointExtension>
      <gpxtpx:hr>122</gpxtpx:hr>
      <gpxtpx:cad>0</gpxtpx:cad>
     </gpxtpx:TrackPointExtension>
    </extensions>
   </trkpt>
   <trkpt lat="28.4128490" lon="83.8188530">
    <ele>2077.2</ele>
    <time>2026-06-09T07:32:11Z</time>
    <extensions>
     <gpxtpx:TrackPointExtension>
      <gpxtpx:hr>119</gpxtpx:hr>
      <gpxtpx:cad>0</gpxtpx:cad>
     </gpxtpx:TrackPointExtension>
    </extensions>
   </trkpt>
   <trkpt lat="28.4128490" lon="83.8188550">
    <ele>2077.2</ele>
    <time>2026-06-09T07:32:12Z</time>
    <extensions>
     <gpxtpx:TrackPointExtension>
      <gpxtpx:hr>116</gpxtpx:hr>
      <gpxtpx:cad>0</gpxtpx:cad>
     </gpxtpx:TrackPointExtension>
    </extensions>
   </trkpt>
   <trkpt lat="28.4128560" lon="83.8188640">
    <ele>2077.6</ele>
    <time>2026-06-09T07:32:16Z</time>
    <extensions>
     <gpxtpx:TrackPointExtension>
      <gpxtpx:hr>113</gpxtpx:hr>
      <gpxtpx:cad>0</gpxtpx:cad>
     </gpxtpx:TrackPointExtension>
    </extensions>
   </trkpt>
   <trkpt lat="28.4128560" lon="83.8188620">
    <ele>2078.4</ele>
    <time>2026-06-09T07:32:19Z</time>
    <extensions>
     <gpxtpx:TrackPointExtension>
      <gpxtpx:hr>109</gpxtpx:hr>
      <gpxtpx:cad>0</gpxtpx:cad>
     </gpxtpx:TrackPointExtension>
    </extensions>
   </trkpt>
   <trkpt lat="28.4128560" lon="83.8188610">
    <ele>2078.6</ele>
    <time>2026-06-09T07:32:21Z</time>
    <extensions>
     <gpxtpx:TrackPointExtension>
      <gpxtpx:hr>104</gpxtpx:hr>
      <gpxtpx:cad>0</gpxtpx:cad>
     </gpxtpx:TrackPointExtension>
    </extensions>
   </trkpt>
   <trkpt lat="28.4128590" lon="83.8188560">
    <ele>2078.4</ele>
    <time>2026-06-09T07:32:23Z</time>
    <extensions>
     <gpxtpx:TrackPointExtension>
      <gpxtpx:hr>100</gpxtpx:hr>
      <gpxtpx:cad>0</gpxtpx:cad>
     </gpxtpx:TrackPointExtension>
    </extensions>
   </trkpt>
   <trkpt lat="28.4128580" lon="83.8188440">
    <ele>2078.6</ele>
    <time>2026-06-09T07:32:25Z</time>
    <extensions>
     <gpxtpx:TrackPointExtension>
      <gpxtpx:hr>97</gpxtpx:hr>
      <gpxtpx:cad>0</gpxtpx:cad>
     </gpxtpx:TrackPointExtension>
    </extensions>
   </trkpt>
   <trkpt lat="28.4128670" lon="83.8188360">
    <ele>2078.6</ele>
    <time>2026-06-09T07:32:28Z</time>
    <extensions>
     <gpxtpx:TrackPointExtension>
      <gpxtpx:hr>94</gpxtpx:hr>
      <gpxtpx:cad>0</gpxtpx:cad>
     </gpxtpx:TrackPointExtension>
    </extensions>
   </trkpt>
   <trkpt lat="28.4128690" lon="83.8188350">
    <ele>2079.0</ele>
    <time>2026-06-09T07:32:33Z</time>
    <extensions>
     <gpxtpx:TrackPointExtension>
      <gpxtpx:hr>92</gpxtpx:hr>
      <gpxtpx:cad>0</gpxtpx:cad>
     </gpxtpx:TrackPointExtension>
    </extensions>
   </trkpt>
   <trkpt lat="28.4128660" lon="83.8188350">
    <ele>2079.6</ele>
    <time>2026-06-09T07:32:38Z</time>
    <extensions>
     <gpxtpx:TrackPointExtension>
      <gpxtpx:hr>95</gpxtpx:hr>
      <gpxtpx:cad>0</gpxtpx:cad>
     </gpxtpx:TrackPointExtension>
    </extensions>
   </trkpt>
   <trkpt lat="28.4128570" lon="83.8188170">
    <ele>2079.0</ele>
    <time>2026-06-09T07:32:49Z</time>
    <extensions>
     <gpxtpx:TrackPointExtension>
      <gpxtpx:hr>93</gpxtpx:hr>
      <gpxtpx:cad>0</gpxtpx:cad>
     </gpxtpx:TrackPointExtension>
    </extensions>
   </trkpt>
   <trkpt lat="28.4128560" lon="83.8188070">
    <ele>2077.8</ele>
    <time>2026-06-09T07:32:54Z</time>
    <extensions>
     <gpxtpx:TrackPointExtension>
      <gpxtpx:hr>94</gpxtpx:hr>
      <gpxtpx:cad>0</gpxtpx:cad>
     </gpxtpx:TrackPointExtension>
    </extensions>
   </trkpt>
   <trkpt lat="28.4128530" lon="83.8188080">
    <ele>2077.6</ele>
    <time>2026-06-09T07:32:57Z</time>
    <extensions>
     <gpxtpx:TrackPointExtension>
      <gpxtpx:hr>97</gpxtpx:hr>
      <gpxtpx:cad>0</gpxtpx:cad>
     </gpxtpx:TrackPointExtension>
    </extensions>
   </trkpt>
   <trkpt lat="28.4128550" lon="83.8188110">
    <ele>2077.6</ele>
    <time>2026-06-09T07:33:01Z</time>
    <extensions>
     <gpxtpx:TrackPointExtension>
      <gpxtpx:hr>100</gpxtpx:hr>
      <gpxtpx:cad>0</gpxtpx:cad>
     </gpxtpx:TrackPointExtension>
    </extensions>
   </trkpt>
   <trkpt lat="28.4128560" lon="83.8188140">
    <ele>2077.6</ele>
    <time>2026-06-09T07:33:05Z</time>
    <extensions>
     <gpxtpx:TrackPointExtension>
      <gpxtpx:hr>96</gpxtpx:hr>
      <gpxtpx:cad>0</gpxtpx:cad>
     </gpxtpx:TrackPointExtension>
    </extensions>
   </trkpt>
   <trkpt lat="28.4128560" lon="83.8188150">
    <ele>2077.6</ele>
    <time>2026-06-09T07:33:06Z</time>
    <extensions>
     <gpxtpx:TrackPointExtension>
      <gpxtpx:hr>93</gpxtpx:hr>
      <gpxtpx:cad>0</gpxtpx:cad>
     </gpxtpx:TrackPointExtension>
    </extensions>
   </trkpt>
   <trkpt lat="28.4128560" lon="83.8188140">
    <ele>2077.6</ele>
    <time>2026-06-09T07:33:07Z</time>
    <extensions>
     <gpxtpx:TrackPointExtension>
      <gpxtpx:hr>91</gpxtpx:hr>
      <gpxtpx:cad>0</gpxtpx:cad>
     </gpxtpx:TrackPointExtension>
    </extensions>
   </trkpt>
   <trkpt lat="28.4128550" lon="83.8188140">
    <ele>2077.4</ele>
    <time>2026-06-09T07:33:09Z</time>
    <extensions>
     <gpxtpx:TrackPointExtension>
      <gpxtpx:hr>88</gpxtpx:hr>
      <gpxtpx:cad>0</gpxtpx:cad>
     </gpxtpx:TrackPointExtension>
    </extensions>
   </trkpt>
   <trkpt lat="28.4128530" lon="83.8188390">
    <ele>2077.4</ele>
    <time>2026-06-09T07:33:23Z</time>
    <extensions>
     <gpxtpx:TrackPointExtension>
      <gpxtpx:hr>86</gpxtpx:hr>
      <gpxtpx:cad>0</gpxtpx:cad>
     </gpxtpx:TrackPointExtension>
    </extensions>
   </trkpt>
   <trkpt lat="28.4128690" lon="83.8188740">
    <ele>2077.8</ele>
    <time>2026-06-09T07:33:31Z</time>
    <extensions>
     <gpxtpx:TrackPointExtension>
      <gpxtpx:hr>87</gpxtpx:hr>
      <gpxtpx:cad>0</gpxtpx:cad>
     </gpxtpx:TrackPointExtension>
    </extensions>
   </trkpt>
   <trkpt lat="28.4128690" lon="83.8188760">
    <ele>2078.8</ele>
    <time>2026-06-09T07:33:33Z</time>
    <extensions>
     <gpxtpx:TrackPointExtension>
      <gpxtpx:hr>88</gpxtpx:hr>
      <gpxtpx:cad>0</gpxtpx:cad>
     </gpxtpx:TrackPointExtension>
    </extensions>
   </trkpt>
   <trkpt lat="28.4128690" lon="83.8188780">
    <ele>2080.0</ele>
    <time>2026-06-09T07:33:36Z</time>
    <extensions>
     <gpxtpx:TrackPointExtension>
      <gpxtpx:hr>87</gpxtpx:hr>
      <gpxtpx:cad>0</gpxtpx:cad>
     </gpxtpx:TrackPointExtension>
    </extensions>
   </trkpt>
   <trkpt lat="28.4128710" lon="83.8188860">
    <ele>2080.2</ele>
    <time>2026-06-09T07:33:40Z</time>
    <extensions>
     <gpxtpx:TrackPointExtension>
      <gpxtpx:hr>93</gpxtpx:hr>
      <gpxtpx:cad>0</gpxtpx:cad>
     </gpxtpx:TrackPointExtension>
    </extensions>
   </trkpt>
   <trkpt lat="28.4128710" lon="83.8188880">
    <ele>2080.2</ele>
    <time>2026-06-09T07:33:41Z</time>
    <extensions>
     <gpxtpx:TrackPointExtension>
      <gpxtpx:hr>97</gpxtpx:hr>
      <gpxtpx:cad>0</gpxtpx:cad>
     </gpxtpx:TrackPointExtension>
    </extensions>
   </trkpt>
   <trkpt lat="28.4128730" lon="83.8188910">
    <ele>2079.8</ele>
    <time>2026-06-09T07:33:43Z</time>
    <extensions>
     <gpxtpx:TrackPointExtension>
      <gpxtpx:hr>98</gpxtpx:hr>
      <gpxtpx:cad>0</gpxtpx:cad>
     </gpxtpx:TrackPointExtension>
    </extensions>
   </trkpt>
   <trkpt lat="28.4128870" lon="83.8189030">
    <ele>2079.0</ele>
    <time>2026-06-09T07:33:47Z</time>
    <extensions>
     <gpxtpx:TrackPointExtension>
      <gpxtpx:hr>101</gpxtpx:hr>
      <gpxtpx:cad>0</gpxtpx:cad>
     </gpxtpx:TrackPointExtension>
    </extensions>
   </trkpt>
   <trkpt lat="28.4128910" lon="83.8189100">
    <ele>2079.0</ele>
    <time>2026-06-09T07:33:49Z</time>
    <extensions>
     <gpxtpx:TrackPointExtension>
      <gpxtpx:hr>94</gpxtpx:hr>
      <gpxtpx:cad>40</gpxtpx:cad>
     </gpxtpx:TrackPointExtension>
    </extensions>
   </trkpt>
   <trkpt lat="28.4128940" lon="83.8189140">
    <ele>2079.2</ele>
    <time>2026-06-09T07:33:50Z</time>
    <extensions>
     <gpxtpx:TrackPointExtension>
      <gpxtpx:hr>91</gpxtpx:hr>
      <gpxtpx:cad>40</gpxtpx:cad>
     </gpxtpx:TrackPointExtension>
    </extensions>
   </trkpt>
   <trkpt lat="28.4129070" lon="83.8189360">
    <ele>2080.2</ele>
    <time>2026-06-09T07:33:55Z</time>
    <extensions>
     <gpxtpx:TrackPointExtension>
      <gpxtpx:hr>89</gpxtpx:hr>
      <gpxtpx:cad>75</gpxtpx:cad>
     </gpxtpx:TrackPointExtension>
    </extensions>
   </trkpt>
   <trkpt lat="28.4129200" lon="83.8189550">
    <ele>2081.0</ele>
    <time>2026-06-09T07:33:59Z</time>
    <extensions>
     <gpxtpx:TrackPointExtension>
      <gpxtpx:hr>92</gpxtpx:hr>
      <gpxtpx:cad>66</gpxtpx:cad>
     </gpxtpx:TrackPointExtension>
    </extensions>
   </trkpt>
   <trkpt lat="28.4129250" lon="83.8189620">
    <ele>2081.2</ele>
    <time>2026-06-09T07:34:01Z</time>
    <extensions>
     <gpxtpx:TrackPointExtension>
      <gpxtpx:hr>94</gpxtpx:hr>
      <gpxtpx:cad>68</gpxtpx:cad>
     </gpxtpx:TrackPointExtension>
    </extensions>
   </trkpt>
   <trkpt lat="28.4129290" lon="83.8189710">
    <ele>2081.6</ele>
    <time>2026-06-09T07:34:03Z</time>
    <extensions>
     <gpxtpx:TrackPointExtension>
      <gpxtpx:hr>95</gpxtpx:hr>
      <gpxtpx:cad>68</gpxtpx:cad>
     </gpxtpx:TrackPointExtension>
    </extensions>
   </trkpt>
   <trkpt lat="28.4129340" lon="83.8189790">
    <ele>2082.0</ele>
    <time>2026-06-09T07:34:05Z</time>
    <extensions>
     <gpxtpx:TrackPointExtension>
      <gpxtpx:hr>99</gpxtpx:hr>
      <gpxtpx:cad>70</gpxtpx:cad>
     </gpxtpx:TrackPointExtension>
    </extensions>
   </trkpt>
   <trkpt lat="28.4129400" lon="83.8189840">
    <ele>2082.4</ele>
    <time>2026-06-09T07:34:07Z</time>
    <extensions>
     <gpxtpx:TrackPointExtension>
      <gpxtpx:hr>101</gpxtpx:hr>
      <gpxtpx:cad>70</gpxtpx:cad>
     </gpxtpx:TrackPointExtension>
    </extensions>
   </trkpt>
   <trkpt lat="28.4129460" lon="83.8189860">
    <ele>2082.6</ele>
    <time>2026-06-09T07:34:08Z</time>
    <extensions>
     <gpxtpx:TrackPointExtension>
      <gpxtpx:hr>104</gpxtpx:hr>
      <gpxtpx:cad>76</gpxtpx:cad>
     </gpxtpx:TrackPointExtension>
    </extensions>
   </trkpt>
   <trkpt lat="28.4129590" lon="83.8189850">
    <ele>2082.8</ele>
    <time>2026-06-09T07:34:10Z</time>
    <extensions>
     <gpxtpx:TrackPointExtension>
      <gpxtpx:hr>108</gpxtpx:hr>
      <gpxtpx:cad>76</gpxtpx:cad>
     </gpxtpx:TrackPointExtension>
    </extensions>
   </trkpt>
   <trkpt lat="28.4129640" lon="83.8189860">
    <ele>2083.0</ele>
    <time>2026-06-09T07:34:11Z</time>
    <extensions>
     <gpxtpx:TrackPointExtension>
      <gpxtpx:hr>110</gpxtpx:hr>
      <gpxtpx:cad>74</gpxtpx:cad>
     </gpxtpx:TrackPointExtension>
    </extensions>
   </trkpt>
   <trkpt lat="28.4129790" lon="83.8189910">
    <ele>2083.4</ele>
    <time>2026-06-09T07:34:14Z</time>
    <extensions>
     <gpxtpx:TrackPointExtension>
      <gpxtpx:hr>113</gpxtpx:hr>
      <gpxtpx:cad>77</gpxtpx:cad>
     </gpxtpx:TrackPointExtension>
    </extensions>
   </trkpt>
   <trkpt lat="28.4129870" lon="83.8189950">
    <ele>2083.6</ele>
    <time>2026-06-09T07:34:16Z</time>
    <extensions>
     <gpxtpx:TrackPointExtension>
      <gpxtpx:hr>116</gpxtpx:hr>
      <gpxtpx:cad>72</gpxtpx:cad>
     </gpxtpx:TrackPointExtension>
    </extensions>
   </trkpt>
   <trkpt lat="28.4129900" lon="83.8189980">
    <ele>2083.6</ele>
    <time>2026-06-09T07:34:17Z</time>
    <extensions>
     <gpxtpx:TrackPointExtension>
      <gpxtpx:hr>117</gpxtpx:hr>
      <gpxtpx:cad>71</gpxtpx:cad>
     </gpxtpx:TrackPointExtension>
    </extensions>
   </trkpt>
   <trkpt lat="28.4130160" lon="83.8190120">
    <ele>2084.6</ele>
    <time>2026-06-09T07:34:23Z</time>
    <extensions>
     <gpxtpx:TrackPointExtension>
      <gpxtpx:hr>119</gpxtpx:hr>
      <gpxtpx:cad>70</gpxtpx:cad>
     </gpxtpx:TrackPointExtension>
    </extensions>
   </trkpt>
   <trkpt lat="28.4130270" lon="83.8190160">
    <ele>2085.0</ele>
    <time>2026-06-09T07:34:25Z</time>
    <extensions>
     <gpxtpx:TrackPointExtension>
      <gpxtpx:hr>120</gpxtpx:hr>
      <gpxtpx:cad>70</gpxtpx:cad>
     </gpxtpx:TrackPointExtension>
    </extensions>
   </trkpt>
   <trkpt lat="28.4130410" lon="83.8190130">
    <ele>2085.6</ele>
    <time>2026-06-09T07:34:29Z</time>
    <extensions>
     <gpxtpx:TrackPointExtension>
      <gpxtpx:hr>121</gpxtpx:hr>
      <gpxtpx:cad>65</gpxtpx:cad>
     </gpxtpx:TrackPointExtension>
    </extensions>
   </trkpt>
   <trkpt lat="28.4130490" lon="83.8190010">
    <ele>2086.4</ele>
    <time>2026-06-09T07:34:33Z</time>
    <extensions>
     <gpxtpx:TrackPointExtension>
      <gpxtpx:hr>122</gpxtpx:hr>
      <gpxtpx:cad>62</gpxtpx:cad>
     </gpxtpx:TrackPointExtension>
    </extensions>
   </trkpt>
   <trkpt lat="28.4130550" lon="83.8189960">
    <ele>2086.6</ele>
    <time>2026-06-09T07:34:35Z</time>
    <extensions>
     <gpxtpx:TrackPointExtension>
      <gpxtpx:hr>122</gpxtpx:hr>
      <gpxtpx:cad>60</gpxtpx:cad>
     </gpxtpx:TrackPointExtension>
    </extensions>
   </trkpt>
   <trkpt lat="28.4130610" lon="83.8189880">
    <ele>2087.2</ele>
    <time>2026-06-09T07:34:39Z</time>
    <extensions>
     <gpxtpx:TrackPointExtension>
      <gpxtpx:hr>123</gpxtpx:hr>
      <gpxtpx:cad>60</gpxtpx:cad>
     </gpxtpx:TrackPointExtension>
    </extensions>
   </trkpt>
   <trkpt lat="28.4130670" lon="83.8189820">
    <ele>2087.8</ele>
    <time>2026-06-09T07:34:43Z</time>
    <extensions>
     <gpxtpx:TrackPointExtension>
      <gpxtpx:hr>126</gpxtpx:hr>
      <gpxtpx:cad>60</gpxtpx:cad>
     </gpxtpx:TrackPointExtension>
    </extensions>
   </trkpt>
   <trkpt lat="28.4130750" lon="83.8189650">
    <ele>2088.0</ele>
    <time>2026-06-09T07:34:46Z</time>
    <extensions>
     <gpxtpx:TrackPointExtension>
      <gpxtpx:hr>126</gpxtpx:hr>
      <gpxtpx:cad>47</gpxtpx:cad>
     </gpxtpx:TrackPointExtension>
    </extensions>
   </trkpt>
   <trkpt lat="28.4130800" lon="83.8189460">
    <ele>2088.8</ele>
    <time>2026-06-09T07:34:50Z</time>
    <extensions>
     <gpxtpx:TrackPointExtension>
      <gpxtpx:hr>125</gpxtpx:hr>
      <gpxtpx:cad>0</gpxtpx:cad>
     </gpxtpx:TrackPointExtension>
    </extensions>
   </trkpt>
   <trkpt lat="28.4130790" lon="83.8189470">
    <ele>2089.2</ele>
    <time>2026-06-09T07:34:52Z</time>
    <extensions>
     <gpxtpx:TrackPointExtension>
      <gpxtpx:hr>125</gpxtpx:hr>
      <gpxtpx:cad>45</gpxtpx:cad>
     </gpxtpx:TrackPointExtension>
    </extensions>
   </trkpt>
   <trkpt lat="28.4130810" lon="83.8189420">
    <ele>2090.0</ele>
    <time>2026-06-09T07:34:57Z</time>
    <extensions>
     <gpxtpx:TrackPointExtension>
      <gpxtpx:hr>128</gpxtpx:hr>
      <gpxtpx:cad>46</gpxtpx:cad>
     </gpxtpx:TrackPointExtension>
    </extensions>
   </trkpt>
   <trkpt lat="28.4130840" lon="83.8189370">
    <ele>2090.0</ele>
    <time>2026-06-09T07:34:59Z</time>
    <extensions>
     <gpxtpx:TrackPointExtension>
      <gpxtpx:hr>128</gpxtpx:hr>
      <gpxtpx:cad>0</gpxtpx:cad>
     </gpxtpx:TrackPointExtension>
    </extensions>
   </trkpt>
   <trkpt lat="28.4130960" lon="83.8189130">
    <ele>2091.0</ele>
    <time>2026-06-09T07:35:06Z</time>
    <extensions>
     <gpxtpx:TrackPointExtension>
      <gpxtpx:hr>127</gpxtpx:hr>
      <gpxtpx:cad>48</gpxtpx:cad>
     </gpxtpx:TrackPointExtension>
    </extensions>
   </trkpt>
   <trkpt lat="28.4130960" lon="83.8189090">
    <ele>2091.0</ele>
    <time>2026-06-09T07:35:07Z</time>
    <extensions>
     <gpxtpx:TrackPointExtension>
      <gpxtpx:hr>126</gpxtpx:hr>
      <gpxtpx:cad>48</gpxtpx:cad>
     </gpxtpx:TrackPointExtension>
    </extensions>
   </trkpt>
   <trkpt lat="28.4130960" lon="83.8188920">
    <ele>2092.0</ele>
    <time>2026-06-09T07:35:12Z</time>
    <extensions>
     <gpxtpx:TrackPointExtension>
      <gpxtpx:hr>126</gpxtpx:hr>
      <gpxtpx:cad>0</gpxtpx:cad>
     </gpxtpx:TrackPointExtension>
    </extensions>
   </trkpt>
   <trkpt lat="28.4130980" lon="83.8188830">
    <ele>2092.2</ele>
    <time>2026-06-09T07:35:14Z</time>
    <extensions>
     <gpxtpx:TrackPointExtension>
      <gpxtpx:hr>125</gpxtpx:hr>
      <gpxtpx:cad>0</gpxtpx:cad>
     </gpxtpx:TrackPointExtension>
    </extensions>
   </trkpt>
   <trkpt lat="28.4131030" lon="83.8188580">
    <ele>2092.6</ele>
    <time>2026-06-09T07:35:19Z</time>
    <extensions>
     <gpxtpx:TrackPointExtension>
      <gpxtpx:hr>126</gpxtpx:hr>
      <gpxtpx:cad>0</gpxtpx:cad>
     </gpxtpx:TrackPointExtension>
    </extensions>
   </trkpt>
   <trkpt lat="28.4131050" lon="83.8188540">
    <ele>2093.0</ele>
    <time>2026-06-09T07:35:21Z</time>
    <extensions>
     <gpxtpx:TrackPointExtension>
      <gpxtpx:hr>126</gpxtpx:hr>
      <gpxtpx:cad>0</gpxtpx:cad>
     </gpxtpx:TrackPointExtension>
    </extensions>
   </trkpt>
   <trkpt lat="28.4131080" lon="83.8188370">
    <ele>2093.6</ele>
    <time>2026-06-09T07:35:26Z</time>
    <extensions>
     <gpxtpx:TrackPointExtension>
      <gpxtpx:hr>127</gpxtpx:hr>
      <gpxtpx:cad>57</gpxtpx:cad>
     </gpxtpx:TrackPointExtension>
    </extensions>
   </trkpt>
   <trkpt lat="28.4131100" lon="83.8188210">
    <ele>2094.0</ele>
    <time>2026-06-09T07:35:30Z</time>
    <extensions>
     <gpxtpx:TrackPointExtension>
      <gpxtpx:hr>128</gpxtpx:hr>
      <gpxtpx:cad>0</gpxtpx:cad>
     </gpxtpx:TrackPointExtension>
    </extensions>
   </trkpt>
   <trkpt lat="28.4131120" lon="83.8188120">
    <ele>2094.2</ele>
    <time>2026-06-09T07:35:33Z</time>
    <extensions>
     <gpxtpx:TrackPointExtension>
      <gpxtpx:hr>126</gpxtpx:hr>
      <gpxtpx:cad>0</gpxtpx:cad>
     </gpxtpx:TrackPointExtension>
    </extensions>
   </trkpt>
   <trkpt lat="28.4131090" lon="83.8187900">
    <ele>2094.8</ele>
    <time>2026-06-09T07:35:42Z</time>
    <extensions>
     <gpxtpx:TrackPointExtension>
      <gpxtpx:hr>126</gpxtpx:hr>
      <gpxtpx:cad>0</gpxtpx:cad>
     </gpxtpx:TrackPointExtension>
    </extensions>
   </trkpt>
   <trkpt lat="28.4131120" lon="83.8187830">
    <ele>2095.0</ele>
    <time>2026-06-09T07:35:45Z</time>
    <extensions>
     <gpxtpx:TrackPointExtension>
      <gpxtpx:hr>125</gpxtpx:hr>
      <gpxtpx:cad>0</gpxtpx:cad>
     </gpxtpx:TrackPointExtension>
    </extensions>
   </trkpt>
   <trkpt lat="28.4131190" lon="83.8187740">
    <ele>2095.4</ele>
    <time>2026-06-09T07:35:48Z</time>
    <extensions>
     <gpxtpx:TrackPointExtension>
      <gpxtpx:hr>122</gpxtpx:hr>
      <gpxtpx:cad>51</gpxtpx:cad>
     </gpxtpx:TrackPointExtension>
    </extensions>
   </trkpt>
   <trkpt lat="28.4131300" lon="83.8187640">
    <ele>2096.0</ele>
    <time>2026-06-09T07:35:52Z</time>
    <extensions>
     <gpxtpx:TrackPointExtension>
      <gpxtpx:hr>120</gpxtpx:hr>
      <gpxtpx:cad>52</gpxtpx:cad>
     </gpxtpx:TrackPointExtension>
    </extensions>
   </trkpt>
   <trkpt lat="28.4131410" lon="83.8187510">
    <ele>2096.8</ele>
    <time>2026-06-09T07:35:55Z</time>
    <extensions>
     <gpxtpx:TrackPointExtension>
      <gpxtpx:hr>120</gpxtpx:hr>
      <gpxtpx:cad>55</gpxtpx:cad>
     </gpxtpx:TrackPointExtension>
    </extensions>
   </trkpt>
   <trkpt lat="28.4131420" lon="83.8187480">
    <ele>2097.2</ele>
    <time>2026-06-09T07:35:57Z</time>
    <extensions>
     <gpxtpx:TrackPointExtension>
      <gpxtpx:hr>121</gpxtpx:hr>
      <gpxtpx:cad>59</gpxtpx:cad>
     </gpxtpx:TrackPointExtension>
    </extensions>
   </trkpt>
   <trkpt lat="28.4131420" lon="83.8187430">
    <ele>2098.0</ele>
    <time>2026-06-09T07:36:01Z</time>
    <extensions>
     <gpxtpx:TrackPointExtension>
      <gpxtpx:hr>122</gpxtpx:hr>
      <gpxtpx:cad>58</gpxtpx:cad>
     </gpxtpx:TrackPointExtension>
    </extensions>
   </trkpt>
   <trkpt lat="28.4131430" lon="83.8187420">
    <ele>2098.2</ele>
    <time>2026-06-09T07:36:02Z</time>
    <extensions>
     <gpxtpx:TrackPointExtension>
      <gpxtpx:hr>122</gpxtpx:hr>
      <gpxtpx:cad>58</gpxtpx:cad>
     </gpxtpx:TrackPointExtension>
    </extensions>
   </trkpt>
   <trkpt lat="28.4131620" lon="83.8187640">
    <ele>2099.2</ele>
    <time>2026-06-09T07:36:10Z</time>
    <extensions>
     <gpxtpx:TrackPointExtension>
      <gpxtpx:hr>124</gpxtpx:hr>
      <gpxtpx:cad>63</gpxtpx:cad>
     </gpxtpx:TrackPointExtension>
    </extensions>
   </trkpt>
   <trkpt lat="28.4131610" lon="83.8187680">
    <ele>2099.4</ele>
    <time>2026-06-09T07:36:11Z</time>
    <extensions>
     <gpxtpx:TrackPointExtension>
      <gpxtpx:hr>126</gpxtpx:hr>
      <gpxtpx:cad>62</gpxtpx:cad>
     </gpxtpx:TrackPointExtension>
    </extensions>
   </trkpt>
   <trkpt lat="28.4131600" lon="83.8187830">
    <ele>2100.6</ele>
    <time>2026-06-09T07:36:15Z</time>
    <extensions>
     <gpxtpx:TrackPointExtension>
      <gpxtpx:hr>128</gpxtpx:hr>
      <gpxtpx:cad>62</gpxtpx:cad>
     </gpxtpx:TrackPointExtension>
    </extensions>
   </trkpt>
   <trkpt lat="28.4131650" lon="83.8187900">
    <ele>2101.2</ele>
    <time>2026-06-09T07:36:18Z</time>
    <extensions>
     <gpxtpx:TrackPointExtension>
      <gpxtpx:hr>128</gpxtpx:hr>
      <gpxtpx:cad>56</gpxtpx:cad>
     </gpxtpx:TrackPointExtension>
    </extensions>
   </trkpt>
   <trkpt lat="28.4131790" lon="83.8188040">
    <ele>2101.8</ele>
    <time>2026-06-09T07:36:21Z</time>
    <extensions>
     <gpxtpx:TrackPointExtension>
      <gpxtpx:hr>128</gpxtpx:hr>
      <gpxtpx:cad>56</gpxtpx:cad>
     </gpxtpx:TrackPointExtension>
    </extensions>
   </trkpt>
   <trkpt lat="28.4131970" lon="83.8188260">
    <ele>2102.6</ele>
    <time>2026-06-09T07:36:26Z</time>
    <extensions>
     <gpxtpx:TrackPointExtension>
      <gpxtpx:hr>127</gpxtpx:hr>
      <gpxtpx:cad>54</gpxtpx:cad>
     </gpxtpx:TrackPointExtension>
    </extensions>
   </trkpt>
   <trkpt lat="28.4131970" lon="83.8188280">
    <ele>2102.8</ele>
    <time>2026-06-09T07:36:27Z</time>
    <extensions>
     <gpxtpx:TrackPointExtension>
      <gpxtpx:hr>127</gpxtpx:hr>
      <gpxtpx:cad>54</gpxtpx:cad>
     </gpxtpx:TrackPointExtension>
    </extensions>
   </trkpt>
   <trkpt lat="28.4132070" lon="83.8188390">
    <ele>2104.0</ele>
    <time>2026-06-09T07:36:31Z</time>
    <extensions>
     <gpxtpx:TrackPointExtension>
      <gpxtpx:hr>126</gpxtpx:hr>
      <gpxtpx:cad>57</gpxtpx:cad>
     </gpxtpx:TrackPointExtension>
    </extensions>
   </trkpt>
   <trkpt lat="28.4132080" lon="83.8188320">
    <ele>2105.2</ele>
    <time>2026-06-09T07:36:33Z</time>
    <extensions>
     <gpxtpx:TrackPointExtension>
      <gpxtpx:hr>127</gpxtpx:hr>
      <gpxtpx:cad>57</gpxtpx:cad>
     </gpxtpx:TrackPointExtension>
    </extensions>
   </trkpt>
   <trkpt lat="28.4132090" lon="83.8188270">
    <ele>2106.2</ele>
    <time>2026-06-09T07:36:35Z</time>
    <extensions>
     <gpxtpx:TrackPointExtension>
      <gpxtpx:hr>126</gpxtpx:hr>
      <gpxtpx:cad>0</gpxtpx:cad>
     </gpxtpx:TrackPointExtension>
    </extensions>
   </trkpt>
   <trkpt lat="28.4132150" lon="83.8188370">
    <ele>2105.8</ele>
    <time>2026-06-09T07:36:41Z</time>
    <extensions>
     <gpxtpx:TrackPointExtension>
      <gpxtpx:hr>123</gpxtpx:hr>
      <gpxtpx:cad>0</gpxtpx:cad>
     </gpxtpx:TrackPointExtension>
    </extensions>
   </trkpt>
   <trkpt lat="28.4132170" lon="83.8188460">
    <ele>2105.0</ele>
    <time>2026-06-09T07:36:43Z</time>
    <extensions>
     <gpxtpx:TrackPointExtension>
      <gpxtpx:hr>127</gpxtpx:hr>
      <gpxtpx:cad>0</gpxtpx:cad>
     </gpxtpx:TrackPointExtension>
    </extensions>
   </trkpt>
   <trkpt lat="28.4132190" lon="83.8188550">
    <ele>2104.2</ele>
    <time>2026-06-09T07:36:45Z</time>
    <extensions>
     <gpxtpx:TrackPointExtension>
      <gpxtpx:hr>130</gpxtpx:hr>
      <gpxtpx:cad>0</gpxtpx:cad>
     </gpxtpx:TrackPointExtension>
    </extensions>
   </trkpt>
   <trkpt lat="28.4132190" lon="83.8188560">
    <ele>2104.0</ele>
    <time>2026-06-09T07:36:46Z</time>
    <extensions>
     <gpxtpx:TrackPointExtension>
      <gpxtpx:hr>131</gpxtpx:hr>
      <gpxtpx:cad>0</gpxtpx:cad>
     </gpxtpx:TrackPointExtension>
    </extensions>
   </trkpt>
   <trkpt lat="28.4132180" lon="83.8188570">
    <ele>2104.2</ele>
    <time>2026-06-09T07:36:53Z</time>
    <extensions>
     <gpxtpx:TrackPointExtension>
      <gpxtpx:hr>131</gpxtpx:hr>
      <gpxtpx:cad>0</gpxtpx:cad>
     </gpxtpx:TrackPointExtension>
    </extensions>
   </trkpt>
   <trkpt lat="28.4132170" lon="83.8188560">
    <ele>2104.2</ele>
    <time>2026-06-09T07:36:55Z</time>
    <extensions>
     <gpxtpx:TrackPointExtension>
      <gpxtpx:hr>127</gpxtpx:hr>
      <gpxtpx:cad>0</gpxtpx:cad>
     </gpxtpx:TrackPointExtension>
    </extensions>
   </trkpt>
   <trkpt lat="28.4132160" lon="83.8188550">
    <ele>2104.2</ele>
    <time>2026-06-09T07:36:57Z</time>
    <extensions>
     <gpxtpx:TrackPointExtension>
      <gpxtpx:hr>123</gpxtpx:hr>
      <gpxtpx:cad>0</gpxtpx:cad>
     </gpxtpx:TrackPointExtension>
    </extensions>
   </trkpt>
   <trkpt lat="28.4132130" lon="83.8188450">
    <ele>2104.6</ele>
    <time>2026-06-09T07:37:01Z</time>
    <extensions>
     <gpxtpx:TrackPointExtension>
      <gpxtpx:hr>121</gpxtpx:hr>
      <gpxtpx:cad>0</gpxtpx:cad>
     </gpxtpx:TrackPointExtension>
    </extensions>
   </trkpt>
   <trkpt lat="28.4132120" lon="83.8188440">
    <ele>2105.0</ele>
    <time>2026-06-09T07:37:03Z</time>
    <extensions>
     <gpxtpx:TrackPointExtension>
      <gpxtpx:hr>120</gpxtpx:hr>
      <gpxtpx:cad>0</gpxtpx:cad>
     </gpxtpx:TrackPointExtension>
    </extensions>
   </trkpt>
   <trkpt lat="28.4132090" lon="83.8188490">
    <ele>2104.2</ele>
    <time>2026-06-09T07:37:10Z</time>
    <extensions>
     <gpxtpx:TrackPointExtension>
      <gpxtpx:hr>117</gpxtpx:hr>
      <gpxtpx:cad>0</gpxtpx:cad>
     </gpxtpx:TrackPointExtension>
    </extensions>
   </trkpt>
   <trkpt lat="28.4132090" lon="83.8188500">
    <ele>2104.4</ele>
    <time>2026-06-09T07:37:11Z</time>
    <extensions>
     <gpxtpx:TrackPointExtension>
      <gpxtpx:hr>117</gpxtpx:hr>
      <gpxtpx:cad>0</gpxtpx:cad>
     </gpxtpx:TrackPointExtension>
    </extensions>
   </trkpt>
   <trkpt lat="28.4132100" lon="83.8188520">
    <ele>2104.6</ele>
    <time>2026-06-09T07:37:14Z</time>
    <extensions>
     <gpxtpx:TrackPointExtension>
      <gpxtpx:hr>114</gpxtpx:hr>
      <gpxtpx:cad>0</gpxtpx:cad>
     </gpxtpx:TrackPointExtension>
    </extensions>
   </trkpt>
   <trkpt lat="28.4132100" lon="83.8188520">
    <ele>2104.6</ele>
    <time>2026-06-09T07:37:15Z</time>
    <extensions>
     <gpxtpx:TrackPointExtension>
      <gpxtpx:hr>109</gpxtpx:hr>
      <gpxtpx:cad>0</gpxtpx:cad>
     </gpxtpx:TrackPointExtension>
    </extensions>
   </trkpt>
   <trkpt lat="28.4132100" lon="83.8188520">
    <ele>2104.4</ele>
    <time>2026-06-09T07:37:16Z</time>
    <extensions>
     <gpxtpx:TrackPointExtension>
      <gpxtpx:hr>106</gpxtpx:hr>
      <gpxtpx:cad>0</gpxtpx:cad>
     </gpxtpx:TrackPointExtension>
    </extensions>
   </trkpt>
   <trkpt lat="28.4132090" lon="83.8188520">
    <ele>2104.4</ele>
    <time>2026-06-09T07:37:18Z</time>
    <extensions>
     <gpxtpx:TrackPointExtension>
      <gpxtpx:hr>102</gpxtpx:hr>
      <gpxtpx:cad>0</gpxtpx:cad>
     </gpxtpx:TrackPointExtension>
    </extensions>
   </trkpt>
   <trkpt lat="28.4132090" lon="83.8188520">
    <ele>2104.4</ele>
    <time>2026-06-09T07:37:20Z</time>
    <extensions>
     <gpxtpx:TrackPointExtension>
      <gpxtpx:hr>98</gpxtpx:hr>
      <gpxtpx:cad>0</gpxtpx:cad>
     </gpxtpx:TrackPointExtension>
    </extensions>
   </trkpt>
   <trkpt lat="28.4132090" lon="83.8188530">
    <ele>2104.4</ele>
    <time>2026-06-09T07:37:21Z</time>
    <extensions>
     <gpxtpx:TrackPointExtension>
      <gpxtpx:hr>96</gpxtpx:hr>
      <gpxtpx:cad>0</gpxtpx:cad>
     </gpxtpx:TrackPointExtension>
    </extensions>
   </trkpt>
   <trkpt lat="28.4132090" lon="83.8188540">
    <ele>2104.2</ele>
    <time>2026-06-09T07:37:24Z</time>
    <extensions>
     <gpxtpx:TrackPointExtension>
      <gpxtpx:hr>99</gpxtpx:hr>
      <gpxtpx:cad>0</gpxtpx:cad>
     </gpxtpx:TrackPointExtension>
    </extensions>
   </trkpt>
   <trkpt lat="28.4132200" lon="83.8188460">
    <ele>2104.4</ele>
    <time>2026-06-09T07:37:30Z</time>
    <extensions>
     <gpxtpx:TrackPointExtension>
      <gpxtpx:hr>94</gpxtpx:hr>
      <gpxtpx:cad>0</gpxtpx:cad>
     </gpxtpx:TrackPointExtension>
    </extensions>
   </trkpt>
   <trkpt lat="28.4132210" lon="83.8188410">
    <ele>2104.2</ele>
    <time>2026-06-09T07:37:32Z</time>
    <extensions>
     <gpxtpx:TrackPointExtension>
      <gpxtpx:hr>92</gpxtpx:hr>
      <gpxtpx:cad>0</gpxtpx:cad>
     </gpxtpx:TrackPointExtension>
    </extensions>
   </trkpt>
   <trkpt lat="28.4132150" lon="83.8188190">
    <ele>2105.6</ele>
    <time>2026-06-09T07:37:39Z</time>
    <extensions>
     <gpxtpx:TrackPointExtension>
      <gpxtpx:hr>92</gpxtpx:hr>
      <gpxtpx:cad>50</gpxtpx:cad>
     </gpxtpx:TrackPointExtension>
    </extensions>
   </trkpt>
   <trkpt lat="28.4132180" lon="83.8188170">
    <ele>2105.8</ele>
    <time>2026-06-09T07:37:40Z</time>
    <extensions>
     <gpxtpx:TrackPointExtension>
      <gpxtpx:hr>95</gpxtpx:hr>
      <gpxtpx:cad>50</gpxtpx:cad>
     </gpxtpx:TrackPointExtension>
    </extensions>
   </trkpt>
   <trkpt lat="28.4132210" lon="83.8188150">
    <ele>2106.0</ele>
    <time>2026-06-09T07:37:41Z</time>
    <extensions>
     <gpxtpx:TrackPointExtension>
      <gpxtpx:hr>97</gpxtpx:hr>
      <gpxtpx:cad>50</gpxtpx:cad>
     </gpxtpx:TrackPointExtension>
    </extensions>
   </trkpt>
   <trkpt lat="28.4132220" lon="83.8188130">
    <ele>2106.2</ele>
    <time>2026-06-09T07:37:42Z</time>
    <extensions>
     <gpxtpx:TrackPointExtension>
      <gpxtpx:hr>101</gpxtpx:hr>
      <gpxtpx:cad>52</gpxtpx:cad>
     </gpxtpx:TrackPointExtension>
    </extensions>
   </trkpt>
   <trkpt lat="28.4132250" lon="83.8188100">
    <ele>2106.4</ele>
    <time>2026-06-09T07:37:43Z</time>
    <extensions>
     <gpxtpx:TrackPointExtension>
      <gpxtpx:hr>101</gpxtpx:hr>
      <gpxtpx:cad>52</gpxtpx:cad>
     </gpxtpx:TrackPointExtension>
    </extensions>
   </trkpt>
   <trkpt lat="28.4132290" lon="83.8188040">
    <ele>2107.0</ele>
    <time>2026-06-09T07:37:45Z</time>
    <extensions>
     <gpxtpx:TrackPointExtension>
      <gpxtpx:hr>102</gpxtpx:hr>
      <gpxtpx:cad>52</gpxtpx:cad>
     </gpxtpx:TrackPointExtension>
    </extensions>
   </trkpt>
   <trkpt lat="28.4132320" lon="83.8187980">
    <ele>2107.2</ele>
    <time>2026-06-09T07:37:46Z</time>
    <extensions>
     <gpxtpx:TrackPointExtension>
      <gpxtpx:hr>102</gpxtpx:hr>
      <gpxtpx:cad>52</gpxtpx:cad>
     </gpxtpx:TrackPointExtension>
    </extensions>
   </trkpt>
   <trkpt lat="28.4132360" lon="83.8187790">
    <ele>2108.2</ele>
    <time>2026-06-09T07:37:50Z</time>
    <extensions>
     <gpxtpx:TrackPointExtension>
      <gpxtpx:hr>103</gpxtpx:hr>
      <gpxtpx:cad>55</gpxtpx:cad>
     </gpxtpx:TrackPointExtension>
    </extensions>
   </trkpt>
   <trkpt lat="28.4132400" lon="83.8187650">
    <ele>2108.8</ele>
    <time>2026-06-09T07:37:52Z</time>
    <extensions>
     <gpxtpx:TrackPointExtension>
      <gpxtpx:hr>100</gpxtpx:hr>
      <gpxtpx:cad>0</gpxtpx:cad>
     </gpxtpx:TrackPointExtension>
    </extensions>
   </trkpt>
   <trkpt lat="28.4132460" lon="83.8187520">
    <ele>2109.0</ele>
    <time>2026-06-09T07:37:54Z</time>
    <extensions>
     <gpxtpx:TrackPointExtension>
      <gpxtpx:hr>97</gpxtpx:hr>
      <gpxtpx:cad>0</gpxtpx:cad>
     </gpxtpx:TrackPointExtension>
    </extensions>
   </trkpt>
   <trkpt lat="28.4132520" lon="83.8187410">
    <ele>2109.0</ele>
    <time>2026-06-09T07:37:56Z</time>
    <extensions>
     <gpxtpx:TrackPointExtension>
      <gpxtpx:hr>97</gpxtpx:hr>
      <gpxtpx:cad>0</gpxtpx:cad>
     </gpxtpx:TrackPointExtension>
    </extensions>
   </trkpt>
   <trkpt lat="28.4132560" lon="83.8187200">
    <ele>2109.2</ele>
    <time>2026-06-09T07:38:00Z</time>
    <extensions>
     <gpxtpx:TrackPointExtension>
      <gpxtpx:hr>94</gpxtpx:hr>
      <gpxtpx:cad>65</gpxtpx:cad>
     </gpxtpx:TrackPointExtension>
    </extensions>
   </trkpt>
   <trkpt lat="28.4132570" lon="83.8187160">
    <ele>2109.4</ele>
    <time>2026-06-09T07:38:01Z</time>
    <extensions>
     <gpxtpx:TrackPointExtension>
      <gpxtpx:hr>94</gpxtpx:hr>
      <gpxtpx:cad>0</gpxtpx:cad>
     </gpxtpx:TrackPointExtension>
    </extensions>
   </trkpt>
   <trkpt lat="28.4132590" lon="83.8186870">
    <ele>2110.2</ele>
    <time>2026-06-09T07:38:08Z</time>
    <extensions>
     <gpxtpx:TrackPointExtension>
      <gpxtpx:hr>107</gpxtpx:hr>
      <gpxtpx:cad>61</gpxtpx:cad>
     </gpxtpx:TrackPointExtension>
    </extensions>
   </trkpt>
   <trkpt lat="28.4132610" lon="83.8186830">
    <ele>2110.2</ele>
    <time>2026-06-09T07:38:09Z</time>
    <extensions>
     <gpxtpx:TrackPointExtension>
      <gpxtpx:hr>114</gpxtpx:hr>
      <gpxtpx:cad>61</gpxtpx:cad>
     </gpxtpx:TrackPointExtension>
    </extensions>
   </trkpt>
   <trkpt lat="28.4132710" lon="83.8186650">
    <ele>2110.4</ele>
    <time>2026-06-09T07:38:12Z</time>
    <extensions>
     <gpxtpx:TrackPointExtension>
      <gpxtpx:hr>115</gpxtpx:hr>
      <gpxtpx:cad>62</gpxtpx:cad>
     </gpxtpx:TrackPointExtension>
    </extensions>
   </trkpt>
   <trkpt lat="28.4132770" lon="83.8186520">
    <ele>2111.0</ele>
    <time>2026-06-09T07:38:15Z</time>
    <extensions>
     <gpxtpx:TrackPointExtension>
      <gpxtpx:hr>114</gpxtpx:hr>
      <gpxtpx:cad>70</gpxtpx:cad>
     </gpxtpx:TrackPointExtension>
    </extensions>
   </trkpt>
   <trkpt lat="28.4132840" lon="83.8186400">
    <ele>2111.4</ele>
    <time>2026-06-09T07:38:18Z</time>
    <extensions>
     <gpxtpx:TrackPointExtension>
      <gpxtpx:hr>115</gpxtpx:hr>
      <gpxtpx:cad>76</gpxtpx:cad>
     </gpxtpx:TrackPointExtension>
    </extensions>
   </trkpt>
   <trkpt lat="28.4132890" lon="83.8186400">
    <ele>2111.8</ele>
    <time>2026-06-09T07:38:22Z</time>
    <extensions>
     <gpxtpx:TrackPointExtension>
      <gpxtpx:hr>116</gpxtpx:hr>
      <gpxtpx:cad>41</gpxtpx:cad>
     </gpxtpx:TrackPointExtension>
    </extensions>
   </trkpt>
   <trkpt lat="28.4132920" lon="83.8186380">
    <ele>2112.2</ele>
    <time>2026-06-09T07:38:27Z</time>
    <extensions>
     <gpxtpx:TrackPointExtension>
      <gpxtpx:hr>119</gpxtpx:hr>
      <gpxtpx:cad>0</gpxtpx:cad>
     </gpxtpx:TrackPointExtension>
    </extensions>
   </trkpt>
   <trkpt lat="28.4132930" lon="83.8186340">
    <ele>2112.2</ele>
    <time>2026-06-09T07:38:30Z</time>
    <extensions>
     <gpxtpx:TrackPointExtension>
      <gpxtpx:hr>119</gpxtpx:hr>
      <gpxtpx:cad>0</gpxtpx:cad>
     </gpxtpx:TrackPointExtension>
    </extensions>
   </trkpt>
   <trkpt lat="28.4132830" lon="83.8186350">
    <ele>2112.4</ele>
    <time>2026-06-09T07:38:36Z</time>
    <extensions>
     <gpxtpx:TrackPointExtension>
      <gpxtpx:hr>116</gpxtpx:hr>
      <gpxtpx:cad>0</gpxtpx:cad>
     </gpxtpx:TrackPointExtension>
    </extensions>
   </trkpt>
   <trkpt lat="28.4132810" lon="83.8186330">
    <ele>2112.2</ele>
    <time>2026-06-09T07:38:40Z</time>
    <extensions>
     <gpxtpx:TrackPointExtension>
      <gpxtpx:hr>114</gpxtpx:hr>
      <gpxtpx:cad>0</gpxtpx:cad>
     </gpxtpx:TrackPointExtension>
    </extensions>
   </trkpt>
   <trkpt lat="28.4132760" lon="83.8186430">
    <ele>2112.2</ele>
    <time>2026-06-09T07:38:45Z</time>
    <extensions>
     <gpxtpx:TrackPointExtension>
      <gpxtpx:hr>111</gpxtpx:hr>
      <gpxtpx:cad>0</gpxtpx:cad>
     </gpxtpx:TrackPointExtension>
    </extensions>
   </trkpt>
   <trkpt lat="28.4132720" lon="83.8186490">
    <ele>2112.2</ele>
    <time>2026-06-09T07:38:49Z</time>
    <extensions>
     <gpxtpx:TrackPointExtension>
      <gpxtpx:hr>108</gpxtpx:hr>
      <gpxtpx:cad>0</gpxtpx:cad>
     </gpxtpx:TrackPointExtension>
    </extensions>
   </trkpt>
   <trkpt lat="28.4132710" lon="83.8186520">
    <ele>2112.0</ele>
    <time>2026-06-09T07:38:54Z</time>
    <extensions>
     <gpxtpx:TrackPointExtension>
      <gpxtpx:hr>106</gpxtpx:hr>
      <gpxtpx:cad>0</gpxtpx:cad>
     </gpxtpx:TrackPointExtension>
    </extensions>
   </trkpt>
   <trkpt lat="28.4132670" lon="83.8186650">
    <ele>2112.0</ele>
    <time>2026-06-09T07:39:10Z</time>
    <extensions>
     <gpxtpx:TrackPointExtension>
      <gpxtpx:hr>102</gpxtpx:hr>
      <gpxtpx:cad>0</gpxtpx:cad>
     </gpxtpx:TrackPointExtension>
    </extensions>
   </trkpt>
   <trkpt lat="28.4132670" lon="83.8186650">
    <ele>2112.0</ele>
    <time>2026-06-09T07:39:11Z</time>
    <extensions>
     <gpxtpx:TrackPointExtension>
      <gpxtpx:hr>99</gpxtpx:hr>
      <gpxtpx:cad>0</gpxtpx:cad>
     </gpxtpx:TrackPointExtension>
    </extensions>
   </trkpt>
   <trkpt lat="28.4132670" lon="83.8186670">
    <ele>2112.2</ele>
    <time>2026-06-09T07:39:14Z</time>
    <extensions>
     <gpxtpx:TrackPointExtension>
      <gpxtpx:hr>96</gpxtpx:hr>
      <gpxtpx:cad>0</gpxtpx:cad>
     </gpxtpx:TrackPointExtension>
    </extensions>
   </trkpt>
   <trkpt lat="28.4132710" lon="83.8186670">
    <ele>2112.2</ele>
    <time>2026-06-09T07:39:19Z</time>
    <extensions>
     <gpxtpx:TrackPointExtension>
      <gpxtpx:hr>93</gpxtpx:hr>
      <gpxtpx:cad>0</gpxtpx:cad>
     </gpxtpx:TrackPointExtension>
    </extensions>
   </trkpt>
   <trkpt lat="28.4132750" lon="83.8186670">
    <ele>2112.6</ele>
    <time>2026-06-09T07:39:21Z</time>
    <extensions>
     <gpxtpx:TrackPointExtension>
      <gpxtpx:hr>93</gpxtpx:hr>
      <gpxtpx:cad>0</gpxtpx:cad>
     </gpxtpx:TrackPointExtension>
    </extensions>
   </trkpt>
   <trkpt lat="28.4132810" lon="83.8186690">
    <ele>2113.0</ele>
    <time>2026-06-09T07:39:23Z</time>
    <extensions>
     <gpxtpx:TrackPointExtension>
      <gpxtpx:hr>89</gpxtpx:hr>
      <gpxtpx:cad>57</gpxtpx:cad>
     </gpxtpx:TrackPointExtension>
    </extensions>
   </trkpt>
   <trkpt lat="28.4132930" lon="83.8186890">
    <ele>2113.6</ele>
    <time>2026-06-09T07:39:27Z</time>
    <extensions>
     <gpxtpx:TrackPointExtension>
      <gpxtpx:hr>88</gpxtpx:hr>
      <gpxtpx:cad>57</gpxtpx:cad>
     </gpxtpx:TrackPointExtension>
    </extensions>
   </trkpt>
   <trkpt lat="28.4132940" lon="83.8186910">
    <ele>2113.8</ele>
    <time>2026-06-09T07:39:28Z</time>
    <extensions>
     <gpxtpx:TrackPointExtension>
      <gpxtpx:hr>87</gpxtpx:hr>
      <gpxtpx:cad>0</gpxtpx:cad>
     </gpxtpx:TrackPointExtension>
    </extensions>
   </trkpt>
   <trkpt lat="28.4132940" lon="83.8186900">
    <ele>2114.4</ele>
    <time>2026-06-09T07:39:30Z</time>
    <extensions>
     <gpxtpx:TrackPointExtension>
      <gpxtpx:hr>90</gpxtpx:hr>
      <gpxtpx:cad>0</gpxtpx:cad>
     </gpxtpx:TrackPointExtension>
    </extensions>
   </trkpt>
   <trkpt lat="28.4132930" lon="83.8186920">
    <ele>2114.6</ele>
    <time>2026-06-09T07:39:31Z</time>
    <extensions>
     <gpxtpx:TrackPointExtension>
      <gpxtpx:hr>91</gpxtpx:hr>
      <gpxtpx:cad>0</gpxtpx:cad>
     </gpxtpx:TrackPointExtension>
    </extensions>
   </trkpt>
   <trkpt lat="28.4132900" lon="83.8186980">
    <ele>2115.2</ele>
    <time>2026-06-09T07:39:33Z</time>
    <extensions>
     <gpxtpx:TrackPointExtension>
      <gpxtpx:hr>93</gpxtpx:hr>
      <gpxtpx:cad>0</gpxtpx:cad>
     </gpxtpx:TrackPointExtension>
    </extensions>
   </trkpt>
   <trkpt lat="28.4132900" lon="83.8187030">
    <ele>2115.2</ele>
    <time>2026-06-09T07:39:34Z</time>
    <extensions>
     <gpxtpx:TrackPointExtension>
      <gpxtpx:hr>96</gpxtpx:hr>
      <gpxtpx:cad>0</gpxtpx:cad>
     </gpxtpx:TrackPointExtension>
    </extensions>
   </trkpt>
   <trkpt lat="28.4132910" lon="83.8187060">
    <ele>2115.0</ele>
    <time>2026-06-09T07:39:35Z</time>
    <extensions>
     <gpxtpx:TrackPointExtension>
      <gpxtpx:hr>99</gpxtpx:hr>
      <gpxtpx:cad>0</gpxtpx:cad>
     </gpxtpx:TrackPointExtension>
    </extensions>
   </trkpt>
   <trkpt lat="28.4132940" lon="83.8187250">
    <ele>2114.6</ele>
    <time>2026-06-09T07:39:39Z</time>
    <extensions>
     <gpxtpx:TrackPointExtension>
      <gpxtpx:hr>100</gpxtpx:hr>
      <gpxtpx:cad>61</gpxtpx:cad>
     </gpxtpx:TrackPointExtension>
    </extensions>
   </trkpt>
   <trkpt lat="28.4133090" lon="83.8187290">
    <ele>2115.6</ele>
    <time>2026-06-09T07:39:44Z</time>
    <extensions>
     <gpxtpx:TrackPointExtension>
      <gpxtpx:hr>103</gpxtpx:hr>
      <gpxtpx:cad>0</gpxtpx:cad>
     </gpxtpx:TrackPointExtension>
    </extensions>
   </trkpt>
   <trkpt lat="28.4133130" lon="83.8187260">
    <ele>2115.8</ele>
    <time>2026-06-09T07:39:45Z</time>
    <extensions>
     <gpxtpx:TrackPointExtension>
      <gpxtpx:hr>106</gpxtpx:hr>
      <gpxtpx:cad>0</gpxtpx:cad>
     </gpxtpx:TrackPointExtension>
    </extensions>
   </trkpt>
   <trkpt lat="28.4133160" lon="83.8187220">
    <ele>2115.8</ele>
    <time>2026-06-09T07:39:46Z</time>
    <extensions>
     <gpxtpx:TrackPointExtension>
      <gpxtpx:hr>108</gpxtpx:hr>
      <gpxtpx:cad>0</gpxtpx:cad>
     </gpxtpx:TrackPointExtension>
    </extensions>
   </trkpt>
   <trkpt lat="28.4133220" lon="83.8186950">
    <ele>2116.6</ele>
    <time>2026-06-09T07:39:52Z</time>
    <extensions>
     <gpxtpx:TrackPointExtension>
      <gpxtpx:hr>108</gpxtpx:hr>
      <gpxtpx:cad>43</gpxtpx:cad>
     </gpxtpx:TrackPointExtension>
    </extensions>
   </trkpt>
   <trkpt lat="28.4133280" lon="83.8186810">
    <ele>2116.8</ele>
    <time>2026-06-09T07:39:55Z</time>
    <extensions>
     <gpxtpx:TrackPointExtension>
      <gpxtpx:hr>108</gpxtpx:hr>
      <gpxtpx:cad>77</gpxtpx:cad>
     </gpxtpx:TrackPointExtension>
    </extensions>
   </trkpt>
   <trkpt lat="28.4133440" lon="83.8186650">
    <ele>2117.6</ele>
    <time>2026-06-09T07:40:02Z</time>
    <extensions>
     <gpxtpx:TrackPointExtension>
      <gpxtpx:hr>111</gpxtpx:hr>
      <gpxtpx:cad>59</gpxtpx:cad>
     </gpxtpx:TrackPointExtension>
    </extensions>
   </trkpt>
   <trkpt lat="28.4133480" lon="83.8186640">
    <ele>2117.8</ele>
    <time>2026-06-09T07:40:04Z</time>
    <extensions>
     <gpxtpx:TrackPointExtension>
      <gpxtpx:hr>114</gpxtpx:hr>
      <gpxtpx:cad>0</gpxtpx:cad>
     </gpxtpx:TrackPointExtension>
    </extensions>
   </trkpt>
   <trkpt lat="28.4133500" lon="83.8186620">
    <ele>2118.0</ele>
    <time>2026-06-09T07:40:05Z</time>
    <extensions>
     <gpxtpx:TrackPointExtension>
      <gpxtpx:hr>114</gpxtpx:hr>
      <gpxtpx:cad>0</gpxtpx:cad>
     </gpxtpx:TrackPointExtension>
    </extensions>
   </trkpt>
   <trkpt lat="28.4133530" lon="83.8186530">
    <ele>2118.0</ele>
    <time>2026-06-09T07:40:11Z</time>
    <extensions>
     <gpxtpx:TrackPointExtension>
      <gpxtpx:hr>115</gpxtpx:hr>
      <gpxtpx:cad>0</gpxtpx:cad>
     </gpxtpx:TrackPointExtension>
    </extensions>
   </trkpt>
   <trkpt lat="28.4133600" lon="83.8186420">
    <ele>2118.4</ele>
    <time>2026-06-09T07:40:17Z</time>
    <extensions>
     <gpxtpx:TrackPointExtension>
      <gpxtpx:hr>116</gpxtpx:hr>
      <gpxtpx:cad>0</gpxtpx:cad>
     </gpxtpx:TrackPointExtension>
    </extensions>
   </trkpt>
   <trkpt lat="28.4133670" lon="83.8186290">
    <ele>2119.0</ele>
    <time>2026-06-09T07:40:22Z</time>
    <extensions>
     <gpxtpx:TrackPointExtension>
      <gpxtpx:hr>116</gpxtpx:hr>
      <gpxtpx:cad>51</gpxtpx:cad>
     </gpxtpx:TrackPointExtension>
    </extensions>
   </trkpt>
   <trkpt lat="28.4133730" lon="83.8186260">
    <ele>2119.0</ele>
    <time>2026-06-09T07:40:23Z</time>
    <extensions>
     <gpxtpx:TrackPointExtension>
      <gpxtpx:hr>116</gpxtpx:hr>
      <gpxtpx:cad>51</gpxtpx:cad>
     </gpxtpx:TrackPointExtension>
    </extensions>
   </trkpt>
   <trkpt lat="28.4133870" lon="83.8185970">
    <ele>2119.8</ele>
    <time>2026-06-09T07:40:28Z</time>
    <extensions>
     <gpxtpx:TrackPointExtension>
      <gpxtpx:hr>116</gpxtpx:hr>
      <gpxtpx:cad>0</gpxtpx:cad>
     </gpxtpx:TrackPointExtension>
    </extensions>
   </trkpt>
   <trkpt lat="28.4133950" lon="83.8185840">
    <ele>2120.0</ele>
    <time>2026-06-09T07:40:30Z</time>
    <extensions>
     <gpxtpx:TrackPointExtension>
      <gpxtpx:hr>117</gpxtpx:hr>
      <gpxtpx:cad>0</gpxtpx:cad>
     </gpxtpx:TrackPointExtension>
    </extensions>
   </trkpt>
   <trkpt lat="28.4134110" lon="83.8185580">
    <ele>2120.2</ele>
    <time>2026-06-09T07:40:34Z</time>
    <extensions>
     <gpxtpx:TrackPointExtension>
      <gpxtpx:hr>118</gpxtpx:hr>
      <gpxtpx:cad>0</gpxtpx:cad>
     </gpxtpx:TrackPointExtension>
    </extensions>
   </trkpt>
   <trkpt lat="28.4134230" lon="83.8185240">
    <ele>2121.0</ele>
    <time>2026-06-09T07:40:39Z</time>
    <extensions>
     <gpxtpx:TrackPointExtension>
      <gpxtpx:hr>118</gpxtpx:hr>
      <gpxtpx:cad>0</gpxtpx:cad>
     </gpxtpx:TrackPointExtension>
    </extensions>
   </trkpt>
   <trkpt lat="28.4134250" lon="83.8185190">
    <ele>2121.0</ele>
    <time>2026-06-09T07:40:40Z</time>
    <extensions>
     <gpxtpx:TrackPointExtension>
      <gpxtpx:hr>118</gpxtpx:hr>
      <gpxtpx:cad>65</gpxtpx:cad>
     </gpxtpx:TrackPointExtension>
    </extensions>
   </trkpt>
   <trkpt lat="28.4134330" lon="83.8185100">
    <ele>2122.0</ele>
    <time>2026-06-09T07:40:47Z</time>
    <extensions>
     <gpxtpx:TrackPointExtension>
      <gpxtpx:hr>118</gpxtpx:hr>
      <gpxtpx:cad>0</gpxtpx:cad>
     </gpxtpx:TrackPointExtension>
    </extensions>
   </trkpt>
   <trkpt lat="28.4134320" lon="83.8185150">
    <ele>2122.2</ele>
    <time>2026-06-09T07:40:48Z</time>
    <extensions>
     <gpxtpx:TrackPointExtension>
      <gpxtpx:hr>118</gpxtpx:hr>
      <gpxtpx:cad>0</gpxtpx:cad>
     </gpxtpx:TrackPointExtension>
    </extensions>
   </trkpt>
   <trkpt lat="28.4134360" lon="83.8185290">
    <ele>2122.4</ele>
    <time>2026-06-09T07:40:56Z</time>
    <extensions>
     <gpxtpx:TrackPointExtension>
      <gpxtpx:hr>119</gpxtpx:hr>
      <gpxtpx:cad>51</gpxtpx:cad>
     </gpxtpx:TrackPointExtension>
    </extensions>
   </trkpt>
   <trkpt lat="28.4134350" lon="83.8185320">
    <ele>2123.2</ele>
    <time>2026-06-09T07:40:59Z</time>
    <extensions>
     <gpxtpx:TrackPointExtension>
      <gpxtpx:hr>118</gpxtpx:hr>
      <gpxtpx:cad>0</gpxtpx:cad>
     </gpxtpx:TrackPointExtension>
    </extensions>
   </trkpt>
   <trkpt lat="28.4134330" lon="83.8185470">
    <ele>2123.8</ele>
    <time>2026-06-09T07:41:03Z</time>
    <extensions>
     <gpxtpx:TrackPointExtension>
      <gpxtpx:hr>119</gpxtpx:hr>
      <gpxtpx:cad>0</gpxtpx:cad>
     </gpxtpx:TrackPointExtension>
    </extensions>
   </trkpt>
   <trkpt lat="28.4134360" lon="83.8185630">
    <ele>2124.2</ele>
    <time>2026-06-09T07:41:06Z</time>
    <extensions>
     <gpxtpx:TrackPointExtension>
      <gpxtpx:hr>120</gpxtpx:hr>
      <gpxtpx:cad>0</gpxtpx:cad>
     </gpxtpx:TrackPointExtension>
    </extensions>
   </trkpt>
   <trkpt lat="28.4134440" lon="83.8185850">
    <ele>2124.8</ele>
    <time>2026-06-09T07:41:10Z</time>
    <extensions>
     <gpxtpx:TrackPointExtension>
      <gpxtpx:hr>120</gpxtpx:hr>
      <gpxtpx:cad>0</gpxtpx:cad>
     </gpxtpx:TrackPointExtension>
    </extensions>
   </trkpt>
   <trkpt lat="28.4134430" lon="83.8186060">
    <ele>2125.4</ele>
    <time>2026-06-09T07:41:13Z</time>
    <extensions>
     <gpxtpx:TrackPointExtension>
      <gpxtpx:hr>120</gpxtpx:hr>
      <gpxtpx:cad>62</gpxtpx:cad>
     </gpxtpx:TrackPointExtension>
    </extensions>
   </trkpt>
   <trkpt lat="28.4134360" lon="83.8186310">
    <ele>2126.0</ele>
    <time>2026-06-09T07:41:18Z</time>
    <extensions>
     <gpxtpx:TrackPointExtension>
      <gpxtpx:hr>121</gpxtpx:hr>
      <gpxtpx:cad>0</gpxtpx:cad>
     </gpxtpx:TrackPointExtension>
    </extensions>
   </trkpt>
   <trkpt lat="28.4134360" lon="83.8186400">
    <ele>2126.4</ele>
    <time>2026-06-09T07:41:20Z</time>
    <extensions>
     <gpxtpx:TrackPointExtension>
      <gpxtpx:hr>123</gpxtpx:hr>
      <gpxtpx:cad>0</gpxtpx:cad>
     </gpxtpx:TrackPointExtension>
    </extensions>
   </trkpt>
   <trkpt lat="28.4134380" lon="83.8186660">
    <ele>2127.2</ele>
    <time>2026-06-09T07:41:26Z</time>
    <extensions>
     <gpxtpx:TrackPointExtension>
      <gpxtpx:hr>123</gpxtpx:hr>
      <gpxtpx:cad>0</gpxtpx:cad>
     </gpxtpx:TrackPointExtension>
    </extensions>
   </trkpt>
   <trkpt lat="28.4134380" lon="83.8186650">
    <ele>2127.6</ele>
    <time>2026-06-09T07:41:28Z</time>
    <extensions>
     <gpxtpx:TrackPointExtension>
      <gpxtpx:hr>123</gpxtpx:hr>
      <gpxtpx:cad>0</gpxtpx:cad>
     </gpxtpx:TrackPointExtension>
    </extensions>
   </trkpt>
   <trkpt lat="28.4134470" lon="83.8186620">
    <ele>2127.6</ele>
    <time>2026-06-09T07:41:33Z</time>
    <extensions>
     <gpxtpx:TrackPointExtension>
      <gpxtpx:hr>121</gpxtpx:hr>
      <gpxtpx:cad>0</gpxtpx:cad>
     </gpxtpx:TrackPointExtension>
    </extensions>
   </trkpt>
   <trkpt lat="28.4134480" lon="83.8186680">
    <ele>2127.4</ele>
    <time>2026-06-09T07:41:46Z</time>
    <extensions>
     <gpxtpx:TrackPointExtension>
      <gpxtpx:hr>118</gpxtpx:hr>
      <gpxtpx:cad>0</gpxtpx:cad>
     </gpxtpx:TrackPointExtension>
    </extensions>
   </trkpt>
   <trkpt lat="28.4134570" lon="83.8186810">
    <ele>2127.2</ele>
    <time>2026-06-09T07:41:49Z</time>
    <extensions>
     <gpxtpx:TrackPointExtension>
      <gpxtpx:hr>115</gpxtpx:hr>
      <gpxtpx:cad>0</gpxtpx:cad>
     </gpxtpx:TrackPointExtension>
    </extensions>
   </trkpt>
   <trkpt lat="28.4134620" lon="83.8186800">
    <ele>2127.4</ele>
    <time>2026-06-09T07:41:52Z</time>
    <extensions>
     <gpxtpx:TrackPointExtension>
      <gpxtpx:hr>113</gpxtpx:hr>
      <gpxtpx:cad>0</gpxtpx:cad>
     </gpxtpx:TrackPointExtension>
    </extensions>
   </trkpt>
   <trkpt lat="28.4134650" lon="83.8186790">
    <ele>2127.4</ele>
    <time>2026-06-09T07:41:54Z</time>
    <extensions>
     <gpxtpx:TrackPointExtension>
      <gpxtpx:hr>110</gpxtpx:hr>
      <gpxtpx:cad>0</gpxtpx:cad>
     </gpxtpx:TrackPointExtension>
    </extensions>
   </trkpt>
   <trkpt lat="28.4134630" lon="83.8186780">
    <ele>2127.0</ele>
    <time>2026-06-09T07:42:01Z</time>
    <extensions>
     <gpxtpx:TrackPointExtension>
      <gpxtpx:hr>106</gpxtpx:hr>
      <gpxtpx:cad>0</gpxtpx:cad>
     </gpxtpx:TrackPointExtension>
    </extensions>
   </trkpt>
   <trkpt lat="28.4134630" lon="83.8186770">
    <ele>2127.0</ele>
    <time>2026-06-09T07:42:03Z</time>
    <extensions>
     <gpxtpx:TrackPointExtension>
      <gpxtpx:hr>103</gpxtpx:hr>
      <gpxtpx:cad>0</gpxtpx:cad>
     </gpxtpx:TrackPointExtension>
    </extensions>
   </trkpt>
   <trkpt lat="28.4134610" lon="83.8186680">
    <ele>2127.0</ele>
    <time>2026-06-09T07:42:06Z</time>
    <extensions>
     <gpxtpx:TrackPointExtension>
      <gpxtpx:hr>102</gpxtpx:hr>
      <gpxtpx:cad>0</gpxtpx:cad>
     </gpxtpx:TrackPointExtension>
    </extensions>
   </trkpt>
   <trkpt lat="28.4134480" lon="83.8186200">
    <ele>2126.6</ele>
    <time>2026-06-09T07:42:13Z</time>
    <extensions>
     <gpxtpx:TrackPointExtension>
      <gpxtpx:hr>104</gpxtpx:hr>
      <gpxtpx:cad>0</gpxtpx:cad>
     </gpxtpx:TrackPointExtension>
    </extensions>
   </trkpt>
   <trkpt lat="28.4134430" lon="83.8186070">
    <ele>2125.4</ele>
    <time>2026-06-09T07:42:18Z</time>
    <extensions>
     <gpxtpx:TrackPointExtension>
      <gpxtpx:hr>101</gpxtpx:hr>
      <gpxtpx:cad>0</gpxtpx:cad>
     </gpxtpx:TrackPointExtension>
    </extensions>
   </trkpt>
   <trkpt lat="28.4134430" lon="83.8186130">
    <ele>2125.8</ele>
    <time>2026-06-09T07:42:21Z</time>
    <extensions>
     <gpxtpx:TrackPointExtension>
      <gpxtpx:hr>98</gpxtpx:hr>
      <gpxtpx:cad>0</gpxtpx:cad>
     </gpxtpx:TrackPointExtension>
    </extensions>
   </trkpt>
   <trkpt lat="28.4134480" lon="83.8186190">
    <ele>2126.6</ele>
    <time>2026-06-09T07:42:23Z</time>
    <extensions>
     <gpxtpx:TrackPointExtension>
      <gpxtpx:hr>94</gpxtpx:hr>
      <gpxtpx:cad>0</gpxtpx:cad>
     </gpxtpx:TrackPointExtension>
    </extensions>
   </trkpt>
   <trkpt lat="28.4134670" lon="83.8186120">
    <ele>2125.4</ele>
    <time>2026-06-09T07:42:31Z</time>
    <extensions>
     <gpxtpx:TrackPointExtension>
      <gpxtpx:hr>94</gpxtpx:hr>
      <gpxtpx:cad>0</gpxtpx:cad>
     </gpxtpx:TrackPointExtension>
    </extensions>
   </trkpt>
   <trkpt lat="28.4134670" lon="83.8186110">
    <ele>2125.4</ele>
    <time>2026-06-09T07:42:32Z</time>
    <extensions>
     <gpxtpx:TrackPointExtension>
      <gpxtpx:hr>95</gpxtpx:hr>
      <gpxtpx:cad>0</gpxtpx:cad>
     </gpxtpx:TrackPointExtension>
    </extensions>
   </trkpt>
   <trkpt lat="28.4134630" lon="83.8186090">
    <ele>2125.4</ele>
    <time>2026-06-09T07:42:37Z</time>
    <extensions>
     <gpxtpx:TrackPointExtension>
      <gpxtpx:hr>98</gpxtpx:hr>
      <gpxtpx:cad>0</gpxtpx:cad>
     </gpxtpx:TrackPointExtension>
    </extensions>
   </trkpt>
   <trkpt lat="28.4134500" lon="83.8186070">
    <ele>2125.4</ele>
    <time>2026-06-09T07:42:48Z</time>
    <extensions>
     <gpxtpx:TrackPointExtension>
      <gpxtpx:hr>96</gpxtpx:hr>
      <gpxtpx:cad>0</gpxtpx:cad>
     </gpxtpx:TrackPointExtension>
    </extensions>
   </trkpt>
   <trkpt lat="28.4134460" lon="83.8186060">
    <ele>2125.4</ele>
    <time>2026-06-09T07:42:55Z</time>
    <extensions>
     <gpxtpx:TrackPointExtension>
      <gpxtpx:hr>93</gpxtpx:hr>
      <gpxtpx:cad>0</gpxtpx:cad>
     </gpxtpx:TrackPointExtension>
    </extensions>
   </trkpt>
   <trkpt lat="28.4134410" lon="83.8185920">
    <ele>2125.2</ele>
    <time>2026-06-09T07:42:58Z</time>
    <extensions>
     <gpxtpx:TrackPointExtension>
      <gpxtpx:hr>90</gpxtpx:hr>
      <gpxtpx:cad>0</gpxtpx:cad>
     </gpxtpx:TrackPointExtension>
    </extensions>
   </trkpt>
   <trkpt lat="28.4134360" lon="83.8185760">
    <ele>2124.8</ele>
    <time>2026-06-09T07:43:00Z</time>
    <extensions>
     <gpxtpx:TrackPointExtension>
      <gpxtpx:hr>90</gpxtpx:hr>
      <gpxtpx:cad>0</gpxtpx:cad>
     </gpxtpx:TrackPointExtension>
    </extensions>
   </trkpt>
   <trkpt lat="28.4134330" lon="83.8185590">
    <ele>2124.2</ele>
    <time>2026-06-09T07:43:02Z</time>
    <extensions>
     <gpxtpx:TrackPointExtension>
      <gpxtpx:hr>90</gpxtpx:hr>
      <gpxtpx:cad>56</gpxtpx:cad>
     </gpxtpx:TrackPointExtension>
    </extensions>
   </trkpt>
   <trkpt lat="28.4134280" lon="83.8185320">
    <ele>2123.0</ele>
    <time>2026-06-09T07:43:06Z</time>
    <extensions>
     <gpxtpx:TrackPointExtension>
      <gpxtpx:hr>90</gpxtpx:hr>
      <gpxtpx:cad>56</gpxtpx:cad>
     </gpxtpx:TrackPointExtension>
    </extensions>
   </trkpt>
   <trkpt lat="28.4134260" lon="83.8185260">
    <ele>2122.6</ele>
    <time>2026-06-09T07:43:07Z</time>
    <extensions>
     <gpxtpx:TrackPointExtension>
      <gpxtpx:hr>90</gpxtpx:hr>
      <gpxtpx:cad>51</gpxtpx:cad>
     </gpxtpx:TrackPointExtension>
    </extensions>
   </trkpt>
   <trkpt lat="28.4134220" lon="83.8185070">
    <ele>2122.0</ele>
    <time>2026-06-09T07:43:09Z</time>
    <extensions>
     <gpxtpx:TrackPointExtension>
      <gpxtpx:hr>94</gpxtpx:hr>
      <gpxtpx:cad>48</gpxtpx:cad>
     </gpxtpx:TrackPointExtension>
    </extensions>
   </trkpt>
   <trkpt lat="28.4134240" lon="83.8185000">
    <ele>2121.8</ele>
    <time>2026-06-09T07:43:10Z</time>
    <extensions>
     <gpxtpx:TrackPointExtension>
      <gpxtpx:hr>95</gpxtpx:hr>
      <gpxtpx:cad>48</gpxtpx:cad>
     </gpxtpx:TrackPointExtension>
    </extensions>
   </trkpt>
   <trkpt lat="28.4134280" lon="83.8184590">
    <ele>2121.0</ele>
    <time>2026-06-09T07:43:14Z</time>
    <extensions>
     <gpxtpx:TrackPointExtension>
      <gpxtpx:hr>93</gpxtpx:hr>
      <gpxtpx:cad>48</gpxtpx:cad>
     </gpxtpx:TrackPointExtension>
    </extensions>
   </trkpt>
   <trkpt lat="28.4134380" lon="83.8184170">
    <ele>2122.0</ele>
    <time>2026-06-09T07:43:19Z</time>
    <extensions>
     <gpxtpx:TrackPointExtension>
      <gpxtpx:hr>93</gpxtpx:hr>
      <gpxtpx:cad>55</gpxtpx:cad>
     </gpxtpx:TrackPointExtension>
    </extensions>
   </trkpt>
   <trkpt lat="28.4134460" lon="83.8184000">
    <ele>2122.4</ele>
    <time>2026-06-09T07:43:21Z</time>
    <extensions>
     <gpxtpx:TrackPointExtension>
      <gpxtpx:hr>93</gpxtpx:hr>
      <gpxtpx:cad>43</gpxtpx:cad>
     </gpxtpx:TrackPointExtension>
    </extensions>
   </trkpt>
   <trkpt lat="28.4134580" lon="83.8183880">
    <ele>2122.8</ele>
    <time>2026-06-09T07:43:23Z</time>
    <extensions>
     <gpxtpx:TrackPointExtension>
      <gpxtpx:hr>93</gpxtpx:hr>
      <gpxtpx:cad>43</gpxtpx:cad>
     </gpxtpx:TrackPointExtension>
    </extensions>
   </trkpt>
   <trkpt lat="28.4134730" lon="83.8183810">
    <ele>2123.0</ele>
    <time>2026-06-09T07:43:25Z</time>
    <extensions>
     <gpxtpx:TrackPointExtension>
      <gpxtpx:hr>95</gpxtpx:hr>
      <gpxtpx:cad>43</gpxtpx:cad>
     </gpxtpx:TrackPointExtension>
    </extensions>
   </trkpt>
   <trkpt lat="28.4134790" lon="83.8183790">
    <ele>2123.0</ele>
    <time>2026-06-09T07:43:26Z</time>
    <extensions>
     <gpxtpx:TrackPointExtension>
      <gpxtpx:hr>95</gpxtpx:hr>
      <gpxtpx:cad>41</gpxtpx:cad>
     </gpxtpx:TrackPointExtension>
    </extensions>
   </trkpt>
   <trkpt lat="28.4134990" lon="83.8183660">
    <ele>2123.8</ele>
    <time>2026-06-09T07:43:30Z</time>
    <extensions>
     <gpxtpx:TrackPointExtension>
      <gpxtpx:hr>93</gpxtpx:hr>
      <gpxtpx:cad>42</gpxtpx:cad>
     </gpxtpx:TrackPointExtension>
    </extensions>
   </trkpt>
   <trkpt lat="28.4135050" lon="83.8183620">
    <ele>2124.0</ele>
    <time>2026-06-09T07:43:31Z</time>
    <extensions>
     <gpxtpx:TrackPointExtension>
      <gpxtpx:hr>93</gpxtpx:hr>
      <gpxtpx:cad>75</gpxtpx:cad>
     </gpxtpx:TrackPointExtension>
    </extensions>
   </trkpt>
   <trkpt lat="28.4135270" lon="83.8183390">
    <ele>2124.6</ele>
    <time>2026-06-09T07:43:35Z</time>
    <extensions>
     <gpxtpx:TrackPointExtension>
      <gpxtpx:hr>103</gpxtpx:hr>
      <gpxtpx:cad>40</gpxtpx:cad>
     </gpxtpx:TrackPointExtension>
    </extensions>
   </trkpt>
   <trkpt lat="28.4135310" lon="83.8183310">
    <ele>2124.6</ele>
    <time>2026-06-09T07:43:36Z</time>
    <extensions>
     <gpxtpx:TrackPointExtension>
      <gpxtpx:hr>107</gpxtpx:hr>
      <gpxtpx:cad>40</gpxtpx:cad>
     </gpxtpx:TrackPointExtension>
    </extensions>
   </trkpt>
   <trkpt lat="28.4135330" lon="83.8183270">
    <ele>2124.8</ele>
    <time>2026-06-09T07:43:37Z</time>
    <extensions>
     <gpxtpx:TrackPointExtension>
      <gpxtpx:hr>108</gpxtpx:hr>
      <gpxtpx:cad>40</gpxtpx:cad>
     </gpxtpx:TrackPointExtension>
    </extensions>
   </trkpt>
   <trkpt lat="28.4135350" lon="83.8183210">
    <ele>2125.0</ele>
    <time>2026-06-09T07:43:38Z</time>
    <extensions>
     <gpxtpx:TrackPointExtension>
      <gpxtpx:hr>109</gpxtpx:hr>
      <gpxtpx:cad>40</gpxtpx:cad>
     </gpxtpx:TrackPointExtension>
    </extensions>
   </trkpt>
   <trkpt lat="28.4135430" lon="83.8183120">
    <ele>2125.6</ele>
    <time>2026-06-09T07:43:41Z</time>
    <extensions>
     <gpxtpx:TrackPointExtension>
      <gpxtpx:hr>112</gpxtpx:hr>
      <gpxtpx:cad>41</gpxtpx:cad>
     </gpxtpx:TrackPointExtension>
    </extensions>
   </trkpt>
   <trkpt lat="28.4135470" lon="83.8183080">
    <ele>2125.8</ele>
    <time>2026-06-09T07:43:42Z</time>
    <extensions>
     <gpxtpx:TrackPointExtension>
      <gpxtpx:hr>112</gpxtpx:hr>
      <gpxtpx:cad>41</gpxtpx:cad>
     </gpxtpx:TrackPointExtension>
    </extensions>
   </trkpt>
   <trkpt lat="28.4135500" lon="83.8183030">
    <ele>2126.0</ele>
    <time>2026-06-09T07:43:43Z</time>
    <extensions>
     <gpxtpx:TrackPointExtension>
      <gpxtpx:hr>113</gpxtpx:hr>
      <gpxtpx:cad>41</gpxtpx:cad>
     </gpxtpx:TrackPointExtension>
    </extensions>
   </trkpt>
   <trkpt lat="28.4135540" lon="83.8182990">
    <ele>2126.2</ele>
    <time>2026-06-09T07:43:44Z</time>
    <extensions>
     <gpxtpx:TrackPointExtension>
      <gpxtpx:hr>114</gpxtpx:hr>
      <gpxtpx:cad>41</gpxtpx:cad>
     </gpxtpx:TrackPointExtension>
    </extensions>
   </trkpt>
   <trkpt lat="28.4135710" lon="83.8182650">
    <ele>2127.0</ele>
    <time>2026-06-09T07:43:49Z</time>
    <extensions>
     <gpxtpx:TrackPointExtension>
      <gpxtpx:hr>116</gpxtpx:hr>
      <gpxtpx:cad>68</gpxtpx:cad>
     </gpxtpx:TrackPointExtension>
    </extensions>
   </trkpt>
   <trkpt lat="28.4135730" lon="83.8182640">
    <ele>2127.0</ele>
    <time>2026-06-09T07:43:50Z</time>
    <extensions>
     <gpxtpx:TrackPointExtension>
      <gpxtpx:hr>116</gpxtpx:hr>
      <gpxtpx:cad>69</gpxtpx:cad>
     </gpxtpx:TrackPointExtension>
    </extensions>
   </trkpt>
   <trkpt lat="28.4135760" lon="83.8182610">
    <ele>2127.2</ele>
    <time>2026-06-09T07:43:51Z</time>
    <extensions>
     <gpxtpx:TrackPointExtension>
      <gpxtpx:hr>117</gpxtpx:hr>
      <gpxtpx:cad>69</gpxtpx:cad>
     </gpxtpx:TrackPointExtension>
    </extensions>
   </trkpt>
   <trkpt lat="28.4135800" lon="83.8182630">
    <ele>2128.2</ele>
    <time>2026-06-09T07:43:56Z</time>
    <extensions>
     <gpxtpx:TrackPointExtension>
      <gpxtpx:hr>119</gpxtpx:hr>
      <gpxtpx:cad>66</gpxtpx:cad>
     </gpxtpx:TrackPointExtension>
    </extensions>
   </trkpt>
   <trkpt lat="28.4135780" lon="83.8182880">
    <ele>2129.2</ele>
    <time>2026-06-09T07:44:02Z</time>
    <extensions>
     <gpxtpx:TrackPointExtension>
      <gpxtpx:hr>120</gpxtpx:hr>
      <gpxtpx:cad>65</gpxtpx:cad>
     </gpxtpx:TrackPointExtension>
    </extensions>
   </trkpt>
   <trkpt lat="28.4135770" lon="83.8182940">
    <ele>2129.6</ele>
    <time>2026-06-09T07:44:03Z</time>
    <extensions>
     <gpxtpx:TrackPointExtension>
      <gpxtpx:hr>120</gpxtpx:hr>
      <gpxtpx:cad>65</gpxtpx:cad>
     </gpxtpx:TrackPointExtension>
    </extensions>
   </trkpt>
   <trkpt lat="28.4135760" lon="83.8183070">
    <ele>2130.2</ele>
    <time>2026-06-09T07:44:05Z</time>
    <extensions>
     <gpxtpx:TrackPointExtension>
      <gpxtpx:hr>120</gpxtpx:hr>
      <gpxtpx:cad>63</gpxtpx:cad>
     </gpxtpx:TrackPointExtension>
    </extensions>
   </trkpt>
   <trkpt lat="28.4135700" lon="83.8183300">
    <ele>2130.8</ele>
    <time>2026-06-09T07:44:11Z</time>
    <extensions>
     <gpxtpx:TrackPointExtension>
      <gpxtpx:hr>122</gpxtpx:hr>
      <gpxtpx:cad>66</gpxtpx:cad>
     </gpxtpx:TrackPointExtension>
    </extensions>
   </trkpt>
   <trkpt lat="28.4135680" lon="83.8183420">
    <ele>2131.4</ele>
    <time>2026-06-09T07:44:15Z</time>
    <extensions>
     <gpxtpx:TrackPointExtension>
      <gpxtpx:hr>123</gpxtpx:hr>
      <gpxtpx:cad>64</gpxtpx:cad>
     </gpxtpx:TrackPointExtension>
    </extensions>
   </trkpt>
   <trkpt lat="28.4135660" lon="83.8183560">
    <ele>2132.0</ele>
    <time>2026-06-09T07:44:19Z</time>
    <extensions>
     <gpxtpx:TrackPointExtension>
      <gpxtpx:hr>124</gpxtpx:hr>
      <gpxtpx:cad>66</gpxtpx:cad>
     </gpxtpx:TrackPointExtension>
    </extensions>
   </trkpt>
   <trkpt lat="28.4135670" lon="83.8183700">
    <ele>2132.4</ele>
    <time>2026-06-09T07:44:22Z</time>
    <extensions>
     <gpxtpx:TrackPointExtension>
      <gpxtpx:hr>127</gpxtpx:hr>
      <gpxtpx:cad>69</gpxtpx:cad>
     </gpxtpx:TrackPointExtension>
    </extensions>
   </trkpt>
   <trkpt lat="28.4135760" lon="83.8183970">
    <ele>2133.2</ele>
    <time>2026-06-09T07:44:26Z</time>
    <extensions>
     <gpxtpx:TrackPointExtension>
      <gpxtpx:hr>129</gpxtpx:hr>
      <gpxtpx:cad>64</gpxtpx:cad>
     </gpxtpx:TrackPointExtension>
    </extensions>
   </trkpt>
   <trkpt lat="28.4135820" lon="83.8184110">
    <ele>2133.6</ele>
    <time>2026-06-09T07:44:29Z</time>
    <extensions>
     <gpxtpx:TrackPointExtension>
      <gpxtpx:hr>130</gpxtpx:hr>
      <gpxtpx:cad>61</gpxtpx:cad>
     </gpxtpx:TrackPointExtension>
    </extensions>
   </trkpt>
   <trkpt lat="28.4135970" lon="83.8184340">
    <ele>2134.4</ele>
    <time>2026-06-09T07:44:34Z</time>
    <extensions>
     <gpxtpx:TrackPointExtension>
      <gpxtpx:hr>130</gpxtpx:hr>
      <gpxtpx:cad>61</gpxtpx:cad>
     </gpxtpx:TrackPointExtension>
    </extensions>
   </trkpt>
   <trkpt lat="28.4136020" lon="83.8184380">
    <ele>2134.6</ele>
    <time>2026-06-09T07:44:35Z</time>
    <extensions>
     <gpxtpx:TrackPointExtension>
      <gpxtpx:hr>130</gpxtpx:hr>
      <gpxtpx:cad>61</gpxtpx:cad>
     </gpxtpx:TrackPointExtension>
    </extensions>
   </trkpt>
   <trkpt lat="28.4136190" lon="83.8184360">
    <ele>2135.0</ele>
    <time>2026-06-09T07:44:40Z</time>
    <extensions>
     <gpxtpx:TrackPointExtension>
      <gpxtpx:hr>130</gpxtpx:hr>
      <gpxtpx:cad>56</gpxtpx:cad>
     </gpxtpx:TrackPointExtension>
    </extensions>
   </trkpt>
   <trkpt lat="28.4136240" lon="83.8184180">
    <ele>2135.8</ele>
    <time>2026-06-09T07:44:44Z</time>
    <extensions>
     <gpxtpx:TrackPointExtension>
      <gpxtpx:hr>130</gpxtpx:hr>
      <gpxtpx:cad>69</gpxtpx:cad>
     </gpxtpx:TrackPointExtension>
    </extensions>
   </trkpt>
   <trkpt lat="28.4136270" lon="83.8184130">
    <ele>2136.0</ele>
    <time>2026-06-09T07:44:45Z</time>
    <extensions>
     <gpxtpx:TrackPointExtension>
      <gpxtpx:hr>130</gpxtpx:hr>
      <gpxtpx:cad>69</gpxtpx:cad>
     </gpxtpx:TrackPointExtension>
    </extensions>
   </trkpt>
   <trkpt lat="28.4136350" lon="83.8183980">
    <ele>2136.8</ele>
    <time>2026-06-09T07:44:48Z</time>
    <extensions>
     <gpxtpx:TrackPointExtension>
      <gpxtpx:hr>130</gpxtpx:hr>
      <gpxtpx:cad>0</gpxtpx:cad>
     </gpxtpx:TrackPointExtension>
    </extensions>
   </trkpt>
   <trkpt lat="28.4136350" lon="83.8183780">
    <ele>2137.2</ele>
    <time>2026-06-09T07:44:53Z</time>
    <extensions>
     <gpxtpx:TrackPointExtension>
      <gpxtpx:hr>129</gpxtpx:hr>
      <gpxtpx:cad>0</gpxtpx:cad>
     </gpxtpx:TrackPointExtension>
    </extensions>
   </trkpt>
   <trkpt lat="28.4136580" lon="83.8183540">
    <ele>2138.0</ele>
    <time>2026-06-09T07:44:59Z</time>
    <extensions>
     <gpxtpx:TrackPointExtension>
      <gpxtpx:hr>129</gpxtpx:hr>
      <gpxtpx:cad>62</gpxtpx:cad>
     </gpxtpx:TrackPointExtension>
    </extensions>
   </trkpt>
   <trkpt lat="28.4136660" lon="83.8183670">
    <ele>2138.6</ele>
    <time>2026-06-09T07:45:07Z</time>
    <extensions>
     <gpxtpx:TrackPointExtension>
      <gpxtpx:hr>128</gpxtpx:hr>
      <gpxtpx:cad>0</gpxtpx:cad>
     </gpxtpx:TrackPointExtension>
    </extensions>
   </trkpt>
   <trkpt lat="28.4136660" lon="83.8183650">
    <ele>2139.2</ele>
    <time>2026-06-09T07:45:10Z</time>
    <extensions>
     <gpxtpx:TrackPointExtension>
      <gpxtpx:hr>128</gpxtpx:hr>
      <gpxtpx:cad>52</gpxtpx:cad>
     </gpxtpx:TrackPointExtension>
    </extensions>
   </trkpt>
   <trkpt lat="28.4136650" lon="83.8183690">
    <ele>2140.0</ele>
    <time>2026-06-09T07:45:14Z</time>
    <extensions>
     <gpxtpx:TrackPointExtension>
      <gpxtpx:hr>126</gpxtpx:hr>
      <gpxtpx:cad>0</gpxtpx:cad>
     </gpxtpx:TrackPointExtension>
    </extensions>
   </trkpt>
   <trkpt lat="28.4136570" lon="83.8183770">
    <ele>2140.0</ele>
    <time>2026-06-09T07:45:30Z</time>
    <extensions>
     <gpxtpx:TrackPointExtension>
      <gpxtpx:hr>123</gpxtpx:hr>
      <gpxtpx:cad>0</gpxtpx:cad>
     </gpxtpx:TrackPointExtension>
    </extensions>
   </trkpt>
   <trkpt lat="28.4136580" lon="83.8183790">
    <ele>2140.0</ele>
    <time>2026-06-09T07:45:32Z</time>
    <extensions>
     <gpxtpx:TrackPointExtension>
      <gpxtpx:hr>121</gpxtpx:hr>
      <gpxtpx:cad>0</gpxtpx:cad>
     </gpxtpx:TrackPointExtension>
    </extensions>
   </trkpt>
   <trkpt lat="28.4136580" lon="83.8183780">
    <ele>2140.2</ele>
    <time>2026-06-09T07:45:33Z</time>
    <extensions>
     <gpxtpx:TrackPointExtension>
      <gpxtpx:hr>118</gpxtpx:hr>
      <gpxtpx:cad>0</gpxtpx:cad>
     </gpxtpx:TrackPointExtension>
    </extensions>
   </trkpt>
   <trkpt lat="28.4136600" lon="83.8183800">
    <ele>2140.2</ele>
    <time>2026-06-09T07:45:34Z</time>
    <extensions>
     <gpxtpx:TrackPointExtension>
      <gpxtpx:hr>115</gpxtpx:hr>
      <gpxtpx:cad>0</gpxtpx:cad>
     </gpxtpx:TrackPointExtension>
    </extensions>
   </trkpt>
   <trkpt lat="28.4136620" lon="83.8183860">
    <ele>2140.0</ele>
    <time>2026-06-09T07:45:36Z</time>
    <extensions>
     <gpxtpx:TrackPointExtension>
      <gpxtpx:hr>112</gpxtpx:hr>
      <gpxtpx:cad>0</gpxtpx:cad>
     </gpxtpx:TrackPointExtension>
    </extensions>
   </trkpt>
   <trkpt lat="28.4136640" lon="83.8183950">
    <ele>2140.2</ele>
    <time>2026-06-09T07:45:38Z</time>
    <extensions>
     <gpxtpx:TrackPointExtension>
      <gpxtpx:hr>112</gpxtpx:hr>
      <gpxtpx:cad>0</gpxtpx:cad>
     </gpxtpx:TrackPointExtension>
    </extensions>
   </trkpt>
   <trkpt lat="28.4136640" lon="83.8183990">
    <ele>2140.6</ele>
    <time>2026-06-09T07:45:40Z</time>
    <extensions>
     <gpxtpx:TrackPointExtension>
      <gpxtpx:hr>111</gpxtpx:hr>
      <gpxtpx:cad>0</gpxtpx:cad>
     </gpxtpx:TrackPointExtension>
    </extensions>
   </trkpt>
   <trkpt lat="28.4136680" lon="83.8184060">
    <ele>2141.4</ele>
    <time>2026-06-09T07:45:43Z</time>
    <extensions>
     <gpxtpx:TrackPointExtension>
      <gpxtpx:hr>109</gpxtpx:hr>
      <gpxtpx:cad>0</gpxtpx:cad>
     </gpxtpx:TrackPointExtension>
    </extensions>
   </trkpt>
   <trkpt lat="28.4136780" lon="83.8184370">
    <ele>2142.4</ele>
    <time>2026-06-09T07:45:47Z</time>
    <extensions>
     <gpxtpx:TrackPointExtension>
      <gpxtpx:hr>107</gpxtpx:hr>
      <gpxtpx:cad>62</gpxtpx:cad>
     </gpxtpx:TrackPointExtension>
    </extensions>
   </trkpt>
   <trkpt lat="28.4136810" lon="83.8184430">
    <ele>2142.6</ele>
    <time>2026-06-09T07:45:48Z</time>
    <extensions>
     <gpxtpx:TrackPointExtension>
      <gpxtpx:hr>107</gpxtpx:hr>
      <gpxtpx:cad>60</gpxtpx:cad>
     </gpxtpx:TrackPointExtension>
    </extensions>
   </trkpt>
   <trkpt lat="28.4136860" lon="83.8184590">
    <ele>2143.0</ele>
    <time>2026-06-09T07:45:51Z</time>
    <extensions>
     <gpxtpx:TrackPointExtension>
      <gpxtpx:hr>110</gpxtpx:hr>
      <gpxtpx:cad>60</gpxtpx:cad>
     </gpxtpx:TrackPointExtension>
    </extensions>
   </trkpt>
   <trkpt lat="28.4136870" lon="83.8184600">
    <ele>2143.2</ele>
    <time>2026-06-09T07:45:52Z</time>
    <extensions>
     <gpxtpx:TrackPointExtension>
      <gpxtpx:hr>113</gpxtpx:hr>
      <gpxtpx:cad>60</gpxtpx:cad>
     </gpxtpx:TrackPointExtension>
    </extensions>
   </trkpt>
   <trkpt lat="28.4136930" lon="83.8184550">
    <ele>2143.4</ele>
    <time>2026-06-09T07:45:54Z</time>
    <extensions>
     <gpxtpx:TrackPointExtension>
      <gpxtpx:hr>116</gpxtpx:hr>
      <gpxtpx:cad>60</gpxtpx:cad>
     </gpxtpx:TrackPointExtension>
    </extensions>
   </trkpt>
   <trkpt lat="28.4136980" lon="83.8184510">
    <ele>2143.6</ele>
    <time>2026-06-09T07:45:55Z</time>
    <extensions>
     <gpxtpx:TrackPointExtension>
      <gpxtpx:hr>116</gpxtpx:hr>
      <gpxtpx:cad>60</gpxtpx:cad>
     </gpxtpx:TrackPointExtension>
    </extensions>
   </trkpt>
   <trkpt lat="28.4137180" lon="83.8184120">
    <ele>2144.4</ele>
    <time>2026-06-09T07:46:03Z</time>
    <extensions>
     <gpxtpx:TrackPointExtension>
      <gpxtpx:hr>116</gpxtpx:hr>
      <gpxtpx:cad>0</gpxtpx:cad>
     </gpxtpx:TrackPointExtension>
    </extensions>
   </trkpt>
   <trkpt lat="28.4137250" lon="83.8183940">
    <ele>2145.2</ele>
    <time>2026-06-09T07:46:09Z</time>
    <extensions>
     <gpxtpx:TrackPointExtension>
      <gpxtpx:hr>115</gpxtpx:hr>
      <gpxtpx:cad>53</gpxtpx:cad>
     </gpxtpx:TrackPointExtension>
    </extensions>
   </trkpt>
   <trkpt lat="28.4137280" lon="83.8183800">
    <ele>2145.6</ele>
    <time>2026-06-09T07:46:12Z</time>
    <extensions>
     <gpxtpx:TrackPointExtension>
      <gpxtpx:hr>116</gpxtpx:hr>
      <gpxtpx:cad>0</gpxtpx:cad>
     </gpxtpx:TrackPointExtension>
    </extensions>
   </trkpt>
   <trkpt lat="28.4137290" lon="83.8183720">
    <ele>2145.8</ele>
    <time>2026-06-09T07:46:14Z</time>
    <extensions>
     <gpxtpx:TrackPointExtension>
      <gpxtpx:hr>118</gpxtpx:hr>
      <gpxtpx:cad>0</gpxtpx:cad>
     </gpxtpx:TrackPointExtension>
    </extensions>
   </trkpt>
   <trkpt lat="28.4137430" lon="83.8183680">
    <ele>2146.8</ele>
    <time>2026-06-09T07:46:19Z</time>
    <extensions>
     <gpxtpx:TrackPointExtension>
      <gpxtpx:hr>117</gpxtpx:hr>
      <gpxtpx:cad>41</gpxtpx:cad>
     </gpxtpx:TrackPointExtension>
    </extensions>
   </trkpt>
   <trkpt lat="28.4137510" lon="83.8183830">
    <ele>2147.6</ele>
    <time>2026-06-09T07:46:25Z</time>
    <extensions>
     <gpxtpx:TrackPointExtension>
      <gpxtpx:hr>115</gpxtpx:hr>
      <gpxtpx:cad>51</gpxtpx:cad>
     </gpxtpx:TrackPointExtension>
    </extensions>
   </trkpt>
   <trkpt lat="28.4137520" lon="83.8183880">
    <ele>2147.8</ele>
    <time>2026-06-09T07:46:26Z</time>
    <extensions>
     <gpxtpx:TrackPointExtension>
      <gpxtpx:hr>115</gpxtpx:hr>
      <gpxtpx:cad>51</gpxtpx:cad>
     </gpxtpx:TrackPointExtension>
    </extensions>
   </trkpt>
   <trkpt lat="28.4137510" lon="83.8184090">
    <ele>2148.6</ele>
    <time>2026-06-09T07:46:30Z</time>
    <extensions>
     <gpxtpx:TrackPointExtension>
      <gpxtpx:hr>118</gpxtpx:hr>
      <gpxtpx:cad>0</gpxtpx:cad>
     </gpxtpx:TrackPointExtension>
    </extensions>
   </trkpt>
   <trkpt lat="28.4137510" lon="83.8184140">
    <ele>2148.8</ele>
    <time>2026-06-09T07:46:31Z</time>
    <extensions>
     <gpxtpx:TrackPointExtension>
      <gpxtpx:hr>119</gpxtpx:hr>
      <gpxtpx:cad>58</gpxtpx:cad>
     </gpxtpx:TrackPointExtension>
    </extensions>
   </trkpt>
   <trkpt lat="28.4137510" lon="83.8184230">
    <ele>2149.0</ele>
    <time>2026-06-09T07:46:32Z</time>
    <extensions>
     <gpxtpx:TrackPointExtension>
      <gpxtpx:hr>120</gpxtpx:hr>
      <gpxtpx:cad>58</gpxtpx:cad>
     </gpxtpx:TrackPointExtension>
    </extensions>
   </trkpt>
   <trkpt lat="28.4137510" lon="83.8184440">
    <ele>2150.0</ele>
    <time>2026-06-09T07:46:38Z</time>
    <extensions>
     <gpxtpx:TrackPointExtension>
      <gpxtpx:hr>122</gpxtpx:hr>
      <gpxtpx:cad>0</gpxtpx:cad>
     </gpxtpx:TrackPointExtension>
    </extensions>
   </trkpt>
   <trkpt lat="28.4137510" lon="83.8184490">
    <ele>2150.2</ele>
    <time>2026-06-09T07:46:39Z</time>
    <extensions>
     <gpxtpx:TrackPointExtension>
      <gpxtpx:hr>122</gpxtpx:hr>
      <gpxtpx:cad>0</gpxtpx:cad>
     </gpxtpx:TrackPointExtension>
    </extensions>
   </trkpt>
   <trkpt lat="28.4137520" lon="83.8184720">
    <ele>2151.0</ele>
    <time>2026-06-09T07:46:43Z</time>
    <extensions>
     <gpxtpx:TrackPointExtension>
      <gpxtpx:hr>123</gpxtpx:hr>
      <gpxtpx:cad>59</gpxtpx:cad>
     </gpxtpx:TrackPointExtension>
    </extensions>
   </trkpt>
   <trkpt lat="28.4137500" lon="83.8184730">
    <ele>2151.4</ele>
    <time>2026-06-09T07:46:46Z</time>
    <extensions>
     <gpxtpx:TrackPointExtension>
      <gpxtpx:hr>124</gpxtpx:hr>
      <gpxtpx:cad>0</gpxtpx:cad>
     </gpxtpx:TrackPointExtension>
    </extensions>
   </trkpt>
   <trkpt lat="28.4137530" lon="83.8184850">
    <ele>2151.2</ele>
    <time>2026-06-09T07:46:55Z</time>
    <extensions>
     <gpxtpx:TrackPointExtension>
      <gpxtpx:hr>124</gpxtpx:hr>
      <gpxtpx:cad>0</gpxtpx:cad>
     </gpxtpx:TrackPointExtension>
    </extensions>
   </trkpt>
   <trkpt lat="28.4137580" lon="83.8184990">
    <ele>2152.2</ele>
    <time>2026-06-09T07:46:58Z</time>
    <extensions>
     <gpxtpx:TrackPointExtension>
      <gpxtpx:hr>125</gpxtpx:hr>
      <gpxtpx:cad>0</gpxtpx:cad>
     </gpxtpx:TrackPointExtension>
    </extensions>
   </trkpt>
   <trkpt lat="28.4137630" lon="83.8185120">
    <ele>2153.2</ele>
    <time>2026-06-09T07:47:01Z</time>
    <extensions>
     <gpxtpx:TrackPointExtension>
      <gpxtpx:hr>126</gpxtpx:hr>
      <gpxtpx:cad>51</gpxtpx:cad>
     </gpxtpx:TrackPointExtension>
    </extensions>
   </trkpt>
   <trkpt lat="28.4137660" lon="83.8185250">
    <ele>2153.6</ele>
    <time>2026-06-09T07:47:03Z</time>
    <extensions>
     <gpxtpx:TrackPointExtension>
      <gpxtpx:hr>126</gpxtpx:hr>
      <gpxtpx:cad>51</gpxtpx:cad>
     </gpxtpx:TrackPointExtension>
    </extensions>
   </trkpt>
   <trkpt lat="28.4137690" lon="83.8185360">
    <ele>2154.2</ele>
    <time>2026-06-09T07:47:06Z</time>
    <extensions>
     <gpxtpx:TrackPointExtension>
      <gpxtpx:hr>126</gpxtpx:hr>
      <gpxtpx:cad>48</gpxtpx:cad>
     </gpxtpx:TrackPointExtension>
    </extensions>
   </trkpt>
   <trkpt lat="28.4137720" lon="83.8185540">
    <ele>2154.6</ele>
    <time>2026-06-09T07:47:10Z</time>
    <extensions>
     <gpxtpx:TrackPointExtension>
      <gpxtpx:hr>127</gpxtpx:hr>
      <gpxtpx:cad>0</gpxtpx:cad>
     </gpxtpx:TrackPointExtension>
    </extensions>
   </trkpt>
   <trkpt lat="28.4137800" lon="83.8185640">
    <ele>2155.2</ele>
    <time>2026-06-09T07:47:15Z</time>
    <extensions>
     <gpxtpx:TrackPointExtension>
      <gpxtpx:hr>126</gpxtpx:hr>
      <gpxtpx:cad>0</gpxtpx:cad>
     </gpxtpx:TrackPointExtension>
    </extensions>
   </trkpt>
   <trkpt lat="28.4137890" lon="83.8185770">
    <ele>2156.4</ele>
    <time>2026-06-09T07:47:20Z</time>
    <extensions>
     <gpxtpx:TrackPointExtension>
      <gpxtpx:hr>127</gpxtpx:hr>
      <gpxtpx:cad>51</gpxtpx:cad>
     </gpxtpx:TrackPointExtension>
    </extensions>
   </trkpt>
   <trkpt lat="28.4137880" lon="83.8185790">
    <ele>2156.8</ele>
    <time>2026-06-09T07:47:22Z</time>
    <extensions>
     <gpxtpx:TrackPointExtension>
      <gpxtpx:hr>126</gpxtpx:hr>
      <gpxtpx:cad>51</gpxtpx:cad>
     </gpxtpx:TrackPointExtension>
    </extensions>
   </trkpt>
   <trkpt lat="28.4137900" lon="83.8185770">
    <ele>2157.6</ele>
    <time>2026-06-09T07:47:25Z</time>
    <extensions>
     <gpxtpx:TrackPointExtension>
      <gpxtpx:hr>127</gpxtpx:hr>
      <gpxtpx:cad>0</gpxtpx:cad>
     </gpxtpx:TrackPointExtension>
    </extensions>
   </trkpt>
   <trkpt lat="28.4137900" lon="83.8185760">
    <ele>2159.0</ele>
    <time>2026-06-09T07:47:28Z</time>
    <extensions>
     <gpxtpx:TrackPointExtension>
      <gpxtpx:hr>128</gpxtpx:hr>
      <gpxtpx:cad>0</gpxtpx:cad>
     </gpxtpx:TrackPointExtension>
    </extensions>
   </trkpt>
   <trkpt lat="28.4137800" lon="83.8185750">
    <ele>2158.8</ele>
    <time>2026-06-09T07:47:40Z</time>
    <extensions>
     <gpxtpx:TrackPointExtension>
      <gpxtpx:hr>130</gpxtpx:hr>
      <gpxtpx:cad>0</gpxtpx:cad>
     </gpxtpx:TrackPointExtension>
    </extensions>
   </trkpt>
   <trkpt lat="28.4137760" lon="83.8185740">
    <ele>2159.4</ele>
    <time>2026-06-09T07:47:45Z</time>
    <extensions>
     <gpxtpx:TrackPointExtension>
      <gpxtpx:hr>127</gpxtpx:hr>
      <gpxtpx:cad>0</gpxtpx:cad>
     </gpxtpx:TrackPointExtension>
    </extensions>
   </trkpt>
   <trkpt lat="28.4137740" lon="83.8185740">
    <ele>2159.6</ele>
    <time>2026-06-09T07:47:49Z</time>
    <extensions>
     <gpxtpx:TrackPointExtension>
      <gpxtpx:hr>124</gpxtpx:hr>
      <gpxtpx:cad>0</gpxtpx:cad>
     </gpxtpx:TrackPointExtension>
    </extensions>
   </trkpt>
   <trkpt lat="28.4137730" lon="83.8185740">
    <ele>2159.4</ele>
    <time>2026-06-09T07:47:52Z</time>
    <extensions>
     <gpxtpx:TrackPointExtension>
      <gpxtpx:hr>122</gpxtpx:hr>
      <gpxtpx:cad>0</gpxtpx:cad>
     </gpxtpx:TrackPointExtension>
    </extensions>
   </trkpt>
   <trkpt lat="28.4137740" lon="83.8185860">
    <ele>2159.0</ele>
    <time>2026-06-09T07:47:57Z</time>
    <extensions>
     <gpxtpx:TrackPointExtension>
      <gpxtpx:hr>119</gpxtpx:hr>
      <gpxtpx:cad>0</gpxtpx:cad>
     </gpxtpx:TrackPointExtension>
    </extensions>
   </trkpt>
   <trkpt lat="28.4137790" lon="83.8185960">
    <ele>2159.0</ele>
    <time>2026-06-09T07:47:59Z</time>
    <extensions>
     <gpxtpx:TrackPointExtension>
      <gpxtpx:hr>118</gpxtpx:hr>
      <gpxtpx:cad>0</gpxtpx:cad>
     </gpxtpx:TrackPointExtension>
    </extensions>
   </trkpt>
   <trkpt lat="28.4137900" lon="83.8186180">
    <ele>2158.6</ele>
    <time>2026-06-09T07:48:04Z</time>
    <extensions>
     <gpxtpx:TrackPointExtension>
      <gpxtpx:hr>117</gpxtpx:hr>
      <gpxtpx:cad>65</gpxtpx:cad>
     </gpxtpx:TrackPointExtension>
    </extensions>
   </trkpt>
   <trkpt lat="28.4138020" lon="83.8186430">
    <ele>2160.0</ele>
    <time>2026-06-09T07:48:10Z</time>
    <extensions>
     <gpxtpx:TrackPointExtension>
      <gpxtpx:hr>118</gpxtpx:hr>
      <gpxtpx:cad>61</gpxtpx:cad>
     </gpxtpx:TrackPointExtension>
    </extensions>
   </trkpt>
   <trkpt lat="28.4138170" lon="83.8186690">
    <ele>2161.0</ele>
    <time>2026-06-09T07:48:17Z</time>
    <extensions>
     <gpxtpx:TrackPointExtension>
      <gpxtpx:hr>118</gpxtpx:hr>
      <gpxtpx:cad>60</gpxtpx:cad>
     </gpxtpx:TrackPointExtension>
    </extensions>
   </trkpt>
   <trkpt lat="28.4138180" lon="83.8186740">
    <ele>2161.2</ele>
    <time>2026-06-09T07:48:18Z</time>
    <extensions>
     <gpxtpx:TrackPointExtension>
      <gpxtpx:hr>118</gpxtpx:hr>
      <gpxtpx:cad>57</gpxtpx:cad>
     </gpxtpx:TrackPointExtension>
    </extensions>
   </trkpt>
   <trkpt lat="28.4138230" lon="83.8186900">
    <ele>2161.6</ele>
    <time>2026-06-09T07:48:21Z</time>
    <extensions>
     <gpxtpx:TrackPointExtension>
      <gpxtpx:hr>122</gpxtpx:hr>
      <gpxtpx:cad>0</gpxtpx:cad>
     </gpxtpx:TrackPointExtension>
    </extensions>
   </trkpt>
   <trkpt lat="28.4138220" lon="83.8186980">
    <ele>2161.8</ele>
    <time>2026-06-09T07:48:24Z</time>
    <extensions>
     <gpxtpx:TrackPointExtension>
      <gpxtpx:hr>121</gpxtpx:hr>
      <gpxtpx:cad>0</gpxtpx:cad>
     </gpxtpx:TrackPointExtension>
    </extensions>
   </trkpt>
   <trkpt lat="28.4138230" lon="83.8187030">
    <ele>2162.2</ele>
    <time>2026-06-09T07:48:27Z</time>
    <extensions>
     <gpxtpx:TrackPointExtension>
      <gpxtpx:hr>120</gpxtpx:hr>
      <gpxtpx:cad>0</gpxtpx:cad>
     </gpxtpx:TrackPointExtension>
    </extensions>
   </trkpt>
   <trkpt lat="28.4138270" lon="83.8187030">
    <ele>2162.6</ele>
    <time>2026-06-09T07:48:30Z</time>
    <extensions>
     <gpxtpx:TrackPointExtension>
      <gpxtpx:hr>119</gpxtpx:hr>
      <gpxtpx:cad>51</gpxtpx:cad>
     </gpxtpx:TrackPointExtension>
    </extensions>
   </trkpt>
   <trkpt lat="28.4138280" lon="83.8187220">
    <ele>2163.4</ele>
    <time>2026-06-09T07:48:35Z</time>
    <extensions>
     <gpxtpx:TrackPointExtension>
      <gpxtpx:hr>118</gpxtpx:hr>
      <gpxtpx:cad>52</gpxtpx:cad>
     </gpxtpx:TrackPointExtension>
    </extensions>
   </trkpt>
   <trkpt lat="28.4138290" lon="83.8187460">
    <ele>2163.8</ele>
    <time>2026-06-09T07:48:38Z</time>
    <extensions>
     <gpxtpx:TrackPointExtension>
      <gpxtpx:hr>118</gpxtpx:hr>
      <gpxtpx:cad>56</gpxtpx:cad>
     </gpxtpx:TrackPointExtension>
    </extensions>
   </trkpt>
   <trkpt lat="28.4138290" lon="83.8187600">
    <ele>2164.4</ele>
    <time>2026-06-09T07:48:42Z</time>
    <extensions>
     <gpxtpx:TrackPointExtension>
      <gpxtpx:hr>119</gpxtpx:hr>
      <gpxtpx:cad>55</gpxtpx:cad>
     </gpxtpx:TrackPointExtension>
    </extensions>
   </trkpt>
   <trkpt lat="28.4138350" lon="83.8187750">
    <ele>2165.0</ele>
    <time>2026-06-09T07:48:45Z</time>
    <extensions>
     <gpxtpx:TrackPointExtension>
      <gpxtpx:hr>122</gpxtpx:hr>
      <gpxtpx:cad>53</gpxtpx:cad>
     </gpxtpx:TrackPointExtension>
    </extensions>
   </trkpt>
   <trkpt lat="28.4138440" lon="83.8187830">
    <ele>2165.6</ele>
    <time>2026-06-09T07:48:48Z</time>
    <extensions>
     <gpxtpx:TrackPointExtension>
      <gpxtpx:hr>125</gpxtpx:hr>
      <gpxtpx:cad>0</gpxtpx:cad>
     </gpxtpx:TrackPointExtension>
    </extensions>
   </trkpt>
   <trkpt lat="28.4138570" lon="83.8187980">
    <ele>2166.6</ele>
    <time>2026-06-09T07:48:52Z</time>
    <extensions>
     <gpxtpx:TrackPointExtension>
      <gpxtpx:hr>126</gpxtpx:hr>
      <gpxtpx:cad>0</gpxtpx:cad>
     </gpxtpx:TrackPointExtension>
    </extensions>
   </trkpt>
   <trkpt lat="28.4138610" lon="83.8188020">
    <ele>2167.0</ele>
    <time>2026-06-09T07:48:53Z</time>
    <extensions>
     <gpxtpx:TrackPointExtension>
      <gpxtpx:hr>126</gpxtpx:hr>
      <gpxtpx:cad>0</gpxtpx:cad>
     </gpxtpx:TrackPointExtension>
    </extensions>
   </trkpt>
   <trkpt lat="28.4138710" lon="83.8188220">
    <ele>2167.8</ele>
    <time>2026-06-09T07:48:58Z</time>
    <extensions>
     <gpxtpx:TrackPointExtension>
      <gpxtpx:hr>126</gpxtpx:hr>
      <gpxtpx:cad>67</gpxtpx:cad>
     </gpxtpx:TrackPointExtension>
    </extensions>
   </trkpt>
   <trkpt lat="28.4138720" lon="83.8188500">
    <ele>2168.4</ele>
    <time>2026-06-09T07:49:02Z</time>
    <extensions>
     <gpxtpx:TrackPointExtension>
      <gpxtpx:hr>126</gpxtpx:hr>
      <gpxtpx:cad>0</gpxtpx:cad>
     </gpxtpx:TrackPointExtension>
    </extensions>
   </trkpt>
   <trkpt lat="28.4138740" lon="83.8188600">
    <ele>2168.8</ele>
    <time>2026-06-09T07:49:04Z</time>
    <extensions>
     <gpxtpx:TrackPointExtension>
      <gpxtpx:hr>126</gpxtpx:hr>
      <gpxtpx:cad>0</gpxtpx:cad>
     </gpxtpx:TrackPointExtension>
    </extensions>
   </trkpt>
   <trkpt lat="28.4138790" lon="83.8188630">
    <ele>2169.0</ele>
    <time>2026-06-09T07:49:09Z</time>
    <extensions>
     <gpxtpx:TrackPointExtension>
      <gpxtpx:hr>129</gpxtpx:hr>
      <gpxtpx:cad>0</gpxtpx:cad>
     </gpxtpx:TrackPointExtension>
    </extensions>
   </trkpt>
   <trkpt lat="28.4138930" lon="83.8188580">
    <ele>2168.6</ele>
    <time>2026-06-09T07:49:19Z</time>
    <extensions>
     <gpxtpx:TrackPointExtension>
      <gpxtpx:hr>132</gpxtpx:hr>
      <gpxtpx:cad>0</gpxtpx:cad>
     </gpxtpx:TrackPointExtension>
    </extensions>
   </trkpt>
   <trkpt lat="28.4139180" lon="83.8188360">
    <ele>2169.4</ele>
    <time>2026-06-09T07:49:26Z</time>
    <extensions>
     <gpxtpx:TrackPointExtension>
      <gpxtpx:hr>130</gpxtpx:hr>
      <gpxtpx:cad>59</gpxtpx:cad>
     </gpxtpx:TrackPointExtension>
    </extensions>
   </trkpt>
   <trkpt lat="28.4139250" lon="83.8188310">
    <ele>2170.0</ele>
    <time>2026-06-09T07:49:28Z</time>
    <extensions>
     <gpxtpx:TrackPointExtension>
      <gpxtpx:hr>129</gpxtpx:hr>
      <gpxtpx:cad>59</gpxtpx:cad>
     </gpxtpx:TrackPointExtension>
    </extensions>
   </trkpt>
   <trkpt lat="28.4139320" lon="83.8188170">
    <ele>2170.4</ele>
    <time>2026-06-09T07:49:31Z</time>
    <extensions>
     <gpxtpx:TrackPointExtension>
      <gpxtpx:hr>126</gpxtpx:hr>
      <gpxtpx:cad>50</gpxtpx:cad>
     </gpxtpx:TrackPointExtension>
    </extensions>
   </trkpt>
   <trkpt lat="28.4139340" lon="83.8188100">
    <ele>2170.4</ele>
    <time>2026-06-09T07:49:33Z</time>
    <extensions>
     <gpxtpx:TrackPointExtension>
      <gpxtpx:hr>124</gpxtpx:hr>
      <gpxtpx:cad>50</gpxtpx:cad>
     </gpxtpx:TrackPointExtension>
    </extensions>
   </trkpt>
   <trkpt lat="28.4139360" lon="83.8187990">
    <ele>2171.2</ele>
    <time>2026-06-09T07:49:37Z</time>
    <extensions>
     <gpxtpx:TrackPointExtension>
      <gpxtpx:hr>124</gpxtpx:hr>
      <gpxtpx:cad>50</gpxtpx:cad>
     </gpxtpx:TrackPointExtension>
    </extensions>
   </trkpt>
   <trkpt lat="28.4139460" lon="83.8187930">
    <ele>2171.6</ele>
    <time>2026-06-09T07:49:40Z</time>
    <extensions>
     <gpxtpx:TrackPointExtension>
      <gpxtpx:hr>125</gpxtpx:hr>
      <gpxtpx:cad>0</gpxtpx:cad>
     </gpxtpx:TrackPointExtension>
    </extensions>
   </trkpt>
   <trkpt lat="28.4139610" lon="83.8187960">
    <ele>2172.2</ele>
    <time>2026-06-09T07:49:45Z</time>
    <extensions>
     <gpxtpx:TrackPointExtension>
      <gpxtpx:hr>126</gpxtpx:hr>
      <gpxtpx:cad>0</gpxtpx:cad>
     </gpxtpx:TrackPointExtension>
    </extensions>
   </trkpt>
   <trkpt lat="28.4139660" lon="83.8187980">
    <ele>2172.6</ele>
    <time>2026-06-09T07:49:47Z</time>
    <extensions>
     <gpxtpx:TrackPointExtension>
      <gpxtpx:hr>127</gpxtpx:hr>
      <gpxtpx:cad>0</gpxtpx:cad>
     </gpxtpx:TrackPointExtension>
    </extensions>
   </trkpt>
   <trkpt lat="28.4139730" lon="83.8188010">
    <ele>2173.2</ele>
    <time>2026-06-09T07:49:51Z</time>
    <extensions>
     <gpxtpx:TrackPointExtension>
      <gpxtpx:hr>129</gpxtpx:hr>
      <gpxtpx:cad>0</gpxtpx:cad>
     </gpxtpx:TrackPointExtension>
    </extensions>
   </trkpt>
   <trkpt lat="28.4139770" lon="83.8187910">
    <ele>2174.0</ele>
    <time>2026-06-09T07:49:54Z</time>
    <extensions>
     <gpxtpx:TrackPointExtension>
      <gpxtpx:hr>130</gpxtpx:hr>
      <gpxtpx:cad>0</gpxtpx:cad>
     </gpxtpx:TrackPointExtension>
    </extensions>
   </trkpt>
   <trkpt lat="28.4139800" lon="83.8187880">
    <ele>2174.6</ele>
    <time>2026-06-09T07:49:55Z</time>
    <extensions>
     <gpxtpx:TrackPointExtension>
      <gpxtpx:hr>131</gpxtpx:hr>
      <gpxtpx:cad>54</gpxtpx:cad>
     </gpxtpx:TrackPointExtension>
    </extensions>
   </trkpt>
   <trkpt lat="28.4139820" lon="83.8187860">
    <ele>2175.8</ele>
    <time>2026-06-09T07:49:57Z</time>
    <extensions>
     <gpxtpx:TrackPointExtension>
      <gpxtpx:hr>132</gpxtpx:hr>
      <gpxtpx:cad>54</gpxtpx:cad>
     </gpxtpx:TrackPointExtension>
    </extensions>
   </trkpt>
   <trkpt lat="28.4139860" lon="83.8187810">
    <ele>2176.6</ele>
    <time>2026-06-09T07:50:01Z</time>
    <extensions>
     <gpxtpx:TrackPointExtension>
      <gpxtpx:hr>133</gpxtpx:hr>
      <gpxtpx:cad>0</gpxtpx:cad>
     </gpxtpx:TrackPointExtension>
    </extensions>
   </trkpt>
   <trkpt lat="28.4139960" lon="83.8187700">
    <ele>2176.8</ele>
    <time>2026-06-09T07:50:06Z</time>
    <extensions>
     <gpxtpx:TrackPointExtension>
      <gpxtpx:hr>132</gpxtpx:hr>
      <gpxtpx:cad>0</gpxtpx:cad>
     </gpxtpx:TrackPointExtension>
    </extensions>
   </trkpt>
   <trkpt lat="28.4139980" lon="83.8187660">
    <ele>2177.0</ele>
    <time>2026-06-09T07:50:07Z</time>
    <extensions>
     <gpxtpx:TrackPointExtension>
      <gpxtpx:hr>133</gpxtpx:hr>
      <gpxtpx:cad>0</gpxtpx:cad>
     </gpxtpx:TrackPointExtension>
    </extensions>
   </trkpt>
   <trkpt lat="28.4139940" lon="83.8187470">
    <ele>2176.4</ele>
    <time>2026-06-09T07:50:12Z</time>
    <extensions>
     <gpxtpx:TrackPointExtension>
      <gpxtpx:hr>136</gpxtpx:hr>
      <gpxtpx:cad>0</gpxtpx:cad>
     </gpxtpx:TrackPointExtension>
    </extensions>
   </trkpt>
   <trkpt lat="28.4140000" lon="83.8187240">
    <ele>2177.6</ele>
    <time>2026-06-09T07:50:18Z</time>
    <extensions>
     <gpxtpx:TrackPointExtension>
      <gpxtpx:hr>138</gpxtpx:hr>
      <gpxtpx:cad>55</gpxtpx:cad>
     </gpxtpx:TrackPointExtension>
    </extensions>
   </trkpt>
   <trkpt lat="28.4140010" lon="83.8187210">
    <ele>2177.8</ele>
    <time>2026-06-09T07:50:20Z</time>
    <extensions>
     <gpxtpx:TrackPointExtension>
      <gpxtpx:hr>139</gpxtpx:hr>
      <gpxtpx:cad>0</gpxtpx:cad>
     </gpxtpx:TrackPointExtension>
    </extensions>
   </trkpt>
   <trkpt lat="28.4140040" lon="83.8187140">
    <ele>2178.4</ele>
    <time>2026-06-09T07:50:24Z</time>
    <extensions>
     <gpxtpx:TrackPointExtension>
      <gpxtpx:hr>139</gpxtpx:hr>
      <gpxtpx:cad>0</gpxtpx:cad>
     </gpxtpx:TrackPointExtension>
    </extensions>
   </trkpt>
   <trkpt lat="28.4139960" lon="83.8187040">
    <ele>2179.0</ele>
    <time>2026-06-09T07:50:28Z</time>
    <extensions>
     <gpxtpx:TrackPointExtension>
      <gpxtpx:hr>137</gpxtpx:hr>
      <gpxtpx:cad>0</gpxtpx:cad>
     </gpxtpx:TrackPointExtension>
    </extensions>
   </trkpt>
   <trkpt lat="28.4139950" lon="83.8186890">
    <ele>2179.6</ele>
    <time>2026-06-09T07:50:32Z</time>
    <extensions>
     <gpxtpx:TrackPointExtension>
      <gpxtpx:hr>136</gpxtpx:hr>
      <gpxtpx:cad>53</gpxtpx:cad>
     </gpxtpx:TrackPointExtension>
    </extensions>
   </trkpt>
   <trkpt lat="28.4139970" lon="83.8186860">
    <ele>2180.2</ele>
    <time>2026-06-09T07:50:34Z</time>
    <extensions>
     <gpxtpx:TrackPointExtension>
      <gpxtpx:hr>136</gpxtpx:hr>
      <gpxtpx:cad>52</gpxtpx:cad>
     </gpxtpx:TrackPointExtension>
    </extensions>
   </trkpt>
   <trkpt lat="28.4140010" lon="83.8186720">
    <ele>2181.0</ele>
    <time>2026-06-09T07:50:37Z</time>
    <extensions>
     <gpxtpx:TrackPointExtension>
      <gpxtpx:hr>133</gpxtpx:hr>
      <gpxtpx:cad>0</gpxtpx:cad>
     </gpxtpx:TrackPointExtension>
    </extensions>
   </trkpt>
   <trkpt lat="28.4140040" lon="83.8186630">
    <ele>2180.8</ele>
    <time>2026-06-09T07:50:39Z</time>
    <extensions>
     <gpxtpx:TrackPointExtension>
      <gpxtpx:hr>132</gpxtpx:hr>
      <gpxtpx:cad>0</gpxtpx:cad>
     </gpxtpx:TrackPointExtension>
    </extensions>
   </trkpt>
   <trkpt lat="28.4140060" lon="83.8186610">
    <ele>2181.2</ele>
    <time>2026-06-09T07:50:42Z</time>
    <extensions>
     <gpxtpx:TrackPointExtension>
      <gpxtpx:hr>133</gpxtpx:hr>
      <gpxtpx:cad>0</gpxtpx:cad>
     </gpxtpx:TrackPointExtension>
    </extensions>
   </trkpt>
   <trkpt lat="28.4140060" lon="83.8186620">
    <ele>2181.6</ele>
    <time>2026-06-09T07:50:43Z</time>
    <extensions>
     <gpxtpx:TrackPointExtension>
      <gpxtpx:hr>133</gpxtpx:hr>
      <gpxtpx:cad>0</gpxtpx:cad>
     </gpxtpx:TrackPointExtension>
    </extensions>
   </trkpt>
   <trkpt lat="28.4140060" lon="83.8186620">
    <ele>2182.2</ele>
    <time>2026-06-09T07:50:46Z</time>
    <extensions>
     <gpxtpx:TrackPointExtension>
      <gpxtpx:hr>132</gpxtpx:hr>
      <gpxtpx:cad>0</gpxtpx:cad>
     </gpxtpx:TrackPointExtension>
    </extensions>
   </trkpt>
   <trkpt lat="28.4140050" lon="83.8186650">
    <ele>2183.0</ele>
    <time>2026-06-09T07:50:53Z</time>
    <extensions>
     <gpxtpx:TrackPointExtension>
      <gpxtpx:hr>132</gpxtpx:hr>
      <gpxtpx:cad>0</gpxtpx:cad>
     </gpxtpx:TrackPointExtension>
    </extensions>
   </trkpt>
   <trkpt lat="28.4140040" lon="83.8186710">
    <ele>2182.6</ele>
    <time>2026-06-09T07:51:01Z</time>
    <extensions>
     <gpxtpx:TrackPointExtension>
      <gpxtpx:hr>129</gpxtpx:hr>
      <gpxtpx:cad>0</gpxtpx:cad>
     </gpxtpx:TrackPointExtension>
    </extensions>
   </trkpt>
   <trkpt lat="28.4140100" lon="83.8186750">
    <ele>2182.0</ele>
    <time>2026-06-09T07:51:04Z</time>
    <extensions>
     <gpxtpx:TrackPointExtension>
      <gpxtpx:hr>126</gpxtpx:hr>
      <gpxtpx:cad>0</gpxtpx:cad>
     </gpxtpx:TrackPointExtension>
    </extensions>
   </trkpt>
   <trkpt lat="28.4140230" lon="83.8186700">
    <ele>2182.4</ele>
    <time>2026-06-09T07:51:08Z</time>
    <extensions>
     <gpxtpx:TrackPointExtension>
      <gpxtpx:hr>123</gpxtpx:hr>
      <gpxtpx:cad>44</gpxtpx:cad>
     </gpxtpx:TrackPointExtension>
    </extensions>
   </trkpt>
   <trkpt lat="28.4140260" lon="83.8186630">
    <ele>2182.0</ele>
    <time>2026-06-09T07:51:10Z</time>
    <extensions>
     <gpxtpx:TrackPointExtension>
      <gpxtpx:hr>120</gpxtpx:hr>
      <gpxtpx:cad>0</gpxtpx:cad>
     </gpxtpx:TrackPointExtension>
    </extensions>
   </trkpt>
   <trkpt lat="28.4140470" lon="83.8186520">
    <ele>2181.6</ele>
    <time>2026-06-09T07:51:15Z</time>
    <extensions>
     <gpxtpx:TrackPointExtension>
      <gpxtpx:hr>119</gpxtpx:hr>
      <gpxtpx:cad>0</gpxtpx:cad>
     </gpxtpx:TrackPointExtension>
    </extensions>
   </trkpt>
   <trkpt lat="28.4140740" lon="83.8186450">
    <ele>2182.4</ele>
    <time>2026-06-09T07:51:20Z</time>
    <extensions>
     <gpxtpx:TrackPointExtension>
      <gpxtpx:hr>116</gpxtpx:hr>
      <gpxtpx:cad>0</gpxtpx:cad>
     </gpxtpx:TrackPointExtension>
    </extensions>
   </trkpt>
   <trkpt lat="28.4140810" lon="83.8186410">
    <ele>2182.6</ele>
    <time>2026-06-09T07:51:22Z</time>
    <extensions>
     <gpxtpx:TrackPointExtension>
      <gpxtpx:hr>115</gpxtpx:hr>
      <gpxtpx:cad>0</gpxtpx:cad>
     </gpxtpx:TrackPointExtension>
    </extensions>
   </trkpt>
   <trkpt lat="28.4140960" lon="83.8186390">
    <ele>2183.4</ele>
    <time>2026-06-09T07:51:26Z</time>
    <extensions>
     <gpxtpx:TrackPointExtension>
      <gpxtpx:hr>116</gpxtpx:hr>
      <gpxtpx:cad>61</gpxtpx:cad>
     </gpxtpx:TrackPointExtension>
    </extensions>
   </trkpt>
   <trkpt lat="28.4140990" lon="83.8186420">
    <ele>2183.6</ele>
    <time>2026-06-09T07:51:28Z</time>
    <extensions>
     <gpxtpx:TrackPointExtension>
      <gpxtpx:hr>117</gpxtpx:hr>
      <gpxtpx:cad>61</gpxtpx:cad>
     </gpxtpx:TrackPointExtension>
    </extensions>
   </trkpt>
   <trkpt lat="28.4141120" lon="83.8186490">
    <ele>2184.4</ele>
    <time>2026-06-09T07:51:32Z</time>
    <extensions>
     <gpxtpx:TrackPointExtension>
      <gpxtpx:hr>119</gpxtpx:hr>
      <gpxtpx:cad>51</gpxtpx:cad>
     </gpxtpx:TrackPointExtension>
    </extensions>
   </trkpt>
   <trkpt lat="28.4141240" lon="83.8186560">
    <ele>2184.8</ele>
    <time>2026-06-09T07:51:35Z</time>
    <extensions>
     <gpxtpx:TrackPointExtension>
      <gpxtpx:hr>121</gpxtpx:hr>
      <gpxtpx:cad>50</gpxtpx:cad>
     </gpxtpx:TrackPointExtension>
    </extensions>
   </trkpt>
   <trkpt lat="28.4141370" lon="83.8186720">
    <ele>2185.6</ele>
    <time>2026-06-09T07:51:39Z</time>
    <extensions>
     <gpxtpx:TrackPointExtension>
      <gpxtpx:hr>122</gpxtpx:hr>
      <gpxtpx:cad>0</gpxtpx:cad>
     </gpxtpx:TrackPointExtension>
    </extensions>
   </trkpt>
   <trkpt lat="28.4141440" lon="83.8186730">
    <ele>2186.2</ele>
    <time>2026-06-09T07:51:42Z</time>
    <extensions>
     <gpxtpx:TrackPointExtension>
      <gpxtpx:hr>122</gpxtpx:hr>
      <gpxtpx:cad>58</gpxtpx:cad>
     </gpxtpx:TrackPointExtension>
    </extensions>
   </trkpt>
   <trkpt lat="28.4141560" lon="83.8186760">
    <ele>2186.6</ele>
    <time>2026-06-09T07:51:45Z</time>
    <extensions>
     <gpxtpx:TrackPointExtension>
      <gpxtpx:hr>121</gpxtpx:hr>
      <gpxtpx:cad>57</gpxtpx:cad>
     </gpxtpx:TrackPointExtension>
    </extensions>
   </trkpt>
   <trkpt lat="28.4141760" lon="83.8186880">
    <ele>2187.6</ele>
    <time>2026-06-09T07:51:49Z</time>
    <extensions>
     <gpxtpx:TrackPointExtension>
      <gpxtpx:hr>122</gpxtpx:hr>
      <gpxtpx:cad>61</gpxtpx:cad>
     </gpxtpx:TrackPointExtension>
    </extensions>
   </trkpt>
   <trkpt lat="28.4141870" lon="83.8186920">
    <ele>2187.8</ele>
    <time>2026-06-09T07:51:50Z</time>
    <extensions>
     <gpxtpx:TrackPointExtension>
      <gpxtpx:hr>122</gpxtpx:hr>
      <gpxtpx:cad>64</gpxtpx:cad>
     </gpxtpx:TrackPointExtension>
    </extensions>
   </trkpt>
   <trkpt lat="28.4142100" lon="83.8186970">
    <ele>2188.0</ele>
    <time>2026-06-09T07:51:53Z</time>
    <extensions>
     <gpxtpx:TrackPointExtension>
      <gpxtpx:hr>125</gpxtpx:hr>
      <gpxtpx:cad>64</gpxtpx:cad>
     </gpxtpx:TrackPointExtension>
    </extensions>
   </trkpt>
   <trkpt lat="28.4142220" lon="83.8187000">
    <ele>2188.2</ele>
    <time>2026-06-09T07:51:54Z</time>
    <extensions>
     <gpxtpx:TrackPointExtension>
      <gpxtpx:hr>127</gpxtpx:hr>
      <gpxtpx:cad>64</gpxtpx:cad>
     </gpxtpx:TrackPointExtension>
    </extensions>
   </trkpt>
   <trkpt lat="28.4142650" lon="83.8187070">
    <ele>2188.4</ele>
    <time>2026-06-09T07:52:01Z</time>
    <extensions>
     <gpxtpx:TrackPointExtension>
      <gpxtpx:hr>126</gpxtpx:hr>
      <gpxtpx:cad>48</gpxtpx:cad>
     </gpxtpx:TrackPointExtension>
    </extensions>
   </trkpt>
   <trkpt lat="28.4142750" lon="83.8187040">
    <ele>2188.8</ele>
    <time>2026-06-09T07:52:06Z</time>
    <extensions>
     <gpxtpx:TrackPointExtension>
      <gpxtpx:hr>127</gpxtpx:hr>
      <gpxtpx:cad>0</gpxtpx:cad>
     </gpxtpx:TrackPointExtension>
    </extensions>
   </trkpt>
   <trkpt lat="28.4142840" lon="83.8187060">
    <ele>2189.0</ele>
    <time>2026-06-09T07:52:07Z</time>
    <extensions>
     <gpxtpx:TrackPointExtension>
      <gpxtpx:hr>127</gpxtpx:hr>
      <gpxtpx:cad>57</gpxtpx:cad>
     </gpxtpx:TrackPointExtension>
    </extensions>
   </trkpt>
   <trkpt lat="28.4143010" lon="83.8187150">
    <ele>2189.8</ele>
    <time>2026-06-09T07:52:11Z</time>
    <extensions>
     <gpxtpx:TrackPointExtension>
      <gpxtpx:hr>126</gpxtpx:hr>
      <gpxtpx:cad>57</gpxtpx:cad>
     </gpxtpx:TrackPointExtension>
    </extensions>
   </trkpt>
   <trkpt lat="28.4143190" lon="83.8187210">
    <ele>2190.4</ele>
    <time>2026-06-09T07:52:14Z</time>
    <extensions>
     <gpxtpx:TrackPointExtension>
      <gpxtpx:hr>126</gpxtpx:hr>
      <gpxtpx:cad>57</gpxtpx:cad>
     </gpxtpx:TrackPointExtension>
    </extensions>
   </trkpt>
   <trkpt lat="28.4143310" lon="83.8187260">
    <ele>2191.2</ele>
    <time>2026-06-09T07:52:17Z</time>
    <extensions>
     <gpxtpx:TrackPointExtension>
      <gpxtpx:hr>127</gpxtpx:hr>
      <gpxtpx:cad>0</gpxtpx:cad>
     </gpxtpx:TrackPointExtension>
    </extensions>
   </trkpt>
   <trkpt lat="28.4143450" lon="83.8187310">
    <ele>2192.0</ele>
    <time>2026-06-09T07:52:20Z</time>
    <extensions>
     <gpxtpx:TrackPointExtension>
      <gpxtpx:hr>127</gpxtpx:hr>
      <gpxtpx:cad>47</gpxtpx:cad>
     </gpxtpx:TrackPointExtension>
    </extensions>
   </trkpt>
   <trkpt lat="28.4143330" lon="83.8187540">
    <ele>2191.2</ele>
    <time>2026-06-09T07:52:27Z</time>
    <extensions>
     <gpxtpx:TrackPointExtension>
      <gpxtpx:hr>125</gpxtpx:hr>
      <gpxtpx:cad>0</gpxtpx:cad>
     </gpxtpx:TrackPointExtension>
    </extensions>
   </trkpt>
   <trkpt lat="28.4143340" lon="83.8187570">
    <ele>2191.2</ele>
    <time>2026-06-09T07:52:28Z</time>
    <extensions>
     <gpxtpx:TrackPointExtension>
      <gpxtpx:hr>122</gpxtpx:hr>
      <gpxtpx:cad>0</gpxtpx:cad>
     </gpxtpx:TrackPointExtension>
    </extensions>
   </trkpt>
   <trkpt lat="28.4143200" lon="83.8187690">
    <ele>2191.0</ele>
    <time>2026-06-09T07:52:33Z</time>
    <extensions>
     <gpxtpx:TrackPointExtension>
      <gpxtpx:hr>121</gpxtpx:hr>
      <gpxtpx:cad>0</gpxtpx:cad>
     </gpxtpx:TrackPointExtension>
    </extensions>
   </trkpt>
   <trkpt lat="28.4143010" lon="83.8188110">
    <ele>2192.0</ele>
    <time>2026-06-09T07:52:46Z</time>
    <extensions>
     <gpxtpx:TrackPointExtension>
      <gpxtpx:hr>117</gpxtpx:hr>
      <gpxtpx:cad>0</gpxtpx:cad>
     </gpxtpx:TrackPointExtension>
    </extensions>
   </trkpt>
   <trkpt lat="28.4143060" lon="83.8188350">
    <ele>2192.2</ele>
    <time>2026-06-09T07:52:48Z</time>
    <extensions>
     <gpxtpx:TrackPointExtension>
      <gpxtpx:hr>114</gpxtpx:hr>
      <gpxtpx:cad>0</gpxtpx:cad>
     </gpxtpx:TrackPointExtension>
    </extensions>
   </trkpt>
   <trkpt lat="28.4143190" lon="83.8189020">
    <ele>2193.4</ele>
    <time>2026-06-09T07:52:53Z</time>
    <extensions>
     <gpxtpx:TrackPointExtension>
      <gpxtpx:hr>113</gpxtpx:hr>
      <gpxtpx:cad>0</gpxtpx:cad>
     </gpxtpx:TrackPointExtension>
    </extensions>
   </trkpt>
   <trkpt lat="28.4143260" lon="83.8189180">
    <ele>2193.2</ele>
    <time>2026-06-09T07:52:57Z</time>
    <extensions>
     <gpxtpx:TrackPointExtension>
      <gpxtpx:hr>110</gpxtpx:hr>
      <gpxtpx:cad>0</gpxtpx:cad>
     </gpxtpx:TrackPointExtension>
    </extensions>
   </trkpt>
   <trkpt lat="28.4143260" lon="83.8189190">
    <ele>2193.2</ele>
    <time>2026-06-09T07:52:58Z</time>
    <extensions>
     <gpxtpx:TrackPointExtension>
      <gpxtpx:hr>108</gpxtpx:hr>
      <gpxtpx:cad>0</gpxtpx:cad>
     </gpxtpx:TrackPointExtension>
    </extensions>
   </trkpt>
   <trkpt lat="28.4143160" lon="83.8189100">
    <ele>2193.4</ele>
    <time>2026-06-09T07:53:08Z</time>
    <extensions>
     <gpxtpx:TrackPointExtension>
      <gpxtpx:hr>107</gpxtpx:hr>
      <gpxtpx:cad>0</gpxtpx:cad>
     </gpxtpx:TrackPointExtension>
    </extensions>
   </trkpt>
   <trkpt lat="28.4143250" lon="83.8188800">
    <ele>2192.2</ele>
    <time>2026-06-09T07:53:12Z</time>
    <extensions>
     <gpxtpx:TrackPointExtension>
      <gpxtpx:hr>105</gpxtpx:hr>
      <gpxtpx:cad>0</gpxtpx:cad>
     </gpxtpx:TrackPointExtension>
    </extensions>
   </trkpt>
   <trkpt lat="28.4143270" lon="83.8188850">
    <ele>2192.0</ele>
    <time>2026-06-09T07:53:14Z</time>
    <extensions>
     <gpxtpx:TrackPointExtension>
      <gpxtpx:hr>100</gpxtpx:hr>
      <gpxtpx:cad>0</gpxtpx:cad>
     </gpxtpx:TrackPointExtension>
    </extensions>
   </trkpt>
   <trkpt lat="28.4143280" lon="83.8188890">
    <ele>2192.0</ele>
    <time>2026-06-09T07:53:15Z</time>
    <extensions>
     <gpxtpx:TrackPointExtension>
      <gpxtpx:hr>99</gpxtpx:hr>
      <gpxtpx:cad>0</gpxtpx:cad>
     </gpxtpx:TrackPointExtension>
    </extensions>
   </trkpt>
   <trkpt lat="28.4143280" lon="83.8189240">
    <ele>2193.0</ele>
    <time>2026-06-09T07:53:24Z</time>
    <extensions>
     <gpxtpx:TrackPointExtension>
      <gpxtpx:hr>98</gpxtpx:hr>
      <gpxtpx:cad>0</gpxtpx:cad>
     </gpxtpx:TrackPointExtension>
    </extensions>
   </trkpt>
   <trkpt lat="28.4142980" lon="83.8189420">
    <ele>2192.8</ele>
    <time>2026-06-09T07:53:33Z</time>
    <extensions>
     <gpxtpx:TrackPointExtension>
      <gpxtpx:hr>100</gpxtpx:hr>
      <gpxtpx:cad>0</gpxtpx:cad>
     </gpxtpx:TrackPointExtension>
    </extensions>
   </trkpt>
   <trkpt lat="28.4142870" lon="83.8189560">
    <ele>2192.4</ele>
    <time>2026-06-09T07:53:36Z</time>
    <extensions>
     <gpxtpx:TrackPointExtension>
      <gpxtpx:hr>94</gpxtpx:hr>
      <gpxtpx:cad>0</gpxtpx:cad>
     </gpxtpx:TrackPointExtension>
    </extensions>
   </trkpt>
   <trkpt lat="28.4142860" lon="83.8189510">
    <ele>2192.4</ele>
    <time>2026-06-09T07:53:37Z</time>
    <extensions>
     <gpxtpx:TrackPointExtension>
      <gpxtpx:hr>91</gpxtpx:hr>
      <gpxtpx:cad>0</gpxtpx:cad>
     </gpxtpx:TrackPointExtension>
    </extensions>
   </trkpt>
   <trkpt lat="28.4142860" lon="83.8189480">
    <ele>2192.4</ele>
    <time>2026-06-09T07:53:38Z</time>
    <extensions>
     <gpxtpx:TrackPointExtension>
      <gpxtpx:hr>88</gpxtpx:hr>
      <gpxtpx:cad>0</gpxtpx:cad>
     </gpxtpx:TrackPointExtension>
    </extensions>
   </trkpt>
   <trkpt lat="28.4142860" lon="83.8189460">
    <ele>2192.4</ele>
    <time>2026-06-09T07:53:40Z</time>
    <extensions>
     <gpxtpx:TrackPointExtension>
      <gpxtpx:hr>85</gpxtpx:hr>
      <gpxtpx:cad>0</gpxtpx:cad>
     </gpxtpx:TrackPointExtension>
    </extensions>
   </trkpt>
   <trkpt lat="28.4142840" lon="83.8189490">
    <ele>2192.6</ele>
    <time>2026-06-09T07:53:42Z</time>
    <extensions>
     <gpxtpx:TrackPointExtension>
      <gpxtpx:hr>85</gpxtpx:hr>
      <gpxtpx:cad>0</gpxtpx:cad>
     </gpxtpx:TrackPointExtension>
    </extensions>
   </trkpt>
   <trkpt lat="28.4142870" lon="83.8190180">
    <ele>2192.2</ele>
    <time>2026-06-09T07:53:50Z</time>
    <extensions>
     <gpxtpx:TrackPointExtension>
      <gpxtpx:hr>86</gpxtpx:hr>
      <gpxtpx:cad>0</gpxtpx:cad>
     </gpxtpx:TrackPointExtension>
    </extensions>
   </trkpt>
   <trkpt lat="28.4143000" lon="83.8190230">
    <ele>2193.6</ele>
    <time>2026-06-09T07:53:54Z</time>
    <extensions>
     <gpxtpx:TrackPointExtension>
      <gpxtpx:hr>88</gpxtpx:hr>
      <gpxtpx:cad>0</gpxtpx:cad>
     </gpxtpx:TrackPointExtension>
    </extensions>
   </trkpt>
   <trkpt lat="28.4143190" lon="83.8190090">
    <ele>2193.6</ele>
    <time>2026-06-09T07:53:58Z</time>
    <extensions>
     <gpxtpx:TrackPointExtension>
      <gpxtpx:hr>90</gpxtpx:hr>
      <gpxtpx:cad>0</gpxtpx:cad>
     </gpxtpx:TrackPointExtension>
    </extensions>
   </trkpt>
   <trkpt lat="28.4143300" lon="83.8190090">
    <ele>2193.8</ele>
    <time>2026-06-09T07:54:05Z</time>
    <extensions>
     <gpxtpx:TrackPointExtension>
      <gpxtpx:hr>85</gpxtpx:hr>
      <gpxtpx:cad>0</gpxtpx:cad>
     </gpxtpx:TrackPointExtension>
    </extensions>
   </trkpt>
   <trkpt lat="28.4143380" lon="83.8189940">
    <ele>2194.2</ele>
    <time>2026-06-09T07:54:09Z</time>
    <extensions>
     <gpxtpx:TrackPointExtension>
      <gpxtpx:hr>85</gpxtpx:hr>
      <gpxtpx:cad>0</gpxtpx:cad>
     </gpxtpx:TrackPointExtension>
    </extensions>
   </trkpt>
   <trkpt lat="28.4143410" lon="83.8189880">
    <ele>2194.0</ele>
    <time>2026-06-09T07:54:12Z</time>
    <extensions>
     <gpxtpx:TrackPointExtension>
      <gpxtpx:hr>88</gpxtpx:hr>
      <gpxtpx:cad>0</gpxtpx:cad>
     </gpxtpx:TrackPointExtension>
    </extensions>
   </trkpt>
   <trkpt lat="28.4143380" lon="83.8189600">
    <ele>2194.4</ele>
    <time>2026-06-09T07:54:23Z</time>
    <extensions>
     <gpxtpx:TrackPointExtension>
      <gpxtpx:hr>89</gpxtpx:hr>
      <gpxtpx:cad>0</gpxtpx:cad>
     </gpxtpx:TrackPointExtension>
    </extensions>
   </trkpt>
   <trkpt lat="28.4143310" lon="83.8189600">
    <ele>2194.4</ele>
    <time>2026-06-09T07:54:26Z</time>
    <extensions>
     <gpxtpx:TrackPointExtension>
      <gpxtpx:hr>86</gpxtpx:hr>
      <gpxtpx:cad>0</gpxtpx:cad>
     </gpxtpx:TrackPointExtension>
    </extensions>
   </trkpt>
   <trkpt lat="28.4143290" lon="83.8189640">
    <ele>2194.6</ele>
    <time>2026-06-09T07:54:27Z</time>
    <extensions>
     <gpxtpx:TrackPointExtension>
      <gpxtpx:hr>86</gpxtpx:hr>
      <gpxtpx:cad>0</gpxtpx:cad>
     </gpxtpx:TrackPointExtension>
    </extensions>
   </trkpt>
   <trkpt lat="28.4143010" lon="83.8189900">
    <ele>2194.8</ele>
    <time>2026-06-09T07:54:38Z</time>
    <extensions>
     <gpxtpx:TrackPointExtension>
      <gpxtpx:hr>87</gpxtpx:hr>
      <gpxtpx:cad>0</gpxtpx:cad>
     </gpxtpx:TrackPointExtension>
    </extensions>
   </trkpt>
   <trkpt lat="28.4142770" lon="83.8190020">
    <ele>2195.0</ele>
    <time>2026-06-09T07:54:49Z</time>
    <extensions>
     <gpxtpx:TrackPointExtension>
      <gpxtpx:hr>88</gpxtpx:hr>
      <gpxtpx:cad>0</gpxtpx:cad>
     </gpxtpx:TrackPointExtension>
    </extensions>
   </trkpt>
   <trkpt lat="28.4142580" lon="83.8189900">
    <ele>2195.4</ele>
    <time>2026-06-09T07:54:58Z</time>
    <extensions>
     <gpxtpx:TrackPointExtension>
      <gpxtpx:hr>89</gpxtpx:hr>
      <gpxtpx:cad>0</gpxtpx:cad>
     </gpxtpx:TrackPointExtension>
    </extensions>
   </trkpt>
   <trkpt lat="28.4142430" lon="83.8189810">
    <ele>2195.6</ele>
    <time>2026-06-09T07:55:04Z</time>
    <extensions>
     <gpxtpx:TrackPointExtension>
      <gpxtpx:hr>90</gpxtpx:hr>
      <gpxtpx:cad>0</gpxtpx:cad>
     </gpxtpx:TrackPointExtension>
    </extensions>
   </trkpt>
   <trkpt lat="28.4142410" lon="83.8189800">
    <ele>2195.6</ele>
    <time>2026-06-09T07:55:05Z</time>
    <extensions>
     <gpxtpx:TrackPointExtension>
      <gpxtpx:hr>95</gpxtpx:hr>
      <gpxtpx:cad>0</gpxtpx:cad>
     </gpxtpx:TrackPointExtension>
    </extensions>
   </trkpt>
   <trkpt lat="28.4142390" lon="83.8189810">
    <ele>2195.6</ele>
    <time>2026-06-09T07:55:06Z</time>
    <extensions>
     <gpxtpx:TrackPointExtension>
      <gpxtpx:hr>100</gpxtpx:hr>
      <gpxtpx:cad>0</gpxtpx:cad>
     </gpxtpx:TrackPointExtension>
    </extensions>
   </trkpt>
   <trkpt lat="28.4142370" lon="83.8189830">
    <ele>2195.6</ele>
    <time>2026-06-09T07:55:07Z</time>
    <extensions>
     <gpxtpx:TrackPointExtension>
      <gpxtpx:hr>105</gpxtpx:hr>
      <gpxtpx:cad>0</gpxtpx:cad>
     </gpxtpx:TrackPointExtension>
    </extensions>
   </trkpt>
   <trkpt lat="28.4142360" lon="83.8189830">
    <ele>2195.6</ele>
    <time>2026-06-09T07:55:08Z</time>
    <extensions>
     <gpxtpx:TrackPointExtension>
      <gpxtpx:hr>108</gpxtpx:hr>
      <gpxtpx:cad>0</gpxtpx:cad>
     </gpxtpx:TrackPointExtension>
    </extensions>
   </trkpt>
   <trkpt lat="28.4142350" lon="83.8189830">
    <ele>2195.6</ele>
    <time>2026-06-09T07:55:09Z</time>
    <extensions>
     <gpxtpx:TrackPointExtension>
      <gpxtpx:hr>108</gpxtpx:hr>
      <gpxtpx:cad>0</gpxtpx:cad>
     </gpxtpx:TrackPointExtension>
    </extensions>
   </trkpt>
   <trkpt lat="28.4142350" lon="83.8189840">
    <ele>2195.6</ele>
    <time>2026-06-09T07:55:10Z</time>
    <extensions>
     <gpxtpx:TrackPointExtension>
      <gpxtpx:hr>108</gpxtpx:hr>
      <gpxtpx:cad>0</gpxtpx:cad>
     </gpxtpx:TrackPointExtension>
    </extensions>
   </trkpt>
   <trkpt lat="28.4142450" lon="83.8189640">
    <ele>2195.8</ele>
    <time>2026-06-09T07:55:16Z</time>
    <extensions>
     <gpxtpx:TrackPointExtension>
      <gpxtpx:hr>111</gpxtpx:hr>
      <gpxtpx:cad>0</gpxtpx:cad>
     </gpxtpx:TrackPointExtension>
    </extensions>
   </trkpt>
   <trkpt lat="28.4142550" lon="83.8189470">
    <ele>2195.8</ele>
    <time>2026-06-09T07:55:18Z</time>
    <extensions>
     <gpxtpx:TrackPointExtension>
      <gpxtpx:hr>111</gpxtpx:hr>
      <gpxtpx:cad>0</gpxtpx:cad>
     </gpxtpx:TrackPointExtension>
    </extensions>
   </trkpt>
   <trkpt lat="28.4142630" lon="83.8189410">
    <ele>2195.8</ele>
    <time>2026-06-09T07:55:20Z</time>
    <extensions>
     <gpxtpx:TrackPointExtension>
      <gpxtpx:hr>107</gpxtpx:hr>
      <gpxtpx:cad>0</gpxtpx:cad>
     </gpxtpx:TrackPointExtension>
    </extensions>
   </trkpt>
   <trkpt lat="28.4142670" lon="83.8189330">
    <ele>2196.0</ele>
    <time>2026-06-09T07:55:22Z</time>
    <extensions>
     <gpxtpx:TrackPointExtension>
      <gpxtpx:hr>100</gpxtpx:hr>
      <gpxtpx:cad>0</gpxtpx:cad>
     </gpxtpx:TrackPointExtension>
    </extensions>
   </trkpt>
   <trkpt lat="28.4142700" lon="83.8189300">
    <ele>2196.0</ele>
    <time>2026-06-09T07:55:23Z</time>
    <extensions>
     <gpxtpx:TrackPointExtension>
      <gpxtpx:hr>94</gpxtpx:hr>
      <gpxtpx:cad>0</gpxtpx:cad>
     </gpxtpx:TrackPointExtension>
    </extensions>
   </trkpt>
   <trkpt lat="28.4142720" lon="83.8189300">
    <ele>2196.0</ele>
    <time>2026-06-09T07:55:24Z</time>
    <extensions>
     <gpxtpx:TrackPointExtension>
      <gpxtpx:hr>91</gpxtpx:hr>
      <gpxtpx:cad>0</gpxtpx:cad>
     </gpxtpx:TrackPointExtension>
    </extensions>
   </trkpt>
   <trkpt lat="28.4142670" lon="83.8189350">
    <ele>2196.0</ele>
    <time>2026-06-09T07:55:27Z</time>
    <extensions>
     <gpxtpx:TrackPointExtension>
      <gpxtpx:hr>89</gpxtpx:hr>
      <gpxtpx:cad>0</gpxtpx:cad>
     </gpxtpx:TrackPointExtension>
    </extensions>
   </trkpt>
   <trkpt lat="28.4142930" lon="83.8188960">
    <ele>2196.6</ele>
    <time>2026-06-09T07:55:41Z</time>
    <extensions>
     <gpxtpx:TrackPointExtension>
      <gpxtpx:hr>89</gpxtpx:hr>
      <gpxtpx:cad>0</gpxtpx:cad>
     </gpxtpx:TrackPointExtension>
    </extensions>
   </trkpt>
   <trkpt lat="28.4142950" lon="83.8188930">
    <ele>2196.6</ele>
    <time>2026-06-09T07:55:42Z</time>
    <extensions>
     <gpxtpx:TrackPointExtension>
      <gpxtpx:hr>89</gpxtpx:hr>
      <gpxtpx:cad>0</gpxtpx:cad>
     </gpxtpx:TrackPointExtension>
    </extensions>
   </trkpt>
   <trkpt lat="28.4143000" lon="83.8188810">
    <ele>2196.6</ele>
    <time>2026-06-09T07:55:47Z</time>
    <extensions>
     <gpxtpx:TrackPointExtension>
      <gpxtpx:hr>92</gpxtpx:hr>
      <gpxtpx:cad>0</gpxtpx:cad>
     </gpxtpx:TrackPointExtension>
    </extensions>
   </trkpt>
   <trkpt lat="28.4143110" lon="83.8188680">
    <ele>2196.6</ele>
    <time>2026-06-09T07:55:54Z</time>
    <extensions>
     <gpxtpx:TrackPointExtension>
      <gpxtpx:hr>89</gpxtpx:hr>
      <gpxtpx:cad>0</gpxtpx:cad>
     </gpxtpx:TrackPointExtension>
    </extensions>
   </trkpt>
   <trkpt lat="28.4143110" lon="83.8188520">
    <ele>2196.4</ele>
    <time>2026-06-09T07:55:57Z</time>
    <extensions>
     <gpxtpx:TrackPointExtension>
      <gpxtpx:hr>86</gpxtpx:hr>
      <gpxtpx:cad>0</gpxtpx:cad>
     </gpxtpx:TrackPointExtension>
    </extensions>
   </trkpt>
   <trkpt lat="28.4143140" lon="83.8188430">
    <ele>2196.8</ele>
    <time>2026-06-09T07:56:02Z</time>
    <extensions>
     <gpxtpx:TrackPointExtension>
      <gpxtpx:hr>86</gpxtpx:hr>
      <gpxtpx:cad>0</gpxtpx:cad>
     </gpxtpx:TrackPointExtension>
    </extensions>
   </trkpt>
   <trkpt lat="28.4143170" lon="83.8188310">
    <ele>2196.4</ele>
    <time>2026-06-09T07:56:08Z</time>
    <extensions>
     <gpxtpx:TrackPointExtension>
      <gpxtpx:hr>91</gpxtpx:hr>
      <gpxtpx:cad>0</gpxtpx:cad>
     </gpxtpx:TrackPointExtension>
    </extensions>
   </trkpt>
   <trkpt lat="28.4143170" lon="83.8188300">
    <ele>2196.4</ele>
    <time>2026-06-09T07:56:09Z</time>
    <extensions>
     <gpxtpx:TrackPointExtension>
      <gpxtpx:hr>94</gpxtpx:hr>
      <gpxtpx:cad>0</gpxtpx:cad>
     </gpxtpx:TrackPointExtension>
    </extensions>
   </trkpt>
   <trkpt lat="28.4143160" lon="83.8188260">
    <ele>2196.6</ele>
    <time>2026-06-09T07:56:13Z</time>
    <extensions>
     <gpxtpx:TrackPointExtension>
      <gpxtpx:hr>94</gpxtpx:hr>
      <gpxtpx:cad>0</gpxtpx:cad>
     </gpxtpx:TrackPointExtension>
    </extensions>
   </trkpt>
   <trkpt lat="28.4143160" lon="83.8188190">
    <ele>2196.6</ele>
    <time>2026-06-09T07:56:19Z</time>
    <extensions>
     <gpxtpx:TrackPointExtension>
      <gpxtpx:hr>97</gpxtpx:hr>
      <gpxtpx:cad>0</gpxtpx:cad>
     </gpxtpx:TrackPointExtension>
    </extensions>
   </trkpt>
   <trkpt lat="28.4143110" lon="83.8188280">
    <ele>2196.6</ele>
    <time>2026-06-09T07:56:24Z</time>
    <extensions>
     <gpxtpx:TrackPointExtension>
      <gpxtpx:hr>98</gpxtpx:hr>
      <gpxtpx:cad>0</gpxtpx:cad>
     </gpxtpx:TrackPointExtension>
    </extensions>
   </trkpt>
   <trkpt lat="28.4143060" lon="83.8188440">
    <ele>2196.8</ele>
    <time>2026-06-09T07:56:35Z</time>
    <extensions>
     <gpxtpx:TrackPointExtension>
      <gpxtpx:hr>97</gpxtpx:hr>
      <gpxtpx:cad>0</gpxtpx:cad>
     </gpxtpx:TrackPointExtension>
    </extensions>
   </trkpt>
   <trkpt lat="28.4143070" lon="83.8188510">
    <ele>2197.0</ele>
    <time>2026-06-09T07:56:39Z</time>
    <extensions>
     <gpxtpx:TrackPointExtension>
      <gpxtpx:hr>94</gpxtpx:hr>
      <gpxtpx:cad>0</gpxtpx:cad>
     </gpxtpx:TrackPointExtension>
    </extensions>
   </trkpt>
   <trkpt lat="28.4143060" lon="83.8188670">
    <ele>2196.8</ele>
    <time>2026-06-09T07:56:44Z</time>
    <extensions>
     <gpxtpx:TrackPointExtension>
      <gpxtpx:hr>92</gpxtpx:hr>
      <gpxtpx:cad>0</gpxtpx:cad>
     </gpxtpx:TrackPointExtension>
    </extensions>
   </trkpt>
   <trkpt lat="28.4142970" lon="83.8188990">
    <ele>2196.8</ele>
    <time>2026-06-09T07:56:51Z</time>
    <extensions>
     <gpxtpx:TrackPointExtension>
      <gpxtpx:hr>96</gpxtpx:hr>
      <gpxtpx:cad>0</gpxtpx:cad>
     </gpxtpx:TrackPointExtension>
    </extensions>
   </trkpt>
   <trkpt lat="28.4142940" lon="83.8189030">
    <ele>2196.8</ele>
    <time>2026-06-09T07:56:52Z</time>
    <extensions>
     <gpxtpx:TrackPointExtension>
      <gpxtpx:hr>99</gpxtpx:hr>
      <gpxtpx:cad>0</gpxtpx:cad>
     </gpxtpx:TrackPointExtension>
    </extensions>
   </trkpt>
   <trkpt lat="28.4142910" lon="83.8189060">
    <ele>2196.6</ele>
    <time>2026-06-09T07:56:53Z</time>
    <extensions>
     <gpxtpx:TrackPointExtension>
      <gpxtpx:hr>99</gpxtpx:hr>
      <gpxtpx:cad>0</gpxtpx:cad>
     </gpxtpx:TrackPointExtension>
    </extensions>
   </trkpt>
   <trkpt lat="28.4142860" lon="83.8189130">
    <ele>2196.6</ele>
    <time>2026-06-09T07:56:55Z</time>
    <extensions>
     <gpxtpx:TrackPointExtension>
      <gpxtpx:hr>95</gpxtpx:hr>
      <gpxtpx:cad>0</gpxtpx:cad>
     </gpxtpx:TrackPointExtension>
    </extensions>
   </trkpt>
   <trkpt lat="28.4142850" lon="83.8189160">
    <ele>2196.8</ele>
    <time>2026-06-09T07:56:57Z</time>
    <extensions>
     <gpxtpx:TrackPointExtension>
      <gpxtpx:hr>90</gpxtpx:hr>
      <gpxtpx:cad>0</gpxtpx:cad>
     </gpxtpx:TrackPointExtension>
    </extensions>
   </trkpt>
   <trkpt lat="28.4142850" lon="83.8189170">
    <ele>2196.8</ele>
    <time>2026-06-09T07:56:58Z</time>
    <extensions>
     <gpxtpx:TrackPointExtension>
      <gpxtpx:hr>89</gpxtpx:hr>
      <gpxtpx:cad>0</gpxtpx:cad>
     </gpxtpx:TrackPointExtension>
    </extensions>
   </trkpt>
   <trkpt lat="28.4142850" lon="83.8189190">
    <ele>2196.8</ele>
    <time>2026-06-09T07:57:01Z</time>
    <extensions>
     <gpxtpx:TrackPointExtension>
      <gpxtpx:hr>92</gpxtpx:hr>
      <gpxtpx:cad>0</gpxtpx:cad>
     </gpxtpx:TrackPointExtension>
    </extensions>
   </trkpt>
   <trkpt lat="28.4142850" lon="83.8189190">
    <ele>2196.8</ele>
    <time>2026-06-09T07:57:02Z</time>
    <extensions>
     <gpxtpx:TrackPointExtension>
      <gpxtpx:hr>96</gpxtpx:hr>
      <gpxtpx:cad>0</gpxtpx:cad>
     </gpxtpx:TrackPointExtension>
    </extensions>
   </trkpt>
   <trkpt lat="28.4142980" lon="83.8188750">
    <ele>2197.2</ele>
    <time>2026-06-09T07:57:12Z</time>
    <extensions>
     <gpxtpx:TrackPointExtension>
      <gpxtpx:hr>94</gpxtpx:hr>
      <gpxtpx:cad>0</gpxtpx:cad>
     </gpxtpx:TrackPointExtension>
    </extensions>
   </trkpt>
   <trkpt lat="28.4143000" lon="83.8188700">
    <ele>2197.4</ele>
    <time>2026-06-09T07:57:16Z</time>
    <extensions>
     <gpxtpx:TrackPointExtension>
      <gpxtpx:hr>91</gpxtpx:hr>
      <gpxtpx:cad>0</gpxtpx:cad>
     </gpxtpx:TrackPointExtension>
    </extensions>
   </trkpt>
   <trkpt lat="28.4143020" lon="83.8188650">
    <ele>2197.2</ele>
    <time>2026-06-09T07:57:18Z</time>
    <extensions>
     <gpxtpx:TrackPointExtension>
      <gpxtpx:hr>88</gpxtpx:hr>
      <gpxtpx:cad>0</gpxtpx:cad>
     </gpxtpx:TrackPointExtension>
    </extensions>
   </trkpt>
   <trkpt lat="28.4143100" lon="83.8188470">
    <ele>2197.4</ele>
    <time>2026-06-09T07:57:24Z</time>
    <extensions>
     <gpxtpx:TrackPointExtension>
      <gpxtpx:hr>92</gpxtpx:hr>
      <gpxtpx:cad>0</gpxtpx:cad>
     </gpxtpx:TrackPointExtension>
    </extensions>
   </trkpt>
   <trkpt lat="28.4143110" lon="83.8188440">
    <ele>2197.4</ele>
    <time>2026-06-09T07:57:25Z</time>
    <extensions>
     <gpxtpx:TrackPointExtension>
      <gpxtpx:hr>93</gpxtpx:hr>
      <gpxtpx:cad>0</gpxtpx:cad>
     </gpxtpx:TrackPointExtension>
    </extensions>
   </trkpt>
   <trkpt lat="28.4143120" lon="83.8188100">
    <ele>2197.4</ele>
    <time>2026-06-09T07:57:37Z</time>
    <extensions>
     <gpxtpx:TrackPointExtension>
      <gpxtpx:hr>91</gpxtpx:hr>
      <gpxtpx:cad>0</gpxtpx:cad>
     </gpxtpx:TrackPointExtension>
    </extensions>
   </trkpt>
   <trkpt lat="28.4143280" lon="83.8187560">
    <ele>2197.2</ele>
    <time>2026-06-09T07:57:46Z</time>
    <extensions>
     <gpxtpx:TrackPointExtension>
      <gpxtpx:hr>88</gpxtpx:hr>
      <gpxtpx:cad>0</gpxtpx:cad>
     </gpxtpx:TrackPointExtension>
    </extensions>
   </trkpt>
   <trkpt lat="28.4143300" lon="83.8187510">
    <ele>2197.2</ele>
    <time>2026-06-09T07:57:47Z</time>
    <extensions>
     <gpxtpx:TrackPointExtension>
      <gpxtpx:hr>85</gpxtpx:hr>
      <gpxtpx:cad>0</gpxtpx:cad>
     </gpxtpx:TrackPointExtension>
    </extensions>
   </trkpt>
   <trkpt lat="28.4143340" lon="83.8187420">
    <ele>2197.4</ele>
    <time>2026-06-09T07:57:48Z</time>
    <extensions>
     <gpxtpx:TrackPointExtension>
      <gpxtpx:hr>85</gpxtpx:hr>
      <gpxtpx:cad>0</gpxtpx:cad>
     </gpxtpx:TrackPointExtension>
    </extensions>
   </trkpt>
   <trkpt lat="28.4143360" lon="83.8187380">
    <ele>2197.4</ele>
    <time>2026-06-09T07:57:49Z</time>
    <extensions>
     <gpxtpx:TrackPointExtension>
      <gpxtpx:hr>85</gpxtpx:hr>
      <gpxtpx:cad>0</gpxtpx:cad>
     </gpxtpx:TrackPointExtension>
    </extensions>
   </trkpt>
   <trkpt lat="28.4143360" lon="83.8187270">
    <ele>2197.4</ele>
    <time>2026-06-09T07:57:51Z</time>
    <extensions>
     <gpxtpx:TrackPointExtension>
      <gpxtpx:hr>88</gpxtpx:hr>
      <gpxtpx:cad>0</gpxtpx:cad>
     </gpxtpx:TrackPointExtension>
    </extensions>
   </trkpt>
   <trkpt lat="28.4143390" lon="83.8187130">
    <ele>2197.4</ele>
    <time>2026-06-09T07:57:56Z</time>
    <extensions>
     <gpxtpx:TrackPointExtension>
      <gpxtpx:hr>91</gpxtpx:hr>
      <gpxtpx:cad>0</gpxtpx:cad>
     </gpxtpx:TrackPointExtension>
    </extensions>
   </trkpt>
   <trkpt lat="28.4143400" lon="83.8187130">
    <ele>2197.4</ele>
    <time>2026-06-09T07:57:58Z</time>
    <extensions>
     <gpxtpx:TrackPointExtension>
      <gpxtpx:hr>91</gpxtpx:hr>
      <gpxtpx:cad>0</gpxtpx:cad>
     </gpxtpx:TrackPointExtension>
    </extensions>
   </trkpt>
   <trkpt lat="28.4143400" lon="83.8187080">
    <ele>2197.6</ele>
    <time>2026-06-09T07:58:00Z</time>
    <extensions>
     <gpxtpx:TrackPointExtension>
      <gpxtpx:hr>89</gpxtpx:hr>
      <gpxtpx:cad>0</gpxtpx:cad>
     </gpxtpx:TrackPointExtension>
    </extensions>
   </trkpt>
   <trkpt lat="28.4143420" lon="83.8187100">
    <ele>2197.8</ele>
    <time>2026-06-09T07:58:04Z</time>
    <extensions>
     <gpxtpx:TrackPointExtension>
      <gpxtpx:hr>86</gpxtpx:hr>
      <gpxtpx:cad>0</gpxtpx:cad>
     </gpxtpx:TrackPointExtension>
    </extensions>
   </trkpt>
   <trkpt lat="28.4143420" lon="83.8187110">
    <ele>2197.8</ele>
    <time>2026-06-09T07:58:05Z</time>
    <extensions>
     <gpxtpx:TrackPointExtension>
      <gpxtpx:hr>86</gpxtpx:hr>
      <gpxtpx:cad>0</gpxtpx:cad>
     </gpxtpx:TrackPointExtension>
    </extensions>
   </trkpt>
   <trkpt lat="28.4143450" lon="83.8187360">
    <ele>2198.0</ele>
    <time>2026-06-09T07:58:12Z</time>
    <extensions>
     <gpxtpx:TrackPointExtension>
      <gpxtpx:hr>90</gpxtpx:hr>
      <gpxtpx:cad>0</gpxtpx:cad>
     </gpxtpx:TrackPointExtension>
    </extensions>
   </trkpt>
   <trkpt lat="28.4143420" lon="83.8187570">
    <ele>2197.8</ele>
    <time>2026-06-09T07:58:17Z</time>
    <extensions>
     <gpxtpx:TrackPointExtension>
      <gpxtpx:hr>90</gpxtpx:hr>
      <gpxtpx:cad>0</gpxtpx:cad>
     </gpxtpx:TrackPointExtension>
    </extensions>
   </trkpt>
   <trkpt lat="28.4143420" lon="83.8187700">
    <ele>2197.8</ele>
    <time>2026-06-09T07:58:26Z</time>
    <extensions>
     <gpxtpx:TrackPointExtension>
      <gpxtpx:hr>87</gpxtpx:hr>
      <gpxtpx:cad>0</gpxtpx:cad>
     </gpxtpx:TrackPointExtension>
    </extensions>
   </trkpt>
   <trkpt lat="28.4143420" lon="83.8187760">
    <ele>2197.8</ele>
    <time>2026-06-09T07:58:29Z</time>
    <extensions>
     <gpxtpx:TrackPointExtension>
      <gpxtpx:hr>84</gpxtpx:hr>
      <gpxtpx:cad>0</gpxtpx:cad>
     </gpxtpx:TrackPointExtension>
    </extensions>
   </trkpt>
   <trkpt lat="28.4143510" lon="83.8187630">
    <ele>2197.8</ele>
    <time>2026-06-09T07:58:36Z</time>
    <extensions>
     <gpxtpx:TrackPointExtension>
      <gpxtpx:hr>87</gpxtpx:hr>
      <gpxtpx:cad>0</gpxtpx:cad>
     </gpxtpx:TrackPointExtension>
    </extensions>
   </trkpt>
   <trkpt lat="28.4143470" lon="83.8187900">
    <ele>2197.8</ele>
    <time>2026-06-09T07:58:40Z</time>
    <extensions>
     <gpxtpx:TrackPointExtension>
      <gpxtpx:hr>88</gpxtpx:hr>
      <gpxtpx:cad>0</gpxtpx:cad>
     </gpxtpx:TrackPointExtension>
    </extensions>
   </trkpt>
   <trkpt lat="28.4143470" lon="83.8188050">
    <ele>2197.4</ele>
    <time>2026-06-09T07:58:44Z</time>
    <extensions>
     <gpxtpx:TrackPointExtension>
      <gpxtpx:hr>92</gpxtpx:hr>
      <gpxtpx:cad>0</gpxtpx:cad>
     </gpxtpx:TrackPointExtension>
    </extensions>
   </trkpt>
   <trkpt lat="28.4143470" lon="83.8188300">
    <ele>2197.2</ele>
    <time>2026-06-09T07:58:50Z</time>
    <extensions>
     <gpxtpx:TrackPointExtension>
      <gpxtpx:hr>93</gpxtpx:hr>
      <gpxtpx:cad>0</gpxtpx:cad>
     </gpxtpx:TrackPointExtension>
    </extensions>
   </trkpt>
   <trkpt lat="28.4143520" lon="83.8188330">
    <ele>2197.6</ele>
    <time>2026-06-09T07:58:58Z</time>
    <extensions>
     <gpxtpx:TrackPointExtension>
      <gpxtpx:hr>96</gpxtpx:hr>
      <gpxtpx:cad>0</gpxtpx:cad>
     </gpxtpx:TrackPointExtension>
    </extensions>
   </trkpt>
   <trkpt lat="28.4143540" lon="83.8188310">
    <ele>2197.4</ele>
    <time>2026-06-09T07:58:59Z</time>
    <extensions>
     <gpxtpx:TrackPointExtension>
      <gpxtpx:hr>95</gpxtpx:hr>
      <gpxtpx:cad>0</gpxtpx:cad>
     </gpxtpx:TrackPointExtension>
    </extensions>
   </trkpt>
   <trkpt lat="28.4143660" lon="83.8188000">
    <ele>2197.4</ele>
    <time>2026-06-09T07:59:12Z</time>
    <extensions>
     <gpxtpx:TrackPointExtension>
      <gpxtpx:hr>96</gpxtpx:hr>
      <gpxtpx:cad>0</gpxtpx:cad>
     </gpxtpx:TrackPointExtension>
    </extensions>
   </trkpt>
   <trkpt lat="28.4143530" lon="83.8187940">
    <ele>2197.0</ele>
    <time>2026-06-09T07:59:20Z</time>
    <extensions>
     <gpxtpx:TrackPointExtension>
      <gpxtpx:hr>94</gpxtpx:hr>
      <gpxtpx:cad>0</gpxtpx:cad>
     </gpxtpx:TrackPointExtension>
    </extensions>
   </trkpt>
   <trkpt lat="28.4143520" lon="83.8187250">
    <ele>2196.8</ele>
    <time>2026-06-09T07:59:29Z</time>
    <extensions>
     <gpxtpx:TrackPointExtension>
      <gpxtpx:hr>94</gpxtpx:hr>
      <gpxtpx:cad>0</gpxtpx:cad>
     </gpxtpx:TrackPointExtension>
    </extensions>
   </trkpt>
   <trkpt lat="28.4143520" lon="83.8187140">
    <ele>2196.4</ele>
    <time>2026-06-09T07:59:31Z</time>
    <extensions>
     <gpxtpx:TrackPointExtension>
      <gpxtpx:hr>94</gpxtpx:hr>
      <gpxtpx:cad>0</gpxtpx:cad>
     </gpxtpx:TrackPointExtension>
    </extensions>
   </trkpt>
   <trkpt lat="28.4143550" lon="83.8187040">
    <ele>2196.2</ele>
    <time>2026-06-09T07:59:38Z</time>
    <extensions>
     <gpxtpx:TrackPointExtension>
      <gpxtpx:hr>88</gpxtpx:hr>
      <gpxtpx:cad>0</gpxtpx:cad>
     </gpxtpx:TrackPointExtension>
    </extensions>
   </trkpt>
   <trkpt lat="28.4143530" lon="83.8187030">
    <ele>2196.0</ele>
    <time>2026-06-09T07:59:39Z</time>
    <extensions>
     <gpxtpx:TrackPointExtension>
      <gpxtpx:hr>87</gpxtpx:hr>
      <gpxtpx:cad>0</gpxtpx:cad>
     </gpxtpx:TrackPointExtension>
    </extensions>
   </trkpt>
   <trkpt lat="28.4142850" lon="83.8187060">
    <ele>2196.2</ele>
    <time>2026-06-09T07:59:47Z</time>
    <extensions>
     <gpxtpx:TrackPointExtension>
      <gpxtpx:hr>85</gpxtpx:hr>
      <gpxtpx:cad>43</gpxtpx:cad>
     </gpxtpx:TrackPointExtension>
    </extensions>
   </trkpt>
   <trkpt lat="28.4142610" lon="83.8187060">
    <ele>2195.2</ele>
    <time>2026-06-09T07:59:50Z</time>
    <extensions>
     <gpxtpx:TrackPointExtension>
      <gpxtpx:hr>84</gpxtpx:hr>
      <gpxtpx:cad>43</gpxtpx:cad>
     </gpxtpx:TrackPointExtension>
    </extensions>
   </trkpt>
   <trkpt lat="28.4142430" lon="83.8187050">
    <ele>2194.0</ele>
    <time>2026-06-09T07:59:53Z</time>
    <extensions>
     <gpxtpx:TrackPointExtension>
      <gpxtpx:hr>85</gpxtpx:hr>
      <gpxtpx:cad>0</gpxtpx:cad>
     </gpxtpx:TrackPointExtension>
    </extensions>
   </trkpt>
   <trkpt lat="28.4142210" lon="83.8186960">
    <ele>2194.6</ele>
    <time>2026-06-09T07:59:57Z</time>
    <extensions>
     <gpxtpx:TrackPointExtension>
      <gpxtpx:hr>88</gpxtpx:hr>
      <gpxtpx:cad>0</gpxtpx:cad>
     </gpxtpx:TrackPointExtension>
    </extensions>
   </trkpt>
   <trkpt lat="28.4142080" lon="83.8186900">
    <ele>2195.2</ele>
    <time>2026-06-09T07:59:59Z</time>
    <extensions>
     <gpxtpx:TrackPointExtension>
      <gpxtpx:hr>92</gpxtpx:hr>
      <gpxtpx:cad>0</gpxtpx:cad>
     </gpxtpx:TrackPointExtension>
    </extensions>
   </trkpt>
   <trkpt lat="28.4142020" lon="83.8186900">
    <ele>2195.6</ele>
    <time>2026-06-09T08:00:02Z</time>
    <extensions>
     <gpxtpx:TrackPointExtension>
      <gpxtpx:hr>95</gpxtpx:hr>
      <gpxtpx:cad>0</gpxtpx:cad>
     </gpxtpx:TrackPointExtension>
    </extensions>
   </trkpt>
   <trkpt lat="28.4142030" lon="83.8186960">
    <ele>2196.0</ele>
    <time>2026-06-09T08:00:04Z</time>
    <extensions>
     <gpxtpx:TrackPointExtension>
      <gpxtpx:hr>99</gpxtpx:hr>
      <gpxtpx:cad>0</gpxtpx:cad>
     </gpxtpx:TrackPointExtension>
    </extensions>
   </trkpt>
   <trkpt lat="28.4142170" lon="83.8187100">
    <ele>2195.8</ele>
    <time>2026-06-09T08:00:07Z</time>
    <extensions>
     <gpxtpx:TrackPointExtension>
      <gpxtpx:hr>100</gpxtpx:hr>
      <gpxtpx:cad>0</gpxtpx:cad>
     </gpxtpx:TrackPointExtension>
    </extensions>
   </trkpt>
   <trkpt lat="28.4142320" lon="83.8187130">
    <ele>2195.2</ele>
    <time>2026-06-09T08:00:09Z</time>
    <extensions>
     <gpxtpx:TrackPointExtension>
      <gpxtpx:hr>98</gpxtpx:hr>
      <gpxtpx:cad>0</gpxtpx:cad>
     </gpxtpx:TrackPointExtension>
    </extensions>
   </trkpt>
   <trkpt lat="28.4142400" lon="83.8187160">
    <ele>2194.8</ele>
    <time>2026-06-09T08:00:10Z</time>
    <extensions>
     <gpxtpx:TrackPointExtension>
      <gpxtpx:hr>96</gpxtpx:hr>
      <gpxtpx:cad>0</gpxtpx:cad>
     </gpxtpx:TrackPointExtension>
    </extensions>
   </trkpt>
   <trkpt lat="28.4142630" lon="83.8187200">
    <ele>2193.8</ele>
    <time>2026-06-09T08:00:13Z</time>
    <extensions>
     <gpxtpx:TrackPointExtension>
      <gpxtpx:hr>97</gpxtpx:hr>
      <gpxtpx:cad>51</gpxtpx:cad>
     </gpxtpx:TrackPointExtension>
    </extensions>
   </trkpt>
   <trkpt lat="28.4142680" lon="83.8187270">
    <ele>2193.8</ele>
    <time>2026-06-09T08:00:16Z</time>
    <extensions>
     <gpxtpx:TrackPointExtension>
      <gpxtpx:hr>98</gpxtpx:hr>
      <gpxtpx:cad>51</gpxtpx:cad>
     </gpxtpx:TrackPointExtension>
    </extensions>
   </trkpt>
   <trkpt lat="28.4142830" lon="83.8187410">
    <ele>2195.0</ele>
    <time>2026-06-09T08:00:22Z</time>
    <extensions>
     <gpxtpx:TrackPointExtension>
      <gpxtpx:hr>97</gpxtpx:hr>
      <gpxtpx:cad>69</gpxtpx:cad>
     </gpxtpx:TrackPointExtension>
    </extensions>
   </trkpt>
   <trkpt lat="28.4143220" lon="83.8187370">
    <ele>2196.2</ele>
    <time>2026-06-09T08:00:27Z</time>
    <extensions>
     <gpxtpx:TrackPointExtension>
      <gpxtpx:hr>98</gpxtpx:hr>
      <gpxtpx:cad>66</gpxtpx:cad>
     </gpxtpx:TrackPointExtension>
    </extensions>
   </trkpt>
   <trkpt lat="28.4143470" lon="83.8187300">
    <ele>2197.0</ele>
    <time>2026-06-09T08:00:30Z</time>
    <extensions>
     <gpxtpx:TrackPointExtension>
      <gpxtpx:hr>100</gpxtpx:hr>
      <gpxtpx:cad>47</gpxtpx:cad>
     </gpxtpx:TrackPointExtension>
    </extensions>
   </trkpt>
   <trkpt lat="28.4143560" lon="83.8187270">
    <ele>2195.6</ele>
    <time>2026-06-09T08:00:34Z</time>
    <extensions>
     <gpxtpx:TrackPointExtension>
      <gpxtpx:hr>104</gpxtpx:hr>
      <gpxtpx:cad>0</gpxtpx:cad>
     </gpxtpx:TrackPointExtension>
    </extensions>
   </trkpt>
   <trkpt lat="28.4143570" lon="83.8187280">
    <ele>2195.6</ele>
    <time>2026-06-09T08:00:37Z</time>
    <extensions>
     <gpxtpx:TrackPointExtension>
      <gpxtpx:hr>105</gpxtpx:hr>
      <gpxtpx:cad>0</gpxtpx:cad>
     </gpxtpx:TrackPointExtension>
    </extensions>
   </trkpt>
   <trkpt lat="28.4143400" lon="83.8187390">
    <ele>2195.8</ele>
    <time>2026-06-09T08:00:40Z</time>
    <extensions>
     <gpxtpx:TrackPointExtension>
      <gpxtpx:hr>102</gpxtpx:hr>
      <gpxtpx:cad>0</gpxtpx:cad>
     </gpxtpx:TrackPointExtension>
    </extensions>
   </trkpt>
   <trkpt lat="28.4143370" lon="83.8187580">
    <ele>2195.8</ele>
    <time>2026-06-09T08:00:47Z</time>
    <extensions>
     <gpxtpx:TrackPointExtension>
      <gpxtpx:hr>102</gpxtpx:hr>
      <gpxtpx:cad>0</gpxtpx:cad>
     </gpxtpx:TrackPointExtension>
    </extensions>
   </trkpt>
   <trkpt lat="28.4143430" lon="83.8187560">
    <ele>2196.0</ele>
    <time>2026-06-09T08:00:49Z</time>
    <extensions>
     <gpxtpx:TrackPointExtension>
      <gpxtpx:hr>98</gpxtpx:hr>
      <gpxtpx:cad>0</gpxtpx:cad>
     </gpxtpx:TrackPointExtension>
    </extensions>
   </trkpt>
   <trkpt lat="28.4143540" lon="83.8187530">
    <ele>2196.0</ele>
    <time>2026-06-09T08:00:51Z</time>
    <extensions>
     <gpxtpx:TrackPointExtension>
      <gpxtpx:hr>95</gpxtpx:hr>
      <gpxtpx:cad>0</gpxtpx:cad>
     </gpxtpx:TrackPointExtension>
    </extensions>
   </trkpt>
   <trkpt lat="28.4143730" lon="83.8187490">
    <ele>2197.4</ele>
    <time>2026-06-09T08:00:55Z</time>
    <extensions>
     <gpxtpx:TrackPointExtension>
      <gpxtpx:hr>95</gpxtpx:hr>
      <gpxtpx:cad>0</gpxtpx:cad>
     </gpxtpx:TrackPointExtension>
    </extensions>
   </trkpt>
   <trkpt lat="28.4143740" lon="83.8187540">
    <ele>2198.0</ele>
    <time>2026-06-09T08:00:56Z</time>
    <extensions>
     <gpxtpx:TrackPointExtension>
      <gpxtpx:hr>95</gpxtpx:hr>
      <gpxtpx:cad>0</gpxtpx:cad>
     </gpxtpx:TrackPointExtension>
    </extensions>
   </trkpt>
   <trkpt lat="28.4143800" lon="83.8187620">
    <ele>2198.4</ele>
    <time>2026-06-09T08:00:58Z</time>
    <extensions>
     <gpxtpx:TrackPointExtension>
      <gpxtpx:hr>96</gpxtpx:hr>
      <gpxtpx:cad>0</gpxtpx:cad>
     </gpxtpx:TrackPointExtension>
    </extensions>
   </trkpt>
   <trkpt lat="28.4143880" lon="83.8187720">
    <ele>2197.6</ele>
    <time>2026-06-09T08:01:02Z</time>
    <extensions>
     <gpxtpx:TrackPointExtension>
      <gpxtpx:hr>93</gpxtpx:hr>
      <gpxtpx:cad>0</gpxtpx:cad>
     </gpxtpx:TrackPointExtension>
    </extensions>
   </trkpt>
   <trkpt lat="28.4143910" lon="83.8187750">
    <ele>2197.2</ele>
    <time>2026-06-09T08:01:03Z</time>
    <extensions>
     <gpxtpx:TrackPointExtension>
      <gpxtpx:hr>91</gpxtpx:hr>
      <gpxtpx:cad>0</gpxtpx:cad>
     </gpxtpx:TrackPointExtension>
    </extensions>
   </trkpt>
   <trkpt lat="28.4144030" lon="83.8187750">
    <ele>2196.8</ele>
    <time>2026-06-09T08:01:06Z</time>
    <extensions>
     <gpxtpx:TrackPointExtension>
      <gpxtpx:hr>89</gpxtpx:hr>
      <gpxtpx:cad>0</gpxtpx:cad>
     </gpxtpx:TrackPointExtension>
    </extensions>
   </trkpt>
   <trkpt lat="28.4144070" lon="83.8187750">
    <ele>2197.2</ele>
    <time>2026-06-09T08:01:11Z</time>
    <extensions>
     <gpxtpx:TrackPointExtension>
      <gpxtpx:hr>88</gpxtpx:hr>
      <gpxtpx:cad>0</gpxtpx:cad>
     </gpxtpx:TrackPointExtension>
    </extensions>
   </trkpt>
   <trkpt lat="28.4144030" lon="83.8187780">
    <ele>2197.6</ele>
    <time>2026-06-09T08:01:19Z</time>
    <extensions>
     <gpxtpx:TrackPointExtension>
      <gpxtpx:hr>88</gpxtpx:hr>
      <gpxtpx:cad>0</gpxtpx:cad>
     </gpxtpx:TrackPointExtension>
    </extensions>
   </trkpt>
   <trkpt lat="28.4143730" lon="83.8187590">
    <ele>2196.2</ele>
    <time>2026-06-09T08:01:25Z</time>
    <extensions>
     <gpxtpx:TrackPointExtension>
      <gpxtpx:hr>90</gpxtpx:hr>
      <gpxtpx:cad>0</gpxtpx:cad>
     </gpxtpx:TrackPointExtension>
    </extensions>
   </trkpt>
   <trkpt lat="28.4143550" lon="83.8187450">
    <ele>2196.0</ele>
    <time>2026-06-09T08:01:30Z</time>
    <extensions>
     <gpxtpx:TrackPointExtension>
      <gpxtpx:hr>90</gpxtpx:hr>
      <gpxtpx:cad>0</gpxtpx:cad>
     </gpxtpx:TrackPointExtension>
    </extensions>
   </trkpt>
   <trkpt lat="28.4143480" lon="83.8187420">
    <ele>2195.4</ele>
    <time>2026-06-09T08:01:36Z</time>
    <extensions>
     <gpxtpx:TrackPointExtension>
      <gpxtpx:hr>89</gpxtpx:hr>
      <gpxtpx:cad>0</gpxtpx:cad>
     </gpxtpx:TrackPointExtension>
    </extensions>
   </trkpt>
   <trkpt lat="28.4143520" lon="83.8187460">
    <ele>2195.8</ele>
    <time>2026-06-09T08:01:45Z</time>
    <extensions>
     <gpxtpx:TrackPointExtension>
      <gpxtpx:hr>89</gpxtpx:hr>
      <gpxtpx:cad>0</gpxtpx:cad>
     </gpxtpx:TrackPointExtension>
    </extensions>
   </trkpt>
   <trkpt lat="28.4143610" lon="83.8187800">
    <ele>2195.8</ele>
    <time>2026-06-09T08:01:54Z</time>
    <extensions>
     <gpxtpx:TrackPointExtension>
      <gpxtpx:hr>86</gpxtpx:hr>
      <gpxtpx:cad>0</gpxtpx:cad>
     </gpxtpx:TrackPointExtension>
    </extensions>
   </trkpt>
   <trkpt lat="28.4143610" lon="83.8187780">
    <ele>2195.8</ele>
    <time>2026-06-09T08:01:56Z</time>
    <extensions>
     <gpxtpx:TrackPointExtension>
      <gpxtpx:hr>82</gpxtpx:hr>
      <gpxtpx:cad>0</gpxtpx:cad>
     </gpxtpx:TrackPointExtension>
    </extensions>
   </trkpt>
   <trkpt lat="28.4143570" lon="83.8187790">
    <ele>2195.8</ele>
    <time>2026-06-09T08:01:58Z</time>
    <extensions>
     <gpxtpx:TrackPointExtension>
      <gpxtpx:hr>78</gpxtpx:hr>
      <gpxtpx:cad>0</gpxtpx:cad>
     </gpxtpx:TrackPointExtension>
    </extensions>
   </trkpt>
   <trkpt lat="28.4143530" lon="83.8187570">
    <ele>2196.0</ele>
    <time>2026-06-09T08:02:07Z</time>
    <extensions>
     <gpxtpx:TrackPointExtension>
      <gpxtpx:hr>77</gpxtpx:hr>
      <gpxtpx:cad>0</gpxtpx:cad>
     </gpxtpx:TrackPointExtension>
    </extensions>
   </trkpt>
   <trkpt lat="28.4143510" lon="83.8187580">
    <ele>2196.0</ele>
    <time>2026-06-09T08:02:22Z</time>
    <extensions>
     <gpxtpx:TrackPointExtension>
      <gpxtpx:hr>73</gpxtpx:hr>
      <gpxtpx:cad>0</gpxtpx:cad>
     </gpxtpx:TrackPointExtension>
    </extensions>
   </trkpt>
   <trkpt lat="28.4143490" lon="83.8187680">
    <ele>2196.0</ele>
    <time>2026-06-09T08:02:27Z</time>
    <extensions>
     <gpxtpx:TrackPointExtension>
      <gpxtpx:hr>76</gpxtpx:hr>
      <gpxtpx:cad>0</gpxtpx:cad>
     </gpxtpx:TrackPointExtension>
    </extensions>
   </trkpt>
   <trkpt lat="28.4143480" lon="83.8187720">
    <ele>2196.0</ele>
    <time>2026-06-09T08:02:30Z</time>
    <extensions>
     <gpxtpx:TrackPointExtension>
      <gpxtpx:hr>76</gpxtpx:hr>
      <gpxtpx:cad>0</gpxtpx:cad>
     </gpxtpx:TrackPointExtension>
    </extensions>
   </trkpt>
   <trkpt lat="28.4143310" lon="83.8188070">
    <ele>2196.0</ele>
    <time>2026-06-09T08:02:48Z</time>
    <extensions>
     <gpxtpx:TrackPointExtension>
      <gpxtpx:hr>76</gpxtpx:hr>
      <gpxtpx:cad>0</gpxtpx:cad>
     </gpxtpx:TrackPointExtension>
    </extensions>
   </trkpt>
   <trkpt lat="28.4143300" lon="83.8188050">
    <ele>2196.0</ele>
    <time>2026-06-09T08:02:52Z</time>
    <extensions>
     <gpxtpx:TrackPointExtension>
      <gpxtpx:hr>79</gpxtpx:hr>
      <gpxtpx:cad>0</gpxtpx:cad>
     </gpxtpx:TrackPointExtension>
    </extensions>
   </trkpt>
   <trkpt lat="28.4143360" lon="83.8187850">
    <ele>2196.0</ele>
    <time>2026-06-09T08:03:02Z</time>
    <extensions>
     <gpxtpx:TrackPointExtension>
      <gpxtpx:hr>80</gpxtpx:hr>
      <gpxtpx:cad>0</gpxtpx:cad>
     </gpxtpx:TrackPointExtension>
    </extensions>
   </trkpt>
   <trkpt lat="28.4143310" lon="83.8188130">
    <ele>2195.8</ele>
    <time>2026-06-09T08:03:15Z</time>
    <extensions>
     <gpxtpx:TrackPointExtension>
      <gpxtpx:hr>80</gpxtpx:hr>
      <gpxtpx:cad>0</gpxtpx:cad>
     </gpxtpx:TrackPointExtension>
    </extensions>
   </trkpt>
   <trkpt lat="28.4143290" lon="83.8188080">
    <ele>2195.8</ele>
    <time>2026-06-09T08:03:20Z</time>
    <extensions>
     <gpxtpx:TrackPointExtension>
      <gpxtpx:hr>84</gpxtpx:hr>
      <gpxtpx:cad>0</gpxtpx:cad>
     </gpxtpx:TrackPointExtension>
    </extensions>
   </trkpt>
   <trkpt lat="28.4143210" lon="83.8188240">
    <ele>2196.0</ele>
    <time>2026-06-09T08:03:27Z</time>
    <extensions>
     <gpxtpx:TrackPointExtension>
      <gpxtpx:hr>81</gpxtpx:hr>
      <gpxtpx:cad>0</gpxtpx:cad>
     </gpxtpx:TrackPointExtension>
    </extensions>
   </trkpt>
   <trkpt lat="28.4143200" lon="83.8188060">
    <ele>2195.8</ele>
    <time>2026-06-09T08:03:33Z</time>
    <extensions>
     <gpxtpx:TrackPointExtension>
      <gpxtpx:hr>80</gpxtpx:hr>
      <gpxtpx:cad>0</gpxtpx:cad>
     </gpxtpx:TrackPointExtension>
    </extensions>
   </trkpt>
   <trkpt lat="28.4143170" lon="83.8188010">
    <ele>2196.0</ele>
    <time>2026-06-09T08:03:35Z</time>
    <extensions>
     <gpxtpx:TrackPointExtension>
      <gpxtpx:hr>77</gpxtpx:hr>
      <gpxtpx:cad>0</gpxtpx:cad>
     </gpxtpx:TrackPointExtension>
    </extensions>
   </trkpt>
   <trkpt lat="28.4143160" lon="83.8188020">
    <ele>2196.0</ele>
    <time>2026-06-09T08:03:40Z</time>
    <extensions>
     <gpxtpx:TrackPointExtension>
      <gpxtpx:hr>79</gpxtpx:hr>
      <gpxtpx:cad>0</gpxtpx:cad>
     </gpxtpx:TrackPointExtension>
    </extensions>
   </trkpt>
   <trkpt lat="28.4143200" lon="83.8188040">
    <ele>2196.6</ele>
    <time>2026-06-09T08:03:45Z</time>
    <extensions>
     <gpxtpx:TrackPointExtension>
      <gpxtpx:hr>77</gpxtpx:hr>
      <gpxtpx:cad>0</gpxtpx:cad>
     </gpxtpx:TrackPointExtension>
    </extensions>
   </trkpt>
   <trkpt lat="28.4143240" lon="83.8187990">
    <ele>2196.0</ele>
    <time>2026-06-09T08:03:47Z</time>
    <extensions>
     <gpxtpx:TrackPointExtension>
      <gpxtpx:hr>74</gpxtpx:hr>
      <gpxtpx:cad>0</gpxtpx:cad>
     </gpxtpx:TrackPointExtension>
    </extensions>
   </trkpt>
   <trkpt lat="28.4143250" lon="83.8187970">
    <ele>2195.6</ele>
    <time>2026-06-09T08:03:49Z</time>
    <extensions>
     <gpxtpx:TrackPointExtension>
      <gpxtpx:hr>71</gpxtpx:hr>
      <gpxtpx:cad>0</gpxtpx:cad>
     </gpxtpx:TrackPointExtension>
    </extensions>
   </trkpt>
   <trkpt lat="28.4143270" lon="83.8187980">
    <ele>2195.6</ele>
    <time>2026-06-09T08:03:53Z</time>
    <extensions>
     <gpxtpx:TrackPointExtension>
      <gpxtpx:hr>71</gpxtpx:hr>
      <gpxtpx:cad>0</gpxtpx:cad>
     </gpxtpx:TrackPointExtension>
    </extensions>
   </trkpt>
   <trkpt lat="28.4143330" lon="83.8187980">
    <ele>2196.0</ele>
    <time>2026-06-09T08:04:01Z</time>
    <extensions>
     <gpxtpx:TrackPointExtension>
      <gpxtpx:hr>72</gpxtpx:hr>
      <gpxtpx:cad>0</gpxtpx:cad>
     </gpxtpx:TrackPointExtension>
    </extensions>
   </trkpt>
   <trkpt lat="28.4143440" lon="83.8187610">
    <ele>2195.4</ele>
    <time>2026-06-09T08:04:04Z</time>
    <extensions>
     <gpxtpx:TrackPointExtension>
      <gpxtpx:hr>76</gpxtpx:hr>
      <gpxtpx:cad>0</gpxtpx:cad>
     </gpxtpx:TrackPointExtension>
    </extensions>
   </trkpt>
   <trkpt lat="28.4143710" lon="83.8187390">
    <ele>2195.4</ele>
    <time>2026-06-09T08:04:15Z</time>
    <extensions>
     <gpxtpx:TrackPointExtension>
      <gpxtpx:hr>77</gpxtpx:hr>
      <gpxtpx:cad>0</gpxtpx:cad>
     </gpxtpx:TrackPointExtension>
    </extensions>
   </trkpt>
   <trkpt lat="28.4143940" lon="83.8187630">
    <ele>2195.4</ele>
    <time>2026-06-09T08:04:24Z</time>
    <extensions>
     <gpxtpx:TrackPointExtension>
      <gpxtpx:hr>78</gpxtpx:hr>
      <gpxtpx:cad>0</gpxtpx:cad>
     </gpxtpx:TrackPointExtension>
    </extensions>
   </trkpt>
   <trkpt lat="28.4144190" lon="83.8187820">
    <ele>2195.8</ele>
    <time>2026-06-09T08:04:30Z</time>
    <extensions>
     <gpxtpx:TrackPointExtension>
      <gpxtpx:hr>79</gpxtpx:hr>
      <gpxtpx:cad>47</gpxtpx:cad>
     </gpxtpx:TrackPointExtension>
    </extensions>
   </trkpt>
   <trkpt lat="28.4144280" lon="83.8187920">
    <ele>2196.0</ele>
    <time>2026-06-09T08:04:33Z</time>
    <extensions>
     <gpxtpx:TrackPointExtension>
      <gpxtpx:hr>82</gpxtpx:hr>
      <gpxtpx:cad>43</gpxtpx:cad>
     </gpxtpx:TrackPointExtension>
    </extensions>
   </trkpt>
   <trkpt lat="28.4144310" lon="83.8187950">
    <ele>2196.4</ele>
    <time>2026-06-09T08:04:35Z</time>
    <extensions>
     <gpxtpx:TrackPointExtension>
      <gpxtpx:hr>79</gpxtpx:hr>
      <gpxtpx:cad>43</gpxtpx:cad>
     </gpxtpx:TrackPointExtension>
    </extensions>
   </trkpt>
   <trkpt lat="28.4144420" lon="83.8188160">
    <ele>2197.2</ele>
    <time>2026-06-09T08:04:40Z</time>
    <extensions>
     <gpxtpx:TrackPointExtension>
      <gpxtpx:hr>76</gpxtpx:hr>
      <gpxtpx:cad>75</gpxtpx:cad>
     </gpxtpx:TrackPointExtension>
    </extensions>
   </trkpt>
   <trkpt lat="28.4144510" lon="83.8188260">
    <ele>2197.4</ele>
    <time>2026-06-09T08:04:42Z</time>
    <extensions>
     <gpxtpx:TrackPointExtension>
      <gpxtpx:hr>77</gpxtpx:hr>
      <gpxtpx:cad>77</gpxtpx:cad>
     </gpxtpx:TrackPointExtension>
    </extensions>
   </trkpt>
   <trkpt lat="28.4144630" lon="83.8188380">
    <ele>2198.0</ele>
    <time>2026-06-09T08:04:45Z</time>
    <extensions>
     <gpxtpx:TrackPointExtension>
      <gpxtpx:hr>80</gpxtpx:hr>
      <gpxtpx:cad>74</gpxtpx:cad>
     </gpxtpx:TrackPointExtension>
    </extensions>
   </trkpt>
   <trkpt lat="28.4144690" lon="83.8188410">
    <ele>2198.2</ele>
    <time>2026-06-09T08:04:46Z</time>
    <extensions>
     <gpxtpx:TrackPointExtension>
      <gpxtpx:hr>83</gpxtpx:hr>
      <gpxtpx:cad>75</gpxtpx:cad>
     </gpxtpx:TrackPointExtension>
    </extensions>
   </trkpt>
   <trkpt lat="28.4144730" lon="83.8188450">
    <ele>2198.4</ele>
    <time>2026-06-09T08:04:47Z</time>
    <extensions>
     <gpxtpx:TrackPointExtension>
      <gpxtpx:hr>84</gpxtpx:hr>
      <gpxtpx:cad>75</gpxtpx:cad>
     </gpxtpx:TrackPointExtension>
    </extensions>
   </trkpt>
   <trkpt lat="28.4144900" lon="83.8188620">
    <ele>2199.0</ele>
    <time>2026-06-09T08:04:50Z</time>
    <extensions>
     <gpxtpx:TrackPointExtension>
      <gpxtpx:hr>87</gpxtpx:hr>
      <gpxtpx:cad>80</gpxtpx:cad>
     </gpxtpx:TrackPointExtension>
    </extensions>
   </trkpt>
   <trkpt lat="28.4144950" lon="83.8188680">
    <ele>2199.2</ele>
    <time>2026-06-09T08:04:51Z</time>
    <extensions>
     <gpxtpx:TrackPointExtension>
      <gpxtpx:hr>87</gpxtpx:hr>
      <gpxtpx:cad>80</gpxtpx:cad>
     </gpxtpx:TrackPointExtension>
    </extensions>
   </trkpt>
   <trkpt lat="28.4145060" lon="83.8188790">
    <ele>2199.4</ele>
    <time>2026-06-09T08:04:53Z</time>
    <extensions>
     <gpxtpx:TrackPointExtension>
      <gpxtpx:hr>88</gpxtpx:hr>
      <gpxtpx:cad>79</gpxtpx:cad>
     </gpxtpx:TrackPointExtension>
    </extensions>
   </trkpt>
   <trkpt lat="28.4145440" lon="83.8189080">
    <ele>2199.8</ele>
    <time>2026-06-09T08:04:58Z</time>
    <extensions>
     <gpxtpx:TrackPointExtension>
      <gpxtpx:hr>90</gpxtpx:hr>
      <gpxtpx:cad>42</gpxtpx:cad>
     </gpxtpx:TrackPointExtension>
    </extensions>
   </trkpt>
   <trkpt lat="28.4145650" lon="83.8189260">
    <ele>2200.2</ele>
    <time>2026-06-09T08:05:01Z</time>
    <extensions>
     <gpxtpx:TrackPointExtension>
      <gpxtpx:hr>93</gpxtpx:hr>
      <gpxtpx:cad>47</gpxtpx:cad>
     </gpxtpx:TrackPointExtension>
    </extensions>
   </trkpt>
   <trkpt lat="28.4145710" lon="83.8189300">
    <ele>2200.2</ele>
    <time>2026-06-09T08:05:02Z</time>
    <extensions>
     <gpxtpx:TrackPointExtension>
      <gpxtpx:hr>96</gpxtpx:hr>
      <gpxtpx:cad>47</gpxtpx:cad>
     </gpxtpx:TrackPointExtension>
    </extensions>
   </trkpt>
   <trkpt lat="28.4145790" lon="83.8189350">
    <ele>2200.2</ele>
    <time>2026-06-09T08:05:03Z</time>
    <extensions>
     <gpxtpx:TrackPointExtension>
      <gpxtpx:hr>100</gpxtpx:hr>
      <gpxtpx:cad>47</gpxtpx:cad>
     </gpxtpx:TrackPointExtension>
    </extensions>
   </trkpt>
   <trkpt lat="28.4145890" lon="83.8189410">
    <ele>2200.0</ele>
    <time>2026-06-09T08:05:04Z</time>
    <extensions>
     <gpxtpx:TrackPointExtension>
      <gpxtpx:hr>105</gpxtpx:hr>
      <gpxtpx:cad>47</gpxtpx:cad>
     </gpxtpx:TrackPointExtension>
    </extensions>
   </trkpt>
   <trkpt lat="28.4145990" lon="83.8189470">
    <ele>2200.0</ele>
    <time>2026-06-09T08:05:05Z</time>
    <extensions>
     <gpxtpx:TrackPointExtension>
      <gpxtpx:hr>109</gpxtpx:hr>
      <gpxtpx:cad>48</gpxtpx:cad>
     </gpxtpx:TrackPointExtension>
    </extensions>
   </trkpt>
   <trkpt lat="28.4146110" lon="83.8189510">
    <ele>2200.0</ele>
    <time>2026-06-09T08:05:07Z</time>
    <extensions>
     <gpxtpx:TrackPointExtension>
      <gpxtpx:hr>113</gpxtpx:hr>
      <gpxtpx:cad>48</gpxtpx:cad>
     </gpxtpx:TrackPointExtension>
    </extensions>
   </trkpt>
   <trkpt lat="28.4146430" lon="83.8189570">
    <ele>2200.4</ele>
    <time>2026-06-09T08:05:12Z</time>
    <extensions>
     <gpxtpx:TrackPointExtension>
      <gpxtpx:hr>113</gpxtpx:hr>
      <gpxtpx:cad>47</gpxtpx:cad>
     </gpxtpx:TrackPointExtension>
    </extensions>
   </trkpt>
   <trkpt lat="28.4146500" lon="83.8189580">
    <ele>2200.6</ele>
    <time>2026-06-09T08:05:13Z</time>
    <extensions>
     <gpxtpx:TrackPointExtension>
      <gpxtpx:hr>113</gpxtpx:hr>
      <gpxtpx:cad>43</gpxtpx:cad>
     </gpxtpx:TrackPointExtension>
    </extensions>
   </trkpt>
   <trkpt lat="28.4146810" lon="83.8189650">
    <ele>2201.4</ele>
    <time>2026-06-09T08:05:19Z</time>
    <extensions>
     <gpxtpx:TrackPointExtension>
      <gpxtpx:hr>113</gpxtpx:hr>
      <gpxtpx:cad>77</gpxtpx:cad>
     </gpxtpx:TrackPointExtension>
    </extensions>
   </trkpt>
   <trkpt lat="28.4146890" lon="83.8189720">
    <ele>2201.6</ele>
    <time>2026-06-09T08:05:21Z</time>
    <extensions>
     <gpxtpx:TrackPointExtension>
      <gpxtpx:hr>113</gpxtpx:hr>
      <gpxtpx:cad>77</gpxtpx:cad>
     </gpxtpx:TrackPointExtension>
    </extensions>
   </trkpt>
   <trkpt lat="28.4147120" lon="83.8189850">
    <ele>2202.0</ele>
    <time>2026-06-09T08:05:24Z</time>
    <extensions>
     <gpxtpx:TrackPointExtension>
      <gpxtpx:hr>117</gpxtpx:hr>
      <gpxtpx:cad>75</gpxtpx:cad>
     </gpxtpx:TrackPointExtension>
    </extensions>
   </trkpt>
   <trkpt lat="28.4147190" lon="83.8189890">
    <ele>2202.2</ele>
    <time>2026-06-09T08:05:25Z</time>
    <extensions>
     <gpxtpx:TrackPointExtension>
      <gpxtpx:hr>120</gpxtpx:hr>
      <gpxtpx:cad>75</gpxtpx:cad>
     </gpxtpx:TrackPointExtension>
    </extensions>
   </trkpt>
   <trkpt lat="28.4147320" lon="83.8189960">
    <ele>2202.2</ele>
    <time>2026-06-09T08:05:27Z</time>
    <extensions>
     <gpxtpx:TrackPointExtension>
      <gpxtpx:hr>122</gpxtpx:hr>
      <gpxtpx:cad>45</gpxtpx:cad>
     </gpxtpx:TrackPointExtension>
    </extensions>
   </trkpt>
   <trkpt lat="28.4147750" lon="83.8190150">
    <ele>2202.2</ele>
    <time>2026-06-09T08:05:33Z</time>
    <extensions>
     <gpxtpx:TrackPointExtension>
      <gpxtpx:hr>123</gpxtpx:hr>
      <gpxtpx:cad>48</gpxtpx:cad>
     </gpxtpx:TrackPointExtension>
    </extensions>
   </trkpt>
   <trkpt lat="28.4148070" lon="83.8190220">
    <ele>2202.8</ele>
    <time>2026-06-09T08:05:37Z</time>
    <extensions>
     <gpxtpx:TrackPointExtension>
      <gpxtpx:hr>122</gpxtpx:hr>
      <gpxtpx:cad>68</gpxtpx:cad>
     </gpxtpx:TrackPointExtension>
    </extensions>
   </trkpt>
   <trkpt lat="28.4148130" lon="83.8190230">
    <ele>2203.0</ele>
    <time>2026-06-09T08:05:38Z</time>
    <extensions>
     <gpxtpx:TrackPointExtension>
      <gpxtpx:hr>119</gpxtpx:hr>
      <gpxtpx:cad>70</gpxtpx:cad>
     </gpxtpx:TrackPointExtension>
    </extensions>
   </trkpt>
   <trkpt lat="28.4148180" lon="83.8190220">
    <ele>2203.2</ele>
    <time>2026-06-09T08:05:40Z</time>
    <extensions>
     <gpxtpx:TrackPointExtension>
      <gpxtpx:hr>118</gpxtpx:hr>
      <gpxtpx:cad>70</gpxtpx:cad>
     </gpxtpx:TrackPointExtension>
    </extensions>
   </trkpt>
   <trkpt lat="28.4148260" lon="83.8190240">
    <ele>2203.8</ele>
    <time>2026-06-09T08:05:43Z</time>
    <extensions>
     <gpxtpx:TrackPointExtension>
      <gpxtpx:hr>118</gpxtpx:hr>
      <gpxtpx:cad>65</gpxtpx:cad>
     </gpxtpx:TrackPointExtension>
    </extensions>
   </trkpt>
   <trkpt lat="28.4148370" lon="83.8190140">
    <ele>2204.4</ele>
    <time>2026-06-09T08:05:48Z</time>
    <extensions>
     <gpxtpx:TrackPointExtension>
      <gpxtpx:hr>116</gpxtpx:hr>
      <gpxtpx:cad>0</gpxtpx:cad>
     </gpxtpx:TrackPointExtension>
    </extensions>
   </trkpt>
   <trkpt lat="28.4148460" lon="83.8190140">
    <ele>2204.8</ele>
    <time>2026-06-09T08:05:51Z</time>
    <extensions>
     <gpxtpx:TrackPointExtension>
      <gpxtpx:hr>115</gpxtpx:hr>
      <gpxtpx:cad>0</gpxtpx:cad>
     </gpxtpx:TrackPointExtension>
    </extensions>
   </trkpt>
   <trkpt lat="28.4148690" lon="83.8190130">
    <ele>2205.6</ele>
    <time>2026-06-09T08:05:56Z</time>
    <extensions>
     <gpxtpx:TrackPointExtension>
      <gpxtpx:hr>116</gpxtpx:hr>
      <gpxtpx:cad>61</gpxtpx:cad>
     </gpxtpx:TrackPointExtension>
    </extensions>
   </trkpt>
   <trkpt lat="28.4148780" lon="83.8190150">
    <ele>2205.8</ele>
    <time>2026-06-09T08:05:59Z</time>
    <extensions>
     <gpxtpx:TrackPointExtension>
      <gpxtpx:hr>117</gpxtpx:hr>
      <gpxtpx:cad>62</gpxtpx:cad>
     </gpxtpx:TrackPointExtension>
    </extensions>
   </trkpt>
   <trkpt lat="28.4149010" lon="83.8190200">
    <ele>2206.6</ele>
    <time>2026-06-09T08:06:03Z</time>
    <extensions>
     <gpxtpx:TrackPointExtension>
      <gpxtpx:hr>121</gpxtpx:hr>
      <gpxtpx:cad>64</gpxtpx:cad>
     </gpxtpx:TrackPointExtension>
    </extensions>
   </trkpt>
   <trkpt lat="28.4149120" lon="83.8190210">
    <ele>2207.0</ele>
    <time>2026-06-09T08:06:05Z</time>
    <extensions>
     <gpxtpx:TrackPointExtension>
      <gpxtpx:hr>124</gpxtpx:hr>
      <gpxtpx:cad>64</gpxtpx:cad>
     </gpxtpx:TrackPointExtension>
    </extensions>
   </trkpt>
   <trkpt lat="28.4149320" lon="83.8190200">
    <ele>2207.6</ele>
    <time>2026-06-09T08:06:08Z</time>
    <extensions>
     <gpxtpx:TrackPointExtension>
      <gpxtpx:hr>125</gpxtpx:hr>
      <gpxtpx:cad>54</gpxtpx:cad>
     </gpxtpx:TrackPointExtension>
    </extensions>
   </trkpt>
   <trkpt lat="28.4149530" lon="83.8190220">
    <ele>2208.2</ele>
    <time>2026-06-09T08:06:12Z</time>
    <extensions>
     <gpxtpx:TrackPointExtension>
      <gpxtpx:hr>124</gpxtpx:hr>
      <gpxtpx:cad>55</gpxtpx:cad>
     </gpxtpx:TrackPointExtension>
    </extensions>
   </trkpt>
   <trkpt lat="28.4149620" lon="83.8190250">
    <ele>2208.6</ele>
    <time>2026-06-09T08:06:14Z</time>
    <extensions>
     <gpxtpx:TrackPointExtension>
      <gpxtpx:hr>123</gpxtpx:hr>
      <gpxtpx:cad>55</gpxtpx:cad>
     </gpxtpx:TrackPointExtension>
    </extensions>
   </trkpt>
   <trkpt lat="28.4149770" lon="83.8190240">
    <ele>2209.2</ele>
    <time>2026-06-09T08:06:19Z</time>
    <extensions>
     <gpxtpx:TrackPointExtension>
      <gpxtpx:hr>124</gpxtpx:hr>
      <gpxtpx:cad>0</gpxtpx:cad>
     </gpxtpx:TrackPointExtension>
    </extensions>
   </trkpt>
   <trkpt lat="28.4149790" lon="83.8190260">
    <ele>2209.4</ele>
    <time>2026-06-09T08:06:22Z</time>
    <extensions>
     <gpxtpx:TrackPointExtension>
      <gpxtpx:hr>124</gpxtpx:hr>
      <gpxtpx:cad>0</gpxtpx:cad>
     </gpxtpx:TrackPointExtension>
    </extensions>
   </trkpt>
   <trkpt lat="28.4150150" lon="83.8190270">
    <ele>2210.0</ele>
    <time>2026-06-09T08:06:29Z</time>
    <extensions>
     <gpxtpx:TrackPointExtension>
      <gpxtpx:hr>123</gpxtpx:hr>
      <gpxtpx:cad>72</gpxtpx:cad>
     </gpxtpx:TrackPointExtension>
    </extensions>
   </trkpt>
   <trkpt lat="28.4150210" lon="83.8190260">
    <ele>2210.4</ele>
    <time>2026-06-09T08:06:30Z</time>
    <extensions>
     <gpxtpx:TrackPointExtension>
      <gpxtpx:hr>123</gpxtpx:hr>
      <gpxtpx:cad>73</gpxtpx:cad>
     </gpxtpx:TrackPointExtension>
    </extensions>
   </trkpt>
   <trkpt lat="28.4150610" lon="83.8190300">
    <ele>2211.0</ele>
    <time>2026-06-09T08:06:38Z</time>
    <extensions>
     <gpxtpx:TrackPointExtension>
      <gpxtpx:hr>125</gpxtpx:hr>
      <gpxtpx:cad>60</gpxtpx:cad>
     </gpxtpx:TrackPointExtension>
    </extensions>
   </trkpt>
   <trkpt lat="28.4150760" lon="83.8190290">
    <ele>2211.4</ele>
    <time>2026-06-09T08:06:40Z</time>
    <extensions>
     <gpxtpx:TrackPointExtension>
      <gpxtpx:hr>126</gpxtpx:hr>
      <gpxtpx:cad>64</gpxtpx:cad>
     </gpxtpx:TrackPointExtension>
    </extensions>
   </trkpt>
   <trkpt lat="28.4151010" lon="83.8190320">
    <ele>2212.2</ele>
    <time>2026-06-09T08:06:45Z</time>
    <extensions>
     <gpxtpx:TrackPointExtension>
      <gpxtpx:hr>125</gpxtpx:hr>
      <gpxtpx:cad>69</gpxtpx:cad>
     </gpxtpx:TrackPointExtension>
    </extensions>
   </trkpt>
   <trkpt lat="28.4151200" lon="83.8190300">
    <ele>2212.4</ele>
    <time>2026-06-09T08:06:48Z</time>
    <extensions>
     <gpxtpx:TrackPointExtension>
      <gpxtpx:hr>122</gpxtpx:hr>
      <gpxtpx:cad>66</gpxtpx:cad>
     </gpxtpx:TrackPointExtension>
    </extensions>
   </trkpt>
   <trkpt lat="28.4151240" lon="83.8190290">
    <ele>2212.6</ele>
    <time>2026-06-09T08:06:49Z</time>
    <extensions>
     <gpxtpx:TrackPointExtension>
      <gpxtpx:hr>122</gpxtpx:hr>
      <gpxtpx:cad>65</gpxtpx:cad>
     </gpxtpx:TrackPointExtension>
    </extensions>
   </trkpt>
   <trkpt lat="28.4151340" lon="83.8190270">
    <ele>2213.0</ele>
    <time>2026-06-09T08:06:53Z</time>
    <extensions>
     <gpxtpx:TrackPointExtension>
      <gpxtpx:hr>121</gpxtpx:hr>
      <gpxtpx:cad>0</gpxtpx:cad>
     </gpxtpx:TrackPointExtension>
    </extensions>
   </trkpt>
   <trkpt lat="28.4151550" lon="83.8190120">
    <ele>2213.4</ele>
    <time>2026-06-09T08:07:00Z</time>
    <extensions>
     <gpxtpx:TrackPointExtension>
      <gpxtpx:hr>121</gpxtpx:hr>
      <gpxtpx:cad>55</gpxtpx:cad>
     </gpxtpx:TrackPointExtension>
    </extensions>
   </trkpt>
   <trkpt lat="28.4151570" lon="83.8190140">
    <ele>2213.6</ele>
    <time>2026-06-09T08:07:01Z</time>
    <extensions>
     <gpxtpx:TrackPointExtension>
      <gpxtpx:hr>121</gpxtpx:hr>
      <gpxtpx:cad>55</gpxtpx:cad>
     </gpxtpx:TrackPointExtension>
    </extensions>
   </trkpt>
   <trkpt lat="28.4151720" lon="83.8190190">
    <ele>2214.4</ele>
    <time>2026-06-09T08:07:06Z</time>
    <extensions>
     <gpxtpx:TrackPointExtension>
      <gpxtpx:hr>122</gpxtpx:hr>
      <gpxtpx:cad>0</gpxtpx:cad>
     </gpxtpx:TrackPointExtension>
    </extensions>
   </trkpt>
   <trkpt lat="28.4151780" lon="83.8190230">
    <ele>2214.8</ele>
    <time>2026-06-09T08:07:08Z</time>
    <extensions>
     <gpxtpx:TrackPointExtension>
      <gpxtpx:hr>121</gpxtpx:hr>
      <gpxtpx:cad>50</gpxtpx:cad>
     </gpxtpx:TrackPointExtension>
    </extensions>
   </trkpt>
   <trkpt lat="28.4151860" lon="83.8190310">
    <ele>2215.6</ele>
    <time>2026-06-09T08:07:13Z</time>
    <extensions>
     <gpxtpx:TrackPointExtension>
      <gpxtpx:hr>119</gpxtpx:hr>
      <gpxtpx:cad>65</gpxtpx:cad>
     </gpxtpx:TrackPointExtension>
    </extensions>
   </trkpt>
   <trkpt lat="28.4152000" lon="83.8190290">
    <ele>2216.0</ele>
    <time>2026-06-09T08:07:16Z</time>
    <extensions>
     <gpxtpx:TrackPointExtension>
      <gpxtpx:hr>119</gpxtpx:hr>
      <gpxtpx:cad>68</gpxtpx:cad>
     </gpxtpx:TrackPointExtension>
    </extensions>
   </trkpt>
   <trkpt lat="28.4152280" lon="83.8190340">
    <ele>2216.4</ele>
    <time>2026-06-09T08:07:22Z</time>
    <extensions>
     <gpxtpx:TrackPointExtension>
      <gpxtpx:hr>119</gpxtpx:hr>
      <gpxtpx:cad>58</gpxtpx:cad>
     </gpxtpx:TrackPointExtension>
    </extensions>
   </trkpt>
   <trkpt lat="28.4152540" lon="83.8190400">
    <ele>2216.8</ele>
    <time>2026-06-09T08:07:26Z</time>
    <extensions>
     <gpxtpx:TrackPointExtension>
      <gpxtpx:hr>118</gpxtpx:hr>
      <gpxtpx:cad>0</gpxtpx:cad>
     </gpxtpx:TrackPointExtension>
    </extensions>
   </trkpt>
   <trkpt lat="28.4152600" lon="83.8190410">
    <ele>2216.8</ele>
    <time>2026-06-09T08:07:27Z</time>
    <extensions>
     <gpxtpx:TrackPointExtension>
      <gpxtpx:hr>118</gpxtpx:hr>
      <gpxtpx:cad>0</gpxtpx:cad>
     </gpxtpx:TrackPointExtension>
    </extensions>
   </trkpt>
   <trkpt lat="28.4152950" lon="83.8190490">
    <ele>2217.4</ele>
    <time>2026-06-09T08:07:36Z</time>
    <extensions>
     <gpxtpx:TrackPointExtension>
      <gpxtpx:hr>115</gpxtpx:hr>
      <gpxtpx:cad>66</gpxtpx:cad>
     </gpxtpx:TrackPointExtension>
    </extensions>
   </trkpt>
   <trkpt lat="28.4153010" lon="83.8190550">
    <ele>2217.8</ele>
    <time>2026-06-09T08:07:39Z</time>
    <extensions>
     <gpxtpx:TrackPointExtension>
      <gpxtpx:hr>114</gpxtpx:hr>
      <gpxtpx:cad>69</gpxtpx:cad>
     </gpxtpx:TrackPointExtension>
    </extensions>
   </trkpt>
   <trkpt lat="28.4153300" lon="83.8190720">
    <ele>2218.2</ele>
    <time>2026-06-09T08:07:44Z</time>
    <extensions>
     <gpxtpx:TrackPointExtension>
      <gpxtpx:hr>116</gpxtpx:hr>
      <gpxtpx:cad>69</gpxtpx:cad>
     </gpxtpx:TrackPointExtension>
    </extensions>
   </trkpt>
   <trkpt lat="28.4153520" lon="83.8190910">
    <ele>2218.6</ele>
    <time>2026-06-09T08:07:49Z</time>
    <extensions>
     <gpxtpx:TrackPointExtension>
      <gpxtpx:hr>116</gpxtpx:hr>
      <gpxtpx:cad>67</gpxtpx:cad>
     </gpxtpx:TrackPointExtension>
    </extensions>
   </trkpt>
   <trkpt lat="28.4153550" lon="83.8190910">
    <ele>2218.8</ele>
    <time>2026-06-09T08:07:50Z</time>
    <extensions>
     <gpxtpx:TrackPointExtension>
      <gpxtpx:hr>116</gpxtpx:hr>
      <gpxtpx:cad>67</gpxtpx:cad>
     </gpxtpx:TrackPointExtension>
    </extensions>
   </trkpt>
   <trkpt lat="28.4153580" lon="83.8190900">
    <ele>2219.0</ele>
    <time>2026-06-09T08:07:51Z</time>
    <extensions>
     <gpxtpx:TrackPointExtension>
      <gpxtpx:hr>116</gpxtpx:hr>
      <gpxtpx:cad>0</gpxtpx:cad>
     </gpxtpx:TrackPointExtension>
    </extensions>
   </trkpt>
   <trkpt lat="28.4153690" lon="83.8190920">
    <ele>2219.6</ele>
    <time>2026-06-09T08:07:55Z</time>
    <extensions>
     <gpxtpx:TrackPointExtension>
      <gpxtpx:hr>117</gpxtpx:hr>
      <gpxtpx:cad>57</gpxtpx:cad>
     </gpxtpx:TrackPointExtension>
    </extensions>
   </trkpt>
   <trkpt lat="28.4153790" lon="83.8190960">
    <ele>2219.8</ele>
    <time>2026-06-09T08:07:57Z</time>
    <extensions>
     <gpxtpx:TrackPointExtension>
      <gpxtpx:hr>117</gpxtpx:hr>
      <gpxtpx:cad>57</gpxtpx:cad>
     </gpxtpx:TrackPointExtension>
    </extensions>
   </trkpt>
   <trkpt lat="28.4153840" lon="83.8190980">
    <ele>2219.8</ele>
    <time>2026-06-09T08:07:58Z</time>
    <extensions>
     <gpxtpx:TrackPointExtension>
      <gpxtpx:hr>118</gpxtpx:hr>
      <gpxtpx:cad>57</gpxtpx:cad>
     </gpxtpx:TrackPointExtension>
    </extensions>
   </trkpt>
   <trkpt lat="28.4154050" lon="83.8191140">
    <ele>2221.0</ele>
    <time>2026-06-09T08:08:04Z</time>
    <extensions>
     <gpxtpx:TrackPointExtension>
      <gpxtpx:hr>118</gpxtpx:hr>
      <gpxtpx:cad>57</gpxtpx:cad>
     </gpxtpx:TrackPointExtension>
    </extensions>
   </trkpt>
   <trkpt lat="28.4154180" lon="83.8191290">
    <ele>2222.0</ele>
    <time>2026-06-09T08:08:11Z</time>
    <extensions>
     <gpxtpx:TrackPointExtension>
      <gpxtpx:hr>120</gpxtpx:hr>
      <gpxtpx:cad>0</gpxtpx:cad>
     </gpxtpx:TrackPointExtension>
    </extensions>
   </trkpt>
   <trkpt lat="28.4154220" lon="83.8191300">
    <ele>2222.2</ele>
    <time>2026-06-09T08:08:12Z</time>
    <extensions>
     <gpxtpx:TrackPointExtension>
      <gpxtpx:hr>120</gpxtpx:hr>
      <gpxtpx:cad>0</gpxtpx:cad>
     </gpxtpx:TrackPointExtension>
    </extensions>
   </trkpt>
   <trkpt lat="28.4154480" lon="83.8191440">
    <ele>2223.0</ele>
    <time>2026-06-09T08:08:17Z</time>
    <extensions>
     <gpxtpx:TrackPointExtension>
      <gpxtpx:hr>120</gpxtpx:hr>
      <gpxtpx:cad>0</gpxtpx:cad>
     </gpxtpx:TrackPointExtension>
    </extensions>
   </trkpt>
   <trkpt lat="28.4154520" lon="83.8191460">
    <ele>2223.2</ele>
    <time>2026-06-09T08:08:18Z</time>
    <extensions>
     <gpxtpx:TrackPointExtension>
      <gpxtpx:hr>120</gpxtpx:hr>
      <gpxtpx:cad>0</gpxtpx:cad>
     </gpxtpx:TrackPointExtension>
    </extensions>
   </trkpt>
   <trkpt lat="28.4154750" lon="83.8191620">
    <ele>2223.8</ele>
    <time>2026-06-09T08:08:24Z</time>
    <extensions>
     <gpxtpx:TrackPointExtension>
      <gpxtpx:hr>121</gpxtpx:hr>
      <gpxtpx:cad>0</gpxtpx:cad>
     </gpxtpx:TrackPointExtension>
    </extensions>
   </trkpt>
   <trkpt lat="28.4154820" lon="83.8191660">
    <ele>2224.2</ele>
    <time>2026-06-09T08:08:28Z</time>
    <extensions>
     <gpxtpx:TrackPointExtension>
      <gpxtpx:hr>120</gpxtpx:hr>
      <gpxtpx:cad>0</gpxtpx:cad>
     </gpxtpx:TrackPointExtension>
    </extensions>
   </trkpt>
   <trkpt lat="28.4154840" lon="83.8191690">
    <ele>2224.4</ele>
    <time>2026-06-09T08:08:29Z</time>
    <extensions>
     <gpxtpx:TrackPointExtension>
      <gpxtpx:hr>120</gpxtpx:hr>
      <gpxtpx:cad>0</gpxtpx:cad>
     </gpxtpx:TrackPointExtension>
    </extensions>
   </trkpt>
   <trkpt lat="28.4155070" lon="83.8191870">
    <ele>2225.4</ele>
    <time>2026-06-09T08:08:35Z</time>
    <extensions>
     <gpxtpx:TrackPointExtension>
      <gpxtpx:hr>120</gpxtpx:hr>
      <gpxtpx:cad>50</gpxtpx:cad>
     </gpxtpx:TrackPointExtension>
    </extensions>
   </trkpt>
   <trkpt lat="28.4155300" lon="83.8192060">
    <ele>2226.4</ele>
    <time>2026-06-09T08:08:43Z</time>
    <extensions>
     <gpxtpx:TrackPointExtension>
      <gpxtpx:hr>121</gpxtpx:hr>
      <gpxtpx:cad>53</gpxtpx:cad>
     </gpxtpx:TrackPointExtension>
    </extensions>
   </trkpt>
   <trkpt lat="28.4155330" lon="83.8192080">
    <ele>2226.6</ele>
    <time>2026-06-09T08:08:44Z</time>
    <extensions>
     <gpxtpx:TrackPointExtension>
      <gpxtpx:hr>120</gpxtpx:hr>
      <gpxtpx:cad>0</gpxtpx:cad>
     </gpxtpx:TrackPointExtension>
    </extensions>
   </trkpt>
   <trkpt lat="28.4155400" lon="83.8192220">
    <ele>2227.6</ele>
    <time>2026-06-09T08:08:48Z</time>
    <extensions>
     <gpxtpx:TrackPointExtension>
      <gpxtpx:hr>122</gpxtpx:hr>
      <gpxtpx:cad>0</gpxtpx:cad>
     </gpxtpx:TrackPointExtension>
    </extensions>
   </trkpt>
   <trkpt lat="28.4155460" lon="83.8192280">
    <ele>2227.8</ele>
    <time>2026-06-09T08:08:50Z</time>
    <extensions>
     <gpxtpx:TrackPointExtension>
      <gpxtpx:hr>122</gpxtpx:hr>
      <gpxtpx:cad>0</gpxtpx:cad>
     </gpxtpx:TrackPointExtension>
    </extensions>
   </trkpt>
   <trkpt lat="28.4155600" lon="83.8192430">
    <ele>2228.6</ele>
    <time>2026-06-09T08:08:56Z</time>
    <extensions>
     <gpxtpx:TrackPointExtension>
      <gpxtpx:hr>122</gpxtpx:hr>
      <gpxtpx:cad>52</gpxtpx:cad>
     </gpxtpx:TrackPointExtension>
    </extensions>
   </trkpt>
   <trkpt lat="28.4155670" lon="83.8192470">
    <ele>2229.8</ele>
    <time>2026-06-09T08:09:02Z</time>
    <extensions>
     <gpxtpx:TrackPointExtension>
      <gpxtpx:hr>122</gpxtpx:hr>
      <gpxtpx:cad>50</gpxtpx:cad>
     </gpxtpx:TrackPointExtension>
    </extensions>
   </trkpt>
   <trkpt lat="28.4155720" lon="83.8192470">
    <ele>2230.0</ele>
    <time>2026-06-09T08:09:03Z</time>
    <extensions>
     <gpxtpx:TrackPointExtension>
      <gpxtpx:hr>122</gpxtpx:hr>
      <gpxtpx:cad>0</gpxtpx:cad>
     </gpxtpx:TrackPointExtension>
    </extensions>
   </trkpt>
   <trkpt lat="28.4155990" lon="83.8192340">
    <ele>2231.0</ele>
    <time>2026-06-09T08:09:10Z</time>
    <extensions>
     <gpxtpx:TrackPointExtension>
      <gpxtpx:hr>122</gpxtpx:hr>
      <gpxtpx:cad>52</gpxtpx:cad>
     </gpxtpx:TrackPointExtension>
    </extensions>
   </trkpt>
   <trkpt lat="28.4156040" lon="83.8192340">
    <ele>2231.4</ele>
    <time>2026-06-09T08:09:11Z</time>
    <extensions>
     <gpxtpx:TrackPointExtension>
      <gpxtpx:hr>122</gpxtpx:hr>
      <gpxtpx:cad>52</gpxtpx:cad>
     </gpxtpx:TrackPointExtension>
    </extensions>
   </trkpt>
   <trkpt lat="28.4156240" lon="83.8192340">
    <ele>2232.2</ele>
    <time>2026-06-09T08:09:16Z</time>
    <extensions>
     <gpxtpx:TrackPointExtension>
      <gpxtpx:hr>124</gpxtpx:hr>
      <gpxtpx:cad>0</gpxtpx:cad>
     </gpxtpx:TrackPointExtension>
    </extensions>
   </trkpt>
   <trkpt lat="28.4156280" lon="83.8192310">
    <ele>2232.6</ele>
    <time>2026-06-09T08:09:18Z</time>
    <extensions>
     <gpxtpx:TrackPointExtension>
      <gpxtpx:hr>124</gpxtpx:hr>
      <gpxtpx:cad>0</gpxtpx:cad>
     </gpxtpx:TrackPointExtension>
    </extensions>
   </trkpt>
   <trkpt lat="28.4156430" lon="83.8192110">
    <ele>2232.8</ele>
    <time>2026-06-09T08:09:22Z</time>
    <extensions>
     <gpxtpx:TrackPointExtension>
      <gpxtpx:hr>127</gpxtpx:hr>
      <gpxtpx:cad>0</gpxtpx:cad>
     </gpxtpx:TrackPointExtension>
    </extensions>
   </trkpt>
   <trkpt lat="28.4156530" lon="83.8191980">
    <ele>2233.2</ele>
    <time>2026-06-09T08:09:25Z</time>
    <extensions>
     <gpxtpx:TrackPointExtension>
      <gpxtpx:hr>130</gpxtpx:hr>
      <gpxtpx:cad>0</gpxtpx:cad>
     </gpxtpx:TrackPointExtension>
    </extensions>
   </trkpt>
   <trkpt lat="28.4156560" lon="83.8191970">
    <ele>2233.4</ele>
    <time>2026-06-09T08:09:26Z</time>
    <extensions>
     <gpxtpx:TrackPointExtension>
      <gpxtpx:hr>129</gpxtpx:hr>
      <gpxtpx:cad>0</gpxtpx:cad>
     </gpxtpx:TrackPointExtension>
    </extensions>
   </trkpt>
   <trkpt lat="28.4156750" lon="83.8191790">
    <ele>2233.6</ele>
    <time>2026-06-09T08:09:33Z</time>
    <extensions>
     <gpxtpx:TrackPointExtension>
      <gpxtpx:hr>128</gpxtpx:hr>
      <gpxtpx:cad>62</gpxtpx:cad>
     </gpxtpx:TrackPointExtension>
    </extensions>
   </trkpt>
   <trkpt lat="28.4156820" lon="83.8191780">
    <ele>2234.2</ele>
    <time>2026-06-09T08:09:36Z</time>
    <extensions>
     <gpxtpx:TrackPointExtension>
      <gpxtpx:hr>128</gpxtpx:hr>
      <gpxtpx:cad>63</gpxtpx:cad>
     </gpxtpx:TrackPointExtension>
    </extensions>
   </trkpt>
   <trkpt lat="28.4156990" lon="83.8191870">
    <ele>2235.2</ele>
    <time>2026-06-09T08:09:40Z</time>
    <extensions>
     <gpxtpx:TrackPointExtension>
      <gpxtpx:hr>128</gpxtpx:hr>
      <gpxtpx:cad>0</gpxtpx:cad>
     </gpxtpx:TrackPointExtension>
    </extensions>
   </trkpt>
   <trkpt lat="28.4157020" lon="83.8191920">
    <ele>2235.6</ele>
    <time>2026-06-09T08:09:41Z</time>
    <extensions>
     <gpxtpx:TrackPointExtension>
      <gpxtpx:hr>128</gpxtpx:hr>
      <gpxtpx:cad>0</gpxtpx:cad>
     </gpxtpx:TrackPointExtension>
    </extensions>
   </trkpt>
   <trkpt lat="28.4157060" lon="83.8191960">
    <ele>2236.6</ele>
    <time>2026-06-09T08:09:44Z</time>
    <extensions>
     <gpxtpx:TrackPointExtension>
      <gpxtpx:hr>128</gpxtpx:hr>
      <gpxtpx:cad>0</gpxtpx:cad>
     </gpxtpx:TrackPointExtension>
    </extensions>
   </trkpt>
   <trkpt lat="28.4157070" lon="83.8191980">
    <ele>2237.4</ele>
    <time>2026-06-09T08:09:46Z</time>
    <extensions>
     <gpxtpx:TrackPointExtension>
      <gpxtpx:hr>127</gpxtpx:hr>
      <gpxtpx:cad>0</gpxtpx:cad>
     </gpxtpx:TrackPointExtension>
    </extensions>
   </trkpt>
   <trkpt lat="28.4157060" lon="83.8192000">
    <ele>2237.6</ele>
    <time>2026-06-09T08:09:48Z</time>
    <extensions>
     <gpxtpx:TrackPointExtension>
      <gpxtpx:hr>127</gpxtpx:hr>
      <gpxtpx:cad>0</gpxtpx:cad>
     </gpxtpx:TrackPointExtension>
    </extensions>
   </trkpt>
   <trkpt lat="28.4157170" lon="83.8191750">
    <ele>2237.2</ele>
    <time>2026-06-09T08:09:56Z</time>
    <extensions>
     <gpxtpx:TrackPointExtension>
      <gpxtpx:hr>123</gpxtpx:hr>
      <gpxtpx:cad>0</gpxtpx:cad>
     </gpxtpx:TrackPointExtension>
    </extensions>
   </trkpt>
   <trkpt lat="28.4157260" lon="83.8191700">
    <ele>2237.0</ele>
    <time>2026-06-09T08:09:58Z</time>
    <extensions>
     <gpxtpx:TrackPointExtension>
      <gpxtpx:hr>122</gpxtpx:hr>
      <gpxtpx:cad>0</gpxtpx:cad>
     </gpxtpx:TrackPointExtension>
    </extensions>
   </trkpt>
   <trkpt lat="28.4157360" lon="83.8191560">
    <ele>2237.4</ele>
    <time>2026-06-09T08:10:02Z</time>
    <extensions>
     <gpxtpx:TrackPointExtension>
      <gpxtpx:hr>119</gpxtpx:hr>
      <gpxtpx:cad>75</gpxtpx:cad>
     </gpxtpx:TrackPointExtension>
    </extensions>
   </trkpt>
   <trkpt lat="28.4157510" lon="83.8191430">
    <ele>2236.8</ele>
    <time>2026-06-09T08:10:05Z</time>
    <extensions>
     <gpxtpx:TrackPointExtension>
      <gpxtpx:hr>118</gpxtpx:hr>
      <gpxtpx:cad>0</gpxtpx:cad>
     </gpxtpx:TrackPointExtension>
    </extensions>
   </trkpt>
   <trkpt lat="28.4157680" lon="83.8191160">
    <ele>2237.4</ele>
    <time>2026-06-09T08:10:11Z</time>
    <extensions>
     <gpxtpx:TrackPointExtension>
      <gpxtpx:hr>119</gpxtpx:hr>
      <gpxtpx:cad>0</gpxtpx:cad>
     </gpxtpx:TrackPointExtension>
    </extensions>
   </trkpt>
   <trkpt lat="28.4157920" lon="83.8190910">
    <ele>2238.6</ele>
    <time>2026-06-09T08:10:21Z</time>
    <extensions>
     <gpxtpx:TrackPointExtension>
      <gpxtpx:hr>118</gpxtpx:hr>
      <gpxtpx:cad>70</gpxtpx:cad>
     </gpxtpx:TrackPointExtension>
    </extensions>
   </trkpt>
   <trkpt lat="28.4157980" lon="83.8190860">
    <ele>2239.0</ele>
    <time>2026-06-09T08:10:22Z</time>
    <extensions>
     <gpxtpx:TrackPointExtension>
      <gpxtpx:hr>118</gpxtpx:hr>
      <gpxtpx:cad>70</gpxtpx:cad>
     </gpxtpx:TrackPointExtension>
    </extensions>
   </trkpt>
   <trkpt lat="28.4158230" lon="83.8190610">
    <ele>2240.4</ele>
    <time>2026-06-09T08:10:26Z</time>
    <extensions>
     <gpxtpx:TrackPointExtension>
      <gpxtpx:hr>119</gpxtpx:hr>
      <gpxtpx:cad>0</gpxtpx:cad>
     </gpxtpx:TrackPointExtension>
    </extensions>
   </trkpt>
   <trkpt lat="28.4158370" lon="83.8190480">
    <ele>2239.2</ele>
    <time>2026-06-09T08:10:28Z</time>
    <extensions>
     <gpxtpx:TrackPointExtension>
      <gpxtpx:hr>118</gpxtpx:hr>
      <gpxtpx:cad>0</gpxtpx:cad>
     </gpxtpx:TrackPointExtension>
    </extensions>
   </trkpt>
   <trkpt lat="28.4158760" lon="83.8189830">
    <ele>2239.6</ele>
    <time>2026-06-09T08:10:34Z</time>
    <extensions>
     <gpxtpx:TrackPointExtension>
      <gpxtpx:hr>118</gpxtpx:hr>
      <gpxtpx:cad>51</gpxtpx:cad>
     </gpxtpx:TrackPointExtension>
    </extensions>
   </trkpt>
   <trkpt lat="28.4159070" lon="83.8189090">
    <ele>2239.8</ele>
    <time>2026-06-09T08:10:40Z</time>
    <extensions>
     <gpxtpx:TrackPointExtension>
      <gpxtpx:hr>118</gpxtpx:hr>
      <gpxtpx:cad>49</gpxtpx:cad>
     </gpxtpx:TrackPointExtension>
    </extensions>
   </trkpt>
   <trkpt lat="28.4159370" lon="83.8188560">
    <ele>2240.4</ele>
    <time>2026-06-09T08:10:44Z</time>
    <extensions>
     <gpxtpx:TrackPointExtension>
      <gpxtpx:hr>118</gpxtpx:hr>
      <gpxtpx:cad>57</gpxtpx:cad>
     </gpxtpx:TrackPointExtension>
    </extensions>
   </trkpt>
   <trkpt lat="28.4159590" lon="83.8188150">
    <ele>2240.6</ele>
    <time>2026-06-09T08:10:47Z</time>
    <extensions>
     <gpxtpx:TrackPointExtension>
      <gpxtpx:hr>119</gpxtpx:hr>
      <gpxtpx:cad>57</gpxtpx:cad>
     </gpxtpx:TrackPointExtension>
    </extensions>
   </trkpt>
   <trkpt lat="28.4159830" lon="83.8187790">
    <ele>2240.0</ele>
    <time>2026-06-09T08:10:51Z</time>
    <extensions>
     <gpxtpx:TrackPointExtension>
      <gpxtpx:hr>122</gpxtpx:hr>
      <gpxtpx:cad>56</gpxtpx:cad>
     </gpxtpx:TrackPointExtension>
    </extensions>
   </trkpt>
   <trkpt lat="28.4160000" lon="83.8187600">
    <ele>2240.0</ele>
    <time>2026-06-09T08:10:53Z</time>
    <extensions>
     <gpxtpx:TrackPointExtension>
      <gpxtpx:hr>121</gpxtpx:hr>
      <gpxtpx:cad>56</gpxtpx:cad>
     </gpxtpx:TrackPointExtension>
    </extensions>
   </trkpt>
   <trkpt lat="28.4160360" lon="83.8187160">
    <ele>2240.0</ele>
    <time>2026-06-09T08:10:58Z</time>
    <extensions>
     <gpxtpx:TrackPointExtension>
      <gpxtpx:hr>121</gpxtpx:hr>
      <gpxtpx:cad>55</gpxtpx:cad>
     </gpxtpx:TrackPointExtension>
    </extensions>
   </trkpt>
   <trkpt lat="28.4160440" lon="83.8186980">
    <ele>2240.8</ele>
    <time>2026-06-09T08:11:05Z</time>
    <extensions>
     <gpxtpx:TrackPointExtension>
      <gpxtpx:hr>120</gpxtpx:hr>
      <gpxtpx:cad>50</gpxtpx:cad>
     </gpxtpx:TrackPointExtension>
    </extensions>
   </trkpt>
   <trkpt lat="28.4160430" lon="83.8186990">
    <ele>2240.8</ele>
    <time>2026-06-09T08:11:11Z</time>
    <extensions>
     <gpxtpx:TrackPointExtension>
      <gpxtpx:hr>117</gpxtpx:hr>
      <gpxtpx:cad>0</gpxtpx:cad>
     </gpxtpx:TrackPointExtension>
    </extensions>
   </trkpt>
   <trkpt lat="28.4160450" lon="83.8186740">
    <ele>2240.6</ele>
    <time>2026-06-09T08:11:15Z</time>
    <extensions>
     <gpxtpx:TrackPointExtension>
      <gpxtpx:hr>114</gpxtpx:hr>
      <gpxtpx:cad>0</gpxtpx:cad>
     </gpxtpx:TrackPointExtension>
    </extensions>
   </trkpt>
   <trkpt lat="28.4160480" lon="83.8186620">
    <ele>2240.6</ele>
    <time>2026-06-09T08:11:16Z</time>
    <extensions>
     <gpxtpx:TrackPointExtension>
      <gpxtpx:hr>112</gpxtpx:hr>
      <gpxtpx:cad>0</gpxtpx:cad>
     </gpxtpx:TrackPointExtension>
    </extensions>
   </trkpt>
   <trkpt lat="28.4160510" lon="83.8186480">
    <ele>2240.6</ele>
    <time>2026-06-09T08:11:18Z</time>
    <extensions>
     <gpxtpx:TrackPointExtension>
      <gpxtpx:hr>109</gpxtpx:hr>
      <gpxtpx:cad>62</gpxtpx:cad>
     </gpxtpx:TrackPointExtension>
    </extensions>
   </trkpt>
   <trkpt lat="28.4160610" lon="83.8186300">
    <ele>2241.0</ele>
    <time>2026-06-09T08:11:22Z</time>
    <extensions>
     <gpxtpx:TrackPointExtension>
      <gpxtpx:hr>106</gpxtpx:hr>
      <gpxtpx:cad>0</gpxtpx:cad>
     </gpxtpx:TrackPointExtension>
    </extensions>
   </trkpt>
   <trkpt lat="28.4160650" lon="83.8186230">
    <ele>2241.0</ele>
    <time>2026-06-09T08:11:23Z</time>
    <extensions>
     <gpxtpx:TrackPointExtension>
      <gpxtpx:hr>105</gpxtpx:hr>
      <gpxtpx:cad>0</gpxtpx:cad>
     </gpxtpx:TrackPointExtension>
    </extensions>
   </trkpt>
   <trkpt lat="28.4160800" lon="83.8186060">
    <ele>2241.4</ele>
    <time>2026-06-09T08:11:25Z</time>
    <extensions>
     <gpxtpx:TrackPointExtension>
      <gpxtpx:hr>103</gpxtpx:hr>
      <gpxtpx:cad>45</gpxtpx:cad>
     </gpxtpx:TrackPointExtension>
    </extensions>
   </trkpt>
   <trkpt lat="28.4161200" lon="83.8185750">
    <ele>2241.8</ele>
    <time>2026-06-09T08:11:29Z</time>
    <extensions>
     <gpxtpx:TrackPointExtension>
      <gpxtpx:hr>104</gpxtpx:hr>
      <gpxtpx:cad>41</gpxtpx:cad>
     </gpxtpx:TrackPointExtension>
    </extensions>
   </trkpt>
   <trkpt lat="28.4161940" lon="83.8185460">
    <ele>2242.2</ele>
    <time>2026-06-09T08:11:36Z</time>
    <extensions>
     <gpxtpx:TrackPointExtension>
      <gpxtpx:hr>107</gpxtpx:hr>
      <gpxtpx:cad>49</gpxtpx:cad>
     </gpxtpx:TrackPointExtension>
    </extensions>
   </trkpt>
   <trkpt lat="28.4162340" lon="83.8185200">
    <ele>2242.4</ele>
    <time>2026-06-09T08:11:41Z</time>
    <extensions>
     <gpxtpx:TrackPointExtension>
      <gpxtpx:hr>106</gpxtpx:hr>
      <gpxtpx:cad>0</gpxtpx:cad>
     </gpxtpx:TrackPointExtension>
    </extensions>
   </trkpt>
   <trkpt lat="28.4162410" lon="83.8185140">
    <ele>2242.2</ele>
    <time>2026-06-09T08:11:42Z</time>
    <extensions>
     <gpxtpx:TrackPointExtension>
      <gpxtpx:hr>106</gpxtpx:hr>
      <gpxtpx:cad>51</gpxtpx:cad>
     </gpxtpx:TrackPointExtension>
    </extensions>
   </trkpt>
   <trkpt lat="28.4162720" lon="83.8184890">
    <ele>2241.8</ele>
    <time>2026-06-09T08:11:47Z</time>
    <extensions>
     <gpxtpx:TrackPointExtension>
      <gpxtpx:hr>107</gpxtpx:hr>
      <gpxtpx:cad>55</gpxtpx:cad>
     </gpxtpx:TrackPointExtension>
    </extensions>
   </trkpt>
   <trkpt lat="28.4163100" lon="83.8184740">
    <ele>2242.4</ele>
    <time>2026-06-09T08:11:52Z</time>
    <extensions>
     <gpxtpx:TrackPointExtension>
      <gpxtpx:hr>108</gpxtpx:hr>
      <gpxtpx:cad>55</gpxtpx:cad>
     </gpxtpx:TrackPointExtension>
    </extensions>
   </trkpt>
   <trkpt lat="28.4163250" lon="83.8184650">
    <ele>2242.8</ele>
    <time>2026-06-09T08:11:54Z</time>
    <extensions>
     <gpxtpx:TrackPointExtension>
      <gpxtpx:hr>108</gpxtpx:hr>
      <gpxtpx:cad>55</gpxtpx:cad>
     </gpxtpx:TrackPointExtension>
    </extensions>
   </trkpt>
   <trkpt lat="28.4163620" lon="83.8184200">
    <ele>2243.6</ele>
    <time>2026-06-09T08:12:02Z</time>
    <extensions>
     <gpxtpx:TrackPointExtension>
      <gpxtpx:hr>108</gpxtpx:hr>
      <gpxtpx:cad>43</gpxtpx:cad>
     </gpxtpx:TrackPointExtension>
    </extensions>
   </trkpt>
   <trkpt lat="28.4164030" lon="83.8183840">
    <ele>2244.6</ele>
    <time>2026-06-09T08:12:10Z</time>
    <extensions>
     <gpxtpx:TrackPointExtension>
      <gpxtpx:hr>109</gpxtpx:hr>
      <gpxtpx:cad>41</gpxtpx:cad>
     </gpxtpx:TrackPointExtension>
    </extensions>
   </trkpt>
   <trkpt lat="28.4164090" lon="83.8183820">
    <ele>2244.6</ele>
    <time>2026-06-09T08:12:11Z</time>
    <extensions>
     <gpxtpx:TrackPointExtension>
      <gpxtpx:hr>109</gpxtpx:hr>
      <gpxtpx:cad>40</gpxtpx:cad>
     </gpxtpx:TrackPointExtension>
    </extensions>
   </trkpt>
   <trkpt lat="28.4164180" lon="83.8183740">
    <ele>2245.0</ele>
    <time>2026-06-09T08:12:14Z</time>
    <extensions>
     <gpxtpx:TrackPointExtension>
      <gpxtpx:hr>112</gpxtpx:hr>
      <gpxtpx:cad>41</gpxtpx:cad>
     </gpxtpx:TrackPointExtension>
    </extensions>
   </trkpt>
   <trkpt lat="28.4164310" lon="83.8183690">
    <ele>2245.2</ele>
    <time>2026-06-09T08:12:16Z</time>
    <extensions>
     <gpxtpx:TrackPointExtension>
      <gpxtpx:hr>113</gpxtpx:hr>
      <gpxtpx:cad>41</gpxtpx:cad>
     </gpxtpx:TrackPointExtension>
    </extensions>
   </trkpt>
   <trkpt lat="28.4164410" lon="83.8183630">
    <ele>2245.4</ele>
    <time>2026-06-09T08:12:18Z</time>
    <extensions>
     <gpxtpx:TrackPointExtension>
      <gpxtpx:hr>116</gpxtpx:hr>
      <gpxtpx:cad>79</gpxtpx:cad>
     </gpxtpx:TrackPointExtension>
    </extensions>
   </trkpt>
   <trkpt lat="28.4164580" lon="83.8183600">
    <ele>2245.8</ele>
    <time>2026-06-09T08:12:20Z</time>
    <extensions>
     <gpxtpx:TrackPointExtension>
      <gpxtpx:hr>116</gpxtpx:hr>
      <gpxtpx:cad>79</gpxtpx:cad>
     </gpxtpx:TrackPointExtension>
    </extensions>
   </trkpt>
   <trkpt lat="28.4164830" lon="83.8183510">
    <ele>2246.2</ele>
    <time>2026-06-09T08:12:23Z</time>
    <extensions>
     <gpxtpx:TrackPointExtension>
      <gpxtpx:hr>117</gpxtpx:hr>
      <gpxtpx:cad>0</gpxtpx:cad>
     </gpxtpx:TrackPointExtension>
    </extensions>
   </trkpt>
   <trkpt lat="28.4165460" lon="83.8183260">
    <ele>2246.4</ele>
    <time>2026-06-09T08:12:31Z</time>
    <extensions>
     <gpxtpx:TrackPointExtension>
      <gpxtpx:hr>115</gpxtpx:hr>
      <gpxtpx:cad>48</gpxtpx:cad>
     </gpxtpx:TrackPointExtension>
    </extensions>
   </trkpt>
   <trkpt lat="28.4165900" lon="83.8183230">
    <ele>2247.0</ele>
    <time>2026-06-09T08:12:37Z</time>
    <extensions>
     <gpxtpx:TrackPointExtension>
      <gpxtpx:hr>114</gpxtpx:hr>
      <gpxtpx:cad>41</gpxtpx:cad>
     </gpxtpx:TrackPointExtension>
    </extensions>
   </trkpt>
   <trkpt lat="28.4166060" lon="83.8183240">
    <ele>2247.2</ele>
    <time>2026-06-09T08:12:39Z</time>
    <extensions>
     <gpxtpx:TrackPointExtension>
      <gpxtpx:hr>114</gpxtpx:hr>
      <gpxtpx:cad>76</gpxtpx:cad>
     </gpxtpx:TrackPointExtension>
    </extensions>
   </trkpt>
   <trkpt lat="28.4166600" lon="83.8183300">
    <ele>2247.4</ele>
    <time>2026-06-09T08:12:46Z</time>
    <extensions>
     <gpxtpx:TrackPointExtension>
      <gpxtpx:hr>114</gpxtpx:hr>
      <gpxtpx:cad>44</gpxtpx:cad>
     </gpxtpx:TrackPointExtension>
    </extensions>
   </trkpt>
   <trkpt lat="28.4166740" lon="83.8183310">
    <ele>2248.0</ele>
    <time>2026-06-09T08:12:49Z</time>
    <extensions>
     <gpxtpx:TrackPointExtension>
      <gpxtpx:hr>114</gpxtpx:hr>
      <gpxtpx:cad>43</gpxtpx:cad>
     </gpxtpx:TrackPointExtension>
    </extensions>
   </trkpt>
   <trkpt lat="28.4166790" lon="83.8183300">
    <ele>2248.2</ele>
    <time>2026-06-09T08:12:50Z</time>
    <extensions>
     <gpxtpx:TrackPointExtension>
      <gpxtpx:hr>114</gpxtpx:hr>
      <gpxtpx:cad>40</gpxtpx:cad>
     </gpxtpx:TrackPointExtension>
    </extensions>
   </trkpt>
   <trkpt lat="28.4166890" lon="83.8183250">
    <ele>2248.4</ele>
    <time>2026-06-09T08:12:53Z</time>
    <extensions>
     <gpxtpx:TrackPointExtension>
      <gpxtpx:hr>112</gpxtpx:hr>
      <gpxtpx:cad>43</gpxtpx:cad>
     </gpxtpx:TrackPointExtension>
    </extensions>
   </trkpt>
   <trkpt lat="28.4167060" lon="83.8183110">
    <ele>2249.2</ele>
    <time>2026-06-09T08:12:57Z</time>
    <extensions>
     <gpxtpx:TrackPointExtension>
      <gpxtpx:hr>113</gpxtpx:hr>
      <gpxtpx:cad>71</gpxtpx:cad>
     </gpxtpx:TrackPointExtension>
    </extensions>
   </trkpt>
   <trkpt lat="28.4167240" lon="83.8183030">
    <ele>2249.8</ele>
    <time>2026-06-09T08:13:01Z</time>
    <extensions>
     <gpxtpx:TrackPointExtension>
      <gpxtpx:hr>116</gpxtpx:hr>
      <gpxtpx:cad>74</gpxtpx:cad>
     </gpxtpx:TrackPointExtension>
    </extensions>
   </trkpt>
   <trkpt lat="28.4167320" lon="83.8183020">
    <ele>2250.4</ele>
    <time>2026-06-09T08:13:04Z</time>
    <extensions>
     <gpxtpx:TrackPointExtension>
      <gpxtpx:hr>117</gpxtpx:hr>
      <gpxtpx:cad>68</gpxtpx:cad>
     </gpxtpx:TrackPointExtension>
    </extensions>
   </trkpt>
   <trkpt lat="28.4167440" lon="83.8183030">
    <ele>2250.8</ele>
    <time>2026-06-09T08:13:07Z</time>
    <extensions>
     <gpxtpx:TrackPointExtension>
      <gpxtpx:hr>118</gpxtpx:hr>
      <gpxtpx:cad>0</gpxtpx:cad>
     </gpxtpx:TrackPointExtension>
    </extensions>
   </trkpt>
   <trkpt lat="28.4168010" lon="83.8182980">
    <ele>2251.2</ele>
    <time>2026-06-09T08:13:13Z</time>
    <extensions>
     <gpxtpx:TrackPointExtension>
      <gpxtpx:hr>118</gpxtpx:hr>
      <gpxtpx:cad>0</gpxtpx:cad>
     </gpxtpx:TrackPointExtension>
    </extensions>
   </trkpt>
   <trkpt lat="28.4168340" lon="83.8183010">
    <ele>2251.4</ele>
    <time>2026-06-09T08:13:17Z</time>
    <extensions>
     <gpxtpx:TrackPointExtension>
      <gpxtpx:hr>117</gpxtpx:hr>
      <gpxtpx:cad>44</gpxtpx:cad>
     </gpxtpx:TrackPointExtension>
    </extensions>
   </trkpt>
   <trkpt lat="28.4168610" lon="83.8183060">
    <ele>2251.8</ele>
    <time>2026-06-09T08:13:20Z</time>
    <extensions>
     <gpxtpx:TrackPointExtension>
      <gpxtpx:hr>118</gpxtpx:hr>
      <gpxtpx:cad>47</gpxtpx:cad>
     </gpxtpx:TrackPointExtension>
    </extensions>
   </trkpt>
   <trkpt lat="28.4169000" lon="83.8183150">
    <ele>2251.8</ele>
    <time>2026-06-09T08:13:24Z</time>
    <extensions>
     <gpxtpx:TrackPointExtension>
      <gpxtpx:hr>122</gpxtpx:hr>
      <gpxtpx:cad>49</gpxtpx:cad>
     </gpxtpx:TrackPointExtension>
    </extensions>
   </trkpt>
   <trkpt lat="28.4169220" lon="83.8183250">
    <ele>2251.8</ele>
    <time>2026-06-09T08:13:26Z</time>
    <extensions>
     <gpxtpx:TrackPointExtension>
      <gpxtpx:hr>122</gpxtpx:hr>
      <gpxtpx:cad>53</gpxtpx:cad>
     </gpxtpx:TrackPointExtension>
    </extensions>
   </trkpt>
   <trkpt lat="28.4169480" lon="83.8183460">
    <ele>2252.2</ele>
    <time>2026-06-09T08:13:30Z</time>
    <extensions>
     <gpxtpx:TrackPointExtension>
      <gpxtpx:hr>119</gpxtpx:hr>
      <gpxtpx:cad>50</gpxtpx:cad>
     </gpxtpx:TrackPointExtension>
    </extensions>
   </trkpt>
   <trkpt lat="28.4169600" lon="83.8183610">
    <ele>2252.4</ele>
    <time>2026-06-09T08:13:32Z</time>
    <extensions>
     <gpxtpx:TrackPointExtension>
      <gpxtpx:hr>119</gpxtpx:hr>
      <gpxtpx:cad>50</gpxtpx:cad>
     </gpxtpx:TrackPointExtension>
    </extensions>
   </trkpt>
   <trkpt lat="28.4169660" lon="83.8183710">
    <ele>2252.6</ele>
    <time>2026-06-09T08:13:33Z</time>
    <extensions>
     <gpxtpx:TrackPointExtension>
      <gpxtpx:hr>119</gpxtpx:hr>
      <gpxtpx:cad>50</gpxtpx:cad>
     </gpxtpx:TrackPointExtension>
    </extensions>
   </trkpt>
   <trkpt lat="28.4170030" lon="83.8184360">
    <ele>2252.6</ele>
    <time>2026-06-09T08:13:40Z</time>
    <extensions>
     <gpxtpx:TrackPointExtension>
      <gpxtpx:hr>117</gpxtpx:hr>
      <gpxtpx:cad>52</gpxtpx:cad>
     </gpxtpx:TrackPointExtension>
    </extensions>
   </trkpt>
   <trkpt lat="28.4170320" lon="83.8184900">
    <ele>2251.6</ele>
    <time>2026-06-09T08:13:46Z</time>
    <extensions>
     <gpxtpx:TrackPointExtension>
      <gpxtpx:hr>117</gpxtpx:hr>
      <gpxtpx:cad>55</gpxtpx:cad>
     </gpxtpx:TrackPointExtension>
    </extensions>
   </trkpt>
   <trkpt lat="28.4170600" lon="83.8185350">
    <ele>2251.4</ele>
    <time>2026-06-09T08:13:52Z</time>
    <extensions>
     <gpxtpx:TrackPointExtension>
      <gpxtpx:hr>117</gpxtpx:hr>
      <gpxtpx:cad>57</gpxtpx:cad>
     </gpxtpx:TrackPointExtension>
    </extensions>
   </trkpt>
   <trkpt lat="28.4170660" lon="83.8185440">
    <ele>2251.2</ele>
    <time>2026-06-09T08:13:53Z</time>
    <extensions>
     <gpxtpx:TrackPointExtension>
      <gpxtpx:hr>116</gpxtpx:hr>
      <gpxtpx:cad>57</gpxtpx:cad>
     </gpxtpx:TrackPointExtension>
    </extensions>
   </trkpt>
   <trkpt lat="28.4171020" lon="83.8185850">
    <ele>2250.6</ele>
    <time>2026-06-09T08:13:59Z</time>
    <extensions>
     <gpxtpx:TrackPointExtension>
      <gpxtpx:hr>118</gpxtpx:hr>
      <gpxtpx:cad>51</gpxtpx:cad>
     </gpxtpx:TrackPointExtension>
    </extensions>
   </trkpt>
   <trkpt lat="28.4171220" lon="83.8185940">
    <ele>2250.4</ele>
    <time>2026-06-09T08:14:01Z</time>
    <extensions>
     <gpxtpx:TrackPointExtension>
      <gpxtpx:hr>119</gpxtpx:hr>
      <gpxtpx:cad>51</gpxtpx:cad>
     </gpxtpx:TrackPointExtension>
    </extensions>
   </trkpt>
   <trkpt lat="28.4171450" lon="83.8186150">
    <ele>2249.6</ele>
    <time>2026-06-09T08:14:04Z</time>
    <extensions>
     <gpxtpx:TrackPointExtension>
      <gpxtpx:hr>120</gpxtpx:hr>
      <gpxtpx:cad>55</gpxtpx:cad>
     </gpxtpx:TrackPointExtension>
    </extensions>
   </trkpt>
   <trkpt lat="28.4171520" lon="83.8186220">
    <ele>2249.4</ele>
    <time>2026-06-09T08:14:05Z</time>
    <extensions>
     <gpxtpx:TrackPointExtension>
      <gpxtpx:hr>120</gpxtpx:hr>
      <gpxtpx:cad>56</gpxtpx:cad>
     </gpxtpx:TrackPointExtension>
    </extensions>
   </trkpt>
   <trkpt lat="28.4171590" lon="83.8186280">
    <ele>2249.2</ele>
    <time>2026-06-09T08:14:06Z</time>
    <extensions>
     <gpxtpx:TrackPointExtension>
      <gpxtpx:hr>120</gpxtpx:hr>
      <gpxtpx:cad>56</gpxtpx:cad>
     </gpxtpx:TrackPointExtension>
    </extensions>
   </trkpt>
   <trkpt lat="28.4172160" lon="83.8186420">
    <ele>2249.2</ele>
    <time>2026-06-09T08:14:12Z</time>
    <extensions>
     <gpxtpx:TrackPointExtension>
      <gpxtpx:hr>119</gpxtpx:hr>
      <gpxtpx:cad>53</gpxtpx:cad>
     </gpxtpx:TrackPointExtension>
    </extensions>
   </trkpt>
   <trkpt lat="28.4172830" lon="83.8186600">
    <ele>2249.0</ele>
    <time>2026-06-09T08:14:18Z</time>
    <extensions>
     <gpxtpx:TrackPointExtension>
      <gpxtpx:hr>119</gpxtpx:hr>
      <gpxtpx:cad>55</gpxtpx:cad>
     </gpxtpx:TrackPointExtension>
    </extensions>
   </trkpt>
   <trkpt lat="28.4173430" lon="83.8186620">
    <ele>2248.6</ele>
    <time>2026-06-09T08:14:24Z</time>
    <extensions>
     <gpxtpx:TrackPointExtension>
      <gpxtpx:hr>119</gpxtpx:hr>
      <gpxtpx:cad>56</gpxtpx:cad>
     </gpxtpx:TrackPointExtension>
    </extensions>
   </trkpt>
   <trkpt lat="28.4173850" lon="83.8186550">
    <ele>2248.4</ele>
    <time>2026-06-09T08:14:28Z</time>
    <extensions>
     <gpxtpx:TrackPointExtension>
      <gpxtpx:hr>116</gpxtpx:hr>
      <gpxtpx:cad>55</gpxtpx:cad>
     </gpxtpx:TrackPointExtension>
    </extensions>
   </trkpt>
   <trkpt lat="28.4174040" lon="83.8186530">
    <ele>2248.4</ele>
    <time>2026-06-09T08:14:30Z</time>
    <extensions>
     <gpxtpx:TrackPointExtension>
      <gpxtpx:hr>115</gpxtpx:hr>
      <gpxtpx:cad>55</gpxtpx:cad>
     </gpxtpx:TrackPointExtension>
    </extensions>
   </trkpt>
   <trkpt lat="28.4174520" lon="83.8186590">
    <ele>2248.2</ele>
    <time>2026-06-09T08:14:35Z</time>
    <extensions>
     <gpxtpx:TrackPointExtension>
      <gpxtpx:hr>114</gpxtpx:hr>
      <gpxtpx:cad>52</gpxtpx:cad>
     </gpxtpx:TrackPointExtension>
    </extensions>
   </trkpt>
   <trkpt lat="28.4174630" lon="83.8186620">
    <ele>2248.2</ele>
    <time>2026-06-09T08:14:36Z</time>
    <extensions>
     <gpxtpx:TrackPointExtension>
      <gpxtpx:hr>113</gpxtpx:hr>
      <gpxtpx:cad>52</gpxtpx:cad>
     </gpxtpx:TrackPointExtension>
    </extensions>
   </trkpt>
   <trkpt lat="28.4175120" lon="83.8186690">
    <ele>2247.0</ele>
    <time>2026-06-09T08:14:41Z</time>
    <extensions>
     <gpxtpx:TrackPointExtension>
      <gpxtpx:hr>111</gpxtpx:hr>
      <gpxtpx:cad>55</gpxtpx:cad>
     </gpxtpx:TrackPointExtension>
    </extensions>
   </trkpt>
   <trkpt lat="28.4175310" lon="83.8186710">
    <ele>2246.6</ele>
    <time>2026-06-09T08:14:43Z</time>
    <extensions>
     <gpxtpx:TrackPointExtension>
      <gpxtpx:hr>111</gpxtpx:hr>
      <gpxtpx:cad>56</gpxtpx:cad>
     </gpxtpx:TrackPointExtension>
    </extensions>
   </trkpt>
   <trkpt lat="28.4175600" lon="83.8186820">
    <ele>2246.4</ele>
    <time>2026-06-09T08:14:46Z</time>
    <extensions>
     <gpxtpx:TrackPointExtension>
      <gpxtpx:hr>108</gpxtpx:hr>
      <gpxtpx:cad>58</gpxtpx:cad>
     </gpxtpx:TrackPointExtension>
    </extensions>
   </trkpt>
   <trkpt lat="28.4176110" lon="83.8187190">
    <ele>2246.4</ele>
    <time>2026-06-09T08:14:51Z</time>
    <extensions>
     <gpxtpx:TrackPointExtension>
      <gpxtpx:hr>106</gpxtpx:hr>
      <gpxtpx:cad>54</gpxtpx:cad>
     </gpxtpx:TrackPointExtension>
    </extensions>
   </trkpt>
   <trkpt lat="28.4176820" lon="83.8187420">
    <ele>2246.4</ele>
    <time>2026-06-09T08:14:58Z</time>
    <extensions>
     <gpxtpx:TrackPointExtension>
      <gpxtpx:hr>104</gpxtpx:hr>
      <gpxtpx:cad>52</gpxtpx:cad>
     </gpxtpx:TrackPointExtension>
    </extensions>
   </trkpt>
   <trkpt lat="28.4177210" lon="83.8187300">
    <ele>2246.6</ele>
    <time>2026-06-09T08:15:02Z</time>
    <extensions>
     <gpxtpx:TrackPointExtension>
      <gpxtpx:hr>107</gpxtpx:hr>
      <gpxtpx:cad>55</gpxtpx:cad>
     </gpxtpx:TrackPointExtension>
    </extensions>
   </trkpt>
   <trkpt lat="28.4177450" lon="83.8187150">
    <ele>2246.4</ele>
    <time>2026-06-09T08:15:05Z</time>
    <extensions>
     <gpxtpx:TrackPointExtension>
      <gpxtpx:hr>107</gpxtpx:hr>
      <gpxtpx:cad>56</gpxtpx:cad>
     </gpxtpx:TrackPointExtension>
    </extensions>
   </trkpt>
   <trkpt lat="28.4178180" lon="83.8186860">
    <ele>2246.6</ele>
    <time>2026-06-09T08:15:13Z</time>
    <extensions>
     <gpxtpx:TrackPointExtension>
      <gpxtpx:hr>109</gpxtpx:hr>
      <gpxtpx:cad>52</gpxtpx:cad>
     </gpxtpx:TrackPointExtension>
    </extensions>
   </trkpt>
   <trkpt lat="28.4178580" lon="83.8186580">
    <ele>2246.4</ele>
    <time>2026-06-09T08:15:18Z</time>
    <extensions>
     <gpxtpx:TrackPointExtension>
      <gpxtpx:hr>107</gpxtpx:hr>
      <gpxtpx:cad>48</gpxtpx:cad>
     </gpxtpx:TrackPointExtension>
    </extensions>
   </trkpt>
   <trkpt lat="28.4178760" lon="83.8186300">
    <ele>2246.4</ele>
    <time>2026-06-09T08:15:22Z</time>
    <extensions>
     <gpxtpx:TrackPointExtension>
      <gpxtpx:hr>104</gpxtpx:hr>
      <gpxtpx:cad>47</gpxtpx:cad>
     </gpxtpx:TrackPointExtension>
    </extensions>
   </trkpt>
   <trkpt lat="28.4178870" lon="83.8186110">
    <ele>2246.0</ele>
    <time>2026-06-09T08:15:24Z</time>
    <extensions>
     <gpxtpx:TrackPointExtension>
      <gpxtpx:hr>102</gpxtpx:hr>
      <gpxtpx:cad>55</gpxtpx:cad>
     </gpxtpx:TrackPointExtension>
    </extensions>
   </trkpt>
   <trkpt lat="28.4179030" lon="83.8185880">
    <ele>2245.6</ele>
    <time>2026-06-09T08:15:27Z</time>
    <extensions>
     <gpxtpx:TrackPointExtension>
      <gpxtpx:hr>99</gpxtpx:hr>
      <gpxtpx:cad>54</gpxtpx:cad>
     </gpxtpx:TrackPointExtension>
    </extensions>
   </trkpt>
   <trkpt lat="28.4179210" lon="83.8185690">
    <ele>2245.6</ele>
    <time>2026-06-09T08:15:30Z</time>
    <extensions>
     <gpxtpx:TrackPointExtension>
      <gpxtpx:hr>98</gpxtpx:hr>
      <gpxtpx:cad>51</gpxtpx:cad>
     </gpxtpx:TrackPointExtension>
    </extensions>
   </trkpt>
   <trkpt lat="28.4179270" lon="83.8185540">
    <ele>2246.0</ele>
    <time>2026-06-09T08:15:32Z</time>
    <extensions>
     <gpxtpx:TrackPointExtension>
      <gpxtpx:hr>98</gpxtpx:hr>
      <gpxtpx:cad>51</gpxtpx:cad>
     </gpxtpx:TrackPointExtension>
    </extensions>
   </trkpt>
   <trkpt lat="28.4179300" lon="83.8185420">
    <ele>2246.0</ele>
    <time>2026-06-09T08:15:34Z</time>
    <extensions>
     <gpxtpx:TrackPointExtension>
      <gpxtpx:hr>98</gpxtpx:hr>
      <gpxtpx:cad>51</gpxtpx:cad>
     </gpxtpx:TrackPointExtension>
    </extensions>
   </trkpt>
   <trkpt lat="28.4179640" lon="83.8184780">
    <ele>2245.4</ele>
    <time>2026-06-09T08:15:42Z</time>
    <extensions>
     <gpxtpx:TrackPointExtension>
      <gpxtpx:hr>101</gpxtpx:hr>
      <gpxtpx:cad>47</gpxtpx:cad>
     </gpxtpx:TrackPointExtension>
    </extensions>
   </trkpt>
   <trkpt lat="28.4179870" lon="83.8184280">
    <ele>2245.0</ele>
    <time>2026-06-09T08:15:47Z</time>
    <extensions>
     <gpxtpx:TrackPointExtension>
      <gpxtpx:hr>102</gpxtpx:hr>
      <gpxtpx:cad>50</gpxtpx:cad>
     </gpxtpx:TrackPointExtension>
    </extensions>
   </trkpt>
   <trkpt lat="28.4179880" lon="83.8184210">
    <ele>2245.0</ele>
    <time>2026-06-09T08:15:48Z</time>
    <extensions>
     <gpxtpx:TrackPointExtension>
      <gpxtpx:hr>102</gpxtpx:hr>
      <gpxtpx:cad>50</gpxtpx:cad>
     </gpxtpx:TrackPointExtension>
    </extensions>
   </trkpt>
   <trkpt lat="28.4179910" lon="83.8184130">
    <ele>2244.8</ele>
    <time>2026-06-09T08:15:49Z</time>
    <extensions>
     <gpxtpx:TrackPointExtension>
      <gpxtpx:hr>103</gpxtpx:hr>
      <gpxtpx:cad>50</gpxtpx:cad>
     </gpxtpx:TrackPointExtension>
    </extensions>
   </trkpt>
   <trkpt lat="28.4180110" lon="83.8183810">
    <ele>2244.6</ele>
    <time>2026-06-09T08:15:54Z</time>
    <extensions>
     <gpxtpx:TrackPointExtension>
      <gpxtpx:hr>103</gpxtpx:hr>
      <gpxtpx:cad>50</gpxtpx:cad>
     </gpxtpx:TrackPointExtension>
    </extensions>
   </trkpt>
   <trkpt lat="28.4180230" lon="83.8183660">
    <ele>2243.8</ele>
    <time>2026-06-09T08:15:57Z</time>
    <extensions>
     <gpxtpx:TrackPointExtension>
      <gpxtpx:hr>103</gpxtpx:hr>
      <gpxtpx:cad>49</gpxtpx:cad>
     </gpxtpx:TrackPointExtension>
    </extensions>
   </trkpt>
   <trkpt lat="28.4180460" lon="83.8183490">
    <ele>2242.6</ele>
    <time>2026-06-09T08:16:01Z</time>
    <extensions>
     <gpxtpx:TrackPointExtension>
      <gpxtpx:hr>103</gpxtpx:hr>
      <gpxtpx:cad>49</gpxtpx:cad>
     </gpxtpx:TrackPointExtension>
    </extensions>
   </trkpt>
   <trkpt lat="28.4180520" lon="83.8183460">
    <ele>2242.4</ele>
    <time>2026-06-09T08:16:02Z</time>
    <extensions>
     <gpxtpx:TrackPointExtension>
      <gpxtpx:hr>103</gpxtpx:hr>
      <gpxtpx:cad>50</gpxtpx:cad>
     </gpxtpx:TrackPointExtension>
    </extensions>
   </trkpt>
   <trkpt lat="28.4180680" lon="83.8183490">
    <ele>2242.0</ele>
    <time>2026-06-09T08:16:06Z</time>
    <extensions>
     <gpxtpx:TrackPointExtension>
      <gpxtpx:hr>103</gpxtpx:hr>
      <gpxtpx:cad>48</gpxtpx:cad>
     </gpxtpx:TrackPointExtension>
    </extensions>
   </trkpt>
   <trkpt lat="28.4180830" lon="83.8183510">
    <ele>2241.8</ele>
    <time>2026-06-09T08:16:09Z</time>
    <extensions>
     <gpxtpx:TrackPointExtension>
      <gpxtpx:hr>103</gpxtpx:hr>
      <gpxtpx:cad>50</gpxtpx:cad>
     </gpxtpx:TrackPointExtension>
    </extensions>
   </trkpt>
   <trkpt lat="28.4180960" lon="83.8183510">
    <ele>2241.4</ele>
    <time>2026-06-09T08:16:11Z</time>
    <extensions>
     <gpxtpx:TrackPointExtension>
      <gpxtpx:hr>103</gpxtpx:hr>
      <gpxtpx:cad>41</gpxtpx:cad>
     </gpxtpx:TrackPointExtension>
    </extensions>
   </trkpt>
   <trkpt lat="28.4181310" lon="83.8183590">
    <ele>2241.6</ele>
    <time>2026-06-09T08:16:16Z</time>
    <extensions>
     <gpxtpx:TrackPointExtension>
      <gpxtpx:hr>100</gpxtpx:hr>
      <gpxtpx:cad>41</gpxtpx:cad>
     </gpxtpx:TrackPointExtension>
    </extensions>
   </trkpt>
   <trkpt lat="28.4181350" lon="83.8183610">
    <ele>2241.8</ele>
    <time>2026-06-09T08:16:17Z</time>
    <extensions>
     <gpxtpx:TrackPointExtension>
      <gpxtpx:hr>100</gpxtpx:hr>
      <gpxtpx:cad>41</gpxtpx:cad>
     </gpxtpx:TrackPointExtension>
    </extensions>
   </trkpt>
   <trkpt lat="28.4181390" lon="83.8183630">
    <ele>2241.4</ele>
    <time>2026-06-09T08:16:21Z</time>
    <extensions>
     <gpxtpx:TrackPointExtension>
      <gpxtpx:hr>97</gpxtpx:hr>
      <gpxtpx:cad>41</gpxtpx:cad>
     </gpxtpx:TrackPointExtension>
    </extensions>
   </trkpt>
   <trkpt lat="28.4181400" lon="83.8183640">
    <ele>2241.4</ele>
    <time>2026-06-09T08:16:24Z</time>
    <extensions>
     <gpxtpx:TrackPointExtension>
      <gpxtpx:hr>97</gpxtpx:hr>
      <gpxtpx:cad>0</gpxtpx:cad>
     </gpxtpx:TrackPointExtension>
    </extensions>
   </trkpt>
   <trkpt lat="28.4181560" lon="83.8183230">
    <ele>2240.6</ele>
    <time>2026-06-09T08:16:37Z</time>
    <extensions>
     <gpxtpx:TrackPointExtension>
      <gpxtpx:hr>96</gpxtpx:hr>
      <gpxtpx:cad>0</gpxtpx:cad>
     </gpxtpx:TrackPointExtension>
    </extensions>
   </trkpt>
   <trkpt lat="28.4181590" lon="83.8183170">
    <ele>2240.4</ele>
    <time>2026-06-09T08:16:38Z</time>
    <extensions>
     <gpxtpx:TrackPointExtension>
      <gpxtpx:hr>91</gpxtpx:hr>
      <gpxtpx:cad>0</gpxtpx:cad>
     </gpxtpx:TrackPointExtension>
    </extensions>
   </trkpt>
   <trkpt lat="28.4181630" lon="83.8183130">
    <ele>2240.4</ele>
    <time>2026-06-09T08:16:39Z</time>
    <extensions>
     <gpxtpx:TrackPointExtension>
      <gpxtpx:hr>89</gpxtpx:hr>
      <gpxtpx:cad>0</gpxtpx:cad>
     </gpxtpx:TrackPointExtension>
    </extensions>
   </trkpt>
   <trkpt lat="28.4181770" lon="83.8183010">
    <ele>2239.8</ele>
    <time>2026-06-09T08:16:44Z</time>
    <extensions>
     <gpxtpx:TrackPointExtension>
      <gpxtpx:hr>88</gpxtpx:hr>
      <gpxtpx:cad>0</gpxtpx:cad>
     </gpxtpx:TrackPointExtension>
    </extensions>
   </trkpt>
   <trkpt lat="28.4181760" lon="83.8183000">
    <ele>2239.2</ele>
    <time>2026-06-09T08:16:46Z</time>
    <extensions>
     <gpxtpx:TrackPointExtension>
      <gpxtpx:hr>89</gpxtpx:hr>
      <gpxtpx:cad>51</gpxtpx:cad>
     </gpxtpx:TrackPointExtension>
    </extensions>
   </trkpt>
   <trkpt lat="28.4181740" lon="83.8183000">
    <ele>2238.6</ele>
    <time>2026-06-09T08:16:51Z</time>
    <extensions>
     <gpxtpx:TrackPointExtension>
      <gpxtpx:hr>89</gpxtpx:hr>
      <gpxtpx:cad>0</gpxtpx:cad>
     </gpxtpx:TrackPointExtension>
    </extensions>
   </trkpt>
   <trkpt lat="28.4181830" lon="83.8182980">
    <ele>2238.8</ele>
    <time>2026-06-09T08:16:53Z</time>
    <extensions>
     <gpxtpx:TrackPointExtension>
      <gpxtpx:hr>92</gpxtpx:hr>
      <gpxtpx:cad>0</gpxtpx:cad>
     </gpxtpx:TrackPointExtension>
    </extensions>
   </trkpt>
   <trkpt lat="28.4182020" lon="83.8182920">
    <ele>2238.0</ele>
    <time>2026-06-09T08:16:56Z</time>
    <extensions>
     <gpxtpx:TrackPointExtension>
      <gpxtpx:hr>95</gpxtpx:hr>
      <gpxtpx:cad>0</gpxtpx:cad>
     </gpxtpx:TrackPointExtension>
    </extensions>
   </trkpt>
   <trkpt lat="28.4182090" lon="83.8182910">
    <ele>2236.6</ele>
    <time>2026-06-09T08:16:57Z</time>
    <extensions>
     <gpxtpx:TrackPointExtension>
      <gpxtpx:hr>95</gpxtpx:hr>
      <gpxtpx:cad>0</gpxtpx:cad>
     </gpxtpx:TrackPointExtension>
    </extensions>
   </trkpt>
   <trkpt lat="28.4182150" lon="83.8182900">
    <ele>2235.6</ele>
    <time>2026-06-09T08:16:58Z</time>
    <extensions>
     <gpxtpx:TrackPointExtension>
      <gpxtpx:hr>96</gpxtpx:hr>
      <gpxtpx:cad>0</gpxtpx:cad>
     </gpxtpx:TrackPointExtension>
    </extensions>
   </trkpt>
   <trkpt lat="28.4182280" lon="83.8182910">
    <ele>2235.2</ele>
    <time>2026-06-09T08:17:00Z</time>
    <extensions>
     <gpxtpx:TrackPointExtension>
      <gpxtpx:hr>98</gpxtpx:hr>
      <gpxtpx:cad>0</gpxtpx:cad>
     </gpxtpx:TrackPointExtension>
    </extensions>
   </trkpt>
   <trkpt lat="28.4182450" lon="83.8182930">
    <ele>2234.4</ele>
    <time>2026-06-09T08:17:03Z</time>
    <extensions>
     <gpxtpx:TrackPointExtension>
      <gpxtpx:hr>99</gpxtpx:hr>
      <gpxtpx:cad>49</gpxtpx:cad>
     </gpxtpx:TrackPointExtension>
    </extensions>
   </trkpt>
   <trkpt lat="28.4182660" lon="83.8183020">
    <ele>2233.2</ele>
    <time>2026-06-09T08:17:07Z</time>
    <extensions>
     <gpxtpx:TrackPointExtension>
      <gpxtpx:hr>99</gpxtpx:hr>
      <gpxtpx:cad>46</gpxtpx:cad>
     </gpxtpx:TrackPointExtension>
    </extensions>
   </trkpt>
   <trkpt lat="28.4182710" lon="83.8183100">
    <ele>2232.6</ele>
    <time>2026-06-09T08:17:09Z</time>
    <extensions>
     <gpxtpx:TrackPointExtension>
      <gpxtpx:hr>98</gpxtpx:hr>
      <gpxtpx:cad>48</gpxtpx:cad>
     </gpxtpx:TrackPointExtension>
    </extensions>
   </trkpt>
   <trkpt lat="28.4182750" lon="83.8183150">
    <ele>2232.2</ele>
    <time>2026-06-09T08:17:10Z</time>
    <extensions>
     <gpxtpx:TrackPointExtension>
      <gpxtpx:hr>98</gpxtpx:hr>
      <gpxtpx:cad>48</gpxtpx:cad>
     </gpxtpx:TrackPointExtension>
    </extensions>
   </trkpt>
   <trkpt lat="28.4182850" lon="83.8183320">
    <ele>2231.0</ele>
    <time>2026-06-09T08:17:13Z</time>
    <extensions>
     <gpxtpx:TrackPointExtension>
      <gpxtpx:hr>98</gpxtpx:hr>
      <gpxtpx:cad>46</gpxtpx:cad>
     </gpxtpx:TrackPointExtension>
    </extensions>
   </trkpt>
   <trkpt lat="28.4183000" lon="83.8183510">
    <ele>2230.0</ele>
    <time>2026-06-09T08:17:16Z</time>
    <extensions>
     <gpxtpx:TrackPointExtension>
      <gpxtpx:hr>97</gpxtpx:hr>
      <gpxtpx:cad>48</gpxtpx:cad>
     </gpxtpx:TrackPointExtension>
    </extensions>
   </trkpt>
   <trkpt lat="28.4183060" lon="83.8183550">
    <ele>2229.8</ele>
    <time>2026-06-09T08:17:17Z</time>
    <extensions>
     <gpxtpx:TrackPointExtension>
      <gpxtpx:hr>97</gpxtpx:hr>
      <gpxtpx:cad>48</gpxtpx:cad>
     </gpxtpx:TrackPointExtension>
    </extensions>
   </trkpt>
   <trkpt lat="28.4183280" lon="83.8183620">
    <ele>2228.6</ele>
    <time>2026-06-09T08:17:20Z</time>
    <extensions>
     <gpxtpx:TrackPointExtension>
      <gpxtpx:hr>97</gpxtpx:hr>
      <gpxtpx:cad>54</gpxtpx:cad>
     </gpxtpx:TrackPointExtension>
    </extensions>
   </trkpt>
   <trkpt lat="28.4183460" lon="83.8183630">
    <ele>2228.0</ele>
    <time>2026-06-09T08:17:22Z</time>
    <extensions>
     <gpxtpx:TrackPointExtension>
      <gpxtpx:hr>98</gpxtpx:hr>
      <gpxtpx:cad>55</gpxtpx:cad>
     </gpxtpx:TrackPointExtension>
    </extensions>
   </trkpt>
   <trkpt lat="28.4183590" lon="83.8183570">
    <ele>2227.4</ele>
    <time>2026-06-09T08:17:24Z</time>
    <extensions>
     <gpxtpx:TrackPointExtension>
      <gpxtpx:hr>98</gpxtpx:hr>
      <gpxtpx:cad>54</gpxtpx:cad>
     </gpxtpx:TrackPointExtension>
    </extensions>
   </trkpt>
   <trkpt lat="28.4183730" lon="83.8183460">
    <ele>2226.4</ele>
    <time>2026-06-09T08:17:27Z</time>
    <extensions>
     <gpxtpx:TrackPointExtension>
      <gpxtpx:hr>99</gpxtpx:hr>
      <gpxtpx:cad>51</gpxtpx:cad>
     </gpxtpx:TrackPointExtension>
    </extensions>
   </trkpt>
   <trkpt lat="28.4183760" lon="83.8183410">
    <ele>2226.2</ele>
    <time>2026-06-09T08:17:28Z</time>
    <extensions>
     <gpxtpx:TrackPointExtension>
      <gpxtpx:hr>99</gpxtpx:hr>
      <gpxtpx:cad>0</gpxtpx:cad>
     </gpxtpx:TrackPointExtension>
    </extensions>
   </trkpt>
   <trkpt lat="28.4183980" lon="83.8183150">
    <ele>2225.2</ele>
    <time>2026-06-09T08:17:34Z</time>
    <extensions>
     <gpxtpx:TrackPointExtension>
      <gpxtpx:hr>100</gpxtpx:hr>
      <gpxtpx:cad>0</gpxtpx:cad>
     </gpxtpx:TrackPointExtension>
    </extensions>
   </trkpt>
   <trkpt lat="28.4184180" lon="83.8183090">
    <ele>2224.0</ele>
    <time>2026-06-09T08:17:37Z</time>
    <extensions>
     <gpxtpx:TrackPointExtension>
      <gpxtpx:hr>99</gpxtpx:hr>
      <gpxtpx:cad>57</gpxtpx:cad>
     </gpxtpx:TrackPointExtension>
    </extensions>
   </trkpt>
   <trkpt lat="28.4184420" lon="83.8182980">
    <ele>2222.8</ele>
    <time>2026-06-09T08:17:41Z</time>
    <extensions>
     <gpxtpx:TrackPointExtension>
      <gpxtpx:hr>99</gpxtpx:hr>
      <gpxtpx:cad>52</gpxtpx:cad>
     </gpxtpx:TrackPointExtension>
    </extensions>
   </trkpt>
   <trkpt lat="28.4184680" lon="83.8182750">
    <ele>2221.6</ele>
    <time>2026-06-09T08:17:45Z</time>
    <extensions>
     <gpxtpx:TrackPointExtension>
      <gpxtpx:hr>99</gpxtpx:hr>
      <gpxtpx:cad>51</gpxtpx:cad>
     </gpxtpx:TrackPointExtension>
    </extensions>
   </trkpt>
   <trkpt lat="28.4184820" lon="83.8182490">
    <ele>2220.6</ele>
    <time>2026-06-09T08:17:49Z</time>
    <extensions>
     <gpxtpx:TrackPointExtension>
      <gpxtpx:hr>97</gpxtpx:hr>
      <gpxtpx:cad>51</gpxtpx:cad>
     </gpxtpx:TrackPointExtension>
    </extensions>
   </trkpt>
   <trkpt lat="28.4184860" lon="83.8182410">
    <ele>2220.4</ele>
    <time>2026-06-09T08:17:50Z</time>
    <extensions>
     <gpxtpx:TrackPointExtension>
      <gpxtpx:hr>96</gpxtpx:hr>
      <gpxtpx:cad>51</gpxtpx:cad>
     </gpxtpx:TrackPointExtension>
    </extensions>
   </trkpt>
   <trkpt lat="28.4185030" lon="83.8181990">
    <ele>2219.0</ele>
    <time>2026-06-09T08:17:54Z</time>
    <extensions>
     <gpxtpx:TrackPointExtension>
      <gpxtpx:hr>95</gpxtpx:hr>
      <gpxtpx:cad>53</gpxtpx:cad>
     </gpxtpx:TrackPointExtension>
    </extensions>
   </trkpt>
   <trkpt lat="28.4185080" lon="83.8181900">
    <ele>2218.6</ele>
    <time>2026-06-09T08:17:55Z</time>
    <extensions>
     <gpxtpx:TrackPointExtension>
      <gpxtpx:hr>95</gpxtpx:hr>
      <gpxtpx:cad>57</gpxtpx:cad>
     </gpxtpx:TrackPointExtension>
    </extensions>
   </trkpt>
   <trkpt lat="28.4185230" lon="83.8181620">
    <ele>2218.0</ele>
    <time>2026-06-09T08:17:58Z</time>
    <extensions>
     <gpxtpx:TrackPointExtension>
      <gpxtpx:hr>93</gpxtpx:hr>
      <gpxtpx:cad>57</gpxtpx:cad>
     </gpxtpx:TrackPointExtension>
    </extensions>
   </trkpt>
   <trkpt lat="28.4185420" lon="83.8181340">
    <ele>2218.0</ele>
    <time>2026-06-09T08:18:02Z</time>
    <extensions>
     <gpxtpx:TrackPointExtension>
      <gpxtpx:hr>93</gpxtpx:hr>
      <gpxtpx:cad>57</gpxtpx:cad>
     </gpxtpx:TrackPointExtension>
    </extensions>
   </trkpt>
   <trkpt lat="28.4185620" lon="83.8181170">
    <ele>2216.8</ele>
    <time>2026-06-09T08:18:08Z</time>
    <extensions>
     <gpxtpx:TrackPointExtension>
      <gpxtpx:hr>96</gpxtpx:hr>
      <gpxtpx:cad>47</gpxtpx:cad>
     </gpxtpx:TrackPointExtension>
    </extensions>
   </trkpt>
   <trkpt lat="28.4185680" lon="83.8181150">
    <ele>2216.4</ele>
    <time>2026-06-09T08:18:09Z</time>
    <extensions>
     <gpxtpx:TrackPointExtension>
      <gpxtpx:hr>98</gpxtpx:hr>
      <gpxtpx:cad>49</gpxtpx:cad>
     </gpxtpx:TrackPointExtension>
    </extensions>
   </trkpt>
   <trkpt lat="28.4185770" lon="83.8181120">
    <ele>2215.8</ele>
    <time>2026-06-09T08:18:11Z</time>
    <extensions>
     <gpxtpx:TrackPointExtension>
      <gpxtpx:hr>99</gpxtpx:hr>
      <gpxtpx:cad>51</gpxtpx:cad>
     </gpxtpx:TrackPointExtension>
    </extensions>
   </trkpt>
   <trkpt lat="28.4185960" lon="83.8181100">
    <ele>2214.8</ele>
    <time>2026-06-09T08:18:15Z</time>
    <extensions>
     <gpxtpx:TrackPointExtension>
      <gpxtpx:hr>97</gpxtpx:hr>
      <gpxtpx:cad>53</gpxtpx:cad>
     </gpxtpx:TrackPointExtension>
    </extensions>
   </trkpt>
   <trkpt lat="28.4186000" lon="83.8181090">
    <ele>2214.8</ele>
    <time>2026-06-09T08:18:16Z</time>
    <extensions>
     <gpxtpx:TrackPointExtension>
      <gpxtpx:hr>97</gpxtpx:hr>
      <gpxtpx:cad>53</gpxtpx:cad>
     </gpxtpx:TrackPointExtension>
    </extensions>
   </trkpt>
   <trkpt lat="28.4186120" lon="83.8181070">
    <ele>2215.8</ele>
    <time>2026-06-09T08:18:20Z</time>
    <extensions>
     <gpxtpx:TrackPointExtension>
      <gpxtpx:hr>97</gpxtpx:hr>
      <gpxtpx:cad>0</gpxtpx:cad>
     </gpxtpx:TrackPointExtension>
    </extensions>
   </trkpt>
   <trkpt lat="28.4186160" lon="83.8181110">
    <ele>2216.6</ele>
    <time>2026-06-09T08:18:23Z</time>
    <extensions>
     <gpxtpx:TrackPointExtension>
      <gpxtpx:hr>95</gpxtpx:hr>
      <gpxtpx:cad>0</gpxtpx:cad>
     </gpxtpx:TrackPointExtension>
    </extensions>
   </trkpt>
   <trkpt lat="28.4186230" lon="83.8181110">
    <ele>2216.2</ele>
    <time>2026-06-09T08:18:25Z</time>
    <extensions>
     <gpxtpx:TrackPointExtension>
      <gpxtpx:hr>98</gpxtpx:hr>
      <gpxtpx:cad>0</gpxtpx:cad>
     </gpxtpx:TrackPointExtension>
    </extensions>
   </trkpt>
   <trkpt lat="28.4186440" lon="83.8181080">
    <ele>2214.4</ele>
    <time>2026-06-09T08:18:28Z</time>
    <extensions>
     <gpxtpx:TrackPointExtension>
      <gpxtpx:hr>96</gpxtpx:hr>
      <gpxtpx:cad>0</gpxtpx:cad>
     </gpxtpx:TrackPointExtension>
    </extensions>
   </trkpt>
   <trkpt lat="28.4186590" lon="83.8181040">
    <ele>2213.2</ele>
    <time>2026-06-09T08:18:30Z</time>
    <extensions>
     <gpxtpx:TrackPointExtension>
      <gpxtpx:hr>93</gpxtpx:hr>
      <gpxtpx:cad>53</gpxtpx:cad>
     </gpxtpx:TrackPointExtension>
    </extensions>
   </trkpt>
   <trkpt lat="28.4186790" lon="83.8181040">
    <ele>2212.2</ele>
    <time>2026-06-09T08:18:33Z</time>
    <extensions>
     <gpxtpx:TrackPointExtension>
      <gpxtpx:hr>92</gpxtpx:hr>
      <gpxtpx:cad>53</gpxtpx:cad>
     </gpxtpx:TrackPointExtension>
    </extensions>
   </trkpt>
   <trkpt lat="28.4186880" lon="83.8180970">
    <ele>2211.6</ele>
    <time>2026-06-09T08:18:35Z</time>
    <extensions>
     <gpxtpx:TrackPointExtension>
      <gpxtpx:hr>92</gpxtpx:hr>
      <gpxtpx:cad>52</gpxtpx:cad>
     </gpxtpx:TrackPointExtension>
    </extensions>
   </trkpt>
   <trkpt lat="28.4186990" lon="83.8180890">
    <ele>2211.0</ele>
    <time>2026-06-09T08:18:37Z</time>
    <extensions>
     <gpxtpx:TrackPointExtension>
      <gpxtpx:hr>94</gpxtpx:hr>
      <gpxtpx:cad>57</gpxtpx:cad>
     </gpxtpx:TrackPointExtension>
    </extensions>
   </trkpt>
   <trkpt lat="28.4187110" lon="83.8180870">
    <ele>2210.6</ele>
    <time>2026-06-09T08:18:39Z</time>
    <extensions>
     <gpxtpx:TrackPointExtension>
      <gpxtpx:hr>97</gpxtpx:hr>
      <gpxtpx:cad>57</gpxtpx:cad>
     </gpxtpx:TrackPointExtension>
    </extensions>
   </trkpt>
   <trkpt lat="28.4187190" lon="83.8180850">
    <ele>2210.2</ele>
    <time>2026-06-09T08:18:40Z</time>
    <extensions>
     <gpxtpx:TrackPointExtension>
      <gpxtpx:hr>99</gpxtpx:hr>
      <gpxtpx:cad>59</gpxtpx:cad>
     </gpxtpx:TrackPointExtension>
    </extensions>
   </trkpt>
   <trkpt lat="28.4187250" lon="83.8180830">
    <ele>2210.0</ele>
    <time>2026-06-09T08:18:41Z</time>
    <extensions>
     <gpxtpx:TrackPointExtension>
      <gpxtpx:hr>100</gpxtpx:hr>
      <gpxtpx:cad>59</gpxtpx:cad>
     </gpxtpx:TrackPointExtension>
    </extensions>
   </trkpt>
   <trkpt lat="28.4187330" lon="83.8180820">
    <ele>2209.6</ele>
    <time>2026-06-09T08:18:42Z</time>
    <extensions>
     <gpxtpx:TrackPointExtension>
      <gpxtpx:hr>100</gpxtpx:hr>
      <gpxtpx:cad>59</gpxtpx:cad>
     </gpxtpx:TrackPointExtension>
    </extensions>
   </trkpt>
   <trkpt lat="28.4187580" lon="83.8180790">
    <ele>2208.8</ele>
    <time>2026-06-09T08:18:45Z</time>
    <extensions>
     <gpxtpx:TrackPointExtension>
      <gpxtpx:hr>100</gpxtpx:hr>
      <gpxtpx:cad>60</gpxtpx:cad>
     </gpxtpx:TrackPointExtension>
    </extensions>
   </trkpt>
   <trkpt lat="28.4187900" lon="83.8180780">
    <ele>2207.8</ele>
    <time>2026-06-09T08:18:51Z</time>
    <extensions>
     <gpxtpx:TrackPointExtension>
      <gpxtpx:hr>100</gpxtpx:hr>
      <gpxtpx:cad>56</gpxtpx:cad>
     </gpxtpx:TrackPointExtension>
    </extensions>
   </trkpt>
   <trkpt lat="28.4187940" lon="83.8180760">
    <ele>2207.6</ele>
    <time>2026-06-09T08:18:52Z</time>
    <extensions>
     <gpxtpx:TrackPointExtension>
      <gpxtpx:hr>100</gpxtpx:hr>
      <gpxtpx:cad>56</gpxtpx:cad>
     </gpxtpx:TrackPointExtension>
    </extensions>
   </trkpt>
   <trkpt lat="28.4188200" lon="83.8180620">
    <ele>2206.4</ele>
    <time>2026-06-09T08:18:56Z</time>
    <extensions>
     <gpxtpx:TrackPointExtension>
      <gpxtpx:hr>100</gpxtpx:hr>
      <gpxtpx:cad>53</gpxtpx:cad>
     </gpxtpx:TrackPointExtension>
    </extensions>
   </trkpt>
   <trkpt lat="28.4188500" lon="83.8180270">
    <ele>2205.2</ele>
    <time>2026-06-09T08:19:00Z</time>
    <extensions>
     <gpxtpx:TrackPointExtension>
      <gpxtpx:hr>99</gpxtpx:hr>
      <gpxtpx:cad>52</gpxtpx:cad>
     </gpxtpx:TrackPointExtension>
    </extensions>
   </trkpt>
   <trkpt lat="28.4188650" lon="83.8180060">
    <ele>2204.6</ele>
    <time>2026-06-09T08:19:03Z</time>
    <extensions>
     <gpxtpx:TrackPointExtension>
      <gpxtpx:hr>97</gpxtpx:hr>
      <gpxtpx:cad>53</gpxtpx:cad>
     </gpxtpx:TrackPointExtension>
    </extensions>
   </trkpt>
   <trkpt lat="28.4188710" lon="83.8179970">
    <ele>2204.6</ele>
    <time>2026-06-09T08:19:05Z</time>
    <extensions>
     <gpxtpx:TrackPointExtension>
      <gpxtpx:hr>97</gpxtpx:hr>
      <gpxtpx:cad>53</gpxtpx:cad>
     </gpxtpx:TrackPointExtension>
    </extensions>
   </trkpt>
   <trkpt lat="28.4188750" lon="83.8179920">
    <ele>2204.4</ele>
    <time>2026-06-09T08:19:06Z</time>
    <extensions>
     <gpxtpx:TrackPointExtension>
      <gpxtpx:hr>97</gpxtpx:hr>
      <gpxtpx:cad>54</gpxtpx:cad>
     </gpxtpx:TrackPointExtension>
    </extensions>
   </trkpt>
   <trkpt lat="28.4188830" lon="83.8179840">
    <ele>2204.2</ele>
    <time>2026-06-09T08:19:08Z</time>
    <extensions>
     <gpxtpx:TrackPointExtension>
      <gpxtpx:hr>97</gpxtpx:hr>
      <gpxtpx:cad>54</gpxtpx:cad>
     </gpxtpx:TrackPointExtension>
    </extensions>
   </trkpt>
   <trkpt lat="28.4188930" lon="83.8179750">
    <ele>2203.6</ele>
    <time>2026-06-09T08:19:10Z</time>
    <extensions>
     <gpxtpx:TrackPointExtension>
      <gpxtpx:hr>97</gpxtpx:hr>
      <gpxtpx:cad>50</gpxtpx:cad>
     </gpxtpx:TrackPointExtension>
    </extensions>
   </trkpt>
   <trkpt lat="28.4189010" lon="83.8179670">
    <ele>2203.0</ele>
    <time>2026-06-09T08:19:12Z</time>
    <extensions>
     <gpxtpx:TrackPointExtension>
      <gpxtpx:hr>98</gpxtpx:hr>
      <gpxtpx:cad>50</gpxtpx:cad>
     </gpxtpx:TrackPointExtension>
    </extensions>
   </trkpt>
   <trkpt lat="28.4189470" lon="83.8179380">
    <ele>2202.0</ele>
    <time>2026-06-09T08:19:18Z</time>
    <extensions>
     <gpxtpx:TrackPointExtension>
      <gpxtpx:hr>96</gpxtpx:hr>
      <gpxtpx:cad>52</gpxtpx:cad>
     </gpxtpx:TrackPointExtension>
    </extensions>
   </trkpt>
   <trkpt lat="28.4189610" lon="83.8179280">
    <ele>2201.8</ele>
    <time>2026-06-09T08:19:20Z</time>
    <extensions>
     <gpxtpx:TrackPointExtension>
      <gpxtpx:hr>96</gpxtpx:hr>
      <gpxtpx:cad>52</gpxtpx:cad>
     </gpxtpx:TrackPointExtension>
    </extensions>
   </trkpt>
   <trkpt lat="28.4189740" lon="83.8179140">
    <ele>2201.4</ele>
    <time>2026-06-09T08:19:23Z</time>
    <extensions>
     <gpxtpx:TrackPointExtension>
      <gpxtpx:hr>96</gpxtpx:hr>
      <gpxtpx:cad>56</gpxtpx:cad>
     </gpxtpx:TrackPointExtension>
    </extensions>
   </trkpt>
   <trkpt lat="28.4189740" lon="83.8179000">
    <ele>2202.0</ele>
    <time>2026-06-09T08:19:29Z</time>
    <extensions>
     <gpxtpx:TrackPointExtension>
      <gpxtpx:hr>95</gpxtpx:hr>
      <gpxtpx:cad>0</gpxtpx:cad>
     </gpxtpx:TrackPointExtension>
    </extensions>
   </trkpt>
   <trkpt lat="28.4189670" lon="83.8179080">
    <ele>2203.0</ele>
    <time>2026-06-09T08:19:32Z</time>
    <extensions>
     <gpxtpx:TrackPointExtension>
      <gpxtpx:hr>95</gpxtpx:hr>
      <gpxtpx:cad>65</gpxtpx:cad>
     </gpxtpx:TrackPointExtension>
    </extensions>
   </trkpt>
   <trkpt lat="28.4189740" lon="83.8179150">
    <ele>2203.6</ele>
    <time>2026-06-09T08:19:35Z</time>
    <extensions>
     <gpxtpx:TrackPointExtension>
      <gpxtpx:hr>95</gpxtpx:hr>
      <gpxtpx:cad>0</gpxtpx:cad>
     </gpxtpx:TrackPointExtension>
    </extensions>
   </trkpt>
   <trkpt lat="28.4189860" lon="83.8179170">
    <ele>2204.0</ele>
    <time>2026-06-09T08:19:37Z</time>
    <extensions>
     <gpxtpx:TrackPointExtension>
      <gpxtpx:hr>95</gpxtpx:hr>
      <gpxtpx:cad>0</gpxtpx:cad>
     </gpxtpx:TrackPointExtension>
    </extensions>
   </trkpt>
   <trkpt lat="28.4190080" lon="83.8179160">
    <ele>2205.0</ele>
    <time>2026-06-09T08:19:43Z</time>
    <extensions>
     <gpxtpx:TrackPointExtension>
      <gpxtpx:hr>97</gpxtpx:hr>
      <gpxtpx:cad>0</gpxtpx:cad>
     </gpxtpx:TrackPointExtension>
    </extensions>
   </trkpt>
   <trkpt lat="28.4190150" lon="83.8179200">
    <ele>2205.8</ele>
    <time>2026-06-09T08:19:46Z</time>
    <extensions>
     <gpxtpx:TrackPointExtension>
      <gpxtpx:hr>102</gpxtpx:hr>
      <gpxtpx:cad>0</gpxtpx:cad>
     </gpxtpx:TrackPointExtension>
    </extensions>
   </trkpt>
   <trkpt lat="28.4190120" lon="83.8179210">
    <ele>2206.2</ele>
    <time>2026-06-09T08:19:47Z</time>
    <extensions>
     <gpxtpx:TrackPointExtension>
      <gpxtpx:hr>106</gpxtpx:hr>
      <gpxtpx:cad>0</gpxtpx:cad>
     </gpxtpx:TrackPointExtension>
    </extensions>
   </trkpt>
   <trkpt lat="28.4190090" lon="83.8179250">
    <ele>2206.2</ele>
    <time>2026-06-09T08:19:48Z</time>
    <extensions>
     <gpxtpx:TrackPointExtension>
      <gpxtpx:hr>109</gpxtpx:hr>
      <gpxtpx:cad>0</gpxtpx:cad>
     </gpxtpx:TrackPointExtension>
    </extensions>
   </trkpt>
   <trkpt lat="28.4190080" lon="83.8179260">
    <ele>2206.2</ele>
    <time>2026-06-09T08:19:51Z</time>
    <extensions>
     <gpxtpx:TrackPointExtension>
      <gpxtpx:hr>110</gpxtpx:hr>
      <gpxtpx:cad>0</gpxtpx:cad>
     </gpxtpx:TrackPointExtension>
    </extensions>
   </trkpt>
   <trkpt lat="28.4190030" lon="83.8179390">
    <ele>2205.0</ele>
    <time>2026-06-09T08:19:57Z</time>
    <extensions>
     <gpxtpx:TrackPointExtension>
      <gpxtpx:hr>110</gpxtpx:hr>
      <gpxtpx:cad>0</gpxtpx:cad>
     </gpxtpx:TrackPointExtension>
    </extensions>
   </trkpt>
   <trkpt lat="28.4190210" lon="83.8179520">
    <ele>2204.4</ele>
    <time>2026-06-09T08:20:01Z</time>
    <extensions>
     <gpxtpx:TrackPointExtension>
      <gpxtpx:hr>113</gpxtpx:hr>
      <gpxtpx:cad>0</gpxtpx:cad>
     </gpxtpx:TrackPointExtension>
    </extensions>
   </trkpt>
   <trkpt lat="28.4190380" lon="83.8179360">
    <ele>2204.6</ele>
    <time>2026-06-09T08:20:05Z</time>
    <extensions>
     <gpxtpx:TrackPointExtension>
      <gpxtpx:hr>116</gpxtpx:hr>
      <gpxtpx:cad>52</gpxtpx:cad>
     </gpxtpx:TrackPointExtension>
    </extensions>
   </trkpt>
   <trkpt lat="28.4191130" lon="83.8178660">
    <ele>2204.6</ele>
    <time>2026-06-09T08:20:09Z</time>
    <extensions>
     <gpxtpx:TrackPointExtension>
      <gpxtpx:hr>116</gpxtpx:hr>
      <gpxtpx:cad>54</gpxtpx:cad>
     </gpxtpx:TrackPointExtension>
    </extensions>
   </trkpt>
   <trkpt lat="28.4191610" lon="83.8178030">
    <ele>2204.6</ele>
    <time>2026-06-09T08:20:15Z</time>
    <extensions>
     <gpxtpx:TrackPointExtension>
      <gpxtpx:hr>116</gpxtpx:hr>
      <gpxtpx:cad>55</gpxtpx:cad>
     </gpxtpx:TrackPointExtension>
    </extensions>
   </trkpt>
   <trkpt lat="28.4191840" lon="83.8177250">
    <ele>2204.8</ele>
    <time>2026-06-09T08:20:21Z</time>
    <extensions>
     <gpxtpx:TrackPointExtension>
      <gpxtpx:hr>116</gpxtpx:hr>
      <gpxtpx:cad>0</gpxtpx:cad>
     </gpxtpx:TrackPointExtension>
    </extensions>
   </trkpt>
   <trkpt lat="28.4191990" lon="83.8177130">
    <ele>2204.8</ele>
    <time>2026-06-09T08:20:25Z</time>
    <extensions>
     <gpxtpx:TrackPointExtension>
      <gpxtpx:hr>117</gpxtpx:hr>
      <gpxtpx:cad>0</gpxtpx:cad>
     </gpxtpx:TrackPointExtension>
    </extensions>
   </trkpt>
   <trkpt lat="28.4191980" lon="83.8177410">
    <ele>2205.0</ele>
    <time>2026-06-09T08:20:32Z</time>
    <extensions>
     <gpxtpx:TrackPointExtension>
      <gpxtpx:hr>114</gpxtpx:hr>
      <gpxtpx:cad>0</gpxtpx:cad>
     </gpxtpx:TrackPointExtension>
    </extensions>
   </trkpt>
   <trkpt lat="28.4191930" lon="83.8177520">
    <ele>2205.0</ele>
    <time>2026-06-09T08:20:33Z</time>
    <extensions>
     <gpxtpx:TrackPointExtension>
      <gpxtpx:hr>111</gpxtpx:hr>
      <gpxtpx:cad>0</gpxtpx:cad>
     </gpxtpx:TrackPointExtension>
    </extensions>
   </trkpt>
   <trkpt lat="28.4191880" lon="83.8177670">
    <ele>2205.0</ele>
    <time>2026-06-09T08:20:34Z</time>
    <extensions>
     <gpxtpx:TrackPointExtension>
      <gpxtpx:hr>108</gpxtpx:hr>
      <gpxtpx:cad>0</gpxtpx:cad>
     </gpxtpx:TrackPointExtension>
    </extensions>
   </trkpt>
   <trkpt lat="28.4191760" lon="83.8177940">
    <ele>2205.0</ele>
    <time>2026-06-09T08:20:36Z</time>
    <extensions>
     <gpxtpx:TrackPointExtension>
      <gpxtpx:hr>105</gpxtpx:hr>
      <gpxtpx:cad>0</gpxtpx:cad>
     </gpxtpx:TrackPointExtension>
    </extensions>
   </trkpt>
   <trkpt lat="28.4191690" lon="83.8178020">
    <ele>2205.0</ele>
    <time>2026-06-09T08:20:38Z</time>
    <extensions>
     <gpxtpx:TrackPointExtension>
      <gpxtpx:hr>103</gpxtpx:hr>
      <gpxtpx:cad>0</gpxtpx:cad>
     </gpxtpx:TrackPointExtension>
    </extensions>
   </trkpt>
   <trkpt lat="28.4191380" lon="83.8177970">
    <ele>2205.4</ele>
    <time>2026-06-09T08:20:44Z</time>
    <extensions>
     <gpxtpx:TrackPointExtension>
      <gpxtpx:hr>108</gpxtpx:hr>
      <gpxtpx:cad>0</gpxtpx:cad>
     </gpxtpx:TrackPointExtension>
    </extensions>
   </trkpt>
   <trkpt lat="28.4191510" lon="83.8177910">
    <ele>2205.6</ele>
    <time>2026-06-09T08:20:47Z</time>
    <extensions>
     <gpxtpx:TrackPointExtension>
      <gpxtpx:hr>110</gpxtpx:hr>
      <gpxtpx:cad>0</gpxtpx:cad>
     </gpxtpx:TrackPointExtension>
    </extensions>
   </trkpt>
   <trkpt lat="28.4191510" lon="83.8177910">
    <ele>2206.0</ele>
    <time>2026-06-09T08:20:50Z</time>
    <extensions>
     <gpxtpx:TrackPointExtension>
      <gpxtpx:hr>111</gpxtpx:hr>
      <gpxtpx:cad>0</gpxtpx:cad>
     </gpxtpx:TrackPointExtension>
    </extensions>
   </trkpt>
   <trkpt lat="28.4191510" lon="83.8177910">
    <ele>2206.0</ele>
    <time>2026-06-09T08:20:53Z</time>
    <extensions>
     <gpxtpx:TrackPointExtension>
      <gpxtpx:hr>111</gpxtpx:hr>
      <gpxtpx:cad>0</gpxtpx:cad>
     </gpxtpx:TrackPointExtension>
    </extensions>
   </trkpt>
   <trkpt lat="28.4191510" lon="83.8177910">
    <ele>2205.0</ele>
    <time>2026-06-09T08:20:56Z</time>
    <extensions>
     <gpxtpx:TrackPointExtension>
      <gpxtpx:hr>108</gpxtpx:hr>
      <gpxtpx:cad>0</gpxtpx:cad>
     </gpxtpx:TrackPointExtension>
    </extensions>
   </trkpt>
   <trkpt lat="28.4191510" lon="83.8177910">
    <ele>2204.8</ele>
    <time>2026-06-09T08:20:57Z</time>
    <extensions>
     <gpxtpx:TrackPointExtension>
      <gpxtpx:hr>107</gpxtpx:hr>
      <gpxtpx:cad>0</gpxtpx:cad>
     </gpxtpx:TrackPointExtension>
    </extensions>
   </trkpt>
   <trkpt lat="28.4191510" lon="83.8177910">
    <ele>2204.8</ele>
    <time>2026-06-09T08:20:59Z</time>
    <extensions>
     <gpxtpx:TrackPointExtension>
      <gpxtpx:hr>105</gpxtpx:hr>
      <gpxtpx:cad>0</gpxtpx:cad>
     </gpxtpx:TrackPointExtension>
    </extensions>
   </trkpt>
  </trkseg>
 </trk>
</gpx>
