<?xml version="1.0" encoding="UTF-8" standalone="yes"?><gpx version="1.1" creator="openrouteservice" xmlns="https://raw.githubusercontent.com/GIScience/openrouteservice-schema/main/gpx/v2/ors-gpx.xsd"><metadata><name>ORSRouting</name><desc>This is a directions instructions file as GPX, generated from openrouteservice</desc><author><name>openrouteservice</name><email id="support" domain="openrouteservice.org"/><link href="https://openrouteservice.org/"><text>https://openrouteservice.org/</text><type>text/html</type></link></author><copyright author="openrouteservice.org, OpenStreetMap contributors, tmc - BASt"><year>2025</year><license>LGPL 3.0</license></copyright><time>2025-11-01T23:09:13.241Z</time><bounds maxlat="47.70599" maxlon="11.886623" minlat="47.669657" minlon="11.833358"/><extensions><system-message></system-message></extensions></metadata><rte><rtept lat="47.672548" lon="11.886623"><ele>1141.5</ele><name>Trautweinweg</name><desc>Head southwest on &lt;b&gt;Trautweinweg&lt;/b&gt;</desc><extensions><distance>0.102</distance><duration>73.4</duration><type>11</type><step>0</step></extensions></rtept><rtept lat="47.672524" lon="11.886557"><ele>1148.0</ele><name>Trautweinweg</name><desc>Head southwest on &lt;b&gt;Trautweinweg&lt;/b&gt;</desc><extensions><distance>0.102</distance><duration>73.4</duration><type>11</type><step>0</step></extensions></rtept><rtept lat="47.672493" lon="11.886524"><ele>1129.0</ele><name>Trautweinweg</name><desc>Head southwest on &lt;b&gt;Trautweinweg&lt;/b&gt;</desc><extensions><distance>0.102</distance><duration>73.4</duration><type>11</type><step>0</step></extensions></rtept><rtept lat="47.672403" lon="11.886418"><ele>1129.0</ele><name>Trautweinweg</name><desc>Head southwest on &lt;b&gt;Trautweinweg&lt;/b&gt;</desc><extensions><distance>0.102</distance><duration>73.4</duration><type>11</type><step>0</step></extensions></rtept><rtept lat="47.672308" lon="11.886157"><ele>1129.0</ele><name>Trautweinweg</name><desc>Head southwest on &lt;b&gt;Trautweinweg&lt;/b&gt;</desc><extensions><distance>0.102</distance><duration>73.4</duration><type>11</type><step>0</step></extensions></rtept><rtept lat="47.672224" lon="11.885447"><ele>1133.0</ele><name></name><desc>Arrive at Trautweinweg, on the right</desc><extensions><distance>0.0</distance><duration>0.0</duration><type>10</type><step>1</step></extensions></rtept><rtept lat="47.672224" lon="11.885447"><ele>1133.0</ele><name>Trautweinweg</name><desc>Head west on &lt;b&gt;Trautweinweg&lt;/b&gt;</desc><extensions><distance>0.117</distance><duration>84.3</duration><type>11</type><step>2</step></extensions></rtept><rtept lat="47.67212" lon="11.884579"><ele>1137.0</ele><name>Trautweinweg</name><desc>Head west on &lt;b&gt;Trautweinweg&lt;/b&gt;</desc><extensions><distance>0.117</distance><duration>84.3</duration><type>11</type><step>2</step></extensions></rtept><rtept lat="47.672099" lon="11.883901"><ele>1140.5</ele><name></name><desc>Arrive at Trautweinweg, on the right</desc><extensions><distance>0.0</distance><duration>0.0</duration><type>10</type><step>3</step></extensions></rtept><rtept lat="47.672099" lon="11.883901"><ele>1140.5</ele><name>Trautweinweg</name><desc>Head west on &lt;b&gt;Trautweinweg&lt;/b&gt;</desc><extensions><distance>0.271</distance><duration>195.0</duration><type>11</type><step>4</step></extensions></rtept><rtept lat="47.672093" lon="11.883708"><ele>1144.0</ele><name>Trautweinweg</name><desc>Head west on &lt;b&gt;Trautweinweg&lt;/b&gt;</desc><extensions><distance>0.271</distance><duration>195.0</duration><type>11</type><step>4</step></extensions></rtept><rtept lat="47.672051" lon="11.883134"><ele>1157.0</ele><name>Trautweinweg</name><desc>Head west on &lt;b&gt;Trautweinweg&lt;/b&gt;</desc><extensions><distance>0.271</distance><duration>195.0</duration><type>11</type><step>4</step></extensions></rtept><rtept lat="47.6719" lon="11.882204"><ele>1177.0</ele><name>Trautweinweg</name><desc>Head west on &lt;b&gt;Trautweinweg&lt;/b&gt;</desc><extensions><distance>0.271</distance><duration>195.0</duration><type>11</type><step>4</step></extensions></rtept><rtept lat="47.67183" lon="11.881608"><ele>1194.0</ele><name>Trautweinweg</name><desc>Head west on &lt;b&gt;Trautweinweg&lt;/b&gt;</desc><extensions><distance>0.271</distance><duration>195.0</duration><type>11</type><step>4</step></extensions></rtept><rtept lat="47.671814" lon="11.88128"><ele>1194.0</ele><name>Trautweinweg</name><desc>Head west on &lt;b&gt;Trautweinweg&lt;/b&gt;</desc><extensions><distance>0.271</distance><duration>195.0</duration><type>11</type><step>4</step></extensions></rtept><rtept lat="47.671767" lon="11.880443"><ele>1202.0</ele><name></name><desc>Arrive at Trautweinweg, on the right</desc><extensions><distance>0.0</distance><duration>0.0</duration><type>10</type><step>5</step></extensions></rtept><rtept lat="47.671767" lon="11.880443"><ele>1202.0</ele><name>Trautweinweg</name><desc>Head west on &lt;b&gt;Trautweinweg&lt;/b&gt;</desc><extensions><distance>0.801</distance><duration>576.9</duration><type>11</type><step>6</step></extensions></rtept><rtept lat="47.67174" lon="11.879967"><ele>1210.0</ele><name>Trautweinweg</name><desc>Head west on &lt;b&gt;Trautweinweg&lt;/b&gt;</desc><extensions><distance>0.801</distance><duration>576.9</duration><type>11</type><step>6</step></extensions></rtept><rtept lat="47.671764" lon="11.879177"><ele>1210.0</ele><name>Trautweinweg</name><desc>Head west on &lt;b&gt;Trautweinweg&lt;/b&gt;</desc><extensions><distance>0.801</distance><duration>576.9</duration><type>11</type><step>6</step></extensions></rtept><rtept lat="47.671743" lon="11.878444"><ele>1219.0</ele><name>Trautweinweg</name><desc>Head west on &lt;b&gt;Trautweinweg&lt;/b&gt;</desc><extensions><distance>0.801</distance><duration>576.9</duration><type>11</type><step>6</step></extensions></rtept><rtept lat="47.671423" lon="11.877186"><ele>1237.0</ele><name>Trautweinweg</name><desc>Head west on &lt;b&gt;Trautweinweg&lt;/b&gt;</desc><extensions><distance>0.801</distance><duration>576.9</duration><type>11</type><step>6</step></extensions></rtept><rtept lat="47.671226" lon="11.876662"><ele>1253.0</ele><name>Trautweinweg</name><desc>Head west on &lt;b&gt;Trautweinweg&lt;/b&gt;</desc><extensions><distance>0.801</distance><duration>576.9</duration><type>11</type><step>6</step></extensions></rtept><rtept lat="47.671117" lon="11.876226"><ele>1253.0</ele><name>Trautweinweg</name><desc>Head west on &lt;b&gt;Trautweinweg&lt;/b&gt;</desc><extensions><distance>0.801</distance><duration>576.9</duration><type>11</type><step>6</step></extensions></rtept><rtept lat="47.670909" lon="11.875788"><ele>1263.0</ele><name>Trautweinweg</name><desc>Head west on &lt;b&gt;Trautweinweg&lt;/b&gt;</desc><extensions><distance>0.801</distance><duration>576.9</duration><type>11</type><step>6</step></extensions></rtept><rtept lat="47.670701" lon="11.875442"><ele>1236.0</ele><name>Trautweinweg</name><desc>Head west on &lt;b&gt;Trautweinweg&lt;/b&gt;</desc><extensions><distance>0.801</distance><duration>576.9</duration><type>11</type><step>6</step></extensions></rtept><rtept lat="47.670606" lon="11.874898"><ele>1240.0</ele><name>Trautweinweg</name><desc>Head west on &lt;b&gt;Trautweinweg&lt;/b&gt;</desc><extensions><distance>0.801</distance><duration>576.9</duration><type>11</type><step>6</step></extensions></rtept><rtept lat="47.670629" lon="11.874575"><ele>1240.0</ele><name>Trautweinweg</name><desc>Head west on &lt;b&gt;Trautweinweg&lt;/b&gt;</desc><extensions><distance>0.801</distance><duration>576.9</duration><type>11</type><step>6</step></extensions></rtept><rtept lat="47.670584" lon="11.873984"><ele>1247.0</ele><name>Trautweinweg</name><desc>Head west on &lt;b&gt;Trautweinweg&lt;/b&gt;</desc><extensions><distance>0.801</distance><duration>576.9</duration><type>11</type><step>6</step></extensions></rtept><rtept lat="47.670613" lon="11.873483"><ele>1247.0</ele><name>Trautweinweg</name><desc>Head west on &lt;b&gt;Trautweinweg&lt;/b&gt;</desc><extensions><distance>0.801</distance><duration>576.9</duration><type>11</type><step>6</step></extensions></rtept><rtept lat="47.670597" lon="11.872931"><ele>1251.0</ele><name>Trautweinweg</name><desc>Head west on &lt;b&gt;Trautweinweg&lt;/b&gt;</desc><extensions><distance>0.801</distance><duration>576.9</duration><type>11</type><step>6</step></extensions></rtept><rtept lat="47.670701" lon="11.871797"><ele>1258.0</ele><name>Trautweinweg</name><desc>Head west on &lt;b&gt;Trautweinweg&lt;/b&gt;</desc><extensions><distance>0.801</distance><duration>576.9</duration><type>11</type><step>6</step></extensions></rtept><rtept lat="47.670794" lon="11.871326"><ele>1266.0</ele><name>Trautweinweg</name><desc>Head west on &lt;b&gt;Trautweinweg&lt;/b&gt;</desc><extensions><distance>0.801</distance><duration>576.9</duration><type>11</type><step>6</step></extensions></rtept><rtept lat="47.670884" lon="11.870558"><ele>1295.0</ele><name>Trautweinweg</name><desc>Keep right onto &lt;b&gt;Trautweinweg&lt;/b&gt;</desc><extensions><distance>1.061</distance><duration>764.3</duration><type>13</type><step>7</step></extensions></rtept><rtept lat="47.671054" lon="11.870127"><ele>1295.0</ele><name>Trautweinweg</name><desc>Keep right onto &lt;b&gt;Trautweinweg&lt;/b&gt;</desc><extensions><distance>1.061</distance><duration>764.3</duration><type>13</type><step>7</step></extensions></rtept><rtept lat="47.671263" lon="11.869732"><ele>1293.0</ele><name>Trautweinweg</name><desc>Keep right onto &lt;b&gt;Trautweinweg&lt;/b&gt;</desc><extensions><distance>1.061</distance><duration>764.3</duration><type>13</type><step>7</step></extensions></rtept><rtept lat="47.671416" lon="11.869003"><ele>1299.0</ele><name>Trautweinweg</name><desc>Keep right onto &lt;b&gt;Trautweinweg&lt;/b&gt;</desc><extensions><distance>1.061</distance><duration>764.3</duration><type>13</type><step>7</step></extensions></rtept><rtept lat="47.671371" lon="11.86846"><ele>1299.0</ele><name>Trautweinweg</name><desc>Keep right onto &lt;b&gt;Trautweinweg&lt;/b&gt;</desc><extensions><distance>1.061</distance><duration>764.3</duration><type>13</type><step>7</step></extensions></rtept><rtept lat="47.671424" lon="11.86806"><ele>1302.0</ele><name>Trautweinweg</name><desc>Keep right onto &lt;b&gt;Trautweinweg&lt;/b&gt;</desc><extensions><distance>1.061</distance><duration>764.3</duration><type>13</type><step>7</step></extensions></rtept><rtept lat="47.671515" lon="11.867554"><ele>1302.0</ele><name>Trautweinweg</name><desc>Keep right onto &lt;b&gt;Trautweinweg&lt;/b&gt;</desc><extensions><distance>1.061</distance><duration>764.3</duration><type>13</type><step>7</step></extensions></rtept><rtept lat="47.671528" lon="11.867154"><ele>1304.0</ele><name>Trautweinweg</name><desc>Keep right onto &lt;b&gt;Trautweinweg&lt;/b&gt;</desc><extensions><distance>1.061</distance><duration>764.3</duration><type>13</type><step>7</step></extensions></rtept><rtept lat="47.671523" lon="11.866554"><ele>1308.0</ele><name>Trautweinweg</name><desc>Keep right onto &lt;b&gt;Trautweinweg&lt;/b&gt;</desc><extensions><distance>1.061</distance><duration>764.3</duration><type>13</type><step>7</step></extensions></rtept><rtept lat="47.671498" lon="11.866214"><ele>1308.0</ele><name>Trautweinweg</name><desc>Keep right onto &lt;b&gt;Trautweinweg&lt;/b&gt;</desc><extensions><distance>1.061</distance><duration>764.3</duration><type>13</type><step>7</step></extensions></rtept><rtept lat="47.671502" lon="11.865916"><ele>1308.0</ele><name>Trautweinweg</name><desc>Keep right onto &lt;b&gt;Trautweinweg&lt;/b&gt;</desc><extensions><distance>1.061</distance><duration>764.3</duration><type>13</type><step>7</step></extensions></rtept><rtept lat="47.671599" lon="11.865267"><ele>1309.0</ele><name>Trautweinweg</name><desc>Keep right onto &lt;b&gt;Trautweinweg&lt;/b&gt;</desc><extensions><distance>1.061</distance><duration>764.3</duration><type>13</type><step>7</step></extensions></rtept><rtept lat="47.671623" lon="11.864788"><ele>1324.0</ele><name>Trautweinweg</name><desc>Keep right onto &lt;b&gt;Trautweinweg&lt;/b&gt;</desc><extensions><distance>1.061</distance><duration>764.3</duration><type>13</type><step>7</step></extensions></rtept><rtept lat="47.671554" lon="11.863492"><ele>1341.0</ele><name>Trautweinweg</name><desc>Keep right onto &lt;b&gt;Trautweinweg&lt;/b&gt;</desc><extensions><distance>1.061</distance><duration>764.3</duration><type>13</type><step>7</step></extensions></rtept><rtept lat="47.671513" lon="11.863208"><ele>1356.0</ele><name>Trautweinweg</name><desc>Keep right onto &lt;b&gt;Trautweinweg&lt;/b&gt;</desc><extensions><distance>1.061</distance><duration>764.3</duration><type>13</type><step>7</step></extensions></rtept><rtept lat="47.671427" lon="11.862861"><ele>1356.0</ele><name>Trautweinweg</name><desc>Keep right onto &lt;b&gt;Trautweinweg&lt;/b&gt;</desc><extensions><distance>1.061</distance><duration>764.3</duration><type>13</type><step>7</step></extensions></rtept><rtept lat="47.671224" lon="11.862252"><ele>1360.0</ele><name>Trautweinweg</name><desc>Keep right onto &lt;b&gt;Trautweinweg&lt;/b&gt;</desc><extensions><distance>1.061</distance><duration>764.3</duration><type>13</type><step>7</step></extensions></rtept><rtept lat="47.671161" lon="11.861772"><ele>1360.0</ele><name>Trautweinweg</name><desc>Keep right onto &lt;b&gt;Trautweinweg&lt;/b&gt;</desc><extensions><distance>1.061</distance><duration>764.3</duration><type>13</type><step>7</step></extensions></rtept><rtept lat="47.671053" lon="11.861225"><ele>1363.0</ele><name>Trautweinweg</name><desc>Keep right onto &lt;b&gt;Trautweinweg&lt;/b&gt;</desc><extensions><distance>1.061</distance><duration>764.3</duration><type>13</type><step>7</step></extensions></rtept><rtept lat="47.671047" lon="11.861065"><ele>1363.0</ele><name>Trautweinweg</name><desc>Keep right onto &lt;b&gt;Trautweinweg&lt;/b&gt;</desc><extensions><distance>1.061</distance><duration>764.3</duration><type>13</type><step>7</step></extensions></rtept><rtept lat="47.671084" lon="11.860763"><ele>1361.0</ele><name>Trautweinweg</name><desc>Keep right onto &lt;b&gt;Trautweinweg&lt;/b&gt;</desc><extensions><distance>1.061</distance><duration>764.3</duration><type>13</type><step>7</step></extensions></rtept><rtept lat="47.671145" lon="11.859975"><ele>1355.0</ele><name>Trautweinweg</name><desc>Keep right onto &lt;b&gt;Trautweinweg&lt;/b&gt;</desc><extensions><distance>1.061</distance><duration>764.3</duration><type>13</type><step>7</step></extensions></rtept><rtept lat="47.671186" lon="11.859081"><ele>1348.0</ele><name>Trautweinweg</name><desc>Keep right onto &lt;b&gt;Trautweinweg&lt;/b&gt;</desc><extensions><distance>1.061</distance><duration>764.3</duration><type>13</type><step>7</step></extensions></rtept><rtept lat="47.671389" lon="11.857166"><ele>1358.0</ele><name>Trautweinweg</name><desc>Keep right onto &lt;b&gt;Trautweinweg&lt;/b&gt;</desc><extensions><distance>1.061</distance><duration>764.3</duration><type>13</type><step>7</step></extensions></rtept><rtept lat="47.671394" lon="11.856964"><ele>1358.0</ele><name>Trautweinweg</name><desc>Keep right onto &lt;b&gt;Trautweinweg&lt;/b&gt;</desc><extensions><distance>1.061</distance><duration>764.3</duration><type>13</type><step>7</step></extensions></rtept><rtept lat="47.671362" lon="11.856821"><ele>1358.0</ele><name>Trautweinweg</name><desc>Keep left onto &lt;b&gt;Trautweinweg&lt;/b&gt;</desc><extensions><distance>0.256</distance><duration>184.5</duration><type>12</type><step>8</step></extensions></rtept><rtept lat="47.671307" lon="11.856661"><ele>1366.0</ele><name>Trautweinweg</name><desc>Keep left onto &lt;b&gt;Trautweinweg&lt;/b&gt;</desc><extensions><distance>0.256</distance><duration>184.5</duration><type>12</type><step>8</step></extensions></rtept><rtept lat="47.671059" lon="11.856158"><ele>1366.0</ele><name>Trautweinweg</name><desc>Keep left onto &lt;b&gt;Trautweinweg&lt;/b&gt;</desc><extensions><distance>0.256</distance><duration>184.5</duration><type>12</type><step>8</step></extensions></rtept><rtept lat="47.670961" lon="11.855849"><ele>1366.0</ele><name>Trautweinweg</name><desc>Keep left onto &lt;b&gt;Trautweinweg&lt;/b&gt;</desc><extensions><distance>0.256</distance><duration>184.5</duration><type>12</type><step>8</step></extensions></rtept><rtept lat="47.670876" lon="11.85567"><ele>1373.0</ele><name>Trautweinweg</name><desc>Keep left onto &lt;b&gt;Trautweinweg&lt;/b&gt;</desc><extensions><distance>0.256</distance><duration>184.5</duration><type>12</type><step>8</step></extensions></rtept><rtept lat="47.670746" lon="11.855513"><ele>1360.0</ele><name>Trautweinweg</name><desc>Keep left onto &lt;b&gt;Trautweinweg&lt;/b&gt;</desc><extensions><distance>0.256</distance><duration>184.5</duration><type>12</type><step>8</step></extensions></rtept><rtept lat="47.670556" lon="11.85507"><ele>1360.0</ele><name>Trautweinweg</name><desc>Keep left onto &lt;b&gt;Trautweinweg&lt;/b&gt;</desc><extensions><distance>0.256</distance><duration>184.5</duration><type>12</type><step>8</step></extensions></rtept><rtept lat="47.67056" lon="11.854673"><ele>1364.0</ele><name>Trautweinweg</name><desc>Keep left onto &lt;b&gt;Trautweinweg&lt;/b&gt;</desc><extensions><distance>0.256</distance><duration>184.5</duration><type>12</type><step>8</step></extensions></rtept><rtept lat="47.670454" lon="11.854366"><ele>1364.0</ele><name>Trautweinweg</name><desc>Keep left onto &lt;b&gt;Trautweinweg&lt;/b&gt;</desc><extensions><distance>0.256</distance><duration>184.5</duration><type>12</type><step>8</step></extensions></rtept><rtept lat="47.670261" lon="11.854154"><ele>1366.0</ele><name>Trautweinweg</name><desc>Keep left onto &lt;b&gt;Trautweinweg&lt;/b&gt;</desc><extensions><distance>0.256</distance><duration>184.5</duration><type>12</type><step>8</step></extensions></rtept><rtept lat="47.670213" lon="11.853984"><ele>1366.0</ele><name>B, SB 5</name><desc>Turn right onto &lt;b&gt;B, SB 5&lt;/b&gt;</desc><extensions><distance>0.011</distance><duration>8.1</duration><type>1</type><step>9</step></extensions></rtept><rtept lat="47.670263" lon="11.853867"><ele>1366.0</ele><name>B, SB 5</name><desc>Turn right onto &lt;b&gt;B, SB 5&lt;/b&gt;</desc><extensions><distance>0.011</distance><duration>8.1</duration><type>1</type><step>9</step></extensions></rtept><rtept lat="47.67027" lon="11.853862"><ele>1366.0</ele><name></name><desc>Arrive at B, SB 5, on the right</desc><extensions><distance>0.0</distance><duration>0.0</duration><type>10</type><step>10</step></extensions></rtept><rtept lat="47.67027" lon="11.853862"><ele>1366.0</ele><name>B, SB 5</name><desc>Head southeast on &lt;b&gt;B, SB 5&lt;/b&gt;</desc><extensions><distance>0.011</distance><duration>8.1</duration><type>11</type><step>11</step></extensions></rtept><rtept lat="47.670263" lon="11.853867"><ele>1366.0</ele><name>B, SB 5</name><desc>Head southeast on &lt;b&gt;B, SB 5&lt;/b&gt;</desc><extensions><distance>0.011</distance><duration>8.1</duration><type>11</type><step>11</step></extensions></rtept><rtept lat="47.670213" lon="11.853984"><ele>1366.0</ele><name>Trautweinweg</name><desc>Turn left onto &lt;b&gt;Trautweinweg&lt;/b&gt;</desc><extensions><distance>0.041</distance><duration>29.2</duration><type>0</type><step>12</step></extensions></rtept><rtept lat="47.670261" lon="11.854154"><ele>1366.0</ele><name>Trautweinweg</name><desc>Turn left onto &lt;b&gt;Trautweinweg&lt;/b&gt;</desc><extensions><distance>0.041</distance><duration>29.2</duration><type>0</type><step>12</step></extensions></rtept><rtept lat="47.670454" lon="11.854366"><ele>1364.0</ele><name></name><desc>Turn left</desc><extensions><distance>0.09</distance><duration>64.6</duration><type>0</type><step>13</step></extensions></rtept><rtept lat="47.67052" lon="11.854301"><ele>1364.0</ele><name></name><desc>Turn left</desc><extensions><distance>0.09</distance><duration>64.6</duration><type>0</type><step>13</step></extensions></rtept><rtept lat="47.670663" lon="11.85427"><ele>1364.0</ele><name></name><desc>Turn left</desc><extensions><distance>0.09</distance><duration>64.6</duration><type>0</type><step>13</step></extensions></rtept><rtept lat="47.670727" lon="11.854314"><ele>1364.0</ele><name></name><desc>Turn left</desc><extensions><distance>0.09</distance><duration>64.6</duration><type>0</type><step>13</step></extensions></rtept><rtept lat="47.671033" lon="11.854299"><ele>1378.0</ele><name></name><desc>Turn left</desc><extensions><distance>0.09</distance><duration>64.6</duration><type>0</type><step>13</step></extensions></rtept><rtept lat="47.671231" lon="11.854218"><ele>1378.0</ele><name></name><desc>Keep left</desc><extensions><distance>0.423</distance><duration>761.0</duration><type>12</type><step>14</step></extensions></rtept><rtept lat="47.671259" lon="11.85418"><ele>1378.0</ele><name></name><desc>Keep left</desc><extensions><distance>0.423</distance><duration>761.0</duration><type>12</type><step>14</step></extensions></rtept><rtept lat="47.671441" lon="11.854144"><ele>1394.0</ele><name></name><desc>Keep left</desc><extensions><distance>0.423</distance><duration>761.0</duration><type>12</type><step>14</step></extensions></rtept><rtept lat="47.671608" lon="11.854048"><ele>1394.0</ele><name></name><desc>Keep left</desc><extensions><distance>0.423</distance><duration>761.0</duration><type>12</type><step>14</step></extensions></rtept><rtept lat="47.671735" lon="11.853933"><ele>1410.0</ele><name></name><desc>Keep left</desc><extensions><distance>0.423</distance><duration>761.0</duration><type>12</type><step>14</step></extensions></rtept><rtept lat="47.671804" lon="11.853901"><ele>1410.0</ele><name></name><desc>Keep left</desc><extensions><distance>0.423</distance><duration>761.0</duration><type>12</type><step>14</step></extensions></rtept><rtept lat="47.671906" lon="11.853763"><ele>1410.0</ele><name></name><desc>Keep left</desc><extensions><distance>0.423</distance><duration>761.0</duration><type>12</type><step>14</step></extensions></rtept><rtept lat="47.672103" lon="11.853622"><ele>1410.0</ele><name></name><desc>Keep left</desc><extensions><distance>0.423</distance><duration>761.0</duration><type>12</type><step>14</step></extensions></rtept><rtept lat="47.672195" lon="11.85339"><ele>1410.0</ele><name></name><desc>Keep left</desc><extensions><distance>0.423</distance><duration>761.0</duration><type>12</type><step>14</step></extensions></rtept><rtept lat="47.672204" lon="11.853143"><ele>1428.0</ele><name></name><desc>Keep left</desc><extensions><distance>0.423</distance><duration>761.0</duration><type>12</type><step>14</step></extensions></rtept><rtept lat="47.672303" lon="11.852836"><ele>1428.0</ele><name></name><desc>Keep left</desc><extensions><distance>0.423</distance><duration>761.0</duration><type>12</type><step>14</step></extensions></rtept><rtept lat="47.672311" lon="11.852623"><ele>1428.0</ele><name></name><desc>Keep left</desc><extensions><distance>0.423</distance><duration>761.0</duration><type>12</type><step>14</step></extensions></rtept><rtept lat="47.672446" lon="11.85229"><ele>1438.0</ele><name></name><desc>Keep left</desc><extensions><distance>0.423</distance><duration>761.0</duration><type>12</type><step>14</step></extensions></rtept><rtept lat="47.672616" lon="11.852122"><ele>1421.0</ele><name></name><desc>Keep left</desc><extensions><distance>0.423</distance><duration>761.0</duration><type>12</type><step>14</step></extensions></rtept><rtept lat="47.67273" lon="11.8519"><ele>1421.0</ele><name></name><desc>Keep left</desc><extensions><distance>0.423</distance><duration>761.0</duration><type>12</type><step>14</step></extensions></rtept><rtept lat="47.672755" lon="11.851786"><ele>1421.0</ele><name></name><desc>Keep left</desc><extensions><distance>0.423</distance><duration>761.0</duration><type>12</type><step>14</step></extensions></rtept><rtept lat="47.672697" lon="11.851551"><ele>1422.0</ele><name></name><desc>Keep left</desc><extensions><distance>0.423</distance><duration>761.0</duration><type>12</type><step>14</step></extensions></rtept><rtept lat="47.672627" lon="11.851403"><ele>1422.0</ele><name></name><desc>Keep left</desc><extensions><distance>0.423</distance><duration>761.0</duration><type>12</type><step>14</step></extensions></rtept><rtept lat="47.672602" lon="11.851236"><ele>1422.0</ele><name></name><desc>Keep left</desc><extensions><distance>0.423</distance><duration>761.0</duration><type>12</type><step>14</step></extensions></rtept><rtept lat="47.672434" lon="11.851003"><ele>1441.0</ele><name></name><desc>Keep left</desc><extensions><distance>0.423</distance><duration>761.0</duration><type>12</type><step>14</step></extensions></rtept><rtept lat="47.672354" lon="11.850764"><ele>1450.0</ele><name></name><desc>Keep left</desc><extensions><distance>0.423</distance><duration>761.0</duration><type>12</type><step>14</step></extensions></rtept><rtept lat="47.672282" lon="11.850611"><ele>1450.0</ele><name></name><desc>Keep left</desc><extensions><distance>0.423</distance><duration>761.0</duration><type>12</type><step>14</step></extensions></rtept><rtept lat="47.672284" lon="11.85044"><ele>1450.0</ele><name></name><desc>Arrive at your destination, on the right</desc><extensions><distance>0.0</distance><duration>0.0</duration><type>10</type><step>15</step></extensions></rtept><rtept lat="47.672284" lon="11.85044"><ele>1450.0</ele><name></name><desc>Head west</desc><extensions><distance>0.357</distance><duration>642.1</duration><type>11</type><step>16</step></extensions></rtept><rtept lat="47.672285" lon="11.850429"><ele>1450.0</ele><name></name><desc>Head west</desc><extensions><distance>0.357</distance><duration>642.1</duration><type>11</type><step>16</step></extensions></rtept><rtept lat="47.672206" lon="11.850217"><ele>1450.0</ele><name></name><desc>Head west</desc><extensions><distance>0.357</distance><duration>642.1</duration><type>11</type><step>16</step></extensions></rtept><rtept lat="47.672187" lon="11.850085"><ele>1450.0</ele><name></name><desc>Head west</desc><extensions><distance>0.357</distance><duration>642.1</duration><type>11</type><step>16</step></extensions></rtept><rtept lat="47.672175" lon="11.849928"><ele>1454.0</ele><name></name><desc>Head west</desc><extensions><distance>0.357</distance><duration>642.1</duration><type>11</type><step>16</step></extensions></rtept><rtept lat="47.672206" lon="11.849804"><ele>1454.0</ele><name></name><desc>Head west</desc><extensions><distance>0.357</distance><duration>642.1</duration><type>11</type><step>16</step></extensions></rtept><rtept lat="47.672328" lon="11.849479"><ele>1454.0</ele><name></name><desc>Head west</desc><extensions><distance>0.357</distance><duration>642.1</duration><type>11</type><step>16</step></extensions></rtept><rtept lat="47.672349" lon="11.848932"><ele>1452.0</ele><name></name><desc>Head west</desc><extensions><distance>0.357</distance><duration>642.1</duration><type>11</type><step>16</step></extensions></rtept><rtept lat="47.672401" lon="11.848819"><ele>1452.0</ele><name></name><desc>Head west</desc><extensions><distance>0.357</distance><duration>642.1</duration><type>11</type><step>16</step></extensions></rtept><rtept lat="47.672406" lon="11.848708"><ele>1452.0</ele><name></name><desc>Head west</desc><extensions><distance>0.357</distance><duration>642.1</duration><type>11</type><step>16</step></extensions></rtept><rtept lat="47.672457" lon="11.848595"><ele>1452.0</ele><name></name><desc>Head west</desc><extensions><distance>0.357</distance><duration>642.1</duration><type>11</type><step>16</step></extensions></rtept><rtept lat="47.672496" lon="11.848596"><ele>1452.0</ele><name></name><desc>Head west</desc><extensions><distance>0.357</distance><duration>642.1</duration><type>11</type><step>16</step></extensions></rtept><rtept lat="47.672526" lon="11.848519"><ele>1443.0</ele><name></name><desc>Head west</desc><extensions><distance>0.357</distance><duration>642.1</duration><type>11</type><step>16</step></extensions></rtept><rtept lat="47.672583" lon="11.848501"><ele>1443.0</ele><name></name><desc>Head west</desc><extensions><distance>0.357</distance><duration>642.1</duration><type>11</type><step>16</step></extensions></rtept><rtept lat="47.672688" lon="11.848208"><ele>1445.0</ele><name></name><desc>Head west</desc><extensions><distance>0.357</distance><duration>642.1</duration><type>11</type><step>16</step></extensions></rtept><rtept lat="47.672654" lon="11.848052"><ele>1445.0</ele><name></name><desc>Head west</desc><extensions><distance>0.357</distance><duration>642.1</duration><type>11</type><step>16</step></extensions></rtept><rtept lat="47.672556" lon="11.847897"><ele>1445.0</ele><name></name><desc>Head west</desc><extensions><distance>0.357</distance><duration>642.1</duration><type>11</type><step>16</step></extensions></rtept><rtept lat="47.672437" lon="11.847824"><ele>1463.0</ele><name></name><desc>Head west</desc><extensions><distance>0.357</distance><duration>642.1</duration><type>11</type><step>16</step></extensions></rtept><rtept lat="47.672336" lon="11.847654"><ele>1463.0</ele><name></name><desc>Head west</desc><extensions><distance>0.357</distance><duration>642.1</duration><type>11</type><step>16</step></extensions></rtept><rtept lat="47.672244" lon="11.847407"><ele>1472.0</ele><name></name><desc>Head west</desc><extensions><distance>0.357</distance><duration>642.1</duration><type>11</type><step>16</step></extensions></rtept><rtept lat="47.672193" lon="11.847311"><ele>1472.0</ele><name></name><desc>Head west</desc><extensions><distance>0.357</distance><duration>642.1</duration><type>11</type><step>16</step></extensions></rtept><rtept lat="47.671957" lon="11.847256"><ele>1472.0</ele><name></name><desc>Head west</desc><extensions><distance>0.357</distance><duration>642.1</duration><type>11</type><step>16</step></extensions></rtept><rtept lat="47.671655" lon="11.84722"><ele>1450.0</ele><name></name><desc>Turn right</desc><extensions><distance>0.407</distance><duration>732.6</duration><type>1</type><step>17</step></extensions></rtept><rtept lat="47.671645" lon="11.847038"><ele>1450.0</ele><name></name><desc>Turn right</desc><extensions><distance>0.407</distance><duration>732.6</duration><type>1</type><step>17</step></extensions></rtept><rtept lat="47.671767" lon="11.846912"><ele>1472.0</ele><name></name><desc>Turn right</desc><extensions><distance>0.407</distance><duration>732.6</duration><type>1</type><step>17</step></extensions></rtept><rtept lat="47.671767" lon="11.846722"><ele>1472.0</ele><name></name><desc>Turn right</desc><extensions><distance>0.407</distance><duration>732.6</duration><type>1</type><step>17</step></extensions></rtept><rtept lat="47.671689" lon="11.846601"><ele>1487.0</ele><name></name><desc>Turn right</desc><extensions><distance>0.407</distance><duration>732.6</duration><type>1</type><step>17</step></extensions></rtept><rtept lat="47.671689" lon="11.846336"><ele>1487.0</ele><name></name><desc>Turn right</desc><extensions><distance>0.407</distance><duration>732.6</duration><type>1</type><step>17</step></extensions></rtept><rtept lat="47.671749" lon="11.846039"><ele>1487.0</ele><name></name><desc>Turn right</desc><extensions><distance>0.407</distance><duration>732.6</duration><type>1</type><step>17</step></extensions></rtept><rtept lat="47.6717" lon="11.845705"><ele>1500.0</ele><name></name><desc>Turn right</desc><extensions><distance>0.407</distance><duration>732.6</duration><type>1</type><step>17</step></extensions></rtept><rtept lat="47.671672" lon="11.845609"><ele>1500.0</ele><name></name><desc>Turn right</desc><extensions><distance>0.407</distance><duration>732.6</duration><type>1</type><step>17</step></extensions></rtept><rtept lat="47.671701" lon="11.845453"><ele>1500.0</ele><name></name><desc>Turn right</desc><extensions><distance>0.407</distance><duration>732.6</duration><type>1</type><step>17</step></extensions></rtept><rtept lat="47.671773" lon="11.845266"><ele>1500.0</ele><name></name><desc>Turn right</desc><extensions><distance>0.407</distance><duration>732.6</duration><type>1</type><step>17</step></extensions></rtept><rtept lat="47.671808" lon="11.845124"><ele>1500.0</ele><name></name><desc>Turn right</desc><extensions><distance>0.407</distance><duration>732.6</duration><type>1</type><step>17</step></extensions></rtept><rtept lat="47.671816" lon="11.844884"><ele>1509.0</ele><name></name><desc>Turn right</desc><extensions><distance>0.407</distance><duration>732.6</duration><type>1</type><step>17</step></extensions></rtept><rtept lat="47.671911" lon="11.844759"><ele>1509.0</ele><name></name><desc>Turn right</desc><extensions><distance>0.407</distance><duration>732.6</duration><type>1</type><step>17</step></extensions></rtept><rtept lat="47.671916" lon="11.844695"><ele>1509.0</ele><name></name><desc>Turn right</desc><extensions><distance>0.407</distance><duration>732.6</duration><type>1</type><step>17</step></extensions></rtept><rtept lat="47.671855" lon="11.844458"><ele>1509.0</ele><name></name><desc>Turn right</desc><extensions><distance>0.407</distance><duration>732.6</duration><type>1</type><step>17</step></extensions></rtept><rtept lat="47.671858" lon="11.844374"><ele>1509.0</ele><name></name><desc>Turn right</desc><extensions><distance>0.407</distance><duration>732.6</duration><type>1</type><step>17</step></extensions></rtept><rtept lat="47.671925" lon="11.844241"><ele>1509.0</ele><name></name><desc>Turn right</desc><extensions><distance>0.407</distance><duration>732.6</duration><type>1</type><step>17</step></extensions></rtept><rtept lat="47.671856" lon="11.843765"><ele>1517.0</ele><name></name><desc>Turn right</desc><extensions><distance>0.407</distance><duration>732.6</duration><type>1</type><step>17</step></extensions></rtept><rtept lat="47.671907" lon="11.843571"><ele>1517.0</ele><name></name><desc>Turn right</desc><extensions><distance>0.407</distance><duration>732.6</duration><type>1</type><step>17</step></extensions></rtept><rtept lat="47.671881" lon="11.843518"><ele>1517.0</ele><name></name><desc>Turn right</desc><extensions><distance>0.407</distance><duration>732.6</duration><type>1</type><step>17</step></extensions></rtept><rtept lat="47.671917" lon="11.843469"><ele>1517.0</ele><name></name><desc>Turn right</desc><extensions><distance>0.407</distance><duration>732.6</duration><type>1</type><step>17</step></extensions></rtept><rtept lat="47.671828" lon="11.8434"><ele>1517.0</ele><name></name><desc>Turn right</desc><extensions><distance>0.407</distance><duration>732.6</duration><type>1</type><step>17</step></extensions></rtept><rtept lat="47.671817" lon="11.843365"><ele>1517.0</ele><name></name><desc>Turn right</desc><extensions><distance>0.407</distance><duration>732.6</duration><type>1</type><step>17</step></extensions></rtept><rtept lat="47.671744" lon="11.843336"><ele>1517.0</ele><name></name><desc>Turn right</desc><extensions><distance>0.407</distance><duration>732.6</duration><type>1</type><step>17</step></extensions></rtept><rtept lat="47.671704" lon="11.843268"><ele>1519.0</ele><name></name><desc>Turn right</desc><extensions><distance>0.407</distance><duration>732.6</duration><type>1</type><step>17</step></extensions></rtept><rtept lat="47.671563" lon="11.843157"><ele>1551.0</ele><name></name><desc>Turn right</desc><extensions><distance>0.407</distance><duration>732.6</duration><type>1</type><step>17</step></extensions></rtept><rtept lat="47.671518" lon="11.843095"><ele>1551.0</ele><name></name><desc>Arrive at your destination, on the right</desc><extensions><distance>0.0</distance><duration>0.0</duration><type>10</type><step>18</step></extensions></rtept><rtept lat="47.671518" lon="11.843095"><ele>1551.0</ele><name></name><desc>Head southwest</desc><extensions><distance>0.588</distance><duration>1059.3</duration><type>11</type><step>19</step></extensions></rtept><rtept lat="47.67147" lon="11.843027"><ele>1551.0</ele><name></name><desc>Head southwest</desc><extensions><distance>0.588</distance><duration>1059.3</duration><type>11</type><step>19</step></extensions></rtept><rtept lat="47.671412" lon="11.84303"><ele>1551.0</ele><name></name><desc>Head southwest</desc><extensions><distance>0.588</distance><duration>1059.3</duration><type>11</type><step>19</step></extensions></rtept><rtept lat="47.67138" lon="11.842922"><ele>1551.0</ele><name></name><desc>Head southwest</desc><extensions><distance>0.588</distance><duration>1059.3</duration><type>11</type><step>19</step></extensions></rtept><rtept lat="47.671313" lon="11.842904"><ele>1551.0</ele><name></name><desc>Head southwest</desc><extensions><distance>0.588</distance><duration>1059.3</duration><type>11</type><step>19</step></extensions></rtept><rtept lat="47.671299" lon="11.842831"><ele>1551.0</ele><name></name><desc>Head southwest</desc><extensions><distance>0.588</distance><duration>1059.3</duration><type>11</type><step>19</step></extensions></rtept><rtept lat="47.671231" lon="11.842819"><ele>1551.0</ele><name></name><desc>Head southwest</desc><extensions><distance>0.588</distance><duration>1059.3</duration><type>11</type><step>19</step></extensions></rtept><rtept lat="47.671218" lon="11.842677"><ele>1551.0</ele><name></name><desc>Head southwest</desc><extensions><distance>0.588</distance><duration>1059.3</duration><type>11</type><step>19</step></extensions></rtept><rtept lat="47.671161" lon="11.842687"><ele>1551.0</ele><name></name><desc>Head southwest</desc><extensions><distance>0.588</distance><duration>1059.3</duration><type>11</type><step>19</step></extensions></rtept><rtept lat="47.671081" lon="11.842511"><ele>1551.0</ele><name></name><desc>Head southwest</desc><extensions><distance>0.588</distance><duration>1059.3</duration><type>11</type><step>19</step></extensions></rtept><rtept lat="47.671043" lon="11.842519"><ele>1551.0</ele><name></name><desc>Head southwest</desc><extensions><distance>0.588</distance><duration>1059.3</duration><type>11</type><step>19</step></extensions></rtept><rtept lat="47.67103" lon="11.842367"><ele>1571.0</ele><name></name><desc>Head southwest</desc><extensions><distance>0.588</distance><duration>1059.3</duration><type>11</type><step>19</step></extensions></rtept><rtept lat="47.670949" lon="11.842356"><ele>1571.0</ele><name></name><desc>Head southwest</desc><extensions><distance>0.588</distance><duration>1059.3</duration><type>11</type><step>19</step></extensions></rtept><rtept lat="47.670936" lon="11.842291"><ele>1571.0</ele><name></name><desc>Head southwest</desc><extensions><distance>0.588</distance><duration>1059.3</duration><type>11</type><step>19</step></extensions></rtept><rtept lat="47.670861" lon="11.842205"><ele>1571.0</ele><name></name><desc>Head southwest</desc><extensions><distance>0.588</distance><duration>1059.3</duration><type>11</type><step>19</step></extensions></rtept><rtept lat="47.670835" lon="11.842146"><ele>1571.0</ele><name></name><desc>Head southwest</desc><extensions><distance>0.588</distance><duration>1059.3</duration><type>11</type><step>19</step></extensions></rtept><rtept lat="47.670844" lon="11.841894"><ele>1571.0</ele><name></name><desc>Head southwest</desc><extensions><distance>0.588</distance><duration>1059.3</duration><type>11</type><step>19</step></extensions></rtept><rtept lat="47.670816" lon="11.841789"><ele>1608.0</ele><name></name><desc>Head southwest</desc><extensions><distance>0.588</distance><duration>1059.3</duration><type>11</type><step>19</step></extensions></rtept><rtept lat="47.670899" lon="11.841656"><ele>1587.0</ele><name></name><desc>Head southwest</desc><extensions><distance>0.588</distance><duration>1059.3</duration><type>11</type><step>19</step></extensions></rtept><rtept lat="47.670827" lon="11.841629"><ele>1632.0</ele><name></name><desc>Head southwest</desc><extensions><distance>0.588</distance><duration>1059.3</duration><type>11</type><step>19</step></extensions></rtept><rtept lat="47.670744" lon="11.841486"><ele>1632.0</ele><name></name><desc>Head southwest</desc><extensions><distance>0.588</distance><duration>1059.3</duration><type>11</type><step>19</step></extensions></rtept><rtept lat="47.670676" lon="11.841433"><ele>1632.0</ele><name></name><desc>Head southwest</desc><extensions><distance>0.588</distance><duration>1059.3</duration><type>11</type><step>19</step></extensions></rtept><rtept lat="47.670604" lon="11.841413"><ele>1632.0</ele><name></name><desc>Head southwest</desc><extensions><distance>0.588</distance><duration>1059.3</duration><type>11</type><step>19</step></extensions></rtept><rtept lat="47.670434" lon="11.841289"><ele>1632.0</ele><name></name><desc>Head southwest</desc><extensions><distance>0.588</distance><duration>1059.3</duration><type>11</type><step>19</step></extensions></rtept><rtept lat="47.670255" lon="11.841205"><ele>1632.0</ele><name></name><desc>Head southwest</desc><extensions><distance>0.588</distance><duration>1059.3</duration><type>11</type><step>19</step></extensions></rtept><rtept lat="47.670051" lon="11.841369"><ele>1632.0</ele><name></name><desc>Head southwest</desc><extensions><distance>0.588</distance><duration>1059.3</duration><type>11</type><step>19</step></extensions></rtept><rtept lat="47.67004" lon="11.841446"><ele>1632.0</ele><name></name><desc>Head southwest</desc><extensions><distance>0.588</distance><duration>1059.3</duration><type>11</type><step>19</step></extensions></rtept><rtept lat="47.669931" lon="11.841494"><ele>1632.0</ele><name></name><desc>Head southwest</desc><extensions><distance>0.588</distance><duration>1059.3</duration><type>11</type><step>19</step></extensions></rtept><rtept lat="47.669879" lon="11.841607"><ele>1632.0</ele><name></name><desc>Head southwest</desc><extensions><distance>0.588</distance><duration>1059.3</duration><type>11</type><step>19</step></extensions></rtept><rtept lat="47.669836" lon="11.841655"><ele>1632.0</ele><name></name><desc>Head southwest</desc><extensions><distance>0.588</distance><duration>1059.3</duration><type>11</type><step>19</step></extensions></rtept><rtept lat="47.669814" lon="11.841608"><ele>1632.0</ele><name></name><desc>Head southwest</desc><extensions><distance>0.588</distance><duration>1059.3</duration><type>11</type><step>19</step></extensions></rtept><rtept lat="47.669808" lon="11.841312"><ele>1632.0</ele><name></name><desc>Head southwest</desc><extensions><distance>0.588</distance><duration>1059.3</duration><type>11</type><step>19</step></extensions></rtept><rtept lat="47.669795" lon="11.841288"><ele>1632.0</ele><name></name><desc>Head southwest</desc><extensions><distance>0.588</distance><duration>1059.3</duration><type>11</type><step>19</step></extensions></rtept><rtept lat="47.669752" lon="11.841315"><ele>1632.0</ele><name></name><desc>Head southwest</desc><extensions><distance>0.588</distance><duration>1059.3</duration><type>11</type><step>19</step></extensions></rtept><rtept lat="47.669731" lon="11.8413"><ele>1632.0</ele><name></name><desc>Head southwest</desc><extensions><distance>0.588</distance><duration>1059.3</duration><type>11</type><step>19</step></extensions></rtept><rtept lat="47.669682" lon="11.841341"><ele>1632.0</ele><name></name><desc>Head southwest</desc><extensions><distance>0.588</distance><duration>1059.3</duration><type>11</type><step>19</step></extensions></rtept><rtept lat="47.669661" lon="11.841279"><ele>1632.0</ele><name></name><desc>Head southwest</desc><extensions><distance>0.588</distance><duration>1059.3</duration><type>11</type><step>19</step></extensions></rtept><rtept lat="47.669657" lon="11.841191"><ele>1632.0</ele><name></name><desc>Head southwest</desc><extensions><distance>0.588</distance><duration>1059.3</duration><type>11</type><step>19</step></extensions></rtept><rtept lat="47.66976" lon="11.841032"><ele>1632.0</ele><name></name><desc>Head southwest</desc><extensions><distance>0.588</distance><duration>1059.3</duration><type>11</type><step>19</step></extensions></rtept><rtept lat="47.669801" lon="11.84086"><ele>1632.0</ele><name></name><desc>Head southwest</desc><extensions><distance>0.588</distance><duration>1059.3</duration><type>11</type><step>19</step></extensions></rtept><rtept lat="47.66984" lon="11.840804"><ele>1615.0</ele><name></name><desc>Head southwest</desc><extensions><distance>0.588</distance><duration>1059.3</duration><type>11</type><step>19</step></extensions></rtept><rtept lat="47.66986" lon="11.840723"><ele>1615.0</ele><name></name><desc>Head southwest</desc><extensions><distance>0.588</distance><duration>1059.3</duration><type>11</type><step>19</step></extensions></rtept><rtept lat="47.66983" lon="11.840717"><ele>1615.0</ele><name></name><desc>Head southwest</desc><extensions><distance>0.588</distance><duration>1059.3</duration><type>11</type><step>19</step></extensions></rtept><rtept lat="47.669817" lon="11.840657"><ele>1615.0</ele><name></name><desc>Head southwest</desc><extensions><distance>0.588</distance><duration>1059.3</duration><type>11</type><step>19</step></extensions></rtept><rtept lat="47.669829" lon="11.840296"><ele>1615.0</ele><name></name><desc>Head southwest</desc><extensions><distance>0.588</distance><duration>1059.3</duration><type>11</type><step>19</step></extensions></rtept><rtept lat="47.669893" lon="11.840175"><ele>1615.0</ele><name></name><desc>Head southwest</desc><extensions><distance>0.588</distance><duration>1059.3</duration><type>11</type><step>19</step></extensions></rtept><rtept lat="47.669941" lon="11.840023"><ele>1615.0</ele><name></name><desc>Head southwest</desc><extensions><distance>0.588</distance><duration>1059.3</duration><type>11</type><step>19</step></extensions></rtept><rtept lat="47.669961" lon="11.839885"><ele>1592.0</ele><name>634</name><desc>Turn slight right onto &lt;b&gt;634&lt;/b&gt;</desc><extensions><distance>0.253</distance><duration>455.2</duration><type>5</type><step>20</step></extensions></rtept><rtept lat="47.670017" lon="11.839822"><ele>1630.0</ele><name>634</name><desc>Turn slight right onto &lt;b&gt;634&lt;/b&gt;</desc><extensions><distance>0.253</distance><duration>455.2</duration><type>5</type><step>20</step></extensions></rtept><rtept lat="47.670072" lon="11.839673"><ele>1630.0</ele><name>634</name><desc>Turn slight right onto &lt;b&gt;634&lt;/b&gt;</desc><extensions><distance>0.253</distance><duration>455.2</duration><type>5</type><step>20</step></extensions></rtept><rtept lat="47.670137" lon="11.839577"><ele>1630.0</ele><name>634</name><desc>Turn slight right onto &lt;b&gt;634&lt;/b&gt;</desc><extensions><distance>0.253</distance><duration>455.2</duration><type>5</type><step>20</step></extensions></rtept><rtept lat="47.670284" lon="11.839465"><ele>1630.0</ele><name>634</name><desc>Turn slight right onto &lt;b&gt;634&lt;/b&gt;</desc><extensions><distance>0.253</distance><duration>455.2</duration><type>5</type><step>20</step></extensions></rtept><rtept lat="47.670527" lon="11.839205"><ele>1630.0</ele><name>634</name><desc>Turn slight right onto &lt;b&gt;634&lt;/b&gt;</desc><extensions><distance>0.253</distance><duration>455.2</duration><type>5</type><step>20</step></extensions></rtept><rtept lat="47.670698" lon="11.838977"><ele>1604.0</ele><name>634</name><desc>Turn slight right onto &lt;b&gt;634&lt;/b&gt;</desc><extensions><distance>0.253</distance><duration>455.2</duration><type>5</type><step>20</step></extensions></rtept><rtept lat="47.67073" lon="11.838904"><ele>1604.0</ele><name>634</name><desc>Turn slight right onto &lt;b&gt;634&lt;/b&gt;</desc><extensions><distance>0.253</distance><duration>455.2</duration><type>5</type><step>20</step></extensions></rtept><rtept lat="47.670821" lon="11.838804"><ele>1604.0</ele><name>634</name><desc>Turn slight right onto &lt;b&gt;634&lt;/b&gt;</desc><extensions><distance>0.253</distance><duration>455.2</duration><type>5</type><step>20</step></extensions></rtept><rtept lat="47.670914" lon="11.838731"><ele>1634.0</ele><name>634</name><desc>Turn slight right onto &lt;b&gt;634&lt;/b&gt;</desc><extensions><distance>0.253</distance><duration>455.2</duration><type>5</type><step>20</step></extensions></rtept><rtept lat="47.671268" lon="11.838371"><ele>1634.0</ele><name>634</name><desc>Turn slight right onto &lt;b&gt;634&lt;/b&gt;</desc><extensions><distance>0.253</distance><duration>455.2</duration><type>5</type><step>20</step></extensions></rtept><rtept lat="47.671484" lon="11.838271"><ele>1613.0</ele><name>634</name><desc>Turn slight right onto &lt;b&gt;634&lt;/b&gt;</desc><extensions><distance>0.253</distance><duration>455.2</duration><type>5</type><step>20</step></extensions></rtept><rtept lat="47.67155" lon="11.838202"><ele>1613.0</ele><name>634</name><desc>Turn slight right onto &lt;b&gt;634&lt;/b&gt;</desc><extensions><distance>0.253</distance><duration>455.2</duration><type>5</type><step>20</step></extensions></rtept><rtept lat="47.671709" lon="11.838122"><ele>1641.0</ele><name>634</name><desc>Turn slight right onto &lt;b&gt;634&lt;/b&gt;</desc><extensions><distance>0.253</distance><duration>455.2</duration><type>5</type><step>20</step></extensions></rtept><rtept lat="47.671755" lon="11.838049"><ele>1641.0</ele><name>634</name><desc>Turn slight right onto &lt;b&gt;634&lt;/b&gt;</desc><extensions><distance>0.253</distance><duration>455.2</duration><type>5</type><step>20</step></extensions></rtept><rtept lat="47.671769" lon="11.83797"><ele>1641.0</ele><name>SB 5</name><desc>Continue straight onto &lt;b&gt;SB 5&lt;/b&gt;</desc><extensions><distance>0.092</distance><duration>165.6</duration><type>6</type><step>21</step></extensions></rtept><rtept lat="47.671793" lon="11.837866"><ele>1641.0</ele><name>SB 5</name><desc>Continue straight onto &lt;b&gt;SB 5&lt;/b&gt;</desc><extensions><distance>0.092</distance><duration>165.6</duration><type>6</type><step>21</step></extensions></rtept><rtept lat="47.671774" lon="11.837709"><ele>1641.0</ele><name>SB 5</name><desc>Continue straight onto &lt;b&gt;SB 5&lt;/b&gt;</desc><extensions><distance>0.092</distance><duration>165.6</duration><type>6</type><step>21</step></extensions></rtept><rtept lat="47.671804" lon="11.83753"><ele>1641.0</ele><name>SB 5</name><desc>Continue straight onto &lt;b&gt;SB 5&lt;/b&gt;</desc><extensions><distance>0.092</distance><duration>165.6</duration><type>6</type><step>21</step></extensions></rtept><rtept lat="47.671812" lon="11.837187"><ele>1617.0</ele><name>SB 5</name><desc>Continue straight onto &lt;b&gt;SB 5&lt;/b&gt;</desc><extensions><distance>0.092</distance><duration>165.6</duration><type>6</type><step>21</step></extensions></rtept><rtept lat="47.671803" lon="11.83706"><ele>1617.0</ele><name>SB 5</name><desc>Continue straight onto &lt;b&gt;SB 5&lt;/b&gt;</desc><extensions><distance>0.092</distance><duration>165.6</duration><type>6</type><step>21</step></extensions></rtept><rtept lat="47.671826" lon="11.836999"><ele>1617.0</ele><name>SB 5</name><desc>Continue straight onto &lt;b&gt;SB 5&lt;/b&gt;</desc><extensions><distance>0.092</distance><duration>165.6</duration><type>6</type><step>21</step></extensions></rtept><rtept lat="47.671902" lon="11.836959"><ele>1617.0</ele><name>SB 5</name><desc>Continue straight onto &lt;b&gt;SB 5&lt;/b&gt;</desc><extensions><distance>0.092</distance><duration>165.6</duration><type>6</type><step>21</step></extensions></rtept><rtept lat="47.671945" lon="11.836977"><ele>1617.0</ele><name>SB 5</name><desc>Continue straight onto &lt;b&gt;SB 5&lt;/b&gt;</desc><extensions><distance>0.092</distance><duration>165.6</duration><type>6</type><step>21</step></extensions></rtept><rtept lat="47.671976" lon="11.836962"><ele>1617.0</ele><name></name><desc>Keep left</desc><extensions><distance>0.115</distance><duration>206.5</duration><type>12</type><step>22</step></extensions></rtept><rtept lat="47.67204" lon="11.836854"><ele>1617.0</ele><name></name><desc>Keep left</desc><extensions><distance>0.115</distance><duration>206.5</duration><type>12</type><step>22</step></extensions></rtept><rtept lat="47.672261" lon="11.836734"><ele>1617.0</ele><name></name><desc>Keep left</desc><extensions><distance>0.115</distance><duration>206.5</duration><type>12</type><step>22</step></extensions></rtept><rtept lat="47.672274" lon="11.836666"><ele>1578.0</ele><name></name><desc>Keep left</desc><extensions><distance>0.115</distance><duration>206.5</duration><type>12</type><step>22</step></extensions></rtept><rtept lat="47.672383" lon="11.836541"><ele>1578.0</ele><name></name><desc>Keep left</desc><extensions><distance>0.115</distance><duration>206.5</duration><type>12</type><step>22</step></extensions></rtept><rtept lat="47.672368" lon="11.836459"><ele>1578.0</ele><name></name><desc>Keep left</desc><extensions><distance>0.115</distance><duration>206.5</duration><type>12</type><step>22</step></extensions></rtept><rtept lat="47.672434" lon="11.836452"><ele>1578.0</ele><name></name><desc>Keep left</desc><extensions><distance>0.115</distance><duration>206.5</duration><type>12</type><step>22</step></extensions></rtept><rtept lat="47.672484" lon="11.836384"><ele>1583.5</ele><name></name><desc>Arrive at your destination, on the right</desc><extensions><distance>0.0</distance><duration>0.0</duration><type>10</type><step>23</step></extensions></rtept><rtept lat="47.672484" lon="11.836384"><ele>1583.5</ele><name></name><desc>Head northwest</desc><extensions><distance>0.042</distance><duration>75.7</duration><type>11</type><step>24</step></extensions></rtept><rtept lat="47.672584" lon="11.836244"><ele>1589.0</ele><name></name><desc>Head northwest</desc><extensions><distance>0.042</distance><duration>75.7</duration><type>11</type><step>24</step></extensions></rtept><rtept lat="47.67261" lon="11.836177"><ele>1589.0</ele><name></name><desc>Head northwest</desc><extensions><distance>0.042</distance><duration>75.7</duration><type>11</type><step>24</step></extensions></rtept><rtept lat="47.672764" lon="11.83604"><ele>1589.0</ele><name></name><desc>Arrive at your destination, on the right</desc><extensions><distance>0.0</distance><duration>0.0</duration><type>10</type><step>25</step></extensions></rtept><rtept lat="47.672764" lon="11.83604"><ele>1589.0</ele><name></name><desc>Head northwest</desc><extensions><distance>0.284</distance><duration>510.7</duration><type>11</type><step>26</step></extensions></rtept><rtept lat="47.672775" lon="11.83603"><ele>1589.0</ele><name></name><desc>Head northwest</desc><extensions><distance>0.284</distance><duration>510.7</duration><type>11</type><step>26</step></extensions></rtept><rtept lat="47.67277" lon="11.835979"><ele>1589.0</ele><name></name><desc>Head northwest</desc><extensions><distance>0.284</distance><duration>510.7</duration><type>11</type><step>26</step></extensions></rtept><rtept lat="47.672874" lon="11.835945"><ele>1589.0</ele><name></name><desc>Head northwest</desc><extensions><distance>0.284</distance><duration>510.7</duration><type>11</type><step>26</step></extensions></rtept><rtept lat="47.672879" lon="11.835905"><ele>1589.0</ele><name></name><desc>Head northwest</desc><extensions><distance>0.284</distance><duration>510.7</duration><type>11</type><step>26</step></extensions></rtept><rtept lat="47.672942" lon="11.835918"><ele>1589.0</ele><name></name><desc>Head northwest</desc><extensions><distance>0.284</distance><duration>510.7</duration><type>11</type><step>26</step></extensions></rtept><rtept lat="47.672975" lon="11.835872"><ele>1589.0</ele><name></name><desc>Head northwest</desc><extensions><distance>0.284</distance><duration>510.7</duration><type>11</type><step>26</step></extensions></rtept><rtept lat="47.672972" lon="11.835817"><ele>1553.0</ele><name></name><desc>Head northwest</desc><extensions><distance>0.284</distance><duration>510.7</duration><type>11</type><step>26</step></extensions></rtept><rtept lat="47.672994" lon="11.835757"><ele>1553.0</ele><name></name><desc>Head northwest</desc><extensions><distance>0.284</distance><duration>510.7</duration><type>11</type><step>26</step></extensions></rtept><rtept lat="47.673036" lon="11.835735"><ele>1553.0</ele><name></name><desc>Head northwest</desc><extensions><distance>0.284</distance><duration>510.7</duration><type>11</type><step>26</step></extensions></rtept><rtept lat="47.673038" lon="11.835661"><ele>1553.0</ele><name></name><desc>Head northwest</desc><extensions><distance>0.284</distance><duration>510.7</duration><type>11</type><step>26</step></extensions></rtept><rtept lat="47.673079" lon="11.835529"><ele>1553.0</ele><name></name><desc>Head northwest</desc><extensions><distance>0.284</distance><duration>510.7</duration><type>11</type><step>26</step></extensions></rtept><rtept lat="47.673083" lon="11.835457"><ele>1553.0</ele><name></name><desc>Head northwest</desc><extensions><distance>0.284</distance><duration>510.7</duration><type>11</type><step>26</step></extensions></rtept><rtept lat="47.673129" lon="11.835373"><ele>1553.0</ele><name></name><desc>Head northwest</desc><extensions><distance>0.284</distance><duration>510.7</duration><type>11</type><step>26</step></extensions></rtept><rtept lat="47.673213" lon="11.835275"><ele>1553.0</ele><name></name><desc>Head northwest</desc><extensions><distance>0.284</distance><duration>510.7</duration><type>11</type><step>26</step></extensions></rtept><rtept lat="47.673289" lon="11.835046"><ele>1553.0</ele><name></name><desc>Head northwest</desc><extensions><distance>0.284</distance><duration>510.7</duration><type>11</type><step>26</step></extensions></rtept><rtept lat="47.673489" lon="11.834922"><ele>1557.0</ele><name></name><desc>Head northwest</desc><extensions><distance>0.284</distance><duration>510.7</duration><type>11</type><step>26</step></extensions></rtept><rtept lat="47.673657" lon="11.834778"><ele>1557.0</ele><name></name><desc>Head northwest</desc><extensions><distance>0.284</distance><duration>510.7</duration><type>11</type><step>26</step></extensions></rtept><rtept lat="47.673808" lon="11.834775"><ele>1557.0</ele><name></name><desc>Head northwest</desc><extensions><distance>0.284</distance><duration>510.7</duration><type>11</type><step>26</step></extensions></rtept><rtept lat="47.673919" lon="11.834741"><ele>1557.0</ele><name></name><desc>Head northwest</desc><extensions><distance>0.284</distance><duration>510.7</duration><type>11</type><step>26</step></extensions></rtept><rtept lat="47.67406" lon="11.834953"><ele>1557.0</ele><name></name><desc>Head northwest</desc><extensions><distance>0.284</distance><duration>510.7</duration><type>11</type><step>26</step></extensions></rtept><rtept lat="47.674097" lon="11.834863"><ele>1557.0</ele><name></name><desc>Head northwest</desc><extensions><distance>0.284</distance><duration>510.7</duration><type>11</type><step>26</step></extensions></rtept><rtept lat="47.67421" lon="11.83479"><ele>1576.0</ele><name></name><desc>Head northwest</desc><extensions><distance>0.284</distance><duration>510.7</duration><type>11</type><step>26</step></extensions></rtept><rtept lat="47.674265" lon="11.834656"><ele>1576.0</ele><name></name><desc>Head northwest</desc><extensions><distance>0.284</distance><duration>510.7</duration><type>11</type><step>26</step></extensions></rtept><rtept lat="47.674293" lon="11.834524"><ele>1576.0</ele><name></name><desc>Head northwest</desc><extensions><distance>0.284</distance><duration>510.7</duration><type>11</type><step>26</step></extensions></rtept><rtept lat="47.67433" lon="11.834448"><ele>1576.0</ele><name></name><desc>Head northwest</desc><extensions><distance>0.284</distance><duration>510.7</duration><type>11</type><step>26</step></extensions></rtept><rtept lat="47.674401" lon="11.834226"><ele>1576.0</ele><name></name><desc>Arrive at your destination, on the right</desc><extensions><distance>0.0</distance><duration>0.0</duration><type>10</type><step>27</step></extensions></rtept><rtept lat="47.674401" lon="11.834226"><ele>1576.0</ele><name></name><desc>Head northwest</desc><extensions><distance>0.255</distance><duration>459.3</duration><type>11</type><step>28</step></extensions></rtept><rtept lat="47.674405" lon="11.834212"><ele>1576.0</ele><name></name><desc>Head northwest</desc><extensions><distance>0.255</distance><duration>459.3</duration><type>11</type><step>28</step></extensions></rtept><rtept lat="47.674424" lon="11.834086"><ele>1560.0</ele><name></name><desc>Head northwest</desc><extensions><distance>0.255</distance><duration>459.3</duration><type>11</type><step>28</step></extensions></rtept><rtept lat="47.674448" lon="11.834021"><ele>1560.0</ele><name></name><desc>Head northwest</desc><extensions><distance>0.255</distance><duration>459.3</duration><type>11</type><step>28</step></extensions></rtept><rtept lat="47.674505" lon="11.833957"><ele>1560.0</ele><name></name><desc>Head northwest</desc><extensions><distance>0.255</distance><duration>459.3</duration><type>11</type><step>28</step></extensions></rtept><rtept lat="47.674528" lon="11.833987"><ele>1560.0</ele><name></name><desc>Head northwest</desc><extensions><distance>0.255</distance><duration>459.3</duration><type>11</type><step>28</step></extensions></rtept><rtept lat="47.674627" lon="11.833807"><ele>1560.0</ele><name></name><desc>Head northwest</desc><extensions><distance>0.255</distance><duration>459.3</duration><type>11</type><step>28</step></extensions></rtept><rtept lat="47.674689" lon="11.833868"><ele>1560.0</ele><name></name><desc>Head northwest</desc><extensions><distance>0.255</distance><duration>459.3</duration><type>11</type><step>28</step></extensions></rtept><rtept lat="47.674734" lon="11.833834"><ele>1560.0</ele><name></name><desc>Head northwest</desc><extensions><distance>0.255</distance><duration>459.3</duration><type>11</type><step>28</step></extensions></rtept><rtept lat="47.674834" lon="11.833908"><ele>1560.0</ele><name></name><desc>Head northwest</desc><extensions><distance>0.255</distance><duration>459.3</duration><type>11</type><step>28</step></extensions></rtept><rtept lat="47.674893" lon="11.833921"><ele>1560.0</ele><name></name><desc>Head northwest</desc><extensions><distance>0.255</distance><duration>459.3</duration><type>11</type><step>28</step></extensions></rtept><rtept lat="47.675015" lon="11.833829"><ele>1535.0</ele><name></name><desc>Head northwest</desc><extensions><distance>0.255</distance><duration>459.3</duration><type>11</type><step>28</step></extensions></rtept><rtept lat="47.675007" lon="11.833781"><ele>1535.0</ele><name></name><desc>Head northwest</desc><extensions><distance>0.255</distance><duration>459.3</duration><type>11</type><step>28</step></extensions></rtept><rtept lat="47.675127" lon="11.833768"><ele>1535.0</ele><name></name><desc>Head northwest</desc><extensions><distance>0.255</distance><duration>459.3</duration><type>11</type><step>28</step></extensions></rtept><rtept lat="47.67532" lon="11.833704"><ele>1535.0</ele><name></name><desc>Head northwest</desc><extensions><distance>0.255</distance><duration>459.3</duration><type>11</type><step>28</step></extensions></rtept><rtept lat="47.675461" lon="11.833616"><ele>1535.0</ele><name></name><desc>Head northwest</desc><extensions><distance>0.255</distance><duration>459.3</duration><type>11</type><step>28</step></extensions></rtept><rtept lat="47.675557" lon="11.833597"><ele>1535.0</ele><name></name><desc>Head northwest</desc><extensions><distance>0.255</distance><duration>459.3</duration><type>11</type><step>28</step></extensions></rtept><rtept lat="47.675661" lon="11.833624"><ele>1535.0</ele><name></name><desc>Head northwest</desc><extensions><distance>0.255</distance><duration>459.3</duration><type>11</type><step>28</step></extensions></rtept><rtept lat="47.675764" lon="11.833612"><ele>1535.0</ele><name></name><desc>Head northwest</desc><extensions><distance>0.255</distance><duration>459.3</duration><type>11</type><step>28</step></extensions></rtept><rtept lat="47.675819" lon="11.833632"><ele>1535.0</ele><name></name><desc>Head northwest</desc><extensions><distance>0.255</distance><duration>459.3</duration><type>11</type><step>28</step></extensions></rtept><rtept lat="47.675892" lon="11.833525"><ele>1502.0</ele><name></name><desc>Head northwest</desc><extensions><distance>0.255</distance><duration>459.3</duration><type>11</type><step>28</step></extensions></rtept><rtept lat="47.67602" lon="11.833425"><ele>1502.0</ele><name></name><desc>Head northwest</desc><extensions><distance>0.255</distance><duration>459.3</duration><type>11</type><step>28</step></extensions></rtept><rtept lat="47.676038" lon="11.833358"><ele>1502.0</ele><name></name><desc>Head northwest</desc><extensions><distance>0.255</distance><duration>459.3</duration><type>11</type><step>28</step></extensions></rtept><rtept lat="47.676167" lon="11.833396"><ele>1502.0</ele><name></name><desc>Head northwest</desc><extensions><distance>0.255</distance><duration>459.3</duration><type>11</type><step>28</step></extensions></rtept><rtept lat="47.676245" lon="11.833363"><ele>1502.0</ele><name></name><desc>Turn sharp right</desc><extensions><distance>0.153</distance><duration>275.1</duration><type>3</type><step>29</step></extensions></rtept><rtept lat="47.676146" lon="11.833568"><ele>1502.0</ele><name></name><desc>Turn sharp right</desc><extensions><distance>0.153</distance><duration>275.1</duration><type>3</type><step>29</step></extensions></rtept><rtept lat="47.676242" lon="11.833666"><ele>1502.0</ele><name></name><desc>Turn sharp right</desc><extensions><distance>0.153</distance><duration>275.1</duration><type>3</type><step>29</step></extensions></rtept><rtept lat="47.676251" lon="11.833755"><ele>1502.0</ele><name></name><desc>Turn sharp right</desc><extensions><distance>0.153</distance><duration>275.1</duration><type>3</type><step>29</step></extensions></rtept><rtept lat="47.676316" lon="11.833772"><ele>1502.0</ele><name></name><desc>Turn sharp right</desc><extensions><distance>0.153</distance><duration>275.1</duration><type>3</type><step>29</step></extensions></rtept><rtept lat="47.676283" lon="11.833892"><ele>1502.0</ele><name></name><desc>Turn sharp right</desc><extensions><distance>0.153</distance><duration>275.1</duration><type>3</type><step>29</step></extensions></rtept><rtept lat="47.676284" lon="11.833959"><ele>1502.0</ele><name></name><desc>Turn sharp right</desc><extensions><distance>0.153</distance><duration>275.1</duration><type>3</type><step>29</step></extensions></rtept><rtept lat="47.6764" lon="11.834105"><ele>1502.0</ele><name></name><desc>Turn sharp right</desc><extensions><distance>0.153</distance><duration>275.1</duration><type>3</type><step>29</step></extensions></rtept><rtept lat="47.676362" lon="11.8342"><ele>1486.0</ele><name></name><desc>Turn sharp right</desc><extensions><distance>0.153</distance><duration>275.1</duration><type>3</type><step>29</step></extensions></rtept><rtept lat="47.676465" lon="11.834308"><ele>1486.0</ele><name></name><desc>Turn sharp right</desc><extensions><distance>0.153</distance><duration>275.1</duration><type>3</type><step>29</step></extensions></rtept><rtept lat="47.676458" lon="11.834353"><ele>1486.0</ele><name></name><desc>Turn sharp right</desc><extensions><distance>0.153</distance><duration>275.1</duration><type>3</type><step>29</step></extensions></rtept><rtept lat="47.676195" lon="11.834661"><ele>1486.0</ele><name></name><desc>Turn sharp right</desc><extensions><distance>0.153</distance><duration>275.1</duration><type>3</type><step>29</step></extensions></rtept><rtept lat="47.676173" lon="11.834821"><ele>1486.0</ele><name></name><desc>Turn left</desc><extensions><distance>0.374</distance><duration>673.3</duration><type>0</type><step>30</step></extensions></rtept><rtept lat="47.676398" lon="11.835106"><ele>1441.0</ele><name></name><desc>Turn left</desc><extensions><distance>0.374</distance><duration>673.3</duration><type>0</type><step>30</step></extensions></rtept><rtept lat="47.676818" lon="11.835328"><ele>1412.0</ele><name></name><desc>Turn left</desc><extensions><distance>0.374</distance><duration>673.3</duration><type>0</type><step>30</step></extensions></rtept><rtept lat="47.677227" lon="11.835889"><ele>1379.0</ele><name></name><desc>Turn left</desc><extensions><distance>0.374</distance><duration>673.3</duration><type>0</type><step>30</step></extensions></rtept><rtept lat="47.677517" lon="11.836847"><ele>1372.0</ele><name></name><desc>Turn left</desc><extensions><distance>0.374</distance><duration>673.3</duration><type>0</type><step>30</step></extensions></rtept><rtept lat="47.677634" lon="11.83799"><ele>1369.0</ele><name></name><desc>Turn left</desc><extensions><distance>0.374</distance><duration>673.3</duration><type>0</type><step>30</step></extensions></rtept><rtept lat="47.677743" lon="11.838836"><ele>1356.0</ele><name></name><desc>Continue straight</desc><extensions><distance>0.015</distance><duration>10.9</duration><type>6</type><step>31</step></extensions></rtept><rtept lat="47.677794" lon="11.839023"><ele>1356.0</ele><name></name><desc>Arrive at your destination, on the left</desc><extensions><distance>0.0</distance><duration>0.0</duration><type>10</type><step>32</step></extensions></rtept><rtept lat="47.677794" lon="11.839023"><ele>1356.0</ele><name></name><desc>Head east</desc><extensions><distance>1.302</distance><duration>937.3</duration><type>11</type><step>33</step></extensions></rtept><rtept lat="47.677825" lon="11.839134"><ele>1356.0</ele><name></name><desc>Head east</desc><extensions><distance>1.302</distance><duration>937.3</duration><type>11</type><step>33</step></extensions></rtept><rtept lat="47.677984" lon="11.839174"><ele>1348.0</ele><name></name><desc>Head east</desc><extensions><distance>1.302</distance><duration>937.3</duration><type>11</type><step>33</step></extensions></rtept><rtept lat="47.678197" lon="11.839156"><ele>1356.0</ele><name></name><desc>Head east</desc><extensions><distance>1.302</distance><duration>937.3</duration><type>11</type><step>33</step></extensions></rtept><rtept lat="47.678547" lon="11.83936"><ele>1348.0</ele><name></name><desc>Head east</desc><extensions><distance>1.302</distance><duration>937.3</duration><type>11</type><step>33</step></extensions></rtept><rtept lat="47.678655" lon="11.839481"><ele>1348.0</ele><name></name><desc>Head east</desc><extensions><distance>1.302</distance><duration>937.3</duration><type>11</type><step>33</step></extensions></rtept><rtept lat="47.678725" lon="11.839593"><ele>1348.0</ele><name></name><desc>Head east</desc><extensions><distance>1.302</distance><duration>937.3</duration><type>11</type><step>33</step></extensions></rtept><rtept lat="47.679161" lon="11.840093"><ele>1350.0</ele><name></name><desc>Head east</desc><extensions><distance>1.302</distance><duration>937.3</duration><type>11</type><step>33</step></extensions></rtept><rtept lat="47.679273" lon="11.840141"><ele>1355.0</ele><name></name><desc>Head east</desc><extensions><distance>1.302</distance><duration>937.3</duration><type>11</type><step>33</step></extensions></rtept><rtept lat="47.67943" lon="11.840269"><ele>1355.0</ele><name></name><desc>Head east</desc><extensions><distance>1.302</distance><duration>937.3</duration><type>11</type><step>33</step></extensions></rtept><rtept lat="47.679851" lon="11.840339"><ele>1355.0</ele><name></name><desc>Head east</desc><extensions><distance>1.302</distance><duration>937.3</duration><type>11</type><step>33</step></extensions></rtept><rtept lat="47.679954" lon="11.840397"><ele>1355.0</ele><name></name><desc>Head east</desc><extensions><distance>1.302</distance><duration>937.3</duration><type>11</type><step>33</step></extensions></rtept><rtept lat="47.680108" lon="11.840597"><ele>1351.0</ele><name></name><desc>Head east</desc><extensions><distance>1.302</distance><duration>937.3</duration><type>11</type><step>33</step></extensions></rtept><rtept lat="47.680241" lon="11.840817"><ele>1351.0</ele><name></name><desc>Head east</desc><extensions><distance>1.302</distance><duration>937.3</duration><type>11</type><step>33</step></extensions></rtept><rtept lat="47.680411" lon="11.84098"><ele>1332.0</ele><name></name><desc>Head east</desc><extensions><distance>1.302</distance><duration>937.3</duration><type>11</type><step>33</step></extensions></rtept><rtept lat="47.680511" lon="11.841111"><ele>1332.0</ele><name></name><desc>Head east</desc><extensions><distance>1.302</distance><duration>937.3</duration><type>11</type><step>33</step></extensions></rtept><rtept lat="47.681173" lon="11.841703"><ele>1305.0</ele><name></name><desc>Head east</desc><extensions><distance>1.302</distance><duration>937.3</duration><type>11</type><step>33</step></extensions></rtept><rtept lat="47.681219" lon="11.8418"><ele>1305.0</ele><name></name><desc>Head east</desc><extensions><distance>1.302</distance><duration>937.3</duration><type>11</type><step>33</step></extensions></rtept><rtept lat="47.681237" lon="11.841901"><ele>1305.0</ele><name></name><desc>Head east</desc><extensions><distance>1.302</distance><duration>937.3</duration><type>11</type><step>33</step></extensions></rtept><rtept lat="47.681237" lon="11.841976"><ele>1305.0</ele><name></name><desc>Head east</desc><extensions><distance>1.302</distance><duration>937.3</duration><type>11</type><step>33</step></extensions></rtept><rtept lat="47.681166" lon="11.842216"><ele>1305.0</ele><name></name><desc>Head east</desc><extensions><distance>1.302</distance><duration>937.3</duration><type>11</type><step>33</step></extensions></rtept><rtept lat="47.681172" lon="11.842322"><ele>1305.0</ele><name></name><desc>Head east</desc><extensions><distance>1.302</distance><duration>937.3</duration><type>11</type><step>33</step></extensions></rtept><rtept lat="47.681246" lon="11.842478"><ele>1305.0</ele><name></name><desc>Head east</desc><extensions><distance>1.302</distance><duration>937.3</duration><type>11</type><step>33</step></extensions></rtept><rtept lat="47.681386" lon="11.842702"><ele>1292.0</ele><name></name><desc>Head east</desc><extensions><distance>1.302</distance><duration>937.3</duration><type>11</type><step>33</step></extensions></rtept><rtept lat="47.681519" lon="11.842831"><ele>1292.0</ele><name></name><desc>Head east</desc><extensions><distance>1.302</distance><duration>937.3</duration><type>11</type><step>33</step></extensions></rtept><rtept lat="47.682313" lon="11.843326"><ele>1278.0</ele><name></name><desc>Head east</desc><extensions><distance>1.302</distance><duration>937.3</duration><type>11</type><step>33</step></extensions></rtept><rtept lat="47.682477" lon="11.84358"><ele>1276.0</ele><name></name><desc>Head east</desc><extensions><distance>1.302</distance><duration>937.3</duration><type>11</type><step>33</step></extensions></rtept><rtept lat="47.682576" lon="11.843895"><ele>1277.0</ele><name></name><desc>Head east</desc><extensions><distance>1.302</distance><duration>937.3</duration><type>11</type><step>33</step></extensions></rtept><rtept lat="47.682608" lon="11.843943"><ele>1277.0</ele><name></name><desc>Head east</desc><extensions><distance>1.302</distance><duration>937.3</duration><type>11</type><step>33</step></extensions></rtept><rtept lat="47.682736" lon="11.844046"><ele>1277.0</ele><name></name><desc>Head east</desc><extensions><distance>1.302</distance><duration>937.3</duration><type>11</type><step>33</step></extensions></rtept><rtept lat="47.682893" lon="11.844295"><ele>1271.0</ele><name></name><desc>Head east</desc><extensions><distance>1.302</distance><duration>937.3</duration><type>11</type><step>33</step></extensions></rtept><rtept lat="47.683054" lon="11.844638"><ele>1271.0</ele><name></name><desc>Head east</desc><extensions><distance>1.302</distance><duration>937.3</duration><type>11</type><step>33</step></extensions></rtept><rtept lat="47.683087" lon="11.844742"><ele>1271.0</ele><name></name><desc>Head east</desc><extensions><distance>1.302</distance><duration>937.3</duration><type>11</type><step>33</step></extensions></rtept><rtept lat="47.683091" lon="11.844854"><ele>1271.0</ele><name></name><desc>Head east</desc><extensions><distance>1.302</distance><duration>937.3</duration><type>11</type><step>33</step></extensions></rtept><rtept lat="47.6831" lon="11.845151"><ele>1262.0</ele><name></name><desc>Head east</desc><extensions><distance>1.302</distance><duration>937.3</duration><type>11</type><step>33</step></extensions></rtept><rtept lat="47.68316" lon="11.845348"><ele>1262.0</ele><name></name><desc>Head east</desc><extensions><distance>1.302</distance><duration>937.3</duration><type>11</type><step>33</step></extensions></rtept><rtept lat="47.683259" lon="11.845453"><ele>1262.0</ele><name></name><desc>Head east</desc><extensions><distance>1.302</distance><duration>937.3</duration><type>11</type><step>33</step></extensions></rtept><rtept lat="47.683396" lon="11.845475"><ele>1260.0</ele><name></name><desc>Head east</desc><extensions><distance>1.302</distance><duration>937.3</duration><type>11</type><step>33</step></extensions></rtept><rtept lat="47.683477" lon="11.845529"><ele>1260.0</ele><name></name><desc>Head east</desc><extensions><distance>1.302</distance><duration>937.3</duration><type>11</type><step>33</step></extensions></rtept><rtept lat="47.683538" lon="11.845623"><ele>1260.0</ele><name></name><desc>Head east</desc><extensions><distance>1.302</distance><duration>937.3</duration><type>11</type><step>33</step></extensions></rtept><rtept lat="47.683611" lon="11.845897"><ele>1254.0</ele><name></name><desc>Head east</desc><extensions><distance>1.302</distance><duration>937.3</duration><type>11</type><step>33</step></extensions></rtept><rtept lat="47.6837" lon="11.846584"><ele>1254.0</ele><name></name><desc>Head east</desc><extensions><distance>1.302</distance><duration>937.3</duration><type>11</type><step>33</step></extensions></rtept><rtept lat="47.683773" lon="11.84679"><ele>1248.0</ele><name></name><desc>Head east</desc><extensions><distance>1.302</distance><duration>937.3</duration><type>11</type><step>33</step></extensions></rtept><rtept lat="47.684129" lon="11.847301"><ele>1248.0</ele><name></name><desc>Head east</desc><extensions><distance>1.302</distance><duration>937.3</duration><type>11</type><step>33</step></extensions></rtept><rtept lat="47.684493" lon="11.847571"><ele>1230.0</ele><name></name><desc>Head east</desc><extensions><distance>1.302</distance><duration>937.3</duration><type>11</type><step>33</step></extensions></rtept><rtept lat="47.684619" lon="11.847637"><ele>1230.0</ele><name></name><desc>Head east</desc><extensions><distance>1.302</distance><duration>937.3</duration><type>11</type><step>33</step></extensions></rtept><rtept lat="47.68474" lon="11.847649"><ele>1230.0</ele><name></name><desc>Head east</desc><extensions><distance>1.302</distance><duration>937.3</duration><type>11</type><step>33</step></extensions></rtept><rtept lat="47.684928" lon="11.847571"><ele>1230.0</ele><name></name><desc>Head east</desc><extensions><distance>1.302</distance><duration>937.3</duration><type>11</type><step>33</step></extensions></rtept><rtept lat="47.685418" lon="11.847648"><ele>1226.0</ele><name></name><desc>Head east</desc><extensions><distance>1.302</distance><duration>937.3</duration><type>11</type><step>33</step></extensions></rtept><rtept lat="47.685708" lon="11.847579"><ele>1226.0</ele><name></name><desc>Head east</desc><extensions><distance>1.302</distance><duration>937.3</duration><type>11</type><step>33</step></extensions></rtept><rtept lat="47.685869" lon="11.847418"><ele>1237.0</ele><name></name><desc>Head east</desc><extensions><distance>1.302</distance><duration>937.3</duration><type>11</type><step>33</step></extensions></rtept><rtept lat="47.685953" lon="11.847398"><ele>1237.0</ele><name></name><desc>Head east</desc><extensions><distance>1.302</distance><duration>937.3</duration><type>11</type><step>33</step></extensions></rtept><rtept lat="47.686267" lon="11.847568"><ele>1212.0</ele><name></name><desc>Head east</desc><extensions><distance>1.302</distance><duration>937.3</duration><type>11</type><step>33</step></extensions></rtept><rtept lat="47.686485" lon="11.847641"><ele>1212.0</ele><name></name><desc>Keep right</desc><extensions><distance>0.148</distance><duration>265.9</duration><type>13</type><step>34</step></extensions></rtept><rtept lat="47.68658" lon="11.847837"><ele>1212.0</ele><name></name><desc>Keep right</desc><extensions><distance>0.148</distance><duration>265.9</duration><type>13</type><step>34</step></extensions></rtept><rtept lat="47.686682" lon="11.847965"><ele>1193.0</ele><name></name><desc>Keep right</desc><extensions><distance>0.148</distance><duration>265.9</duration><type>13</type><step>34</step></extensions></rtept><rtept lat="47.687094" lon="11.848276"><ele>1193.0</ele><name></name><desc>Keep right</desc><extensions><distance>0.148</distance><duration>265.9</duration><type>13</type><step>34</step></extensions></rtept><rtept lat="47.687171" lon="11.848414"><ele>1193.0</ele><name></name><desc>Keep right</desc><extensions><distance>0.148</distance><duration>265.9</duration><type>13</type><step>34</step></extensions></rtept><rtept lat="47.687245" lon="11.848697"><ele>1193.0</ele><name></name><desc>Keep right</desc><extensions><distance>0.148</distance><duration>265.9</duration><type>13</type><step>34</step></extensions></rtept><rtept lat="47.68719" lon="11.848914"><ele>1193.0</ele><name></name><desc>Keep right</desc><extensions><distance>0.148</distance><duration>265.9</duration><type>13</type><step>34</step></extensions></rtept><rtept lat="47.687187" lon="11.848921"><ele>1193.0</ele><name></name><desc>Arrive at your destination, on the left</desc><extensions><distance>0.0</distance><duration>0.0</duration><type>10</type><step>35</step></extensions></rtept><rtept lat="47.687187" lon="11.848921"><ele>1193.0</ele><name></name><desc>Head southeast</desc><extensions><distance>0.555</distance><duration>549.2</duration><type>11</type><step>36</step></extensions></rtept><rtept lat="47.687085" lon="11.849126"><ele>1193.0</ele><name></name><desc>Head southeast</desc><extensions><distance>0.555</distance><duration>549.2</duration><type>11</type><step>36</step></extensions></rtept><rtept lat="47.687069" lon="11.849333"><ele>1179.0</ele><name></name><desc>Head southeast</desc><extensions><distance>0.555</distance><duration>549.2</duration><type>11</type><step>36</step></extensions></rtept><rtept lat="47.687139" lon="11.849425"><ele>1179.0</ele><name></name><desc>Head southeast</desc><extensions><distance>0.555</distance><duration>549.2</duration><type>11</type><step>36</step></extensions></rtept><rtept lat="47.687583" lon="11.84968"><ele>1177.0</ele><name></name><desc>Head southeast</desc><extensions><distance>0.555</distance><duration>549.2</duration><type>11</type><step>36</step></extensions></rtept><rtept lat="47.687772" lon="11.849765"><ele>1177.0</ele><name></name><desc>Head southeast</desc><extensions><distance>0.555</distance><duration>549.2</duration><type>11</type><step>36</step></extensions></rtept><rtept lat="47.687861" lon="11.849873"><ele>1177.0</ele><name></name><desc>Head southeast</desc><extensions><distance>0.555</distance><duration>549.2</duration><type>11</type><step>36</step></extensions></rtept><rtept lat="47.687969" lon="11.850028"><ele>1163.0</ele><name></name><desc>Head southeast</desc><extensions><distance>0.555</distance><duration>549.2</duration><type>11</type><step>36</step></extensions></rtept><rtept lat="47.688145" lon="11.850143"><ele>1163.0</ele><name></name><desc>Head southeast</desc><extensions><distance>0.555</distance><duration>549.2</duration><type>11</type><step>36</step></extensions></rtept><rtept lat="47.688403" lon="11.850263"><ele>1159.0</ele><name></name><desc>Head southeast</desc><extensions><distance>0.555</distance><duration>549.2</duration><type>11</type><step>36</step></extensions></rtept><rtept lat="47.68867" lon="11.850349"><ele>1159.0</ele><name></name><desc>Head southeast</desc><extensions><distance>0.555</distance><duration>549.2</duration><type>11</type><step>36</step></extensions></rtept><rtept lat="47.688859" lon="11.850288"><ele>1159.0</ele><name></name><desc>Head southeast</desc><extensions><distance>0.555</distance><duration>549.2</duration><type>11</type><step>36</step></extensions></rtept><rtept lat="47.689181" lon="11.849976"><ele>1157.0</ele><name></name><desc>Head southeast</desc><extensions><distance>0.555</distance><duration>549.2</duration><type>11</type><step>36</step></extensions></rtept><rtept lat="47.689516" lon="11.849786"><ele>1157.0</ele><name></name><desc>Head southeast</desc><extensions><distance>0.555</distance><duration>549.2</duration><type>11</type><step>36</step></extensions></rtept><rtept lat="47.689925" lon="11.849928"><ele>1157.0</ele><name></name><desc>Head southeast</desc><extensions><distance>0.555</distance><duration>549.2</duration><type>11</type><step>36</step></extensions></rtept><rtept lat="47.690219" lon="11.850173"><ele>1132.0</ele><name></name><desc>Head southeast</desc><extensions><distance>0.555</distance><duration>549.2</duration><type>11</type><step>36</step></extensions></rtept><rtept lat="47.690712" lon="11.850434"><ele>1132.0</ele><name></name><desc>Head southeast</desc><extensions><distance>0.555</distance><duration>549.2</duration><type>11</type><step>36</step></extensions></rtept><rtept lat="47.690787" lon="11.850492"><ele>1132.0</ele><name></name><desc>Head southeast</desc><extensions><distance>0.555</distance><duration>549.2</duration><type>11</type><step>36</step></extensions></rtept><rtept lat="47.690855" lon="11.85056"><ele>1129.0</ele><name></name><desc>Head southeast</desc><extensions><distance>0.555</distance><duration>549.2</duration><type>11</type><step>36</step></extensions></rtept><rtept lat="47.691069" lon="11.850885"><ele>1118.0</ele><name></name><desc>Head southeast</desc><extensions><distance>0.555</distance><duration>549.2</duration><type>11</type><step>36</step></extensions></rtept><rtept lat="47.691218" lon="11.851027"><ele>1118.0</ele><name>W 11</name><desc>Continue straight onto &lt;b&gt;W 11&lt;/b&gt;</desc><extensions><distance>0.037</distance><duration>26.7</duration><type>6</type><step>37</step></extensions></rtept><rtept lat="47.691457" lon="11.851247"><ele>1118.0</ele><name>W 11</name><desc>Continue straight onto &lt;b&gt;W 11&lt;/b&gt;</desc><extensions><distance>0.037</distance><duration>26.7</duration><type>6</type><step>37</step></extensions></rtept><rtept lat="47.691505" lon="11.851276"><ele>1118.0</ele><name></name><desc>Arrive at W 11, on the right</desc><extensions><distance>0.0</distance><duration>0.0</duration><type>10</type><step>38</step></extensions></rtept><rtept lat="47.691505" lon="11.851276"><ele>1118.0</ele><name>W 11</name><desc>Head north on &lt;b&gt;W 11&lt;/b&gt;</desc><extensions><distance>1.01</distance><duration>726.9</duration><type>11</type><step>39</step></extensions></rtept><rtept lat="47.691631" lon="11.851352"><ele>1118.0</ele><name>W 11</name><desc>Head north on &lt;b&gt;W 11&lt;/b&gt;</desc><extensions><distance>1.01</distance><duration>726.9</duration><type>11</type><step>39</step></extensions></rtept><rtept lat="47.691845" lon="11.851427"><ele>1113.0</ele><name>W 11</name><desc>Head north on &lt;b&gt;W 11&lt;/b&gt;</desc><extensions><distance>1.01</distance><duration>726.9</duration><type>11</type><step>39</step></extensions></rtept><rtept lat="47.692042" lon="11.851471"><ele>1113.0</ele><name>W 11</name><desc>Head north on &lt;b&gt;W 11&lt;/b&gt;</desc><extensions><distance>1.01</distance><duration>726.9</duration><type>11</type><step>39</step></extensions></rtept><rtept lat="47.692253" lon="11.851472"><ele>1113.0</ele><name>W 11</name><desc>Head north on &lt;b&gt;W 11&lt;/b&gt;</desc><extensions><distance>1.01</distance><duration>726.9</duration><type>11</type><step>39</step></extensions></rtept><rtept lat="47.692643" lon="11.851401"><ele>1113.0</ele><name>W 11</name><desc>Head north on &lt;b&gt;W 11&lt;/b&gt;</desc><extensions><distance>1.01</distance><duration>726.9</duration><type>11</type><step>39</step></extensions></rtept><rtept lat="47.693" lon="11.8513"><ele>1113.0</ele><name>W 11</name><desc>Head north on &lt;b&gt;W 11&lt;/b&gt;</desc><extensions><distance>1.01</distance><duration>726.9</duration><type>11</type><step>39</step></extensions></rtept><rtept lat="47.693067" lon="11.85133"><ele>1113.0</ele><name>W 11</name><desc>Head north on &lt;b&gt;W 11&lt;/b&gt;</desc><extensions><distance>1.01</distance><duration>726.9</duration><type>11</type><step>39</step></extensions></rtept><rtept lat="47.693446" lon="11.851607"><ele>1095.0</ele><name>W 11</name><desc>Head north on &lt;b&gt;W 11&lt;/b&gt;</desc><extensions><distance>1.01</distance><duration>726.9</duration><type>11</type><step>39</step></extensions></rtept><rtept lat="47.69355" lon="11.85164"><ele>1095.0</ele><name>W 11</name><desc>Head north on &lt;b&gt;W 11&lt;/b&gt;</desc><extensions><distance>1.01</distance><duration>726.9</duration><type>11</type><step>39</step></extensions></rtept><rtept lat="47.693609" lon="11.851631"><ele>1095.0</ele><name>W 11</name><desc>Head north on &lt;b&gt;W 11&lt;/b&gt;</desc><extensions><distance>1.01</distance><duration>726.9</duration><type>11</type><step>39</step></extensions></rtept><rtept lat="47.693663" lon="11.851592"><ele>1095.0</ele><name>W 11</name><desc>Head north on &lt;b&gt;W 11&lt;/b&gt;</desc><extensions><distance>1.01</distance><duration>726.9</duration><type>11</type><step>39</step></extensions></rtept><rtept lat="47.693719" lon="11.851485"><ele>1095.0</ele><name>W 11</name><desc>Head north on &lt;b&gt;W 11&lt;/b&gt;</desc><extensions><distance>1.01</distance><duration>726.9</duration><type>11</type><step>39</step></extensions></rtept><rtept lat="47.693806" lon="11.851255"><ele>1095.0</ele><name>W 11</name><desc>Head north on &lt;b&gt;W 11&lt;/b&gt;</desc><extensions><distance>1.01</distance><duration>726.9</duration><type>11</type><step>39</step></extensions></rtept><rtept lat="47.6939" lon="11.851133"><ele>1095.0</ele><name>W 11</name><desc>Head north on &lt;b&gt;W 11&lt;/b&gt;</desc><extensions><distance>1.01</distance><duration>726.9</duration><type>11</type><step>39</step></extensions></rtept><rtept lat="47.693962" lon="11.8511"><ele>1095.0</ele><name>W 11</name><desc>Head north on &lt;b&gt;W 11&lt;/b&gt;</desc><extensions><distance>1.01</distance><duration>726.9</duration><type>11</type><step>39</step></extensions></rtept><rtept lat="47.694008" lon="11.851111"><ele>1095.0</ele><name>W 11</name><desc>Head north on &lt;b&gt;W 11&lt;/b&gt;</desc><extensions><distance>1.01</distance><duration>726.9</duration><type>11</type><step>39</step></extensions></rtept><rtept lat="47.694098" lon="11.851188"><ele>1095.0</ele><name>W 11</name><desc>Head north on &lt;b&gt;W 11&lt;/b&gt;</desc><extensions><distance>1.01</distance><duration>726.9</duration><type>11</type><step>39</step></extensions></rtept><rtept lat="47.69422" lon="11.851356"><ele>1083.0</ele><name>W 11</name><desc>Head north on &lt;b&gt;W 11&lt;/b&gt;</desc><extensions><distance>1.01</distance><duration>726.9</duration><type>11</type><step>39</step></extensions></rtept><rtept lat="47.694484" lon="11.85184"><ele>1060.0</ele><name>W 11</name><desc>Head north on &lt;b&gt;W 11&lt;/b&gt;</desc><extensions><distance>1.01</distance><duration>726.9</duration><type>11</type><step>39</step></extensions></rtept><rtept lat="47.694696" lon="11.852446"><ele>1060.0</ele><name>W 11</name><desc>Head north on &lt;b&gt;W 11&lt;/b&gt;</desc><extensions><distance>1.01</distance><duration>726.9</duration><type>11</type><step>39</step></extensions></rtept><rtept lat="47.694758" lon="11.852581"><ele>1043.0</ele><name>W 11</name><desc>Head north on &lt;b&gt;W 11&lt;/b&gt;</desc><extensions><distance>1.01</distance><duration>726.9</duration><type>11</type><step>39</step></extensions></rtept><rtept lat="47.694865" lon="11.852757"><ele>1043.0</ele><name>W 11</name><desc>Head north on &lt;b&gt;W 11&lt;/b&gt;</desc><extensions><distance>1.01</distance><duration>726.9</duration><type>11</type><step>39</step></extensions></rtept><rtept lat="47.695036" lon="11.852995"><ele>1047.0</ele><name>W 11</name><desc>Head north on &lt;b&gt;W 11&lt;/b&gt;</desc><extensions><distance>1.01</distance><duration>726.9</duration><type>11</type><step>39</step></extensions></rtept><rtept lat="47.695624" lon="11.853541"><ele>1026.0</ele><name>W 11</name><desc>Head north on &lt;b&gt;W 11&lt;/b&gt;</desc><extensions><distance>1.01</distance><duration>726.9</duration><type>11</type><step>39</step></extensions></rtept><rtept lat="47.695651" lon="11.853667"><ele>1026.0</ele><name>W 11</name><desc>Head north on &lt;b&gt;W 11&lt;/b&gt;</desc><extensions><distance>1.01</distance><duration>726.9</duration><type>11</type><step>39</step></extensions></rtept><rtept lat="47.695667" lon="11.854037"><ele>1026.0</ele><name>W 11</name><desc>Head north on &lt;b&gt;W 11&lt;/b&gt;</desc><extensions><distance>1.01</distance><duration>726.9</duration><type>11</type><step>39</step></extensions></rtept><rtept lat="47.695717" lon="11.854363"><ele>1013.0</ele><name>W 11</name><desc>Head north on &lt;b&gt;W 11&lt;/b&gt;</desc><extensions><distance>1.01</distance><duration>726.9</duration><type>11</type><step>39</step></extensions></rtept><rtept lat="47.695783" lon="11.854635"><ele>1013.0</ele><name>W 11</name><desc>Head north on &lt;b&gt;W 11&lt;/b&gt;</desc><extensions><distance>1.01</distance><duration>726.9</duration><type>11</type><step>39</step></extensions></rtept><rtept lat="47.695875" lon="11.854842"><ele>1019.0</ele><name>W 11</name><desc>Head north on &lt;b&gt;W 11&lt;/b&gt;</desc><extensions><distance>1.01</distance><duration>726.9</duration><type>11</type><step>39</step></extensions></rtept><rtept lat="47.695962" lon="11.854947"><ele>1019.0</ele><name>W 11</name><desc>Head north on &lt;b&gt;W 11&lt;/b&gt;</desc><extensions><distance>1.01</distance><duration>726.9</duration><type>11</type><step>39</step></extensions></rtept><rtept lat="47.696054" lon="11.854976"><ele>1019.0</ele><name>W 11</name><desc>Head north on &lt;b&gt;W 11&lt;/b&gt;</desc><extensions><distance>1.01</distance><duration>726.9</duration><type>11</type><step>39</step></extensions></rtept><rtept lat="47.696156" lon="11.854951"><ele>1019.0</ele><name>W 11</name><desc>Head north on &lt;b&gt;W 11&lt;/b&gt;</desc><extensions><distance>1.01</distance><duration>726.9</duration><type>11</type><step>39</step></extensions></rtept><rtept lat="47.696245" lon="11.854861"><ele>1019.0</ele><name>W 11</name><desc>Head north on &lt;b&gt;W 11&lt;/b&gt;</desc><extensions><distance>1.01</distance><duration>726.9</duration><type>11</type><step>39</step></extensions></rtept><rtept lat="47.696323" lon="11.854846"><ele>1019.0</ele><name>W 11</name><desc>Head north on &lt;b&gt;W 11&lt;/b&gt;</desc><extensions><distance>1.01</distance><duration>726.9</duration><type>11</type><step>39</step></extensions></rtept><rtept lat="47.696425" lon="11.854908"><ele>1019.0</ele><name>W 11</name><desc>Head north on &lt;b&gt;W 11&lt;/b&gt;</desc><extensions><distance>1.01</distance><duration>726.9</duration><type>11</type><step>39</step></extensions></rtept><rtept lat="47.696448" lon="11.854995"><ele>1019.0</ele><name>W 11</name><desc>Head north on &lt;b&gt;W 11&lt;/b&gt;</desc><extensions><distance>1.01</distance><duration>726.9</duration><type>11</type><step>39</step></extensions></rtept><rtept lat="47.696491" lon="11.855387"><ele>1008.0</ele><name>W 11</name><desc>Head north on &lt;b&gt;W 11&lt;/b&gt;</desc><extensions><distance>1.01</distance><duration>726.9</duration><type>11</type><step>39</step></extensions></rtept><rtept lat="47.696484" lon="11.855617"><ele>1008.0</ele><name>W 11</name><desc>Head north on &lt;b&gt;W 11&lt;/b&gt;</desc><extensions><distance>1.01</distance><duration>726.9</duration><type>11</type><step>39</step></extensions></rtept><rtept lat="47.696429" lon="11.856206"><ele>989.0</ele><name>W 11</name><desc>Head north on &lt;b&gt;W 11&lt;/b&gt;</desc><extensions><distance>1.01</distance><duration>726.9</duration><type>11</type><step>39</step></extensions></rtept><rtept lat="47.696442" lon="11.856451"><ele>989.0</ele><name>W 11</name><desc>Head north on &lt;b&gt;W 11&lt;/b&gt;</desc><extensions><distance>1.01</distance><duration>726.9</duration><type>11</type><step>39</step></extensions></rtept><rtept lat="47.696475" lon="11.856561"><ele>989.0</ele><name>W 11</name><desc>Head north on &lt;b&gt;W 11&lt;/b&gt;</desc><extensions><distance>1.01</distance><duration>726.9</duration><type>11</type><step>39</step></extensions></rtept><rtept lat="47.69664" lon="11.856891"><ele>966.0</ele><name>W 11</name><desc>Head north on &lt;b&gt;W 11&lt;/b&gt;</desc><extensions><distance>1.01</distance><duration>726.9</duration><type>11</type><step>39</step></extensions></rtept><rtept lat="47.696766" lon="11.857199"><ele>988.0</ele><name>W 11</name><desc>Head north on &lt;b&gt;W 11&lt;/b&gt;</desc><extensions><distance>1.01</distance><duration>726.9</duration><type>11</type><step>39</step></extensions></rtept><rtept lat="47.696981" lon="11.857916"><ele>966.0</ele><name>W 11</name><desc>Keep right onto &lt;b&gt;W 11&lt;/b&gt;</desc><extensions><distance>0.391</distance><duration>281.2</duration><type>13</type><step>40</step></extensions></rtept><rtept lat="47.697258" lon="11.858398"><ele>944.0</ele><name>W 11</name><desc>Keep right onto &lt;b&gt;W 11&lt;/b&gt;</desc><extensions><distance>0.391</distance><duration>281.2</duration><type>13</type><step>40</step></extensions></rtept><rtept lat="47.697444" lon="11.858828"><ele>944.0</ele><name>W 11</name><desc>Keep right onto &lt;b&gt;W 11&lt;/b&gt;</desc><extensions><distance>0.391</distance><duration>281.2</duration><type>13</type><step>40</step></extensions></rtept><rtept lat="47.697575" lon="11.858988"><ele>969.0</ele><name>W 11</name><desc>Keep right onto &lt;b&gt;W 11&lt;/b&gt;</desc><extensions><distance>0.391</distance><duration>281.2</duration><type>13</type><step>40</step></extensions></rtept><rtept lat="47.697673" lon="11.859192"><ele>947.0</ele><name>W 11</name><desc>Keep right onto &lt;b&gt;W 11&lt;/b&gt;</desc><extensions><distance>0.391</distance><duration>281.2</duration><type>13</type><step>40</step></extensions></rtept><rtept lat="47.697914" lon="11.859922"><ele>947.0</ele><name>W 11</name><desc>Keep right onto &lt;b&gt;W 11&lt;/b&gt;</desc><extensions><distance>0.391</distance><duration>281.2</duration><type>13</type><step>40</step></extensions></rtept><rtept lat="47.698063" lon="11.86061"><ele>934.0</ele><name>W 11</name><desc>Keep right onto &lt;b&gt;W 11&lt;/b&gt;</desc><extensions><distance>0.391</distance><duration>281.2</duration><type>13</type><step>40</step></extensions></rtept><rtept lat="47.698085" lon="11.860816"><ele>934.0</ele><name>W 11</name><desc>Keep right onto &lt;b&gt;W 11&lt;/b&gt;</desc><extensions><distance>0.391</distance><duration>281.2</duration><type>13</type><step>40</step></extensions></rtept><rtept lat="47.698098" lon="11.861155"><ele>930.0</ele><name>W 11</name><desc>Keep right onto &lt;b&gt;W 11&lt;/b&gt;</desc><extensions><distance>0.391</distance><duration>281.2</duration><type>13</type><step>40</step></extensions></rtept><rtept lat="47.698132" lon="11.861372"><ele>930.0</ele><name>W 11</name><desc>Keep right onto &lt;b&gt;W 11&lt;/b&gt;</desc><extensions><distance>0.391</distance><duration>281.2</duration><type>13</type><step>40</step></extensions></rtept><rtept lat="47.698209" lon="11.861566"><ele>930.0</ele><name>W 11</name><desc>Keep right onto &lt;b&gt;W 11&lt;/b&gt;</desc><extensions><distance>0.391</distance><duration>281.2</duration><type>13</type><step>40</step></extensions></rtept><rtept lat="47.698348" lon="11.862037"><ele>921.0</ele><name>W 11</name><desc>Keep right onto &lt;b&gt;W 11&lt;/b&gt;</desc><extensions><distance>0.391</distance><duration>281.2</duration><type>13</type><step>40</step></extensions></rtept><rtept lat="47.698389" lon="11.862139"><ele>921.0</ele><name></name><desc>Arrive at W 11, on the left</desc><extensions><distance>0.0</distance><duration>0.0</duration><type>10</type><step>41</step></extensions></rtept><rtept lat="47.698389" lon="11.862139"><ele>921.0</ele><name>W 11</name><desc>Head northeast on &lt;b&gt;W 11&lt;/b&gt;</desc><extensions><distance>0.218</distance><duration>157.1</duration><type>11</type><step>42</step></extensions></rtept><rtept lat="47.69844" lon="11.862267"><ele>921.0</ele><name>W 11</name><desc>Head northeast on &lt;b&gt;W 11&lt;/b&gt;</desc><extensions><distance>0.218</distance><duration>157.1</duration><type>11</type><step>42</step></extensions></rtept><rtept lat="47.698657" lon="11.862723"><ele>903.0</ele><name>W 11</name><desc>Head northeast on &lt;b&gt;W 11&lt;/b&gt;</desc><extensions><distance>0.218</distance><duration>157.1</duration><type>11</type><step>42</step></extensions></rtept><rtept lat="47.698783" lon="11.863316"><ele>903.0</ele><name>W 11</name><desc>Head northeast on &lt;b&gt;W 11&lt;/b&gt;</desc><extensions><distance>0.218</distance><duration>157.1</duration><type>11</type><step>42</step></extensions></rtept><rtept lat="47.698845" lon="11.86391"><ele>900.0</ele><name>W 11</name><desc>Head northeast on &lt;b&gt;W 11&lt;/b&gt;</desc><extensions><distance>0.218</distance><duration>157.1</duration><type>11</type><step>42</step></extensions></rtept><rtept lat="47.698965" lon="11.864233"><ele>911.0</ele><name>W 11</name><desc>Head northeast on &lt;b&gt;W 11&lt;/b&gt;</desc><extensions><distance>0.218</distance><duration>157.1</duration><type>11</type><step>42</step></extensions></rtept><rtept lat="47.699103" lon="11.864453"><ele>911.0</ele><name>W 11</name><desc>Head northeast on &lt;b&gt;W 11&lt;/b&gt;</desc><extensions><distance>0.218</distance><duration>157.1</duration><type>11</type><step>42</step></extensions></rtept><rtept lat="47.699176" lon="11.864516"><ele>883.0</ele><name>W 11</name><desc>Head northeast on &lt;b&gt;W 11&lt;/b&gt;</desc><extensions><distance>0.218</distance><duration>157.1</duration><type>11</type><step>42</step></extensions></rtept><rtept lat="47.69923" lon="11.864593"><ele>883.0</ele><name></name><desc>Keep right</desc><extensions><distance>0.896</distance><duration>645.2</duration><type>13</type><step>43</step></extensions></rtept><rtept lat="47.699322" lon="11.864775"><ele>883.0</ele><name></name><desc>Keep right</desc><extensions><distance>0.896</distance><duration>645.2</duration><type>13</type><step>43</step></extensions></rtept><rtept lat="47.699445" lon="11.864907"><ele>883.0</ele><name></name><desc>Keep right</desc><extensions><distance>0.896</distance><duration>645.2</duration><type>13</type><step>43</step></extensions></rtept><rtept lat="47.699672" lon="11.865103"><ele>871.0</ele><name></name><desc>Keep right</desc><extensions><distance>0.896</distance><duration>645.2</duration><type>13</type><step>43</step></extensions></rtept><rtept lat="47.700145" lon="11.866264"><ele>861.0</ele><name></name><desc>Keep right</desc><extensions><distance>0.896</distance><duration>645.2</duration><type>13</type><step>43</step></extensions></rtept><rtept lat="47.700493" lon="11.867334"><ele>856.0</ele><name></name><desc>Keep right</desc><extensions><distance>0.896</distance><duration>645.2</duration><type>13</type><step>43</step></extensions></rtept><rtept lat="47.700695" lon="11.867897"><ele>857.0</ele><name></name><desc>Keep right</desc><extensions><distance>0.896</distance><duration>645.2</duration><type>13</type><step>43</step></extensions></rtept><rtept lat="47.700744" lon="11.86805"><ele>857.0</ele><name></name><desc>Keep right</desc><extensions><distance>0.896</distance><duration>645.2</duration><type>13</type><step>43</step></extensions></rtept><rtept lat="47.701084" lon="11.869103"><ele>848.0</ele><name></name><desc>Keep right</desc><extensions><distance>0.896</distance><duration>645.2</duration><type>13</type><step>43</step></extensions></rtept><rtept lat="47.70119" lon="11.869418"><ele>845.0</ele><name></name><desc>Keep right</desc><extensions><distance>0.896</distance><duration>645.2</duration><type>13</type><step>43</step></extensions></rtept><rtept lat="47.701406" lon="11.870139"><ele>839.0</ele><name></name><desc>Keep right</desc><extensions><distance>0.896</distance><duration>645.2</duration><type>13</type><step>43</step></extensions></rtept><rtept lat="47.701639" lon="11.870926"><ele>837.0</ele><name></name><desc>Keep right</desc><extensions><distance>0.896</distance><duration>645.2</duration><type>13</type><step>43</step></extensions></rtept><rtept lat="47.701762" lon="11.871325"><ele>838.0</ele><name></name><desc>Keep right</desc><extensions><distance>0.896</distance><duration>645.2</duration><type>13</type><step>43</step></extensions></rtept><rtept lat="47.702267" lon="11.872604"><ele>832.0</ele><name></name><desc>Keep right</desc><extensions><distance>0.896</distance><duration>645.2</duration><type>13</type><step>43</step></extensions></rtept><rtept lat="47.702737" lon="11.873637"><ele>826.0</ele><name></name><desc>Keep right</desc><extensions><distance>0.896</distance><duration>645.2</duration><type>13</type><step>43</step></extensions></rtept><rtept lat="47.702886" lon="11.874042"><ele>826.0</ele><name></name><desc>Keep right</desc><extensions><distance>0.896</distance><duration>645.2</duration><type>13</type><step>43</step></extensions></rtept><rtept lat="47.70296" lon="11.874401"><ele>824.0</ele><name></name><desc>Keep right</desc><extensions><distance>0.896</distance><duration>645.2</duration><type>13</type><step>43</step></extensions></rtept><rtept lat="47.703099" lon="11.874968"><ele>824.0</ele><name>Waldschmidtstraße</name><desc>Turn left onto &lt;b&gt;Waldschmidtstraße&lt;/b&gt;</desc><extensions><distance>0.095</distance><duration>68.4</duration><type>0</type><step>44</step></extensions></rtept><rtept lat="47.703484" lon="11.874884"><ele>824.0</ele><name>Waldschmidtstraße</name><desc>Turn left onto &lt;b&gt;Waldschmidtstraße&lt;/b&gt;</desc><extensions><distance>0.095</distance><duration>68.4</duration><type>0</type><step>44</step></extensions></rtept><rtept lat="47.703949" lon="11.874842"><ele>824.0</ele><name></name><desc>Arrive at Waldschmidtstraße, on the left</desc><extensions><distance>0.0</distance><duration>0.0</duration><type>10</type><step>45</step></extensions></rtept><rtept lat="47.703949" lon="11.874842"><ele>824.0</ele><name>Waldschmidtstraße</name><desc>Head north on &lt;b&gt;Waldschmidtstraße&lt;/b&gt;</desc><extensions><distance>0.201</distance><duration>144.8</duration><type>11</type><step>46</step></extensions></rtept><rtept lat="47.703985" lon="11.874839"><ele>824.0</ele><name>Waldschmidtstraße</name><desc>Head north on &lt;b&gt;Waldschmidtstraße&lt;/b&gt;</desc><extensions><distance>0.201</distance><duration>144.8</duration><type>11</type><step>46</step></extensions></rtept><rtept lat="47.704124" lon="11.874778"><ele>824.0</ele><name>Waldschmidtstraße</name><desc>Head north on &lt;b&gt;Waldschmidtstraße&lt;/b&gt;</desc><extensions><distance>0.201</distance><duration>144.8</duration><type>11</type><step>46</step></extensions></rtept><rtept lat="47.704402" lon="11.87474"><ele>822.0</ele><name>Waldschmidtstraße</name><desc>Head north on &lt;b&gt;Waldschmidtstraße&lt;/b&gt;</desc><extensions><distance>0.201</distance><duration>144.8</duration><type>11</type><step>46</step></extensions></rtept><rtept lat="47.704501" lon="11.874745"><ele>822.0</ele><name>Waldschmidtstraße</name><desc>Head north on &lt;b&gt;Waldschmidtstraße&lt;/b&gt;</desc><extensions><distance>0.201</distance><duration>144.8</duration><type>11</type><step>46</step></extensions></rtept><rtept lat="47.704606" lon="11.874782"><ele>822.0</ele><name>Waldschmidtstraße</name><desc>Head north on &lt;b&gt;Waldschmidtstraße&lt;/b&gt;</desc><extensions><distance>0.201</distance><duration>144.8</duration><type>11</type><step>46</step></extensions></rtept><rtept lat="47.704795" lon="11.87489"><ele>822.0</ele><name>Waldschmidtstraße</name><desc>Head north on &lt;b&gt;Waldschmidtstraße&lt;/b&gt;</desc><extensions><distance>0.201</distance><duration>144.8</duration><type>11</type><step>46</step></extensions></rtept><rtept lat="47.705276" lon="11.875024"><ele>812.0</ele><name>Waldschmidtstraße</name><desc>Head north on &lt;b&gt;Waldschmidtstraße&lt;/b&gt;</desc><extensions><distance>0.201</distance><duration>144.8</duration><type>11</type><step>46</step></extensions></rtept><rtept lat="47.705353" lon="11.875044"><ele>812.0</ele><name>Waldschmidtstraße</name><desc>Head north on &lt;b&gt;Waldschmidtstraße&lt;/b&gt;</desc><extensions><distance>0.201</distance><duration>144.8</duration><type>11</type><step>46</step></extensions></rtept><rtept lat="47.705484" lon="11.875138"><ele>812.0</ele><name>Waldschmidtstraße</name><desc>Head north on &lt;b&gt;Waldschmidtstraße&lt;/b&gt;</desc><extensions><distance>0.201</distance><duration>144.8</duration><type>11</type><step>46</step></extensions></rtept><rtept lat="47.705586" lon="11.875249"><ele>812.0</ele><name>Waldschmidtstraße</name><desc>Head north on &lt;b&gt;Waldschmidtstraße&lt;/b&gt;</desc><extensions><distance>0.201</distance><duration>144.8</duration><type>11</type><step>46</step></extensions></rtept><rtept lat="47.70568" lon="11.875295"><ele>812.0</ele><name></name><desc>Turn slight left</desc><extensions><distance>0.082</distance><duration>58.9</duration><type>4</type><step>47</step></extensions></rtept><rtept lat="47.705905" lon="11.875293"><ele>808.0</ele><name></name><desc>Turn slight left</desc><extensions><distance>0.082</distance><duration>58.9</duration><type>4</type><step>47</step></extensions></rtept><rtept lat="47.70599" lon="11.874683"><ele>810.0</ele><name></name><desc>Turn slight left</desc><extensions><distance>0.082</distance><duration>58.9</duration><type>4</type><step>47</step></extensions></rtept><rtept lat="47.705973" lon="11.874554"><ele>810.0</ele><name></name><desc>Arrive at your destination, on the left</desc><extensions><distance>0.0</distance><duration>0.0</duration><type>10</type><step>48</step></extensions></rtept><extensions><distance>11.053</distance><duration>11877.1</duration><ascent>868.5</ascent><descent>1200.0</descent><avgspeed>3.4</avgspeed><bounds maxlat="47.70599" maxlon="11.886623" minlat="47.669657" minlon="11.833358"/></extensions></rte><extensions><attribution>openrouteservice.org, OpenStreetMap contributors, tmc - BASt</attribution><engine>9.6.0</engine><build_date>2025-10-31T15:58:06Z</build_date><graph_date>2025-10-31T16:19:10Z</graph_date><osm_date>2025-10-30T21:21:12Z</osm_date><profile>foot-hiking</profile><preference>recommended</preference><language>en</language><distance-units>km</distance-units><instructions>true</instructions><elevation>true</elevation></extensions></gpx>