<?xml version="1.0" encoding="UTF-8"?>
<gpx creator="StravaGPX" version="1.1" xmlns="http://www.topografix.com/GPX/1/1" xmlns:xsi="http://www.w3.org/2001/XMLSchema-instance" xsi:schemaLocation="http://www.topografix.com/GPX/1/1 http://www.topografix.com/GPX/1/1/gpx.xsd http://www.garmin.com/xmlschemas/GpxExtensions/v3 http://www.garmin.com/xmlschemas/GpxExtensionsv3.xsd http://www.garmin.com/xmlschemas/TrackPointExtension/v1 http://www.garmin.com/xmlschemas/TrackPointExtensionv1.xsd" xmlns:gpxtpx="http://www.garmin.com/xmlschemas/TrackPointExtension/v1" xmlns:gpxx="http://www.garmin.com/xmlschemas/GpxExtensions/v3">
 <metadata>
  <time>2026-03-07T10:40:38Z</time>
 </metadata>
 <trk>
  <name>Geißwand Climb</name>
  <type>hiking</type>
  <trkseg>
   <trkpt lat="47.8426120" lon="13.7866400">
    <ele>465.6</ele>
    <time>2026-03-07T10:40:38Z</time>
    <extensions>
     <gpxtpx:TrackPointExtension>
      <gpxtpx:hr>102</gpxtpx:hr>
      <gpxtpx:cad>0</gpxtpx:cad>
     </gpxtpx:TrackPointExtension>
    </extensions>
   </trkpt>
   <trkpt lat="47.8426120" lon="13.7866400">
    <ele>465.2</ele>
    <time>2026-03-07T10:40:45Z</time>
    <extensions>
     <gpxtpx:TrackPointExtension>
      <gpxtpx:hr>99</gpxtpx:hr>
      <gpxtpx:cad>0</gpxtpx:cad>
     </gpxtpx:TrackPointExtension>
    </extensions>
   </trkpt>
   <trkpt lat="47.8425980" lon="13.7865870">
    <ele>466.4</ele>
    <time>2026-03-07T10:40:52Z</time>
    <extensions>
     <gpxtpx:TrackPointExtension>
      <gpxtpx:hr>95</gpxtpx:hr>
      <gpxtpx:cad>52</gpxtpx:cad>
     </gpxtpx:TrackPointExtension>
    </extensions>
   </trkpt>
   <trkpt lat="47.8425940" lon="13.7865770">
    <ele>466.6</ele>
    <time>2026-03-07T10:40:53Z</time>
    <extensions>
     <gpxtpx:TrackPointExtension>
      <gpxtpx:hr>92</gpxtpx:hr>
      <gpxtpx:cad>52</gpxtpx:cad>
     </gpxtpx:TrackPointExtension>
    </extensions>
   </trkpt>
   <trkpt lat="47.8425840" lon="13.7865150">
    <ele>467.4</ele>
    <time>2026-03-07T10:41:00Z</time>
    <extensions>
     <gpxtpx:TrackPointExtension>
      <gpxtpx:hr>90</gpxtpx:hr>
      <gpxtpx:cad>0</gpxtpx:cad>
     </gpxtpx:TrackPointExtension>
    </extensions>
   </trkpt>
   <trkpt lat="47.8425920" lon="13.7864720">
    <ele>467.2</ele>
    <time>2026-03-07T10:41:06Z</time>
    <extensions>
     <gpxtpx:TrackPointExtension>
      <gpxtpx:hr>90</gpxtpx:hr>
      <gpxtpx:cad>0</gpxtpx:cad>
     </gpxtpx:TrackPointExtension>
    </extensions>
   </trkpt>
   <trkpt lat="47.8425860" lon="13.7864460">
    <ele>467.4</ele>
    <time>2026-03-07T10:41:08Z</time>
    <extensions>
     <gpxtpx:TrackPointExtension>
      <gpxtpx:hr>90</gpxtpx:hr>
      <gpxtpx:cad>0</gpxtpx:cad>
     </gpxtpx:TrackPointExtension>
    </extensions>
   </trkpt>
   <trkpt lat="47.8425720" lon="13.7864060">
    <ele>468.6</ele>
    <time>2026-03-07T10:41:13Z</time>
    <extensions>
     <gpxtpx:TrackPointExtension>
      <gpxtpx:hr>90</gpxtpx:hr>
      <gpxtpx:cad>53</gpxtpx:cad>
     </gpxtpx:TrackPointExtension>
    </extensions>
   </trkpt>
   <trkpt lat="47.8425690" lon="13.7864000">
    <ele>469.0</ele>
    <time>2026-03-07T10:41:14Z</time>
    <extensions>
     <gpxtpx:TrackPointExtension>
      <gpxtpx:hr>90</gpxtpx:hr>
      <gpxtpx:cad>53</gpxtpx:cad>
     </gpxtpx:TrackPointExtension>
    </extensions>
   </trkpt>
   <trkpt lat="47.8425550" lon="13.7863820">
    <ele>469.8</ele>
    <time>2026-03-07T10:41:17Z</time>
    <extensions>
     <gpxtpx:TrackPointExtension>
      <gpxtpx:hr>90</gpxtpx:hr>
      <gpxtpx:cad>50</gpxtpx:cad>
     </gpxtpx:TrackPointExtension>
    </extensions>
   </trkpt>
   <trkpt lat="47.8425270" lon="13.7863540">
    <ele>470.8</ele>
    <time>2026-03-07T10:41:21Z</time>
    <extensions>
     <gpxtpx:TrackPointExtension>
      <gpxtpx:hr>91</gpxtpx:hr>
      <gpxtpx:cad>49</gpxtpx:cad>
     </gpxtpx:TrackPointExtension>
    </extensions>
   </trkpt>
   <trkpt lat="47.8425210" lon="13.7863490">
    <ele>471.0</ele>
    <time>2026-03-07T10:41:22Z</time>
    <extensions>
     <gpxtpx:TrackPointExtension>
      <gpxtpx:hr>91</gpxtpx:hr>
      <gpxtpx:cad>49</gpxtpx:cad>
     </gpxtpx:TrackPointExtension>
    </extensions>
   </trkpt>
   <trkpt lat="47.8425110" lon="13.7863430">
    <ele>471.4</ele>
    <time>2026-03-07T10:41:26Z</time>
    <extensions>
     <gpxtpx:TrackPointExtension>
      <gpxtpx:hr>93</gpxtpx:hr>
      <gpxtpx:cad>0</gpxtpx:cad>
     </gpxtpx:TrackPointExtension>
    </extensions>
   </trkpt>
   <trkpt lat="47.8424700" lon="13.7863350">
    <ele>472.2</ele>
    <time>2026-03-07T10:41:31Z</time>
    <extensions>
     <gpxtpx:TrackPointExtension>
      <gpxtpx:hr>96</gpxtpx:hr>
      <gpxtpx:cad>0</gpxtpx:cad>
     </gpxtpx:TrackPointExtension>
    </extensions>
   </trkpt>
   <trkpt lat="47.8424500" lon="13.7863340">
    <ele>472.6</ele>
    <time>2026-03-07T10:41:33Z</time>
    <extensions>
     <gpxtpx:TrackPointExtension>
      <gpxtpx:hr>100</gpxtpx:hr>
      <gpxtpx:cad>48</gpxtpx:cad>
     </gpxtpx:TrackPointExtension>
    </extensions>
   </trkpt>
   <trkpt lat="47.8424420" lon="13.7863330">
    <ele>472.8</ele>
    <time>2026-03-07T10:41:34Z</time>
    <extensions>
     <gpxtpx:TrackPointExtension>
      <gpxtpx:hr>106</gpxtpx:hr>
      <gpxtpx:cad>47</gpxtpx:cad>
     </gpxtpx:TrackPointExtension>
    </extensions>
   </trkpt>
   <trkpt lat="47.8424270" lon="13.7863320">
    <ele>473.2</ele>
    <time>2026-03-07T10:41:36Z</time>
    <extensions>
     <gpxtpx:TrackPointExtension>
      <gpxtpx:hr>109</gpxtpx:hr>
      <gpxtpx:cad>48</gpxtpx:cad>
     </gpxtpx:TrackPointExtension>
    </extensions>
   </trkpt>
   <trkpt lat="47.8423910" lon="13.7863280">
    <ele>474.4</ele>
    <time>2026-03-07T10:41:42Z</time>
    <extensions>
     <gpxtpx:TrackPointExtension>
      <gpxtpx:hr>111</gpxtpx:hr>
      <gpxtpx:cad>49</gpxtpx:cad>
     </gpxtpx:TrackPointExtension>
    </extensions>
   </trkpt>
   <trkpt lat="47.8423880" lon="13.7863250">
    <ele>474.6</ele>
    <time>2026-03-07T10:41:43Z</time>
    <extensions>
     <gpxtpx:TrackPointExtension>
      <gpxtpx:hr>111</gpxtpx:hr>
      <gpxtpx:cad>49</gpxtpx:cad>
     </gpxtpx:TrackPointExtension>
    </extensions>
   </trkpt>
   <trkpt lat="47.8423830" lon="13.7863160">
    <ele>475.0</ele>
    <time>2026-03-07T10:41:45Z</time>
    <extensions>
     <gpxtpx:TrackPointExtension>
      <gpxtpx:hr>115</gpxtpx:hr>
      <gpxtpx:cad>49</gpxtpx:cad>
     </gpxtpx:TrackPointExtension>
    </extensions>
   </trkpt>
   <trkpt lat="47.8423770" lon="13.7862970">
    <ele>475.4</ele>
    <time>2026-03-07T10:41:47Z</time>
    <extensions>
     <gpxtpx:TrackPointExtension>
      <gpxtpx:hr>116</gpxtpx:hr>
      <gpxtpx:cad>50</gpxtpx:cad>
     </gpxtpx:TrackPointExtension>
    </extensions>
   </trkpt>
   <trkpt lat="47.8423750" lon="13.7862770">
    <ele>475.8</ele>
    <time>2026-03-07T10:41:49Z</time>
    <extensions>
     <gpxtpx:TrackPointExtension>
      <gpxtpx:hr>119</gpxtpx:hr>
      <gpxtpx:cad>50</gpxtpx:cad>
     </gpxtpx:TrackPointExtension>
    </extensions>
   </trkpt>
   <trkpt lat="47.8423760" lon="13.7862660">
    <ele>476.0</ele>
    <time>2026-03-07T10:41:50Z</time>
    <extensions>
     <gpxtpx:TrackPointExtension>
      <gpxtpx:hr>120</gpxtpx:hr>
      <gpxtpx:cad>48</gpxtpx:cad>
     </gpxtpx:TrackPointExtension>
    </extensions>
   </trkpt>
   <trkpt lat="47.8423850" lon="13.7862180">
    <ele>476.6</ele>
    <time>2026-03-07T10:41:54Z</time>
    <extensions>
     <gpxtpx:TrackPointExtension>
      <gpxtpx:hr>121</gpxtpx:hr>
      <gpxtpx:cad>50</gpxtpx:cad>
     </gpxtpx:TrackPointExtension>
    </extensions>
   </trkpt>
   <trkpt lat="47.8424000" lon="13.7861650">
    <ele>477.2</ele>
    <time>2026-03-07T10:41:59Z</time>
    <extensions>
     <gpxtpx:TrackPointExtension>
      <gpxtpx:hr>121</gpxtpx:hr>
      <gpxtpx:cad>50</gpxtpx:cad>
     </gpxtpx:TrackPointExtension>
    </extensions>
   </trkpt>
   <trkpt lat="47.8424030" lon="13.7861460">
    <ele>477.8</ele>
    <time>2026-03-07T10:42:01Z</time>
    <extensions>
     <gpxtpx:TrackPointExtension>
      <gpxtpx:hr>121</gpxtpx:hr>
      <gpxtpx:cad>50</gpxtpx:cad>
     </gpxtpx:TrackPointExtension>
    </extensions>
   </trkpt>
   <trkpt lat="47.8424070" lon="13.7861220">
    <ele>478.8</ele>
    <time>2026-03-07T10:42:04Z</time>
    <extensions>
     <gpxtpx:TrackPointExtension>
      <gpxtpx:hr>121</gpxtpx:hr>
      <gpxtpx:cad>45</gpxtpx:cad>
     </gpxtpx:TrackPointExtension>
    </extensions>
   </trkpt>
   <trkpt lat="47.8424150" lon="13.7860880">
    <ele>479.6</ele>
    <time>2026-03-07T10:42:08Z</time>
    <extensions>
     <gpxtpx:TrackPointExtension>
      <gpxtpx:hr>121</gpxtpx:hr>
      <gpxtpx:cad>80</gpxtpx:cad>
     </gpxtpx:TrackPointExtension>
    </extensions>
   </trkpt>
   <trkpt lat="47.8424170" lon="13.7860800">
    <ele>479.8</ele>
    <time>2026-03-07T10:42:09Z</time>
    <extensions>
     <gpxtpx:TrackPointExtension>
      <gpxtpx:hr>120</gpxtpx:hr>
      <gpxtpx:cad>80</gpxtpx:cad>
     </gpxtpx:TrackPointExtension>
    </extensions>
   </trkpt>
   <trkpt lat="47.8424270" lon="13.7860240">
    <ele>480.8</ele>
    <time>2026-03-07T10:42:15Z</time>
    <extensions>
     <gpxtpx:TrackPointExtension>
      <gpxtpx:hr>121</gpxtpx:hr>
      <gpxtpx:cad>42</gpxtpx:cad>
     </gpxtpx:TrackPointExtension>
    </extensions>
   </trkpt>
   <trkpt lat="47.8424280" lon="13.7860110">
    <ele>482.0</ele>
    <time>2026-03-07T10:42:19Z</time>
    <extensions>
     <gpxtpx:TrackPointExtension>
      <gpxtpx:hr>121</gpxtpx:hr>
      <gpxtpx:cad>0</gpxtpx:cad>
     </gpxtpx:TrackPointExtension>
    </extensions>
   </trkpt>
   <trkpt lat="47.8424280" lon="13.7860080">
    <ele>482.4</ele>
    <time>2026-03-07T10:42:23Z</time>
    <extensions>
     <gpxtpx:TrackPointExtension>
      <gpxtpx:hr>124</gpxtpx:hr>
      <gpxtpx:cad>0</gpxtpx:cad>
     </gpxtpx:TrackPointExtension>
    </extensions>
   </trkpt>
   <trkpt lat="47.8424320" lon="13.7859970">
    <ele>482.2</ele>
    <time>2026-03-07T10:42:34Z</time>
    <extensions>
     <gpxtpx:TrackPointExtension>
      <gpxtpx:hr>121</gpxtpx:hr>
      <gpxtpx:cad>0</gpxtpx:cad>
     </gpxtpx:TrackPointExtension>
    </extensions>
   </trkpt>
   <trkpt lat="47.8424320" lon="13.7859960">
    <ele>482.2</ele>
    <time>2026-03-07T10:42:36Z</time>
    <extensions>
     <gpxtpx:TrackPointExtension>
      <gpxtpx:hr>117</gpxtpx:hr>
      <gpxtpx:cad>0</gpxtpx:cad>
     </gpxtpx:TrackPointExtension>
    </extensions>
   </trkpt>
   <trkpt lat="47.8424330" lon="13.7859950">
    <ele>482.0</ele>
    <time>2026-03-07T10:42:39Z</time>
    <extensions>
     <gpxtpx:TrackPointExtension>
      <gpxtpx:hr>114</gpxtpx:hr>
      <gpxtpx:cad>0</gpxtpx:cad>
     </gpxtpx:TrackPointExtension>
    </extensions>
   </trkpt>
   <trkpt lat="47.8424340" lon="13.7859940">
    <ele>481.6</ele>
    <time>2026-03-07T10:42:41Z</time>
    <extensions>
     <gpxtpx:TrackPointExtension>
      <gpxtpx:hr>113</gpxtpx:hr>
      <gpxtpx:cad>0</gpxtpx:cad>
     </gpxtpx:TrackPointExtension>
    </extensions>
   </trkpt>
   <trkpt lat="47.8424370" lon="13.7859950">
    <ele>481.6</ele>
    <time>2026-03-07T10:42:43Z</time>
    <extensions>
     <gpxtpx:TrackPointExtension>
      <gpxtpx:hr>110</gpxtpx:hr>
      <gpxtpx:cad>0</gpxtpx:cad>
     </gpxtpx:TrackPointExtension>
    </extensions>
   </trkpt>
   <trkpt lat="47.8424380" lon="13.7859950">
    <ele>481.6</ele>
    <time>2026-03-07T10:42:44Z</time>
    <extensions>
     <gpxtpx:TrackPointExtension>
      <gpxtpx:hr>107</gpxtpx:hr>
      <gpxtpx:cad>0</gpxtpx:cad>
     </gpxtpx:TrackPointExtension>
    </extensions>
   </trkpt>
   <trkpt lat="47.8424480" lon="13.7859840">
    <ele>481.6</ele>
    <time>2026-03-07T10:42:48Z</time>
    <extensions>
     <gpxtpx:TrackPointExtension>
      <gpxtpx:hr>106</gpxtpx:hr>
      <gpxtpx:cad>0</gpxtpx:cad>
     </gpxtpx:TrackPointExtension>
    </extensions>
   </trkpt>
   <trkpt lat="47.8424500" lon="13.7859270">
    <ele>483.2</ele>
    <time>2026-03-07T10:42:55Z</time>
    <extensions>
     <gpxtpx:TrackPointExtension>
      <gpxtpx:hr>103</gpxtpx:hr>
      <gpxtpx:cad>45</gpxtpx:cad>
     </gpxtpx:TrackPointExtension>
    </extensions>
   </trkpt>
   <trkpt lat="47.8424530" lon="13.7859100">
    <ele>484.2</ele>
    <time>2026-03-07T10:42:58Z</time>
    <extensions>
     <gpxtpx:TrackPointExtension>
      <gpxtpx:hr>106</gpxtpx:hr>
      <gpxtpx:cad>47</gpxtpx:cad>
     </gpxtpx:TrackPointExtension>
    </extensions>
   </trkpt>
   <trkpt lat="47.8424550" lon="13.7859030">
    <ele>484.4</ele>
    <time>2026-03-07T10:42:59Z</time>
    <extensions>
     <gpxtpx:TrackPointExtension>
      <gpxtpx:hr>107</gpxtpx:hr>
      <gpxtpx:cad>47</gpxtpx:cad>
     </gpxtpx:TrackPointExtension>
    </extensions>
   </trkpt>
   <trkpt lat="47.8424600" lon="13.7858810">
    <ele>485.0</ele>
    <time>2026-03-07T10:43:02Z</time>
    <extensions>
     <gpxtpx:TrackPointExtension>
      <gpxtpx:hr>108</gpxtpx:hr>
      <gpxtpx:cad>46</gpxtpx:cad>
     </gpxtpx:TrackPointExtension>
    </extensions>
   </trkpt>
   <trkpt lat="47.8424640" lon="13.7858700">
    <ele>485.6</ele>
    <time>2026-03-07T10:43:04Z</time>
    <extensions>
     <gpxtpx:TrackPointExtension>
      <gpxtpx:hr>110</gpxtpx:hr>
      <gpxtpx:cad>46</gpxtpx:cad>
     </gpxtpx:TrackPointExtension>
    </extensions>
   </trkpt>
   <trkpt lat="47.8424770" lon="13.7858470">
    <ele>486.6</ele>
    <time>2026-03-07T10:43:08Z</time>
    <extensions>
     <gpxtpx:TrackPointExtension>
      <gpxtpx:hr>113</gpxtpx:hr>
      <gpxtpx:cad>46</gpxtpx:cad>
     </gpxtpx:TrackPointExtension>
    </extensions>
   </trkpt>
   <trkpt lat="47.8424800" lon="13.7858420">
    <ele>486.8</ele>
    <time>2026-03-07T10:43:09Z</time>
    <extensions>
     <gpxtpx:TrackPointExtension>
      <gpxtpx:hr>113</gpxtpx:hr>
      <gpxtpx:cad>45</gpxtpx:cad>
     </gpxtpx:TrackPointExtension>
    </extensions>
   </trkpt>
   <trkpt lat="47.8424920" lon="13.7858280">
    <ele>487.4</ele>
    <time>2026-03-07T10:43:12Z</time>
    <extensions>
     <gpxtpx:TrackPointExtension>
      <gpxtpx:hr>116</gpxtpx:hr>
      <gpxtpx:cad>44</gpxtpx:cad>
     </gpxtpx:TrackPointExtension>
    </extensions>
   </trkpt>
   <trkpt lat="47.8425050" lon="13.7858130">
    <ele>487.8</ele>
    <time>2026-03-07T10:43:15Z</time>
    <extensions>
     <gpxtpx:TrackPointExtension>
      <gpxtpx:hr>117</gpxtpx:hr>
      <gpxtpx:cad>43</gpxtpx:cad>
     </gpxtpx:TrackPointExtension>
    </extensions>
   </trkpt>
   <trkpt lat="47.8425120" lon="13.7858070">
    <ele>488.0</ele>
    <time>2026-03-07T10:43:17Z</time>
    <extensions>
     <gpxtpx:TrackPointExtension>
      <gpxtpx:hr>117</gpxtpx:hr>
      <gpxtpx:cad>45</gpxtpx:cad>
     </gpxtpx:TrackPointExtension>
    </extensions>
   </trkpt>
   <trkpt lat="47.8425740" lon="13.7857990">
    <ele>488.2</ele>
    <time>2026-03-07T10:43:25Z</time>
    <extensions>
     <gpxtpx:TrackPointExtension>
      <gpxtpx:hr>117</gpxtpx:hr>
      <gpxtpx:cad>49</gpxtpx:cad>
     </gpxtpx:TrackPointExtension>
    </extensions>
   </trkpt>
   <trkpt lat="47.8426340" lon="13.7858100">
    <ele>488.8</ele>
    <time>2026-03-07T10:43:31Z</time>
    <extensions>
     <gpxtpx:TrackPointExtension>
      <gpxtpx:hr>117</gpxtpx:hr>
      <gpxtpx:cad>54</gpxtpx:cad>
     </gpxtpx:TrackPointExtension>
    </extensions>
   </trkpt>
   <trkpt lat="47.8426650" lon="13.7858130">
    <ele>489.4</ele>
    <time>2026-03-07T10:43:34Z</time>
    <extensions>
     <gpxtpx:TrackPointExtension>
      <gpxtpx:hr>118</gpxtpx:hr>
      <gpxtpx:cad>54</gpxtpx:cad>
     </gpxtpx:TrackPointExtension>
    </extensions>
   </trkpt>
   <trkpt lat="47.8426940" lon="13.7858100">
    <ele>490.0</ele>
    <time>2026-03-07T10:43:37Z</time>
    <extensions>
     <gpxtpx:TrackPointExtension>
      <gpxtpx:hr>117</gpxtpx:hr>
      <gpxtpx:cad>52</gpxtpx:cad>
     </gpxtpx:TrackPointExtension>
    </extensions>
   </trkpt>
   <trkpt lat="47.8427270" lon="13.7858170">
    <ele>491.0</ele>
    <time>2026-03-07T10:43:42Z</time>
    <extensions>
     <gpxtpx:TrackPointExtension>
      <gpxtpx:hr>118</gpxtpx:hr>
      <gpxtpx:cad>49</gpxtpx:cad>
     </gpxtpx:TrackPointExtension>
    </extensions>
   </trkpt>
   <trkpt lat="47.8427360" lon="13.7858170">
    <ele>491.0</ele>
    <time>2026-03-07T10:43:43Z</time>
    <extensions>
     <gpxtpx:TrackPointExtension>
      <gpxtpx:hr>118</gpxtpx:hr>
      <gpxtpx:cad>48</gpxtpx:cad>
     </gpxtpx:TrackPointExtension>
    </extensions>
   </trkpt>
   <trkpt lat="47.8427910" lon="13.7858260">
    <ele>492.0</ele>
    <time>2026-03-07T10:43:49Z</time>
    <extensions>
     <gpxtpx:TrackPointExtension>
      <gpxtpx:hr>119</gpxtpx:hr>
      <gpxtpx:cad>50</gpxtpx:cad>
     </gpxtpx:TrackPointExtension>
    </extensions>
   </trkpt>
   <trkpt lat="47.8428000" lon="13.7858270">
    <ele>492.2</ele>
    <time>2026-03-07T10:43:50Z</time>
    <extensions>
     <gpxtpx:TrackPointExtension>
      <gpxtpx:hr>119</gpxtpx:hr>
      <gpxtpx:cad>50</gpxtpx:cad>
     </gpxtpx:TrackPointExtension>
    </extensions>
   </trkpt>
   <trkpt lat="47.8428780" lon="13.7857930">
    <ele>493.2</ele>
    <time>2026-03-07T10:43:58Z</time>
    <extensions>
     <gpxtpx:TrackPointExtension>
      <gpxtpx:hr>118</gpxtpx:hr>
      <gpxtpx:cad>51</gpxtpx:cad>
     </gpxtpx:TrackPointExtension>
    </extensions>
   </trkpt>
   <trkpt lat="47.8428860" lon="13.7857860">
    <ele>493.4</ele>
    <time>2026-03-07T10:43:59Z</time>
    <extensions>
     <gpxtpx:TrackPointExtension>
      <gpxtpx:hr>119</gpxtpx:hr>
      <gpxtpx:cad>51</gpxtpx:cad>
     </gpxtpx:TrackPointExtension>
    </extensions>
   </trkpt>
   <trkpt lat="47.8429140" lon="13.7857640">
    <ele>494.4</ele>
    <time>2026-03-07T10:44:03Z</time>
    <extensions>
     <gpxtpx:TrackPointExtension>
      <gpxtpx:hr>120</gpxtpx:hr>
      <gpxtpx:cad>50</gpxtpx:cad>
     </gpxtpx:TrackPointExtension>
    </extensions>
   </trkpt>
   <trkpt lat="47.8429480" lon="13.7857410">
    <ele>495.2</ele>
    <time>2026-03-07T10:44:07Z</time>
    <extensions>
     <gpxtpx:TrackPointExtension>
      <gpxtpx:hr>121</gpxtpx:hr>
      <gpxtpx:cad>51</gpxtpx:cad>
     </gpxtpx:TrackPointExtension>
    </extensions>
   </trkpt>
   <trkpt lat="47.8429560" lon="13.7857350">
    <ele>495.4</ele>
    <time>2026-03-07T10:44:08Z</time>
    <extensions>
     <gpxtpx:TrackPointExtension>
      <gpxtpx:hr>121</gpxtpx:hr>
      <gpxtpx:cad>51</gpxtpx:cad>
     </gpxtpx:TrackPointExtension>
    </extensions>
   </trkpt>
   <trkpt lat="47.8430040" lon="13.7857030">
    <ele>496.6</ele>
    <time>2026-03-07T10:44:14Z</time>
    <extensions>
     <gpxtpx:TrackPointExtension>
      <gpxtpx:hr>120</gpxtpx:hr>
      <gpxtpx:cad>48</gpxtpx:cad>
     </gpxtpx:TrackPointExtension>
    </extensions>
   </trkpt>
   <trkpt lat="47.8430260" lon="13.7856860">
    <ele>497.0</ele>
    <time>2026-03-07T10:44:17Z</time>
    <extensions>
     <gpxtpx:TrackPointExtension>
      <gpxtpx:hr>121</gpxtpx:hr>
      <gpxtpx:cad>49</gpxtpx:cad>
     </gpxtpx:TrackPointExtension>
    </extensions>
   </trkpt>
   <trkpt lat="47.8430570" lon="13.7856360">
    <ele>497.4</ele>
    <time>2026-03-07T10:44:23Z</time>
    <extensions>
     <gpxtpx:TrackPointExtension>
      <gpxtpx:hr>121</gpxtpx:hr>
      <gpxtpx:cad>52</gpxtpx:cad>
     </gpxtpx:TrackPointExtension>
    </extensions>
   </trkpt>
   <trkpt lat="47.8430670" lon="13.7856110">
    <ele>497.8</ele>
    <time>2026-03-07T10:44:26Z</time>
    <extensions>
     <gpxtpx:TrackPointExtension>
      <gpxtpx:hr>121</gpxtpx:hr>
      <gpxtpx:cad>50</gpxtpx:cad>
     </gpxtpx:TrackPointExtension>
    </extensions>
   </trkpt>
   <trkpt lat="47.8430700" lon="13.7855700">
    <ele>499.0</ele>
    <time>2026-03-07T10:44:30Z</time>
    <extensions>
     <gpxtpx:TrackPointExtension>
      <gpxtpx:hr>122</gpxtpx:hr>
      <gpxtpx:cad>43</gpxtpx:cad>
     </gpxtpx:TrackPointExtension>
    </extensions>
   </trkpt>
   <trkpt lat="47.8430680" lon="13.7855590">
    <ele>499.2</ele>
    <time>2026-03-07T10:44:31Z</time>
    <extensions>
     <gpxtpx:TrackPointExtension>
      <gpxtpx:hr>122</gpxtpx:hr>
      <gpxtpx:cad>43</gpxtpx:cad>
     </gpxtpx:TrackPointExtension>
    </extensions>
   </trkpt>
   <trkpt lat="47.8430570" lon="13.7855360">
    <ele>500.0</ele>
    <time>2026-03-07T10:44:34Z</time>
    <extensions>
     <gpxtpx:TrackPointExtension>
      <gpxtpx:hr>122</gpxtpx:hr>
      <gpxtpx:cad>44</gpxtpx:cad>
     </gpxtpx:TrackPointExtension>
    </extensions>
   </trkpt>
   <trkpt lat="47.8430480" lon="13.7855240">
    <ele>500.8</ele>
    <time>2026-03-07T10:44:38Z</time>
    <extensions>
     <gpxtpx:TrackPointExtension>
      <gpxtpx:hr>124</gpxtpx:hr>
      <gpxtpx:cad>43</gpxtpx:cad>
     </gpxtpx:TrackPointExtension>
    </extensions>
   </trkpt>
   <trkpt lat="47.8430520" lon="13.7855190">
    <ele>501.0</ele>
    <time>2026-03-07T10:44:39Z</time>
    <extensions>
     <gpxtpx:TrackPointExtension>
      <gpxtpx:hr>129</gpxtpx:hr>
      <gpxtpx:cad>43</gpxtpx:cad>
     </gpxtpx:TrackPointExtension>
    </extensions>
   </trkpt>
   <trkpt lat="47.8430730" lon="13.7855060">
    <ele>501.6</ele>
    <time>2026-03-07T10:44:43Z</time>
    <extensions>
     <gpxtpx:TrackPointExtension>
      <gpxtpx:hr>132</gpxtpx:hr>
      <gpxtpx:cad>44</gpxtpx:cad>
     </gpxtpx:TrackPointExtension>
    </extensions>
   </trkpt>
   <trkpt lat="47.8431360" lon="13.7854120">
    <ele>501.8</ele>
    <time>2026-03-07T10:44:52Z</time>
    <extensions>
     <gpxtpx:TrackPointExtension>
      <gpxtpx:hr>133</gpxtpx:hr>
      <gpxtpx:cad>51</gpxtpx:cad>
     </gpxtpx:TrackPointExtension>
    </extensions>
   </trkpt>
   <trkpt lat="47.8431840" lon="13.7853440">
    <ele>501.6</ele>
    <time>2026-03-07T10:44:59Z</time>
    <extensions>
     <gpxtpx:TrackPointExtension>
      <gpxtpx:hr>132</gpxtpx:hr>
      <gpxtpx:cad>53</gpxtpx:cad>
     </gpxtpx:TrackPointExtension>
    </extensions>
   </trkpt>
   <trkpt lat="47.8432300" lon="13.7852930">
    <ele>502.0</ele>
    <time>2026-03-07T10:45:05Z</time>
    <extensions>
     <gpxtpx:TrackPointExtension>
      <gpxtpx:hr>131</gpxtpx:hr>
      <gpxtpx:cad>54</gpxtpx:cad>
     </gpxtpx:TrackPointExtension>
    </extensions>
   </trkpt>
   <trkpt lat="47.8432700" lon="13.7852390">
    <ele>502.2</ele>
    <time>2026-03-07T10:45:10Z</time>
    <extensions>
     <gpxtpx:TrackPointExtension>
      <gpxtpx:hr>129</gpxtpx:hr>
      <gpxtpx:cad>55</gpxtpx:cad>
     </gpxtpx:TrackPointExtension>
    </extensions>
   </trkpt>
   <trkpt lat="47.8433160" lon="13.7851750">
    <ele>502.2</ele>
    <time>2026-03-07T10:45:17Z</time>
    <extensions>
     <gpxtpx:TrackPointExtension>
      <gpxtpx:hr>127</gpxtpx:hr>
      <gpxtpx:cad>56</gpxtpx:cad>
     </gpxtpx:TrackPointExtension>
    </extensions>
   </trkpt>
   <trkpt lat="47.8433750" lon="13.7851120">
    <ele>501.8</ele>
    <time>2026-03-07T10:45:23Z</time>
    <extensions>
     <gpxtpx:TrackPointExtension>
      <gpxtpx:hr>124</gpxtpx:hr>
      <gpxtpx:cad>55</gpxtpx:cad>
     </gpxtpx:TrackPointExtension>
    </extensions>
   </trkpt>
   <trkpt lat="47.8433940" lon="13.7850900">
    <ele>501.6</ele>
    <time>2026-03-07T10:45:25Z</time>
    <extensions>
     <gpxtpx:TrackPointExtension>
      <gpxtpx:hr>124</gpxtpx:hr>
      <gpxtpx:cad>58</gpxtpx:cad>
     </gpxtpx:TrackPointExtension>
    </extensions>
   </trkpt>
   <trkpt lat="47.8434380" lon="13.7850140">
    <ele>502.6</ele>
    <time>2026-03-07T10:45:32Z</time>
    <extensions>
     <gpxtpx:TrackPointExtension>
      <gpxtpx:hr>121</gpxtpx:hr>
      <gpxtpx:cad>53</gpxtpx:cad>
     </gpxtpx:TrackPointExtension>
    </extensions>
   </trkpt>
   <trkpt lat="47.8434510" lon="13.7849910">
    <ele>503.2</ele>
    <time>2026-03-07T10:45:34Z</time>
    <extensions>
     <gpxtpx:TrackPointExtension>
      <gpxtpx:hr>120</gpxtpx:hr>
      <gpxtpx:cad>53</gpxtpx:cad>
     </gpxtpx:TrackPointExtension>
    </extensions>
   </trkpt>
   <trkpt lat="47.8434960" lon="13.7848980">
    <ele>504.0</ele>
    <time>2026-03-07T10:45:41Z</time>
    <extensions>
     <gpxtpx:TrackPointExtension>
      <gpxtpx:hr>120</gpxtpx:hr>
      <gpxtpx:cad>52</gpxtpx:cad>
     </gpxtpx:TrackPointExtension>
    </extensions>
   </trkpt>
   <trkpt lat="47.8435090" lon="13.7848610">
    <ele>504.2</ele>
    <time>2026-03-07T10:45:44Z</time>
    <extensions>
     <gpxtpx:TrackPointExtension>
      <gpxtpx:hr>119</gpxtpx:hr>
      <gpxtpx:cad>54</gpxtpx:cad>
     </gpxtpx:TrackPointExtension>
    </extensions>
   </trkpt>
   <trkpt lat="47.8435090" lon="13.7848360">
    <ele>504.4</ele>
    <time>2026-03-07T10:45:46Z</time>
    <extensions>
     <gpxtpx:TrackPointExtension>
      <gpxtpx:hr>117</gpxtpx:hr>
      <gpxtpx:cad>55</gpxtpx:cad>
     </gpxtpx:TrackPointExtension>
    </extensions>
   </trkpt>
   <trkpt lat="47.8434920" lon="13.7848260">
    <ele>504.4</ele>
    <time>2026-03-07T10:45:48Z</time>
    <extensions>
     <gpxtpx:TrackPointExtension>
      <gpxtpx:hr>117</gpxtpx:hr>
      <gpxtpx:cad>55</gpxtpx:cad>
     </gpxtpx:TrackPointExtension>
    </extensions>
   </trkpt>
   <trkpt lat="47.8434580" lon="13.7848270">
    <ele>505.4</ele>
    <time>2026-03-07T10:45:53Z</time>
    <extensions>
     <gpxtpx:TrackPointExtension>
      <gpxtpx:hr>117</gpxtpx:hr>
      <gpxtpx:cad>52</gpxtpx:cad>
     </gpxtpx:TrackPointExtension>
    </extensions>
   </trkpt>
   <trkpt lat="47.8434530" lon="13.7848240">
    <ele>505.8</ele>
    <time>2026-03-07T10:45:55Z</time>
    <extensions>
     <gpxtpx:TrackPointExtension>
      <gpxtpx:hr>118</gpxtpx:hr>
      <gpxtpx:cad>52</gpxtpx:cad>
     </gpxtpx:TrackPointExtension>
    </extensions>
   </trkpt>
   <trkpt lat="47.8434570" lon="13.7848130">
    <ele>506.2</ele>
    <time>2026-03-07T10:45:58Z</time>
    <extensions>
     <gpxtpx:TrackPointExtension>
      <gpxtpx:hr>120</gpxtpx:hr>
      <gpxtpx:cad>46</gpxtpx:cad>
     </gpxtpx:TrackPointExtension>
    </extensions>
   </trkpt>
   <trkpt lat="47.8434610" lon="13.7848040">
    <ele>506.4</ele>
    <time>2026-03-07T10:45:59Z</time>
    <extensions>
     <gpxtpx:TrackPointExtension>
      <gpxtpx:hr>119</gpxtpx:hr>
      <gpxtpx:cad>48</gpxtpx:cad>
     </gpxtpx:TrackPointExtension>
    </extensions>
   </trkpt>
   <trkpt lat="47.8434760" lon="13.7847770">
    <ele>506.6</ele>
    <time>2026-03-07T10:46:02Z</time>
    <extensions>
     <gpxtpx:TrackPointExtension>
      <gpxtpx:hr>118</gpxtpx:hr>
      <gpxtpx:cad>47</gpxtpx:cad>
     </gpxtpx:TrackPointExtension>
    </extensions>
   </trkpt>
   <trkpt lat="47.8435180" lon="13.7847090">
    <ele>507.6</ele>
    <time>2026-03-07T10:46:09Z</time>
    <extensions>
     <gpxtpx:TrackPointExtension>
      <gpxtpx:hr>116</gpxtpx:hr>
      <gpxtpx:cad>52</gpxtpx:cad>
     </gpxtpx:TrackPointExtension>
    </extensions>
   </trkpt>
   <trkpt lat="47.8435300" lon="13.7846900">
    <ele>507.6</ele>
    <time>2026-03-07T10:46:11Z</time>
    <extensions>
     <gpxtpx:TrackPointExtension>
      <gpxtpx:hr>116</gpxtpx:hr>
      <gpxtpx:cad>53</gpxtpx:cad>
     </gpxtpx:TrackPointExtension>
    </extensions>
   </trkpt>
   <trkpt lat="47.8435850" lon="13.7845920">
    <ele>508.6</ele>
    <time>2026-03-07T10:46:19Z</time>
    <extensions>
     <gpxtpx:TrackPointExtension>
      <gpxtpx:hr>116</gpxtpx:hr>
      <gpxtpx:cad>53</gpxtpx:cad>
     </gpxtpx:TrackPointExtension>
    </extensions>
   </trkpt>
   <trkpt lat="47.8435890" lon="13.7845810">
    <ele>508.8</ele>
    <time>2026-03-07T10:46:20Z</time>
    <extensions>
     <gpxtpx:TrackPointExtension>
      <gpxtpx:hr>116</gpxtpx:hr>
      <gpxtpx:cad>52</gpxtpx:cad>
     </gpxtpx:TrackPointExtension>
    </extensions>
   </trkpt>
   <trkpt lat="47.8436190" lon="13.7845090">
    <ele>509.8</ele>
    <time>2026-03-07T10:46:27Z</time>
    <extensions>
     <gpxtpx:TrackPointExtension>
      <gpxtpx:hr>117</gpxtpx:hr>
      <gpxtpx:cad>50</gpxtpx:cad>
     </gpxtpx:TrackPointExtension>
    </extensions>
   </trkpt>
   <trkpt lat="47.8436290" lon="13.7844880">
    <ele>510.0</ele>
    <time>2026-03-07T10:46:29Z</time>
    <extensions>
     <gpxtpx:TrackPointExtension>
      <gpxtpx:hr>116</gpxtpx:hr>
      <gpxtpx:cad>48</gpxtpx:cad>
     </gpxtpx:TrackPointExtension>
    </extensions>
   </trkpt>
   <trkpt lat="47.8436470" lon="13.7844450">
    <ele>510.8</ele>
    <time>2026-03-07T10:46:33Z</time>
    <extensions>
     <gpxtpx:TrackPointExtension>
      <gpxtpx:hr>117</gpxtpx:hr>
      <gpxtpx:cad>51</gpxtpx:cad>
     </gpxtpx:TrackPointExtension>
    </extensions>
   </trkpt>
   <trkpt lat="47.8436620" lon="13.7844100">
    <ele>511.4</ele>
    <time>2026-03-07T10:46:37Z</time>
    <extensions>
     <gpxtpx:TrackPointExtension>
      <gpxtpx:hr>117</gpxtpx:hr>
      <gpxtpx:cad>48</gpxtpx:cad>
     </gpxtpx:TrackPointExtension>
    </extensions>
   </trkpt>
   <trkpt lat="47.8436670" lon="13.7843910">
    <ele>511.8</ele>
    <time>2026-03-07T10:46:39Z</time>
    <extensions>
     <gpxtpx:TrackPointExtension>
      <gpxtpx:hr>117</gpxtpx:hr>
      <gpxtpx:cad>49</gpxtpx:cad>
     </gpxtpx:TrackPointExtension>
    </extensions>
   </trkpt>
   <trkpt lat="47.8436690" lon="13.7843460">
    <ele>513.0</ele>
    <time>2026-03-07T10:46:43Z</time>
    <extensions>
     <gpxtpx:TrackPointExtension>
      <gpxtpx:hr>118</gpxtpx:hr>
      <gpxtpx:cad>46</gpxtpx:cad>
     </gpxtpx:TrackPointExtension>
    </extensions>
   </trkpt>
   <trkpt lat="47.8436650" lon="13.7843180">
    <ele>513.4</ele>
    <time>2026-03-07T10:46:46Z</time>
    <extensions>
     <gpxtpx:TrackPointExtension>
      <gpxtpx:hr>118</gpxtpx:hr>
      <gpxtpx:cad>45</gpxtpx:cad>
     </gpxtpx:TrackPointExtension>
    </extensions>
   </trkpt>
   <trkpt lat="47.8436620" lon="13.7843020">
    <ele>514.0</ele>
    <time>2026-03-07T10:46:48Z</time>
    <extensions>
     <gpxtpx:TrackPointExtension>
      <gpxtpx:hr>121</gpxtpx:hr>
      <gpxtpx:cad>43</gpxtpx:cad>
     </gpxtpx:TrackPointExtension>
    </extensions>
   </trkpt>
   <trkpt lat="47.8436590" lon="13.7842830">
    <ele>514.4</ele>
    <time>2026-03-07T10:46:50Z</time>
    <extensions>
     <gpxtpx:TrackPointExtension>
      <gpxtpx:hr>123</gpxtpx:hr>
      <gpxtpx:cad>43</gpxtpx:cad>
     </gpxtpx:TrackPointExtension>
    </extensions>
   </trkpt>
   <trkpt lat="47.8436560" lon="13.7842200">
    <ele>515.8</ele>
    <time>2026-03-07T10:46:56Z</time>
    <extensions>
     <gpxtpx:TrackPointExtension>
      <gpxtpx:hr>124</gpxtpx:hr>
      <gpxtpx:cad>45</gpxtpx:cad>
     </gpxtpx:TrackPointExtension>
    </extensions>
   </trkpt>
   <trkpt lat="47.8436490" lon="13.7841750">
    <ele>516.6</ele>
    <time>2026-03-07T10:47:00Z</time>
    <extensions>
     <gpxtpx:TrackPointExtension>
      <gpxtpx:hr>127</gpxtpx:hr>
      <gpxtpx:cad>42</gpxtpx:cad>
     </gpxtpx:TrackPointExtension>
    </extensions>
   </trkpt>
   <trkpt lat="47.8436380" lon="13.7841610">
    <ele>516.8</ele>
    <time>2026-03-07T10:47:02Z</time>
    <extensions>
     <gpxtpx:TrackPointExtension>
      <gpxtpx:hr>128</gpxtpx:hr>
      <gpxtpx:cad>42</gpxtpx:cad>
     </gpxtpx:TrackPointExtension>
    </extensions>
   </trkpt>
   <trkpt lat="47.8436310" lon="13.7841580">
    <ele>517.0</ele>
    <time>2026-03-07T10:47:03Z</time>
    <extensions>
     <gpxtpx:TrackPointExtension>
      <gpxtpx:hr>129</gpxtpx:hr>
      <gpxtpx:cad>0</gpxtpx:cad>
     </gpxtpx:TrackPointExtension>
    </extensions>
   </trkpt>
   <trkpt lat="47.8436050" lon="13.7841710">
    <ele>518.0</ele>
    <time>2026-03-07T10:47:07Z</time>
    <extensions>
     <gpxtpx:TrackPointExtension>
      <gpxtpx:hr>129</gpxtpx:hr>
      <gpxtpx:cad>50</gpxtpx:cad>
     </gpxtpx:TrackPointExtension>
    </extensions>
   </trkpt>
   <trkpt lat="47.8436010" lon="13.7841740">
    <ele>518.2</ele>
    <time>2026-03-07T10:47:08Z</time>
    <extensions>
     <gpxtpx:TrackPointExtension>
      <gpxtpx:hr>129</gpxtpx:hr>
      <gpxtpx:cad>75</gpxtpx:cad>
     </gpxtpx:TrackPointExtension>
    </extensions>
   </trkpt>
   <trkpt lat="47.8435970" lon="13.7841680">
    <ele>519.2</ele>
    <time>2026-03-07T10:47:13Z</time>
    <extensions>
     <gpxtpx:TrackPointExtension>
      <gpxtpx:hr>129</gpxtpx:hr>
      <gpxtpx:cad>42</gpxtpx:cad>
     </gpxtpx:TrackPointExtension>
    </extensions>
   </trkpt>
   <trkpt lat="47.8435990" lon="13.7841630">
    <ele>519.2</ele>
    <time>2026-03-07T10:47:14Z</time>
    <extensions>
     <gpxtpx:TrackPointExtension>
      <gpxtpx:hr>130</gpxtpx:hr>
      <gpxtpx:cad>41</gpxtpx:cad>
     </gpxtpx:TrackPointExtension>
    </extensions>
   </trkpt>
   <trkpt lat="47.8436150" lon="13.7841190">
    <ele>520.2</ele>
    <time>2026-03-07T10:47:19Z</time>
    <extensions>
     <gpxtpx:TrackPointExtension>
      <gpxtpx:hr>132</gpxtpx:hr>
      <gpxtpx:cad>46</gpxtpx:cad>
     </gpxtpx:TrackPointExtension>
    </extensions>
   </trkpt>
   <trkpt lat="47.8436290" lon="13.7840770">
    <ele>521.0</ele>
    <time>2026-03-07T10:47:23Z</time>
    <extensions>
     <gpxtpx:TrackPointExtension>
      <gpxtpx:hr>134</gpxtpx:hr>
      <gpxtpx:cad>48</gpxtpx:cad>
     </gpxtpx:TrackPointExtension>
    </extensions>
   </trkpt>
   <trkpt lat="47.8436340" lon="13.7840580">
    <ele>521.6</ele>
    <time>2026-03-07T10:47:25Z</time>
    <extensions>
     <gpxtpx:TrackPointExtension>
      <gpxtpx:hr>134</gpxtpx:hr>
      <gpxtpx:cad>48</gpxtpx:cad>
     </gpxtpx:TrackPointExtension>
    </extensions>
   </trkpt>
   <trkpt lat="47.8436430" lon="13.7840060">
    <ele>522.6</ele>
    <time>2026-03-07T10:47:30Z</time>
    <extensions>
     <gpxtpx:TrackPointExtension>
      <gpxtpx:hr>134</gpxtpx:hr>
      <gpxtpx:cad>47</gpxtpx:cad>
     </gpxtpx:TrackPointExtension>
    </extensions>
   </trkpt>
   <trkpt lat="47.8436480" lon="13.7839880">
    <ele>523.2</ele>
    <time>2026-03-07T10:47:33Z</time>
    <extensions>
     <gpxtpx:TrackPointExtension>
      <gpxtpx:hr>135</gpxtpx:hr>
      <gpxtpx:cad>47</gpxtpx:cad>
     </gpxtpx:TrackPointExtension>
    </extensions>
   </trkpt>
   <trkpt lat="47.8436530" lon="13.7839770">
    <ele>523.8</ele>
    <time>2026-03-07T10:47:35Z</time>
    <extensions>
     <gpxtpx:TrackPointExtension>
      <gpxtpx:hr>135</gpxtpx:hr>
      <gpxtpx:cad>49</gpxtpx:cad>
     </gpxtpx:TrackPointExtension>
    </extensions>
   </trkpt>
   <trkpt lat="47.8436600" lon="13.7839410">
    <ele>524.8</ele>
    <time>2026-03-07T10:47:39Z</time>
    <extensions>
     <gpxtpx:TrackPointExtension>
      <gpxtpx:hr>135</gpxtpx:hr>
      <gpxtpx:cad>46</gpxtpx:cad>
     </gpxtpx:TrackPointExtension>
    </extensions>
   </trkpt>
   <trkpt lat="47.8436620" lon="13.7839250">
    <ele>525.2</ele>
    <time>2026-03-07T10:47:41Z</time>
    <extensions>
     <gpxtpx:TrackPointExtension>
      <gpxtpx:hr>136</gpxtpx:hr>
      <gpxtpx:cad>46</gpxtpx:cad>
     </gpxtpx:TrackPointExtension>
    </extensions>
   </trkpt>
   <trkpt lat="47.8436670" lon="13.7838990">
    <ele>525.8</ele>
    <time>2026-03-07T10:47:44Z</time>
    <extensions>
     <gpxtpx:TrackPointExtension>
      <gpxtpx:hr>136</gpxtpx:hr>
      <gpxtpx:cad>79</gpxtpx:cad>
     </gpxtpx:TrackPointExtension>
    </extensions>
   </trkpt>
   <trkpt lat="47.8436770" lon="13.7838690">
    <ele>526.8</ele>
    <time>2026-03-07T10:47:50Z</time>
    <extensions>
     <gpxtpx:TrackPointExtension>
      <gpxtpx:hr>139</gpxtpx:hr>
      <gpxtpx:cad>48</gpxtpx:cad>
     </gpxtpx:TrackPointExtension>
    </extensions>
   </trkpt>
   <trkpt lat="47.8436790" lon="13.7838620">
    <ele>527.0</ele>
    <time>2026-03-07T10:47:51Z</time>
    <extensions>
     <gpxtpx:TrackPointExtension>
      <gpxtpx:hr>139</gpxtpx:hr>
      <gpxtpx:cad>48</gpxtpx:cad>
     </gpxtpx:TrackPointExtension>
    </extensions>
   </trkpt>
   <trkpt lat="47.8436830" lon="13.7838490">
    <ele>527.6</ele>
    <time>2026-03-07T10:47:53Z</time>
    <extensions>
     <gpxtpx:TrackPointExtension>
      <gpxtpx:hr>138</gpxtpx:hr>
      <gpxtpx:cad>42</gpxtpx:cad>
     </gpxtpx:TrackPointExtension>
    </extensions>
   </trkpt>
   <trkpt lat="47.8436860" lon="13.7838320">
    <ele>528.2</ele>
    <time>2026-03-07T10:47:55Z</time>
    <extensions>
     <gpxtpx:TrackPointExtension>
      <gpxtpx:hr>138</gpxtpx:hr>
      <gpxtpx:cad>42</gpxtpx:cad>
     </gpxtpx:TrackPointExtension>
    </extensions>
   </trkpt>
   <trkpt lat="47.8436940" lon="13.7837860">
    <ele>529.2</ele>
    <time>2026-03-07T10:48:00Z</time>
    <extensions>
     <gpxtpx:TrackPointExtension>
      <gpxtpx:hr>139</gpxtpx:hr>
      <gpxtpx:cad>40</gpxtpx:cad>
     </gpxtpx:TrackPointExtension>
    </extensions>
   </trkpt>
   <trkpt lat="47.8436960" lon="13.7837780">
    <ele>529.4</ele>
    <time>2026-03-07T10:48:01Z</time>
    <extensions>
     <gpxtpx:TrackPointExtension>
      <gpxtpx:hr>139</gpxtpx:hr>
      <gpxtpx:cad>40</gpxtpx:cad>
     </gpxtpx:TrackPointExtension>
    </extensions>
   </trkpt>
   <trkpt lat="47.8437010" lon="13.7837510">
    <ele>530.2</ele>
    <time>2026-03-07T10:48:04Z</time>
    <extensions>
     <gpxtpx:TrackPointExtension>
      <gpxtpx:hr>138</gpxtpx:hr>
      <gpxtpx:cad>79</gpxtpx:cad>
     </gpxtpx:TrackPointExtension>
    </extensions>
   </trkpt>
   <trkpt lat="47.8437090" lon="13.7837170">
    <ele>531.2</ele>
    <time>2026-03-07T10:48:08Z</time>
    <extensions>
     <gpxtpx:TrackPointExtension>
      <gpxtpx:hr>139</gpxtpx:hr>
      <gpxtpx:cad>40</gpxtpx:cad>
     </gpxtpx:TrackPointExtension>
    </extensions>
   </trkpt>
   <trkpt lat="47.8437110" lon="13.7837090">
    <ele>531.4</ele>
    <time>2026-03-07T10:48:09Z</time>
    <extensions>
     <gpxtpx:TrackPointExtension>
      <gpxtpx:hr>139</gpxtpx:hr>
      <gpxtpx:cad>40</gpxtpx:cad>
     </gpxtpx:TrackPointExtension>
    </extensions>
   </trkpt>
   <trkpt lat="47.8437340" lon="13.7836590">
    <ele>532.2</ele>
    <time>2026-03-07T10:48:14Z</time>
    <extensions>
     <gpxtpx:TrackPointExtension>
      <gpxtpx:hr>142</gpxtpx:hr>
      <gpxtpx:cad>40</gpxtpx:cad>
     </gpxtpx:TrackPointExtension>
    </extensions>
   </trkpt>
   <trkpt lat="47.8437370" lon="13.7836490">
    <ele>532.4</ele>
    <time>2026-03-07T10:48:15Z</time>
    <extensions>
     <gpxtpx:TrackPointExtension>
      <gpxtpx:hr>142</gpxtpx:hr>
      <gpxtpx:cad>43</gpxtpx:cad>
     </gpxtpx:TrackPointExtension>
    </extensions>
   </trkpt>
   <trkpt lat="47.8437400" lon="13.7836400">
    <ele>532.4</ele>
    <time>2026-03-07T10:48:16Z</time>
    <extensions>
     <gpxtpx:TrackPointExtension>
      <gpxtpx:hr>142</gpxtpx:hr>
      <gpxtpx:cad>43</gpxtpx:cad>
     </gpxtpx:TrackPointExtension>
    </extensions>
   </trkpt>
   <trkpt lat="47.8437640" lon="13.7835740">
    <ele>533.6</ele>
    <time>2026-03-07T10:48:23Z</time>
    <extensions>
     <gpxtpx:TrackPointExtension>
      <gpxtpx:hr>140</gpxtpx:hr>
      <gpxtpx:cad>44</gpxtpx:cad>
     </gpxtpx:TrackPointExtension>
    </extensions>
   </trkpt>
   <trkpt lat="47.8437680" lon="13.7835650">
    <ele>533.8</ele>
    <time>2026-03-07T10:48:24Z</time>
    <extensions>
     <gpxtpx:TrackPointExtension>
      <gpxtpx:hr>139</gpxtpx:hr>
      <gpxtpx:cad>44</gpxtpx:cad>
     </gpxtpx:TrackPointExtension>
    </extensions>
   </trkpt>
   <trkpt lat="47.8437910" lon="13.7835220">
    <ele>534.6</ele>
    <time>2026-03-07T10:48:29Z</time>
    <extensions>
     <gpxtpx:TrackPointExtension>
      <gpxtpx:hr>140</gpxtpx:hr>
      <gpxtpx:cad>47</gpxtpx:cad>
     </gpxtpx:TrackPointExtension>
    </extensions>
   </trkpt>
   <trkpt lat="47.8437950" lon="13.7835020">
    <ele>534.8</ele>
    <time>2026-03-07T10:48:31Z</time>
    <extensions>
     <gpxtpx:TrackPointExtension>
      <gpxtpx:hr>140</gpxtpx:hr>
      <gpxtpx:cad>47</gpxtpx:cad>
     </gpxtpx:TrackPointExtension>
    </extensions>
   </trkpt>
   <trkpt lat="47.8438020" lon="13.7834030">
    <ele>535.4</ele>
    <time>2026-03-07T10:48:38Z</time>
    <extensions>
     <gpxtpx:TrackPointExtension>
      <gpxtpx:hr>139</gpxtpx:hr>
      <gpxtpx:cad>0</gpxtpx:cad>
     </gpxtpx:TrackPointExtension>
    </extensions>
   </trkpt>
   <trkpt lat="47.8438030" lon="13.7833880">
    <ele>535.6</ele>
    <time>2026-03-07T10:48:39Z</time>
    <extensions>
     <gpxtpx:TrackPointExtension>
      <gpxtpx:hr>139</gpxtpx:hr>
      <gpxtpx:cad>50</gpxtpx:cad>
     </gpxtpx:TrackPointExtension>
    </extensions>
   </trkpt>
   <trkpt lat="47.8438100" lon="13.7833020">
    <ele>536.6</ele>
    <time>2026-03-07T10:48:47Z</time>
    <extensions>
     <gpxtpx:TrackPointExtension>
      <gpxtpx:hr>139</gpxtpx:hr>
      <gpxtpx:cad>48</gpxtpx:cad>
     </gpxtpx:TrackPointExtension>
    </extensions>
   </trkpt>
   <trkpt lat="47.8438110" lon="13.7832960">
    <ele>536.8</ele>
    <time>2026-03-07T10:48:48Z</time>
    <extensions>
     <gpxtpx:TrackPointExtension>
      <gpxtpx:hr>139</gpxtpx:hr>
      <gpxtpx:cad>48</gpxtpx:cad>
     </gpxtpx:TrackPointExtension>
    </extensions>
   </trkpt>
   <trkpt lat="47.8438120" lon="13.7832770">
    <ele>537.0</ele>
    <time>2026-03-07T10:48:53Z</time>
    <extensions>
     <gpxtpx:TrackPointExtension>
      <gpxtpx:hr>138</gpxtpx:hr>
      <gpxtpx:cad>0</gpxtpx:cad>
     </gpxtpx:TrackPointExtension>
    </extensions>
   </trkpt>
   <trkpt lat="47.8438070" lon="13.7832170">
    <ele>537.4</ele>
    <time>2026-03-07T10:48:58Z</time>
    <extensions>
     <gpxtpx:TrackPointExtension>
      <gpxtpx:hr>133</gpxtpx:hr>
      <gpxtpx:cad>0</gpxtpx:cad>
     </gpxtpx:TrackPointExtension>
    </extensions>
   </trkpt>
   <trkpt lat="47.8438090" lon="13.7831790">
    <ele>537.8</ele>
    <time>2026-03-07T10:49:01Z</time>
    <extensions>
     <gpxtpx:TrackPointExtension>
      <gpxtpx:hr>131</gpxtpx:hr>
      <gpxtpx:cad>48</gpxtpx:cad>
     </gpxtpx:TrackPointExtension>
    </extensions>
   </trkpt>
   <trkpt lat="47.8438280" lon="13.7830410">
    <ele>538.8</ele>
    <time>2026-03-07T10:49:10Z</time>
    <extensions>
     <gpxtpx:TrackPointExtension>
      <gpxtpx:hr>130</gpxtpx:hr>
      <gpxtpx:cad>51</gpxtpx:cad>
     </gpxtpx:TrackPointExtension>
    </extensions>
   </trkpt>
   <trkpt lat="47.8438300" lon="13.7830260">
    <ele>538.8</ele>
    <time>2026-03-07T10:49:11Z</time>
    <extensions>
     <gpxtpx:TrackPointExtension>
      <gpxtpx:hr>130</gpxtpx:hr>
      <gpxtpx:cad>51</gpxtpx:cad>
     </gpxtpx:TrackPointExtension>
    </extensions>
   </trkpt>
   <trkpt lat="47.8438370" lon="13.7829660">
    <ele>538.6</ele>
    <time>2026-03-07T10:49:16Z</time>
    <extensions>
     <gpxtpx:TrackPointExtension>
      <gpxtpx:hr>129</gpxtpx:hr>
      <gpxtpx:cad>0</gpxtpx:cad>
     </gpxtpx:TrackPointExtension>
    </extensions>
   </trkpt>
   <trkpt lat="47.8438760" lon="13.7828470">
    <ele>538.8</ele>
    <time>2026-03-07T10:49:26Z</time>
    <extensions>
     <gpxtpx:TrackPointExtension>
      <gpxtpx:hr>126</gpxtpx:hr>
      <gpxtpx:cad>52</gpxtpx:cad>
     </gpxtpx:TrackPointExtension>
    </extensions>
   </trkpt>
   <trkpt lat="47.8439080" lon="13.7827960">
    <ele>538.8</ele>
    <time>2026-03-07T10:49:31Z</time>
    <extensions>
     <gpxtpx:TrackPointExtension>
      <gpxtpx:hr>123</gpxtpx:hr>
      <gpxtpx:cad>53</gpxtpx:cad>
     </gpxtpx:TrackPointExtension>
    </extensions>
   </trkpt>
   <trkpt lat="47.8439280" lon="13.7827600">
    <ele>538.6</ele>
    <time>2026-03-07T10:49:34Z</time>
    <extensions>
     <gpxtpx:TrackPointExtension>
      <gpxtpx:hr>120</gpxtpx:hr>
      <gpxtpx:cad>53</gpxtpx:cad>
     </gpxtpx:TrackPointExtension>
    </extensions>
   </trkpt>
   <trkpt lat="47.8439410" lon="13.7827360">
    <ele>538.6</ele>
    <time>2026-03-07T10:49:36Z</time>
    <extensions>
     <gpxtpx:TrackPointExtension>
      <gpxtpx:hr>118</gpxtpx:hr>
      <gpxtpx:cad>54</gpxtpx:cad>
     </gpxtpx:TrackPointExtension>
    </extensions>
   </trkpt>
   <trkpt lat="47.8439550" lon="13.7827140">
    <ele>538.8</ele>
    <time>2026-03-07T10:49:38Z</time>
    <extensions>
     <gpxtpx:TrackPointExtension>
      <gpxtpx:hr>115</gpxtpx:hr>
      <gpxtpx:cad>53</gpxtpx:cad>
     </gpxtpx:TrackPointExtension>
    </extensions>
   </trkpt>
   <trkpt lat="47.8439730" lon="13.7826740">
    <ele>538.2</ele>
    <time>2026-03-07T10:49:42Z</time>
    <extensions>
     <gpxtpx:TrackPointExtension>
      <gpxtpx:hr>112</gpxtpx:hr>
      <gpxtpx:cad>51</gpxtpx:cad>
     </gpxtpx:TrackPointExtension>
    </extensions>
   </trkpt>
   <trkpt lat="47.8439880" lon="13.7826350">
    <ele>538.0</ele>
    <time>2026-03-07T10:49:45Z</time>
    <extensions>
     <gpxtpx:TrackPointExtension>
      <gpxtpx:hr>111</gpxtpx:hr>
      <gpxtpx:cad>53</gpxtpx:cad>
     </gpxtpx:TrackPointExtension>
    </extensions>
   </trkpt>
   <trkpt lat="47.8440080" lon="13.7825910">
    <ele>537.8</ele>
    <time>2026-03-07T10:49:49Z</time>
    <extensions>
     <gpxtpx:TrackPointExtension>
      <gpxtpx:hr>110</gpxtpx:hr>
      <gpxtpx:cad>55</gpxtpx:cad>
     </gpxtpx:TrackPointExtension>
    </extensions>
   </trkpt>
   <trkpt lat="47.8440460" lon="13.7825030">
    <ele>537.0</ele>
    <time>2026-03-07T10:49:56Z</time>
    <extensions>
     <gpxtpx:TrackPointExtension>
      <gpxtpx:hr>109</gpxtpx:hr>
      <gpxtpx:cad>56</gpxtpx:cad>
     </gpxtpx:TrackPointExtension>
    </extensions>
   </trkpt>
   <trkpt lat="47.8441200" lon="13.7823530">
    <ele>537.0</ele>
    <time>2026-03-07T10:50:07Z</time>
    <extensions>
     <gpxtpx:TrackPointExtension>
      <gpxtpx:hr>107</gpxtpx:hr>
      <gpxtpx:cad>56</gpxtpx:cad>
     </gpxtpx:TrackPointExtension>
    </extensions>
   </trkpt>
   <trkpt lat="47.8441800" lon="13.7822180">
    <ele>537.2</ele>
    <time>2026-03-07T10:50:16Z</time>
    <extensions>
     <gpxtpx:TrackPointExtension>
      <gpxtpx:hr>105</gpxtpx:hr>
      <gpxtpx:cad>57</gpxtpx:cad>
     </gpxtpx:TrackPointExtension>
    </extensions>
   </trkpt>
   <trkpt lat="47.8442340" lon="13.7820860">
    <ele>537.6</ele>
    <time>2026-03-07T10:50:26Z</time>
    <extensions>
     <gpxtpx:TrackPointExtension>
      <gpxtpx:hr>104</gpxtpx:hr>
      <gpxtpx:cad>56</gpxtpx:cad>
     </gpxtpx:TrackPointExtension>
    </extensions>
   </trkpt>
   <trkpt lat="47.8442630" lon="13.7819890">
    <ele>538.8</ele>
    <time>2026-03-07T10:50:33Z</time>
    <extensions>
     <gpxtpx:TrackPointExtension>
      <gpxtpx:hr>103</gpxtpx:hr>
      <gpxtpx:cad>55</gpxtpx:cad>
     </gpxtpx:TrackPointExtension>
    </extensions>
   </trkpt>
   <trkpt lat="47.8442790" lon="13.7819460">
    <ele>538.0</ele>
    <time>2026-03-07T10:50:36Z</time>
    <extensions>
     <gpxtpx:TrackPointExtension>
      <gpxtpx:hr>104</gpxtpx:hr>
      <gpxtpx:cad>55</gpxtpx:cad>
     </gpxtpx:TrackPointExtension>
    </extensions>
   </trkpt>
   <trkpt lat="47.8442890" lon="13.7819200">
    <ele>538.0</ele>
    <time>2026-03-07T10:50:38Z</time>
    <extensions>
     <gpxtpx:TrackPointExtension>
      <gpxtpx:hr>107</gpxtpx:hr>
      <gpxtpx:cad>53</gpxtpx:cad>
     </gpxtpx:TrackPointExtension>
    </extensions>
   </trkpt>
   <trkpt lat="47.8443040" lon="13.7818850">
    <ele>538.4</ele>
    <time>2026-03-07T10:50:41Z</time>
    <extensions>
     <gpxtpx:TrackPointExtension>
      <gpxtpx:hr>110</gpxtpx:hr>
      <gpxtpx:cad>53</gpxtpx:cad>
     </gpxtpx:TrackPointExtension>
    </extensions>
   </trkpt>
   <trkpt lat="47.8443310" lon="13.7818270">
    <ele>538.6</ele>
    <time>2026-03-07T10:50:46Z</time>
    <extensions>
     <gpxtpx:TrackPointExtension>
      <gpxtpx:hr>109</gpxtpx:hr>
      <gpxtpx:cad>53</gpxtpx:cad>
     </gpxtpx:TrackPointExtension>
    </extensions>
   </trkpt>
   <trkpt lat="47.8443850" lon="13.7816640">
    <ele>538.6</ele>
    <time>2026-03-07T10:50:57Z</time>
    <extensions>
     <gpxtpx:TrackPointExtension>
      <gpxtpx:hr>110</gpxtpx:hr>
      <gpxtpx:cad>55</gpxtpx:cad>
     </gpxtpx:TrackPointExtension>
    </extensions>
   </trkpt>
   <trkpt lat="47.8444100" lon="13.7815290">
    <ele>539.2</ele>
    <time>2026-03-07T10:51:06Z</time>
    <extensions>
     <gpxtpx:TrackPointExtension>
      <gpxtpx:hr>108</gpxtpx:hr>
      <gpxtpx:cad>54</gpxtpx:cad>
     </gpxtpx:TrackPointExtension>
    </extensions>
   </trkpt>
   <trkpt lat="47.8444160" lon="13.7815000">
    <ele>539.4</ele>
    <time>2026-03-07T10:51:08Z</time>
    <extensions>
     <gpxtpx:TrackPointExtension>
      <gpxtpx:hr>105</gpxtpx:hr>
      <gpxtpx:cad>53</gpxtpx:cad>
     </gpxtpx:TrackPointExtension>
    </extensions>
   </trkpt>
   <trkpt lat="47.8444280" lon="13.7814450">
    <ele>539.8</ele>
    <time>2026-03-07T10:51:12Z</time>
    <extensions>
     <gpxtpx:TrackPointExtension>
      <gpxtpx:hr>104</gpxtpx:hr>
      <gpxtpx:cad>53</gpxtpx:cad>
     </gpxtpx:TrackPointExtension>
    </extensions>
   </trkpt>
   <trkpt lat="47.8444410" lon="13.7813890">
    <ele>540.4</ele>
    <time>2026-03-07T10:51:16Z</time>
    <extensions>
     <gpxtpx:TrackPointExtension>
      <gpxtpx:hr>104</gpxtpx:hr>
      <gpxtpx:cad>51</gpxtpx:cad>
     </gpxtpx:TrackPointExtension>
    </extensions>
   </trkpt>
   <trkpt lat="47.8444450" lon="13.7813030">
    <ele>540.8</ele>
    <time>2026-03-07T10:51:22Z</time>
    <extensions>
     <gpxtpx:TrackPointExtension>
      <gpxtpx:hr>105</gpxtpx:hr>
      <gpxtpx:cad>51</gpxtpx:cad>
     </gpxtpx:TrackPointExtension>
    </extensions>
   </trkpt>
   <trkpt lat="47.8444480" lon="13.7812740">
    <ele>541.2</ele>
    <time>2026-03-07T10:51:24Z</time>
    <extensions>
     <gpxtpx:TrackPointExtension>
      <gpxtpx:hr>105</gpxtpx:hr>
      <gpxtpx:cad>52</gpxtpx:cad>
     </gpxtpx:TrackPointExtension>
    </extensions>
   </trkpt>
   <trkpt lat="47.8444550" lon="13.7811470">
    <ele>541.6</ele>
    <time>2026-03-07T10:51:32Z</time>
    <extensions>
     <gpxtpx:TrackPointExtension>
      <gpxtpx:hr>107</gpxtpx:hr>
      <gpxtpx:cad>53</gpxtpx:cad>
     </gpxtpx:TrackPointExtension>
    </extensions>
   </trkpt>
   <trkpt lat="47.8444650" lon="13.7810510">
    <ele>542.0</ele>
    <time>2026-03-07T10:51:38Z</time>
    <extensions>
     <gpxtpx:TrackPointExtension>
      <gpxtpx:hr>107</gpxtpx:hr>
      <gpxtpx:cad>52</gpxtpx:cad>
     </gpxtpx:TrackPointExtension>
    </extensions>
   </trkpt>
   <trkpt lat="47.8444680" lon="13.7809940">
    <ele>542.0</ele>
    <time>2026-03-07T10:51:41Z</time>
    <extensions>
     <gpxtpx:TrackPointExtension>
      <gpxtpx:hr>108</gpxtpx:hr>
      <gpxtpx:cad>54</gpxtpx:cad>
     </gpxtpx:TrackPointExtension>
    </extensions>
   </trkpt>
   <trkpt lat="47.8444730" lon="13.7809290">
    <ele>542.2</ele>
    <time>2026-03-07T10:51:46Z</time>
    <extensions>
     <gpxtpx:TrackPointExtension>
      <gpxtpx:hr>111</gpxtpx:hr>
      <gpxtpx:cad>56</gpxtpx:cad>
     </gpxtpx:TrackPointExtension>
    </extensions>
   </trkpt>
   <trkpt lat="47.8444730" lon="13.7808850">
    <ele>542.4</ele>
    <time>2026-03-07T10:51:49Z</time>
    <extensions>
     <gpxtpx:TrackPointExtension>
      <gpxtpx:hr>111</gpxtpx:hr>
      <gpxtpx:cad>54</gpxtpx:cad>
     </gpxtpx:TrackPointExtension>
    </extensions>
   </trkpt>
   <trkpt lat="47.8444650" lon="13.7807400">
    <ele>543.0</ele>
    <time>2026-03-07T10:51:57Z</time>
    <extensions>
     <gpxtpx:TrackPointExtension>
      <gpxtpx:hr>111</gpxtpx:hr>
      <gpxtpx:cad>51</gpxtpx:cad>
     </gpxtpx:TrackPointExtension>
    </extensions>
   </trkpt>
   <trkpt lat="47.8444640" lon="13.7807250">
    <ele>543.0</ele>
    <time>2026-03-07T10:51:58Z</time>
    <extensions>
     <gpxtpx:TrackPointExtension>
      <gpxtpx:hr>110</gpxtpx:hr>
      <gpxtpx:cad>51</gpxtpx:cad>
     </gpxtpx:TrackPointExtension>
    </extensions>
   </trkpt>
   <trkpt lat="47.8444700" lon="13.7806110">
    <ele>543.6</ele>
    <time>2026-03-07T10:52:06Z</time>
    <extensions>
     <gpxtpx:TrackPointExtension>
      <gpxtpx:hr>110</gpxtpx:hr>
      <gpxtpx:cad>53</gpxtpx:cad>
     </gpxtpx:TrackPointExtension>
    </extensions>
   </trkpt>
   <trkpt lat="47.8444770" lon="13.7805700">
    <ele>544.0</ele>
    <time>2026-03-07T10:52:09Z</time>
    <extensions>
     <gpxtpx:TrackPointExtension>
      <gpxtpx:hr>110</gpxtpx:hr>
      <gpxtpx:cad>51</gpxtpx:cad>
     </gpxtpx:TrackPointExtension>
    </extensions>
   </trkpt>
   <trkpt lat="47.8445000" lon="13.7804800">
    <ele>544.8</ele>
    <time>2026-03-07T10:52:15Z</time>
    <extensions>
     <gpxtpx:TrackPointExtension>
      <gpxtpx:hr>112</gpxtpx:hr>
      <gpxtpx:cad>53</gpxtpx:cad>
     </gpxtpx:TrackPointExtension>
    </extensions>
   </trkpt>
   <trkpt lat="47.8445140" lon="13.7804140">
    <ele>545.2</ele>
    <time>2026-03-07T10:52:20Z</time>
    <extensions>
     <gpxtpx:TrackPointExtension>
      <gpxtpx:hr>114</gpxtpx:hr>
      <gpxtpx:cad>53</gpxtpx:cad>
     </gpxtpx:TrackPointExtension>
    </extensions>
   </trkpt>
   <trkpt lat="47.8445170" lon="13.7804000">
    <ele>545.2</ele>
    <time>2026-03-07T10:52:21Z</time>
    <extensions>
     <gpxtpx:TrackPointExtension>
      <gpxtpx:hr>115</gpxtpx:hr>
      <gpxtpx:cad>52</gpxtpx:cad>
     </gpxtpx:TrackPointExtension>
    </extensions>
   </trkpt>
   <trkpt lat="47.8445280" lon="13.7803400">
    <ele>546.2</ele>
    <time>2026-03-07T10:52:26Z</time>
    <extensions>
     <gpxtpx:TrackPointExtension>
      <gpxtpx:hr>116</gpxtpx:hr>
      <gpxtpx:cad>50</gpxtpx:cad>
     </gpxtpx:TrackPointExtension>
    </extensions>
   </trkpt>
   <trkpt lat="47.8445280" lon="13.7803280">
    <ele>546.4</ele>
    <time>2026-03-07T10:52:27Z</time>
    <extensions>
     <gpxtpx:TrackPointExtension>
      <gpxtpx:hr>115</gpxtpx:hr>
      <gpxtpx:cad>50</gpxtpx:cad>
     </gpxtpx:TrackPointExtension>
    </extensions>
   </trkpt>
   <trkpt lat="47.8445320" lon="13.7802080">
    <ele>547.4</ele>
    <time>2026-03-07T10:52:35Z</time>
    <extensions>
     <gpxtpx:TrackPointExtension>
      <gpxtpx:hr>116</gpxtpx:hr>
      <gpxtpx:cad>51</gpxtpx:cad>
     </gpxtpx:TrackPointExtension>
    </extensions>
   </trkpt>
   <trkpt lat="47.8445320" lon="13.7801940">
    <ele>547.4</ele>
    <time>2026-03-07T10:52:36Z</time>
    <extensions>
     <gpxtpx:TrackPointExtension>
      <gpxtpx:hr>117</gpxtpx:hr>
      <gpxtpx:cad>53</gpxtpx:cad>
     </gpxtpx:TrackPointExtension>
    </extensions>
   </trkpt>
   <trkpt lat="47.8445310" lon="13.7801530">
    <ele>547.8</ele>
    <time>2026-03-07T10:52:39Z</time>
    <extensions>
     <gpxtpx:TrackPointExtension>
      <gpxtpx:hr>120</gpxtpx:hr>
      <gpxtpx:cad>55</gpxtpx:cad>
     </gpxtpx:TrackPointExtension>
    </extensions>
   </trkpt>
   <trkpt lat="47.8445300" lon="13.7801060">
    <ele>548.0</ele>
    <time>2026-03-07T10:52:42Z</time>
    <extensions>
     <gpxtpx:TrackPointExtension>
      <gpxtpx:hr>120</gpxtpx:hr>
      <gpxtpx:cad>49</gpxtpx:cad>
     </gpxtpx:TrackPointExtension>
    </extensions>
   </trkpt>
   <trkpt lat="47.8445250" lon="13.7800440">
    <ele>548.6</ele>
    <time>2026-03-07T10:52:47Z</time>
    <extensions>
     <gpxtpx:TrackPointExtension>
      <gpxtpx:hr>120</gpxtpx:hr>
      <gpxtpx:cad>53</gpxtpx:cad>
     </gpxtpx:TrackPointExtension>
    </extensions>
   </trkpt>
   <trkpt lat="47.8445200" lon="13.7799800">
    <ele>549.0</ele>
    <time>2026-03-07T10:52:51Z</time>
    <extensions>
     <gpxtpx:TrackPointExtension>
      <gpxtpx:hr>121</gpxtpx:hr>
      <gpxtpx:cad>49</gpxtpx:cad>
     </gpxtpx:TrackPointExtension>
    </extensions>
   </trkpt>
   <trkpt lat="47.8445150" lon="13.7799240">
    <ele>549.6</ele>
    <time>2026-03-07T10:52:55Z</time>
    <extensions>
     <gpxtpx:TrackPointExtension>
      <gpxtpx:hr>121</gpxtpx:hr>
      <gpxtpx:cad>50</gpxtpx:cad>
     </gpxtpx:TrackPointExtension>
    </extensions>
   </trkpt>
   <trkpt lat="47.8445170" lon="13.7798750">
    <ele>550.2</ele>
    <time>2026-03-07T10:52:59Z</time>
    <extensions>
     <gpxtpx:TrackPointExtension>
      <gpxtpx:hr>121</gpxtpx:hr>
      <gpxtpx:cad>51</gpxtpx:cad>
     </gpxtpx:TrackPointExtension>
    </extensions>
   </trkpt>
   <trkpt lat="47.8445170" lon="13.7798310">
    <ele>550.6</ele>
    <time>2026-03-07T10:53:02Z</time>
    <extensions>
     <gpxtpx:TrackPointExtension>
      <gpxtpx:hr>120</gpxtpx:hr>
      <gpxtpx:cad>52</gpxtpx:cad>
     </gpxtpx:TrackPointExtension>
    </extensions>
   </trkpt>
   <trkpt lat="47.8445150" lon="13.7797590">
    <ele>551.2</ele>
    <time>2026-03-07T10:53:08Z</time>
    <extensions>
     <gpxtpx:TrackPointExtension>
      <gpxtpx:hr>120</gpxtpx:hr>
      <gpxtpx:cad>51</gpxtpx:cad>
     </gpxtpx:TrackPointExtension>
    </extensions>
   </trkpt>
   <trkpt lat="47.8445130" lon="13.7797230">
    <ele>551.8</ele>
    <time>2026-03-07T10:53:11Z</time>
    <extensions>
     <gpxtpx:TrackPointExtension>
      <gpxtpx:hr>119</gpxtpx:hr>
      <gpxtpx:cad>47</gpxtpx:cad>
     </gpxtpx:TrackPointExtension>
    </extensions>
   </trkpt>
   <trkpt lat="47.8445040" lon="13.7796540">
    <ele>552.4</ele>
    <time>2026-03-07T10:53:16Z</time>
    <extensions>
     <gpxtpx:TrackPointExtension>
      <gpxtpx:hr>122</gpxtpx:hr>
      <gpxtpx:cad>52</gpxtpx:cad>
     </gpxtpx:TrackPointExtension>
    </extensions>
   </trkpt>
   <trkpt lat="47.8444970" lon="13.7795510">
    <ele>552.6</ele>
    <time>2026-03-07T10:53:23Z</time>
    <extensions>
     <gpxtpx:TrackPointExtension>
      <gpxtpx:hr>124</gpxtpx:hr>
      <gpxtpx:cad>52</gpxtpx:cad>
     </gpxtpx:TrackPointExtension>
    </extensions>
   </trkpt>
   <trkpt lat="47.8444940" lon="13.7795200">
    <ele>553.0</ele>
    <time>2026-03-07T10:53:25Z</time>
    <extensions>
     <gpxtpx:TrackPointExtension>
      <gpxtpx:hr>124</gpxtpx:hr>
      <gpxtpx:cad>52</gpxtpx:cad>
     </gpxtpx:TrackPointExtension>
    </extensions>
   </trkpt>
   <trkpt lat="47.8444820" lon="13.7794010">
    <ele>553.8</ele>
    <time>2026-03-07T10:53:33Z</time>
    <extensions>
     <gpxtpx:TrackPointExtension>
      <gpxtpx:hr>122</gpxtpx:hr>
      <gpxtpx:cad>48</gpxtpx:cad>
     </gpxtpx:TrackPointExtension>
    </extensions>
   </trkpt>
   <trkpt lat="47.8444820" lon="13.7793920">
    <ele>554.0</ele>
    <time>2026-03-07T10:53:34Z</time>
    <extensions>
     <gpxtpx:TrackPointExtension>
      <gpxtpx:hr>122</gpxtpx:hr>
      <gpxtpx:cad>48</gpxtpx:cad>
     </gpxtpx:TrackPointExtension>
    </extensions>
   </trkpt>
   <trkpt lat="47.8444700" lon="13.7793270">
    <ele>554.8</ele>
    <time>2026-03-07T10:53:40Z</time>
    <extensions>
     <gpxtpx:TrackPointExtension>
      <gpxtpx:hr>122</gpxtpx:hr>
      <gpxtpx:cad>46</gpxtpx:cad>
     </gpxtpx:TrackPointExtension>
    </extensions>
   </trkpt>
   <trkpt lat="47.8444670" lon="13.7793100">
    <ele>555.2</ele>
    <time>2026-03-07T10:53:42Z</time>
    <extensions>
     <gpxtpx:TrackPointExtension>
      <gpxtpx:hr>121</gpxtpx:hr>
      <gpxtpx:cad>50</gpxtpx:cad>
     </gpxtpx:TrackPointExtension>
    </extensions>
   </trkpt>
   <trkpt lat="47.8444600" lon="13.7792550">
    <ele>556.0</ele>
    <time>2026-03-07T10:53:47Z</time>
    <extensions>
     <gpxtpx:TrackPointExtension>
      <gpxtpx:hr>121</gpxtpx:hr>
      <gpxtpx:cad>48</gpxtpx:cad>
     </gpxtpx:TrackPointExtension>
    </extensions>
   </trkpt>
   <trkpt lat="47.8444600" lon="13.7792430">
    <ele>556.2</ele>
    <time>2026-03-07T10:53:48Z</time>
    <extensions>
     <gpxtpx:TrackPointExtension>
      <gpxtpx:hr>121</gpxtpx:hr>
      <gpxtpx:cad>48</gpxtpx:cad>
     </gpxtpx:TrackPointExtension>
    </extensions>
   </trkpt>
   <trkpt lat="47.8444580" lon="13.7791920">
    <ele>557.4</ele>
    <time>2026-03-07T10:53:53Z</time>
    <extensions>
     <gpxtpx:TrackPointExtension>
      <gpxtpx:hr>120</gpxtpx:hr>
      <gpxtpx:cad>44</gpxtpx:cad>
     </gpxtpx:TrackPointExtension>
    </extensions>
   </trkpt>
   <trkpt lat="47.8444590" lon="13.7791830">
    <ele>557.6</ele>
    <time>2026-03-07T10:53:54Z</time>
    <extensions>
     <gpxtpx:TrackPointExtension>
      <gpxtpx:hr>120</gpxtpx:hr>
      <gpxtpx:cad>44</gpxtpx:cad>
     </gpxtpx:TrackPointExtension>
    </extensions>
   </trkpt>
   <trkpt lat="47.8444660" lon="13.7791370">
    <ele>557.8</ele>
    <time>2026-03-07T10:53:59Z</time>
    <extensions>
     <gpxtpx:TrackPointExtension>
      <gpxtpx:hr>123</gpxtpx:hr>
      <gpxtpx:cad>51</gpxtpx:cad>
     </gpxtpx:TrackPointExtension>
    </extensions>
   </trkpt>
   <trkpt lat="47.8444720" lon="13.7791130">
    <ele>558.4</ele>
    <time>2026-03-07T10:54:02Z</time>
    <extensions>
     <gpxtpx:TrackPointExtension>
      <gpxtpx:hr>124</gpxtpx:hr>
      <gpxtpx:cad>51</gpxtpx:cad>
     </gpxtpx:TrackPointExtension>
    </extensions>
   </trkpt>
   <trkpt lat="47.8444760" lon="13.7790960">
    <ele>558.8</ele>
    <time>2026-03-07T10:54:04Z</time>
    <extensions>
     <gpxtpx:TrackPointExtension>
      <gpxtpx:hr>124</gpxtpx:hr>
      <gpxtpx:cad>51</gpxtpx:cad>
     </gpxtpx:TrackPointExtension>
    </extensions>
   </trkpt>
   <trkpt lat="47.8444840" lon="13.7790590">
    <ele>559.6</ele>
    <time>2026-03-07T10:54:08Z</time>
    <extensions>
     <gpxtpx:TrackPointExtension>
      <gpxtpx:hr>125</gpxtpx:hr>
      <gpxtpx:cad>47</gpxtpx:cad>
     </gpxtpx:TrackPointExtension>
    </extensions>
   </trkpt>
   <trkpt lat="47.8444900" lon="13.7790420">
    <ele>560.0</ele>
    <time>2026-03-07T10:54:10Z</time>
    <extensions>
     <gpxtpx:TrackPointExtension>
      <gpxtpx:hr>126</gpxtpx:hr>
      <gpxtpx:cad>47</gpxtpx:cad>
     </gpxtpx:TrackPointExtension>
    </extensions>
   </trkpt>
   <trkpt lat="47.8444980" lon="13.7790070">
    <ele>560.6</ele>
    <time>2026-03-07T10:54:14Z</time>
    <extensions>
     <gpxtpx:TrackPointExtension>
      <gpxtpx:hr>129</gpxtpx:hr>
      <gpxtpx:cad>44</gpxtpx:cad>
     </gpxtpx:TrackPointExtension>
    </extensions>
   </trkpt>
   <trkpt lat="47.8445060" lon="13.7789670">
    <ele>561.2</ele>
    <time>2026-03-07T10:54:17Z</time>
    <extensions>
     <gpxtpx:TrackPointExtension>
      <gpxtpx:hr>130</gpxtpx:hr>
      <gpxtpx:cad>44</gpxtpx:cad>
     </gpxtpx:TrackPointExtension>
    </extensions>
   </trkpt>
   <trkpt lat="47.8445220" lon="13.7788700">
    <ele>561.6</ele>
    <time>2026-03-07T10:54:24Z</time>
    <extensions>
     <gpxtpx:TrackPointExtension>
      <gpxtpx:hr>130</gpxtpx:hr>
      <gpxtpx:cad>50</gpxtpx:cad>
     </gpxtpx:TrackPointExtension>
    </extensions>
   </trkpt>
   <trkpt lat="47.8445260" lon="13.7788410">
    <ele>562.0</ele>
    <time>2026-03-07T10:54:26Z</time>
    <extensions>
     <gpxtpx:TrackPointExtension>
      <gpxtpx:hr>130</gpxtpx:hr>
      <gpxtpx:cad>51</gpxtpx:cad>
     </gpxtpx:TrackPointExtension>
    </extensions>
   </trkpt>
   <trkpt lat="47.8445350" lon="13.7787340">
    <ele>562.8</ele>
    <time>2026-03-07T10:54:34Z</time>
    <extensions>
     <gpxtpx:TrackPointExtension>
      <gpxtpx:hr>130</gpxtpx:hr>
      <gpxtpx:cad>51</gpxtpx:cad>
     </gpxtpx:TrackPointExtension>
    </extensions>
   </trkpt>
   <trkpt lat="47.8445520" lon="13.7786640">
    <ele>564.0</ele>
    <time>2026-03-07T10:54:41Z</time>
    <extensions>
     <gpxtpx:TrackPointExtension>
      <gpxtpx:hr>129</gpxtpx:hr>
      <gpxtpx:cad>48</gpxtpx:cad>
     </gpxtpx:TrackPointExtension>
    </extensions>
   </trkpt>
   <trkpt lat="47.8445560" lon="13.7786520">
    <ele>564.0</ele>
    <time>2026-03-07T10:54:42Z</time>
    <extensions>
     <gpxtpx:TrackPointExtension>
      <gpxtpx:hr>128</gpxtpx:hr>
      <gpxtpx:cad>48</gpxtpx:cad>
     </gpxtpx:TrackPointExtension>
    </extensions>
   </trkpt>
   <trkpt lat="47.8445950" lon="13.7785650">
    <ele>564.4</ele>
    <time>2026-03-07T10:54:51Z</time>
    <extensions>
     <gpxtpx:TrackPointExtension>
      <gpxtpx:hr>127</gpxtpx:hr>
      <gpxtpx:cad>45</gpxtpx:cad>
     </gpxtpx:TrackPointExtension>
    </extensions>
   </trkpt>
   <trkpt lat="47.8446200" lon="13.7785070">
    <ele>565.0</ele>
    <time>2026-03-07T10:54:57Z</time>
    <extensions>
     <gpxtpx:TrackPointExtension>
      <gpxtpx:hr>125</gpxtpx:hr>
      <gpxtpx:cad>43</gpxtpx:cad>
     </gpxtpx:TrackPointExtension>
    </extensions>
   </trkpt>
   <trkpt lat="47.8446300" lon="13.7784870">
    <ele>565.2</ele>
    <time>2026-03-07T10:55:00Z</time>
    <extensions>
     <gpxtpx:TrackPointExtension>
      <gpxtpx:hr>124</gpxtpx:hr>
      <gpxtpx:cad>42</gpxtpx:cad>
     </gpxtpx:TrackPointExtension>
    </extensions>
   </trkpt>
   <trkpt lat="47.8446540" lon="13.7783920">
    <ele>565.4</ele>
    <time>2026-03-07T10:55:09Z</time>
    <extensions>
     <gpxtpx:TrackPointExtension>
      <gpxtpx:hr>123</gpxtpx:hr>
      <gpxtpx:cad>0</gpxtpx:cad>
     </gpxtpx:TrackPointExtension>
    </extensions>
   </trkpt>
   <trkpt lat="47.8446710" lon="13.7783260">
    <ele>565.0</ele>
    <time>2026-03-07T10:55:17Z</time>
    <extensions>
     <gpxtpx:TrackPointExtension>
      <gpxtpx:hr>121</gpxtpx:hr>
      <gpxtpx:cad>48</gpxtpx:cad>
     </gpxtpx:TrackPointExtension>
    </extensions>
   </trkpt>
   <trkpt lat="47.8446730" lon="13.7782340">
    <ele>566.0</ele>
    <time>2026-03-07T10:55:25Z</time>
    <extensions>
     <gpxtpx:TrackPointExtension>
      <gpxtpx:hr>120</gpxtpx:hr>
      <gpxtpx:cad>0</gpxtpx:cad>
     </gpxtpx:TrackPointExtension>
    </extensions>
   </trkpt>
   <trkpt lat="47.8446730" lon="13.7782190">
    <ele>566.2</ele>
    <time>2026-03-07T10:55:26Z</time>
    <extensions>
     <gpxtpx:TrackPointExtension>
      <gpxtpx:hr>119</gpxtpx:hr>
      <gpxtpx:cad>0</gpxtpx:cad>
     </gpxtpx:TrackPointExtension>
    </extensions>
   </trkpt>
   <trkpt lat="47.8446710" lon="13.7781480">
    <ele>567.0</ele>
    <time>2026-03-07T10:55:31Z</time>
    <extensions>
     <gpxtpx:TrackPointExtension>
      <gpxtpx:hr>119</gpxtpx:hr>
      <gpxtpx:cad>55</gpxtpx:cad>
     </gpxtpx:TrackPointExtension>
    </extensions>
   </trkpt>
   <trkpt lat="47.8446680" lon="13.7781160">
    <ele>567.0</ele>
    <time>2026-03-07T10:55:33Z</time>
    <extensions>
     <gpxtpx:TrackPointExtension>
      <gpxtpx:hr>119</gpxtpx:hr>
      <gpxtpx:cad>55</gpxtpx:cad>
     </gpxtpx:TrackPointExtension>
    </extensions>
   </trkpt>
   <trkpt lat="47.8446690" lon="13.7779790">
    <ele>567.4</ele>
    <time>2026-03-07T10:55:42Z</time>
    <extensions>
     <gpxtpx:TrackPointExtension>
      <gpxtpx:hr>121</gpxtpx:hr>
      <gpxtpx:cad>53</gpxtpx:cad>
     </gpxtpx:TrackPointExtension>
    </extensions>
   </trkpt>
   <trkpt lat="47.8446710" lon="13.7779120">
    <ele>568.0</ele>
    <time>2026-03-07T10:55:47Z</time>
    <extensions>
     <gpxtpx:TrackPointExtension>
      <gpxtpx:hr>121</gpxtpx:hr>
      <gpxtpx:cad>54</gpxtpx:cad>
     </gpxtpx:TrackPointExtension>
    </extensions>
   </trkpt>
   <trkpt lat="47.8446700" lon="13.7778420">
    <ele>568.4</ele>
    <time>2026-03-07T10:55:51Z</time>
    <extensions>
     <gpxtpx:TrackPointExtension>
      <gpxtpx:hr>121</gpxtpx:hr>
      <gpxtpx:cad>52</gpxtpx:cad>
     </gpxtpx:TrackPointExtension>
    </extensions>
   </trkpt>
   <trkpt lat="47.8446750" lon="13.7777860">
    <ele>569.2</ele>
    <time>2026-03-07T10:55:55Z</time>
    <extensions>
     <gpxtpx:TrackPointExtension>
      <gpxtpx:hr>122</gpxtpx:hr>
      <gpxtpx:cad>51</gpxtpx:cad>
     </gpxtpx:TrackPointExtension>
    </extensions>
   </trkpt>
   <trkpt lat="47.8446750" lon="13.7777520">
    <ele>569.6</ele>
    <time>2026-03-07T10:55:58Z</time>
    <extensions>
     <gpxtpx:TrackPointExtension>
      <gpxtpx:hr>122</gpxtpx:hr>
      <gpxtpx:cad>50</gpxtpx:cad>
     </gpxtpx:TrackPointExtension>
    </extensions>
   </trkpt>
   <trkpt lat="47.8446730" lon="13.7776990">
    <ele>570.2</ele>
    <time>2026-03-07T10:56:02Z</time>
    <extensions>
     <gpxtpx:TrackPointExtension>
      <gpxtpx:hr>122</gpxtpx:hr>
      <gpxtpx:cad>50</gpxtpx:cad>
     </gpxtpx:TrackPointExtension>
    </extensions>
   </trkpt>
   <trkpt lat="47.8446630" lon="13.7776460">
    <ele>571.0</ele>
    <time>2026-03-07T10:56:06Z</time>
    <extensions>
     <gpxtpx:TrackPointExtension>
      <gpxtpx:hr>122</gpxtpx:hr>
      <gpxtpx:cad>50</gpxtpx:cad>
     </gpxtpx:TrackPointExtension>
    </extensions>
   </trkpt>
   <trkpt lat="47.8446580" lon="13.7776210">
    <ele>571.4</ele>
    <time>2026-03-07T10:56:08Z</time>
    <extensions>
     <gpxtpx:TrackPointExtension>
      <gpxtpx:hr>122</gpxtpx:hr>
      <gpxtpx:cad>50</gpxtpx:cad>
     </gpxtpx:TrackPointExtension>
    </extensions>
   </trkpt>
   <trkpt lat="47.8446390" lon="13.7775420">
    <ele>572.4</ele>
    <time>2026-03-07T10:56:14Z</time>
    <extensions>
     <gpxtpx:TrackPointExtension>
      <gpxtpx:hr>124</gpxtpx:hr>
      <gpxtpx:cad>50</gpxtpx:cad>
     </gpxtpx:TrackPointExtension>
    </extensions>
   </trkpt>
   <trkpt lat="47.8446310" lon="13.7775170">
    <ele>572.6</ele>
    <time>2026-03-07T10:56:16Z</time>
    <extensions>
     <gpxtpx:TrackPointExtension>
      <gpxtpx:hr>125</gpxtpx:hr>
      <gpxtpx:cad>50</gpxtpx:cad>
     </gpxtpx:TrackPointExtension>
    </extensions>
   </trkpt>
   <trkpt lat="47.8446000" lon="13.7774220">
    <ele>573.6</ele>
    <time>2026-03-07T10:56:23Z</time>
    <extensions>
     <gpxtpx:TrackPointExtension>
      <gpxtpx:hr>127</gpxtpx:hr>
      <gpxtpx:cad>50</gpxtpx:cad>
     </gpxtpx:TrackPointExtension>
    </extensions>
   </trkpt>
   <trkpt lat="47.8445910" lon="13.7773960">
    <ele>573.8</ele>
    <time>2026-03-07T10:56:25Z</time>
    <extensions>
     <gpxtpx:TrackPointExtension>
      <gpxtpx:hr>127</gpxtpx:hr>
      <gpxtpx:cad>49</gpxtpx:cad>
     </gpxtpx:TrackPointExtension>
    </extensions>
   </trkpt>
   <trkpt lat="47.8445660" lon="13.7773160">
    <ele>574.6</ele>
    <time>2026-03-07T10:56:32Z</time>
    <extensions>
     <gpxtpx:TrackPointExtension>
      <gpxtpx:hr>128</gpxtpx:hr>
      <gpxtpx:cad>51</gpxtpx:cad>
     </gpxtpx:TrackPointExtension>
    </extensions>
   </trkpt>
   <trkpt lat="47.8445630" lon="13.7773030">
    <ele>574.8</ele>
    <time>2026-03-07T10:56:33Z</time>
    <extensions>
     <gpxtpx:TrackPointExtension>
      <gpxtpx:hr>128</gpxtpx:hr>
      <gpxtpx:cad>51</gpxtpx:cad>
     </gpxtpx:TrackPointExtension>
    </extensions>
   </trkpt>
   <trkpt lat="47.8445440" lon="13.7772190">
    <ele>575.6</ele>
    <time>2026-03-07T10:56:39Z</time>
    <extensions>
     <gpxtpx:TrackPointExtension>
      <gpxtpx:hr>125</gpxtpx:hr>
      <gpxtpx:cad>49</gpxtpx:cad>
     </gpxtpx:TrackPointExtension>
    </extensions>
   </trkpt>
   <trkpt lat="47.8445410" lon="13.7772040">
    <ele>575.6</ele>
    <time>2026-03-07T10:56:40Z</time>
    <extensions>
     <gpxtpx:TrackPointExtension>
      <gpxtpx:hr>125</gpxtpx:hr>
      <gpxtpx:cad>50</gpxtpx:cad>
     </gpxtpx:TrackPointExtension>
    </extensions>
   </trkpt>
   <trkpt lat="47.8445310" lon="13.7771510">
    <ele>576.2</ele>
    <time>2026-03-07T10:56:44Z</time>
    <extensions>
     <gpxtpx:TrackPointExtension>
      <gpxtpx:hr>123</gpxtpx:hr>
      <gpxtpx:cad>49</gpxtpx:cad>
     </gpxtpx:TrackPointExtension>
    </extensions>
   </trkpt>
   <trkpt lat="47.8445270" lon="13.7771150">
    <ele>576.8</ele>
    <time>2026-03-07T10:56:47Z</time>
    <extensions>
     <gpxtpx:TrackPointExtension>
      <gpxtpx:hr>122</gpxtpx:hr>
      <gpxtpx:cad>49</gpxtpx:cad>
     </gpxtpx:TrackPointExtension>
    </extensions>
   </trkpt>
   <trkpt lat="47.8445170" lon="13.7770350">
    <ele>577.4</ele>
    <time>2026-03-07T10:56:53Z</time>
    <extensions>
     <gpxtpx:TrackPointExtension>
      <gpxtpx:hr>120</gpxtpx:hr>
      <gpxtpx:cad>49</gpxtpx:cad>
     </gpxtpx:TrackPointExtension>
    </extensions>
   </trkpt>
   <trkpt lat="47.8445140" lon="13.7770020">
    <ele>577.8</ele>
    <time>2026-03-07T10:56:56Z</time>
    <extensions>
     <gpxtpx:TrackPointExtension>
      <gpxtpx:hr>119</gpxtpx:hr>
      <gpxtpx:cad>51</gpxtpx:cad>
     </gpxtpx:TrackPointExtension>
    </extensions>
   </trkpt>
   <trkpt lat="47.8445030" lon="13.7769460">
    <ele>578.8</ele>
    <time>2026-03-07T10:57:01Z</time>
    <extensions>
     <gpxtpx:TrackPointExtension>
      <gpxtpx:hr>121</gpxtpx:hr>
      <gpxtpx:cad>47</gpxtpx:cad>
     </gpxtpx:TrackPointExtension>
    </extensions>
   </trkpt>
   <trkpt lat="47.8445020" lon="13.7769370">
    <ele>579.0</ele>
    <time>2026-03-07T10:57:02Z</time>
    <extensions>
     <gpxtpx:TrackPointExtension>
      <gpxtpx:hr>121</gpxtpx:hr>
      <gpxtpx:cad>46</gpxtpx:cad>
     </gpxtpx:TrackPointExtension>
    </extensions>
   </trkpt>
   <trkpt lat="47.8444980" lon="13.7768830">
    <ele>580.2</ele>
    <time>2026-03-07T10:57:07Z</time>
    <extensions>
     <gpxtpx:TrackPointExtension>
      <gpxtpx:hr>123</gpxtpx:hr>
      <gpxtpx:cad>48</gpxtpx:cad>
     </gpxtpx:TrackPointExtension>
    </extensions>
   </trkpt>
   <trkpt lat="47.8445000" lon="13.7768540">
    <ele>580.6</ele>
    <time>2026-03-07T10:57:09Z</time>
    <extensions>
     <gpxtpx:TrackPointExtension>
      <gpxtpx:hr>124</gpxtpx:hr>
      <gpxtpx:cad>48</gpxtpx:cad>
     </gpxtpx:TrackPointExtension>
    </extensions>
   </trkpt>
   <trkpt lat="47.8445080" lon="13.7768140">
    <ele>581.0</ele>
    <time>2026-03-07T10:57:13Z</time>
    <extensions>
     <gpxtpx:TrackPointExtension>
      <gpxtpx:hr>127</gpxtpx:hr>
      <gpxtpx:cad>49</gpxtpx:cad>
     </gpxtpx:TrackPointExtension>
    </extensions>
   </trkpt>
   <trkpt lat="47.8445130" lon="13.7767930">
    <ele>581.4</ele>
    <time>2026-03-07T10:57:15Z</time>
    <extensions>
     <gpxtpx:TrackPointExtension>
      <gpxtpx:hr>127</gpxtpx:hr>
      <gpxtpx:cad>49</gpxtpx:cad>
     </gpxtpx:TrackPointExtension>
    </extensions>
   </trkpt>
   <trkpt lat="47.8445160" lon="13.7767820">
    <ele>581.4</ele>
    <time>2026-03-07T10:57:16Z</time>
    <extensions>
     <gpxtpx:TrackPointExtension>
      <gpxtpx:hr>128</gpxtpx:hr>
      <gpxtpx:cad>43</gpxtpx:cad>
     </gpxtpx:TrackPointExtension>
    </extensions>
   </trkpt>
   <trkpt lat="47.8445340" lon="13.7767060">
    <ele>582.4</ele>
    <time>2026-03-07T10:57:23Z</time>
    <extensions>
     <gpxtpx:TrackPointExtension>
      <gpxtpx:hr>129</gpxtpx:hr>
      <gpxtpx:cad>45</gpxtpx:cad>
     </gpxtpx:TrackPointExtension>
    </extensions>
   </trkpt>
   <trkpt lat="47.8445370" lon="13.7766950">
    <ele>582.6</ele>
    <time>2026-03-07T10:57:24Z</time>
    <extensions>
     <gpxtpx:TrackPointExtension>
      <gpxtpx:hr>128</gpxtpx:hr>
      <gpxtpx:cad>45</gpxtpx:cad>
     </gpxtpx:TrackPointExtension>
    </extensions>
   </trkpt>
   <trkpt lat="47.8445520" lon="13.7766470">
    <ele>583.4</ele>
    <time>2026-03-07T10:57:29Z</time>
    <extensions>
     <gpxtpx:TrackPointExtension>
      <gpxtpx:hr>129</gpxtpx:hr>
      <gpxtpx:cad>46</gpxtpx:cad>
     </gpxtpx:TrackPointExtension>
    </extensions>
   </trkpt>
   <trkpt lat="47.8445610" lon="13.7766220">
    <ele>584.0</ele>
    <time>2026-03-07T10:57:32Z</time>
    <extensions>
     <gpxtpx:TrackPointExtension>
      <gpxtpx:hr>128</gpxtpx:hr>
      <gpxtpx:cad>47</gpxtpx:cad>
     </gpxtpx:TrackPointExtension>
    </extensions>
   </trkpt>
   <trkpt lat="47.8445690" lon="13.7766010">
    <ele>584.6</ele>
    <time>2026-03-07T10:57:35Z</time>
    <extensions>
     <gpxtpx:TrackPointExtension>
      <gpxtpx:hr>129</gpxtpx:hr>
      <gpxtpx:cad>46</gpxtpx:cad>
     </gpxtpx:TrackPointExtension>
    </extensions>
   </trkpt>
   <trkpt lat="47.8446000" lon="13.7765380">
    <ele>585.4</ele>
    <time>2026-03-07T10:57:41Z</time>
    <extensions>
     <gpxtpx:TrackPointExtension>
      <gpxtpx:hr>128</gpxtpx:hr>
      <gpxtpx:cad>48</gpxtpx:cad>
     </gpxtpx:TrackPointExtension>
    </extensions>
   </trkpt>
   <trkpt lat="47.8446120" lon="13.7765160">
    <ele>585.6</ele>
    <time>2026-03-07T10:57:43Z</time>
    <extensions>
     <gpxtpx:TrackPointExtension>
      <gpxtpx:hr>127</gpxtpx:hr>
      <gpxtpx:cad>48</gpxtpx:cad>
     </gpxtpx:TrackPointExtension>
    </extensions>
   </trkpt>
   <trkpt lat="47.8446550" lon="13.7764280">
    <ele>586.4</ele>
    <time>2026-03-07T10:57:51Z</time>
    <extensions>
     <gpxtpx:TrackPointExtension>
      <gpxtpx:hr>126</gpxtpx:hr>
      <gpxtpx:cad>49</gpxtpx:cad>
     </gpxtpx:TrackPointExtension>
    </extensions>
   </trkpt>
   <trkpt lat="47.8446760" lon="13.7763750">
    <ele>586.8</ele>
    <time>2026-03-07T10:57:55Z</time>
    <extensions>
     <gpxtpx:TrackPointExtension>
      <gpxtpx:hr>125</gpxtpx:hr>
      <gpxtpx:cad>51</gpxtpx:cad>
     </gpxtpx:TrackPointExtension>
    </extensions>
   </trkpt>
   <trkpt lat="47.8447010" lon="13.7763150">
    <ele>587.6</ele>
    <time>2026-03-07T10:58:00Z</time>
    <extensions>
     <gpxtpx:TrackPointExtension>
      <gpxtpx:hr>126</gpxtpx:hr>
      <gpxtpx:cad>51</gpxtpx:cad>
     </gpxtpx:TrackPointExtension>
    </extensions>
   </trkpt>
   <trkpt lat="47.8447100" lon="13.7762910">
    <ele>587.8</ele>
    <time>2026-03-07T10:58:02Z</time>
    <extensions>
     <gpxtpx:TrackPointExtension>
      <gpxtpx:hr>125</gpxtpx:hr>
      <gpxtpx:cad>50</gpxtpx:cad>
     </gpxtpx:TrackPointExtension>
    </extensions>
   </trkpt>
   <trkpt lat="47.8447330" lon="13.7762050">
    <ele>588.6</ele>
    <time>2026-03-07T10:58:08Z</time>
    <extensions>
     <gpxtpx:TrackPointExtension>
      <gpxtpx:hr>123</gpxtpx:hr>
      <gpxtpx:cad>49</gpxtpx:cad>
     </gpxtpx:TrackPointExtension>
    </extensions>
   </trkpt>
   <trkpt lat="47.8447400" lon="13.7760740">
    <ele>588.4</ele>
    <time>2026-03-07T10:58:16Z</time>
    <extensions>
     <gpxtpx:TrackPointExtension>
      <gpxtpx:hr>125</gpxtpx:hr>
      <gpxtpx:cad>53</gpxtpx:cad>
     </gpxtpx:TrackPointExtension>
    </extensions>
   </trkpt>
   <trkpt lat="47.8447240" lon="13.7760280">
    <ele>588.6</ele>
    <time>2026-03-07T10:58:19Z</time>
    <extensions>
     <gpxtpx:TrackPointExtension>
      <gpxtpx:hr>124</gpxtpx:hr>
      <gpxtpx:cad>53</gpxtpx:cad>
     </gpxtpx:TrackPointExtension>
    </extensions>
   </trkpt>
   <trkpt lat="47.8447000" lon="13.7759990">
    <ele>588.8</ele>
    <time>2026-03-07T10:58:22Z</time>
    <extensions>
     <gpxtpx:TrackPointExtension>
      <gpxtpx:hr>124</gpxtpx:hr>
      <gpxtpx:cad>51</gpxtpx:cad>
     </gpxtpx:TrackPointExtension>
    </extensions>
   </trkpt>
   <trkpt lat="47.8446910" lon="13.7759940">
    <ele>589.0</ele>
    <time>2026-03-07T10:58:23Z</time>
    <extensions>
     <gpxtpx:TrackPointExtension>
      <gpxtpx:hr>124</gpxtpx:hr>
      <gpxtpx:cad>51</gpxtpx:cad>
     </gpxtpx:TrackPointExtension>
    </extensions>
   </trkpt>
   <trkpt lat="47.8446520" lon="13.7759830">
    <ele>590.2</ele>
    <time>2026-03-07T10:58:28Z</time>
    <extensions>
     <gpxtpx:TrackPointExtension>
      <gpxtpx:hr>122</gpxtpx:hr>
      <gpxtpx:cad>46</gpxtpx:cad>
     </gpxtpx:TrackPointExtension>
    </extensions>
   </trkpt>
   <trkpt lat="47.8446400" lon="13.7759810">
    <ele>590.4</ele>
    <time>2026-03-07T10:58:30Z</time>
    <extensions>
     <gpxtpx:TrackPointExtension>
      <gpxtpx:hr>122</gpxtpx:hr>
      <gpxtpx:cad>47</gpxtpx:cad>
     </gpxtpx:TrackPointExtension>
    </extensions>
   </trkpt>
   <trkpt lat="47.8445980" lon="13.7759830">
    <ele>591.2</ele>
    <time>2026-03-07T10:58:36Z</time>
    <extensions>
     <gpxtpx:TrackPointExtension>
      <gpxtpx:hr>122</gpxtpx:hr>
      <gpxtpx:cad>41</gpxtpx:cad>
     </gpxtpx:TrackPointExtension>
    </extensions>
   </trkpt>
   <trkpt lat="47.8445780" lon="13.7759800">
    <ele>591.6</ele>
    <time>2026-03-07T10:58:39Z</time>
    <extensions>
     <gpxtpx:TrackPointExtension>
      <gpxtpx:hr>124</gpxtpx:hr>
      <gpxtpx:cad>41</gpxtpx:cad>
     </gpxtpx:TrackPointExtension>
    </extensions>
   </trkpt>
   <trkpt lat="47.8445310" lon="13.7759730">
    <ele>592.2</ele>
    <time>2026-03-07T10:58:45Z</time>
    <extensions>
     <gpxtpx:TrackPointExtension>
      <gpxtpx:hr>122</gpxtpx:hr>
      <gpxtpx:cad>41</gpxtpx:cad>
     </gpxtpx:TrackPointExtension>
    </extensions>
   </trkpt>
   <trkpt lat="47.8445220" lon="13.7759690">
    <ele>592.4</ele>
    <time>2026-03-07T10:58:47Z</time>
    <extensions>
     <gpxtpx:TrackPointExtension>
      <gpxtpx:hr>119</gpxtpx:hr>
      <gpxtpx:cad>45</gpxtpx:cad>
     </gpxtpx:TrackPointExtension>
    </extensions>
   </trkpt>
   <trkpt lat="47.8444990" lon="13.7759430">
    <ele>593.0</ele>
    <time>2026-03-07T10:58:53Z</time>
    <extensions>
     <gpxtpx:TrackPointExtension>
      <gpxtpx:hr>118</gpxtpx:hr>
      <gpxtpx:cad>45</gpxtpx:cad>
     </gpxtpx:TrackPointExtension>
    </extensions>
   </trkpt>
   <trkpt lat="47.8444870" lon="13.7759250">
    <ele>593.4</ele>
    <time>2026-03-07T10:58:56Z</time>
    <extensions>
     <gpxtpx:TrackPointExtension>
      <gpxtpx:hr>118</gpxtpx:hr>
      <gpxtpx:cad>44</gpxtpx:cad>
     </gpxtpx:TrackPointExtension>
    </extensions>
   </trkpt>
   <trkpt lat="47.8444570" lon="13.7758900">
    <ele>594.2</ele>
    <time>2026-03-07T10:59:01Z</time>
    <extensions>
     <gpxtpx:TrackPointExtension>
      <gpxtpx:hr>118</gpxtpx:hr>
      <gpxtpx:cad>42</gpxtpx:cad>
     </gpxtpx:TrackPointExtension>
    </extensions>
   </trkpt>
   <trkpt lat="47.8444290" lon="13.7758510">
    <ele>594.4</ele>
    <time>2026-03-07T10:59:07Z</time>
    <extensions>
     <gpxtpx:TrackPointExtension>
      <gpxtpx:hr>119</gpxtpx:hr>
      <gpxtpx:cad>44</gpxtpx:cad>
     </gpxtpx:TrackPointExtension>
    </extensions>
   </trkpt>
   <trkpt lat="47.8444210" lon="13.7758410">
    <ele>594.8</ele>
    <time>2026-03-07T10:59:09Z</time>
    <extensions>
     <gpxtpx:TrackPointExtension>
      <gpxtpx:hr>120</gpxtpx:hr>
      <gpxtpx:cad>44</gpxtpx:cad>
     </gpxtpx:TrackPointExtension>
    </extensions>
   </trkpt>
   <trkpt lat="47.8443900" lon="13.7758010">
    <ele>595.6</ele>
    <time>2026-03-07T10:59:16Z</time>
    <extensions>
     <gpxtpx:TrackPointExtension>
      <gpxtpx:hr>118</gpxtpx:hr>
      <gpxtpx:cad>72</gpxtpx:cad>
     </gpxtpx:TrackPointExtension>
    </extensions>
   </trkpt>
   <trkpt lat="47.8443590" lon="13.7757760">
    <ele>596.6</ele>
    <time>2026-03-07T10:59:22Z</time>
    <extensions>
     <gpxtpx:TrackPointExtension>
      <gpxtpx:hr>115</gpxtpx:hr>
      <gpxtpx:cad>74</gpxtpx:cad>
     </gpxtpx:TrackPointExtension>
    </extensions>
   </trkpt>
   <trkpt lat="47.8443520" lon="13.7757710">
    <ele>596.8</ele>
    <time>2026-03-07T10:59:23Z</time>
    <extensions>
     <gpxtpx:TrackPointExtension>
      <gpxtpx:hr>115</gpxtpx:hr>
      <gpxtpx:cad>74</gpxtpx:cad>
     </gpxtpx:TrackPointExtension>
    </extensions>
   </trkpt>
   <trkpt lat="47.8443370" lon="13.7757540">
    <ele>597.2</ele>
    <time>2026-03-07T10:59:26Z</time>
    <extensions>
     <gpxtpx:TrackPointExtension>
      <gpxtpx:hr>115</gpxtpx:hr>
      <gpxtpx:cad>42</gpxtpx:cad>
     </gpxtpx:TrackPointExtension>
    </extensions>
   </trkpt>
   <trkpt lat="47.8443110" lon="13.7757310">
    <ele>597.8</ele>
    <time>2026-03-07T10:59:31Z</time>
    <extensions>
     <gpxtpx:TrackPointExtension>
      <gpxtpx:hr>115</gpxtpx:hr>
      <gpxtpx:cad>40</gpxtpx:cad>
     </gpxtpx:TrackPointExtension>
    </extensions>
   </trkpt>
   <trkpt lat="47.8442940" lon="13.7757120">
    <ele>598.4</ele>
    <time>2026-03-07T10:59:35Z</time>
    <extensions>
     <gpxtpx:TrackPointExtension>
      <gpxtpx:hr>116</gpxtpx:hr>
      <gpxtpx:cad>77</gpxtpx:cad>
     </gpxtpx:TrackPointExtension>
    </extensions>
   </trkpt>
   <trkpt lat="47.8442720" lon="13.7756860">
    <ele>599.0</ele>
    <time>2026-03-07T10:59:40Z</time>
    <extensions>
     <gpxtpx:TrackPointExtension>
      <gpxtpx:hr>117</gpxtpx:hr>
      <gpxtpx:cad>78</gpxtpx:cad>
     </gpxtpx:TrackPointExtension>
    </extensions>
   </trkpt>
   <trkpt lat="47.8442490" lon="13.7756640">
    <ele>599.6</ele>
    <time>2026-03-07T10:59:44Z</time>
    <extensions>
     <gpxtpx:TrackPointExtension>
      <gpxtpx:hr>118</gpxtpx:hr>
      <gpxtpx:cad>77</gpxtpx:cad>
     </gpxtpx:TrackPointExtension>
    </extensions>
   </trkpt>
   <trkpt lat="47.8442370" lon="13.7756520">
    <ele>600.0</ele>
    <time>2026-03-07T10:59:46Z</time>
    <extensions>
     <gpxtpx:TrackPointExtension>
      <gpxtpx:hr>118</gpxtpx:hr>
      <gpxtpx:cad>77</gpxtpx:cad>
     </gpxtpx:TrackPointExtension>
    </extensions>
   </trkpt>
   <trkpt lat="47.8441970" lon="13.7756300">
    <ele>600.8</ele>
    <time>2026-03-07T10:59:53Z</time>
    <extensions>
     <gpxtpx:TrackPointExtension>
      <gpxtpx:hr>115</gpxtpx:hr>
      <gpxtpx:cad>0</gpxtpx:cad>
     </gpxtpx:TrackPointExtension>
    </extensions>
   </trkpt>
   <trkpt lat="47.8441940" lon="13.7756280">
    <ele>601.0</ele>
    <time>2026-03-07T10:59:54Z</time>
    <extensions>
     <gpxtpx:TrackPointExtension>
      <gpxtpx:hr>115</gpxtpx:hr>
      <gpxtpx:cad>0</gpxtpx:cad>
     </gpxtpx:TrackPointExtension>
    </extensions>
   </trkpt>
   <trkpt lat="47.8441910" lon="13.7756260">
    <ele>601.0</ele>
    <time>2026-03-07T10:59:55Z</time>
    <extensions>
     <gpxtpx:TrackPointExtension>
      <gpxtpx:hr>115</gpxtpx:hr>
      <gpxtpx:cad>0</gpxtpx:cad>
     </gpxtpx:TrackPointExtension>
    </extensions>
   </trkpt>
   <trkpt lat="47.8441620" lon="13.7755970">
    <ele>602.2</ele>
    <time>2026-03-07T11:00:03Z</time>
    <extensions>
     <gpxtpx:TrackPointExtension>
      <gpxtpx:hr>116</gpxtpx:hr>
      <gpxtpx:cad>71</gpxtpx:cad>
     </gpxtpx:TrackPointExtension>
    </extensions>
   </trkpt>
   <trkpt lat="47.8441200" lon="13.7755590">
    <ele>603.2</ele>
    <time>2026-03-07T11:00:10Z</time>
    <extensions>
     <gpxtpx:TrackPointExtension>
      <gpxtpx:hr>116</gpxtpx:hr>
      <gpxtpx:cad>0</gpxtpx:cad>
     </gpxtpx:TrackPointExtension>
    </extensions>
   </trkpt>
   <trkpt lat="47.8441150" lon="13.7755530">
    <ele>603.4</ele>
    <time>2026-03-07T11:00:11Z</time>
    <extensions>
     <gpxtpx:TrackPointExtension>
      <gpxtpx:hr>116</gpxtpx:hr>
      <gpxtpx:cad>0</gpxtpx:cad>
     </gpxtpx:TrackPointExtension>
    </extensions>
   </trkpt>
   <trkpt lat="47.8440950" lon="13.7755250">
    <ele>604.4</ele>
    <time>2026-03-07T11:00:16Z</time>
    <extensions>
     <gpxtpx:TrackPointExtension>
      <gpxtpx:hr>116</gpxtpx:hr>
      <gpxtpx:cad>43</gpxtpx:cad>
     </gpxtpx:TrackPointExtension>
    </extensions>
   </trkpt>
   <trkpt lat="47.8440740" lon="13.7755000">
    <ele>605.6</ele>
    <time>2026-03-07T11:00:21Z</time>
    <extensions>
     <gpxtpx:TrackPointExtension>
      <gpxtpx:hr>117</gpxtpx:hr>
      <gpxtpx:cad>42</gpxtpx:cad>
     </gpxtpx:TrackPointExtension>
    </extensions>
   </trkpt>
   <trkpt lat="47.8440690" lon="13.7754930">
    <ele>606.0</ele>
    <time>2026-03-07T11:00:25Z</time>
    <extensions>
     <gpxtpx:TrackPointExtension>
      <gpxtpx:hr>120</gpxtpx:hr>
      <gpxtpx:cad>0</gpxtpx:cad>
     </gpxtpx:TrackPointExtension>
    </extensions>
   </trkpt>
   <trkpt lat="47.8440600" lon="13.7754830">
    <ele>606.2</ele>
    <time>2026-03-07T11:00:28Z</time>
    <extensions>
     <gpxtpx:TrackPointExtension>
      <gpxtpx:hr>120</gpxtpx:hr>
      <gpxtpx:cad>0</gpxtpx:cad>
     </gpxtpx:TrackPointExtension>
    </extensions>
   </trkpt>
   <trkpt lat="47.8440570" lon="13.7754730">
    <ele>606.6</ele>
    <time>2026-03-07T11:00:32Z</time>
    <extensions>
     <gpxtpx:TrackPointExtension>
      <gpxtpx:hr>121</gpxtpx:hr>
      <gpxtpx:cad>0</gpxtpx:cad>
     </gpxtpx:TrackPointExtension>
    </extensions>
   </trkpt>
   <trkpt lat="47.8440400" lon="13.7754500">
    <ele>607.6</ele>
    <time>2026-03-07T11:00:37Z</time>
    <extensions>
     <gpxtpx:TrackPointExtension>
      <gpxtpx:hr>120</gpxtpx:hr>
      <gpxtpx:cad>0</gpxtpx:cad>
     </gpxtpx:TrackPointExtension>
    </extensions>
   </trkpt>
   <trkpt lat="47.8440330" lon="13.7754470">
    <ele>607.8</ele>
    <time>2026-03-07T11:00:38Z</time>
    <extensions>
     <gpxtpx:TrackPointExtension>
      <gpxtpx:hr>121</gpxtpx:hr>
      <gpxtpx:cad>64</gpxtpx:cad>
     </gpxtpx:TrackPointExtension>
    </extensions>
   </trkpt>
   <trkpt lat="47.8439960" lon="13.7754890">
    <ele>608.6</ele>
    <time>2026-03-07T11:00:45Z</time>
    <extensions>
     <gpxtpx:TrackPointExtension>
      <gpxtpx:hr>121</gpxtpx:hr>
      <gpxtpx:cad>0</gpxtpx:cad>
     </gpxtpx:TrackPointExtension>
    </extensions>
   </trkpt>
   <trkpt lat="47.8439920" lon="13.7755140">
    <ele>608.8</ele>
    <time>2026-03-07T11:00:48Z</time>
    <extensions>
     <gpxtpx:TrackPointExtension>
      <gpxtpx:hr>121</gpxtpx:hr>
      <gpxtpx:cad>0</gpxtpx:cad>
     </gpxtpx:TrackPointExtension>
    </extensions>
   </trkpt>
   <trkpt lat="47.8439880" lon="13.7755520">
    <ele>610.0</ele>
    <time>2026-03-07T11:00:54Z</time>
    <extensions>
     <gpxtpx:TrackPointExtension>
      <gpxtpx:hr>123</gpxtpx:hr>
      <gpxtpx:cad>0</gpxtpx:cad>
     </gpxtpx:TrackPointExtension>
    </extensions>
   </trkpt>
   <trkpt lat="47.8439850" lon="13.7755550">
    <ele>610.0</ele>
    <time>2026-03-07T11:00:55Z</time>
    <extensions>
     <gpxtpx:TrackPointExtension>
      <gpxtpx:hr>124</gpxtpx:hr>
      <gpxtpx:cad>0</gpxtpx:cad>
     </gpxtpx:TrackPointExtension>
    </extensions>
   </trkpt>
   <trkpt lat="47.8439810" lon="13.7755650">
    <ele>611.0</ele>
    <time>2026-03-07T11:01:01Z</time>
    <extensions>
     <gpxtpx:TrackPointExtension>
      <gpxtpx:hr>125</gpxtpx:hr>
      <gpxtpx:cad>65</gpxtpx:cad>
     </gpxtpx:TrackPointExtension>
    </extensions>
   </trkpt>
   <trkpt lat="47.8439760" lon="13.7755570">
    <ele>611.4</ele>
    <time>2026-03-07T11:01:04Z</time>
    <extensions>
     <gpxtpx:TrackPointExtension>
      <gpxtpx:hr>125</gpxtpx:hr>
      <gpxtpx:cad>0</gpxtpx:cad>
     </gpxtpx:TrackPointExtension>
    </extensions>
   </trkpt>
   <trkpt lat="47.8439710" lon="13.7755350">
    <ele>612.2</ele>
    <time>2026-03-07T11:01:08Z</time>
    <extensions>
     <gpxtpx:TrackPointExtension>
      <gpxtpx:hr>125</gpxtpx:hr>
      <gpxtpx:cad>0</gpxtpx:cad>
     </gpxtpx:TrackPointExtension>
    </extensions>
   </trkpt>
   <trkpt lat="47.8439620" lon="13.7755230">
    <ele>612.8</ele>
    <time>2026-03-07T11:01:11Z</time>
    <extensions>
     <gpxtpx:TrackPointExtension>
      <gpxtpx:hr>125</gpxtpx:hr>
      <gpxtpx:cad>0</gpxtpx:cad>
     </gpxtpx:TrackPointExtension>
    </extensions>
   </trkpt>
   <trkpt lat="47.8439420" lon="13.7755410">
    <ele>613.4</ele>
    <time>2026-03-07T11:01:17Z</time>
    <extensions>
     <gpxtpx:TrackPointExtension>
      <gpxtpx:hr>126</gpxtpx:hr>
      <gpxtpx:cad>0</gpxtpx:cad>
     </gpxtpx:TrackPointExtension>
    </extensions>
   </trkpt>
   <trkpt lat="47.8439350" lon="13.7755860">
    <ele>614.6</ele>
    <time>2026-03-07T11:01:22Z</time>
    <extensions>
     <gpxtpx:TrackPointExtension>
      <gpxtpx:hr>127</gpxtpx:hr>
      <gpxtpx:cad>0</gpxtpx:cad>
     </gpxtpx:TrackPointExtension>
    </extensions>
   </trkpt>
   <trkpt lat="47.8439280" lon="13.7755990">
    <ele>615.4</ele>
    <time>2026-03-07T11:01:26Z</time>
    <extensions>
     <gpxtpx:TrackPointExtension>
      <gpxtpx:hr>127</gpxtpx:hr>
      <gpxtpx:cad>68</gpxtpx:cad>
     </gpxtpx:TrackPointExtension>
    </extensions>
   </trkpt>
   <trkpt lat="47.8439270" lon="13.7756030">
    <ele>615.8</ele>
    <time>2026-03-07T11:01:28Z</time>
    <extensions>
     <gpxtpx:TrackPointExtension>
      <gpxtpx:hr>127</gpxtpx:hr>
      <gpxtpx:cad>68</gpxtpx:cad>
     </gpxtpx:TrackPointExtension>
    </extensions>
   </trkpt>
   <trkpt lat="47.8439280" lon="13.7756060">
    <ele>616.0</ele>
    <time>2026-03-07T11:01:30Z</time>
    <extensions>
     <gpxtpx:TrackPointExtension>
      <gpxtpx:hr>130</gpxtpx:hr>
      <gpxtpx:cad>0</gpxtpx:cad>
     </gpxtpx:TrackPointExtension>
    </extensions>
   </trkpt>
   <trkpt lat="47.8439300" lon="13.7756030">
    <ele>616.6</ele>
    <time>2026-03-07T11:01:36Z</time>
    <extensions>
     <gpxtpx:TrackPointExtension>
      <gpxtpx:hr>131</gpxtpx:hr>
      <gpxtpx:cad>0</gpxtpx:cad>
     </gpxtpx:TrackPointExtension>
    </extensions>
   </trkpt>
   <trkpt lat="47.8439280" lon="13.7756010">
    <ele>616.8</ele>
    <time>2026-03-07T11:01:37Z</time>
    <extensions>
     <gpxtpx:TrackPointExtension>
      <gpxtpx:hr>132</gpxtpx:hr>
      <gpxtpx:cad>0</gpxtpx:cad>
     </gpxtpx:TrackPointExtension>
    </extensions>
   </trkpt>
   <trkpt lat="47.8439220" lon="13.7755930">
    <ele>617.2</ele>
    <time>2026-03-07T11:01:41Z</time>
    <extensions>
     <gpxtpx:TrackPointExtension>
      <gpxtpx:hr>129</gpxtpx:hr>
      <gpxtpx:cad>0</gpxtpx:cad>
     </gpxtpx:TrackPointExtension>
    </extensions>
   </trkpt>
   <trkpt lat="47.8439190" lon="13.7755860">
    <ele>617.2</ele>
    <time>2026-03-07T11:01:43Z</time>
    <extensions>
     <gpxtpx:TrackPointExtension>
      <gpxtpx:hr>127</gpxtpx:hr>
      <gpxtpx:cad>0</gpxtpx:cad>
     </gpxtpx:TrackPointExtension>
    </extensions>
   </trkpt>
   <trkpt lat="47.8439030" lon="13.7755730">
    <ele>617.8</ele>
    <time>2026-03-07T11:01:49Z</time>
    <extensions>
     <gpxtpx:TrackPointExtension>
      <gpxtpx:hr>125</gpxtpx:hr>
      <gpxtpx:cad>0</gpxtpx:cad>
     </gpxtpx:TrackPointExtension>
    </extensions>
   </trkpt>
   <trkpt lat="47.8438930" lon="13.7756290">
    <ele>619.0</ele>
    <time>2026-03-07T11:01:56Z</time>
    <extensions>
     <gpxtpx:TrackPointExtension>
      <gpxtpx:hr>122</gpxtpx:hr>
      <gpxtpx:cad>71</gpxtpx:cad>
     </gpxtpx:TrackPointExtension>
    </extensions>
   </trkpt>
   <trkpt lat="47.8438920" lon="13.7756330">
    <ele>619.0</ele>
    <time>2026-03-07T11:01:58Z</time>
    <extensions>
     <gpxtpx:TrackPointExtension>
      <gpxtpx:hr>122</gpxtpx:hr>
      <gpxtpx:cad>0</gpxtpx:cad>
     </gpxtpx:TrackPointExtension>
    </extensions>
   </trkpt>
   <trkpt lat="47.8438890" lon="13.7756260">
    <ele>619.6</ele>
    <time>2026-03-07T11:02:02Z</time>
    <extensions>
     <gpxtpx:TrackPointExtension>
      <gpxtpx:hr>125</gpxtpx:hr>
      <gpxtpx:cad>75</gpxtpx:cad>
     </gpxtpx:TrackPointExtension>
    </extensions>
   </trkpt>
   <trkpt lat="47.8438860" lon="13.7756150">
    <ele>620.0</ele>
    <time>2026-03-07T11:02:04Z</time>
    <extensions>
     <gpxtpx:TrackPointExtension>
      <gpxtpx:hr>128</gpxtpx:hr>
      <gpxtpx:cad>70</gpxtpx:cad>
     </gpxtpx:TrackPointExtension>
    </extensions>
   </trkpt>
   <trkpt lat="47.8438570" lon="13.7755950">
    <ele>621.2</ele>
    <time>2026-03-07T11:02:09Z</time>
    <extensions>
     <gpxtpx:TrackPointExtension>
      <gpxtpx:hr>129</gpxtpx:hr>
      <gpxtpx:cad>68</gpxtpx:cad>
     </gpxtpx:TrackPointExtension>
    </extensions>
   </trkpt>
   <trkpt lat="47.8438440" lon="13.7756080">
    <ele>622.0</ele>
    <time>2026-03-07T11:02:12Z</time>
    <extensions>
     <gpxtpx:TrackPointExtension>
      <gpxtpx:hr>130</gpxtpx:hr>
      <gpxtpx:cad>68</gpxtpx:cad>
     </gpxtpx:TrackPointExtension>
    </extensions>
   </trkpt>
   <trkpt lat="47.8438370" lon="13.7756180">
    <ele>622.4</ele>
    <time>2026-03-07T11:02:14Z</time>
    <extensions>
     <gpxtpx:TrackPointExtension>
      <gpxtpx:hr>130</gpxtpx:hr>
      <gpxtpx:cad>70</gpxtpx:cad>
     </gpxtpx:TrackPointExtension>
    </extensions>
   </trkpt>
   <trkpt lat="47.8438180" lon="13.7756550">
    <ele>623.4</ele>
    <time>2026-03-07T11:02:19Z</time>
    <extensions>
     <gpxtpx:TrackPointExtension>
      <gpxtpx:hr>132</gpxtpx:hr>
      <gpxtpx:cad>68</gpxtpx:cad>
     </gpxtpx:TrackPointExtension>
    </extensions>
   </trkpt>
   <trkpt lat="47.8438110" lon="13.7756740">
    <ele>624.2</ele>
    <time>2026-03-07T11:02:22Z</time>
    <extensions>
     <gpxtpx:TrackPointExtension>
      <gpxtpx:hr>133</gpxtpx:hr>
      <gpxtpx:cad>69</gpxtpx:cad>
     </gpxtpx:TrackPointExtension>
    </extensions>
   </trkpt>
   <trkpt lat="47.8438040" lon="13.7756880">
    <ele>624.8</ele>
    <time>2026-03-07T11:02:24Z</time>
    <extensions>
     <gpxtpx:TrackPointExtension>
      <gpxtpx:hr>134</gpxtpx:hr>
      <gpxtpx:cad>69</gpxtpx:cad>
     </gpxtpx:TrackPointExtension>
    </extensions>
   </trkpt>
   <trkpt lat="47.8437930" lon="13.7757100">
    <ele>625.8</ele>
    <time>2026-03-07T11:02:28Z</time>
    <extensions>
     <gpxtpx:TrackPointExtension>
      <gpxtpx:hr>136</gpxtpx:hr>
      <gpxtpx:cad>0</gpxtpx:cad>
     </gpxtpx:TrackPointExtension>
    </extensions>
   </trkpt>
   <trkpt lat="47.8437820" lon="13.7756970">
    <ele>626.6</ele>
    <time>2026-03-07T11:02:32Z</time>
    <extensions>
     <gpxtpx:TrackPointExtension>
      <gpxtpx:hr>138</gpxtpx:hr>
      <gpxtpx:cad>74</gpxtpx:cad>
     </gpxtpx:TrackPointExtension>
    </extensions>
   </trkpt>
   <trkpt lat="47.8437810" lon="13.7756910">
    <ele>627.0</ele>
    <time>2026-03-07T11:02:33Z</time>
    <extensions>
     <gpxtpx:TrackPointExtension>
      <gpxtpx:hr>138</gpxtpx:hr>
      <gpxtpx:cad>74</gpxtpx:cad>
     </gpxtpx:TrackPointExtension>
    </extensions>
   </trkpt>
   <trkpt lat="47.8437640" lon="13.7756680">
    <ele>628.0</ele>
    <time>2026-03-07T11:02:38Z</time>
    <extensions>
     <gpxtpx:TrackPointExtension>
      <gpxtpx:hr>139</gpxtpx:hr>
      <gpxtpx:cad>0</gpxtpx:cad>
     </gpxtpx:TrackPointExtension>
    </extensions>
   </trkpt>
   <trkpt lat="47.8437490" lon="13.7756750">
    <ele>629.0</ele>
    <time>2026-03-07T11:02:43Z</time>
    <extensions>
     <gpxtpx:TrackPointExtension>
      <gpxtpx:hr>139</gpxtpx:hr>
      <gpxtpx:cad>0</gpxtpx:cad>
     </gpxtpx:TrackPointExtension>
    </extensions>
   </trkpt>
   <trkpt lat="47.8437430" lon="13.7756720">
    <ele>629.2</ele>
    <time>2026-03-07T11:02:46Z</time>
    <extensions>
     <gpxtpx:TrackPointExtension>
      <gpxtpx:hr>140</gpxtpx:hr>
      <gpxtpx:cad>0</gpxtpx:cad>
     </gpxtpx:TrackPointExtension>
    </extensions>
   </trkpt>
   <trkpt lat="47.8437300" lon="13.7756810">
    <ele>629.4</ele>
    <time>2026-03-07T11:02:52Z</time>
    <extensions>
     <gpxtpx:TrackPointExtension>
      <gpxtpx:hr>137</gpxtpx:hr>
      <gpxtpx:cad>0</gpxtpx:cad>
     </gpxtpx:TrackPointExtension>
    </extensions>
   </trkpt>
   <trkpt lat="47.8437290" lon="13.7756820">
    <ele>629.6</ele>
    <time>2026-03-07T11:02:55Z</time>
    <extensions>
     <gpxtpx:TrackPointExtension>
      <gpxtpx:hr>136</gpxtpx:hr>
      <gpxtpx:cad>0</gpxtpx:cad>
     </gpxtpx:TrackPointExtension>
    </extensions>
   </trkpt>
   <trkpt lat="47.8437280" lon="13.7756780">
    <ele>629.4</ele>
    <time>2026-03-07T11:03:00Z</time>
    <extensions>
     <gpxtpx:TrackPointExtension>
      <gpxtpx:hr>133</gpxtpx:hr>
      <gpxtpx:cad>0</gpxtpx:cad>
     </gpxtpx:TrackPointExtension>
    </extensions>
   </trkpt>
   <trkpt lat="47.8437240" lon="13.7756790">
    <ele>629.6</ele>
    <time>2026-03-07T11:03:02Z</time>
    <extensions>
     <gpxtpx:TrackPointExtension>
      <gpxtpx:hr>129</gpxtpx:hr>
      <gpxtpx:cad>0</gpxtpx:cad>
     </gpxtpx:TrackPointExtension>
    </extensions>
   </trkpt>
   <trkpt lat="47.8437180" lon="13.7756750">
    <ele>630.4</ele>
    <time>2026-03-07T11:03:05Z</time>
    <extensions>
     <gpxtpx:TrackPointExtension>
      <gpxtpx:hr>128</gpxtpx:hr>
      <gpxtpx:cad>0</gpxtpx:cad>
     </gpxtpx:TrackPointExtension>
    </extensions>
   </trkpt>
   <trkpt lat="47.8437100" lon="13.7756780">
    <ele>630.6</ele>
    <time>2026-03-07T11:03:07Z</time>
    <extensions>
     <gpxtpx:TrackPointExtension>
      <gpxtpx:hr>128</gpxtpx:hr>
      <gpxtpx:cad>0</gpxtpx:cad>
     </gpxtpx:TrackPointExtension>
    </extensions>
   </trkpt>
   <trkpt lat="47.8436840" lon="13.7756970">
    <ele>631.4</ele>
    <time>2026-03-07T11:03:13Z</time>
    <extensions>
     <gpxtpx:TrackPointExtension>
      <gpxtpx:hr>125</gpxtpx:hr>
      <gpxtpx:cad>0</gpxtpx:cad>
     </gpxtpx:TrackPointExtension>
    </extensions>
   </trkpt>
   <trkpt lat="47.8436800" lon="13.7757350">
    <ele>632.4</ele>
    <time>2026-03-07T11:03:20Z</time>
    <extensions>
     <gpxtpx:TrackPointExtension>
      <gpxtpx:hr>128</gpxtpx:hr>
      <gpxtpx:cad>0</gpxtpx:cad>
     </gpxtpx:TrackPointExtension>
    </extensions>
   </trkpt>
   <trkpt lat="47.8436800" lon="13.7757350">
    <ele>632.4</ele>
    <time>2026-03-07T11:03:21Z</time>
    <extensions>
     <gpxtpx:TrackPointExtension>
      <gpxtpx:hr>128</gpxtpx:hr>
      <gpxtpx:cad>0</gpxtpx:cad>
     </gpxtpx:TrackPointExtension>
    </extensions>
   </trkpt>
   <trkpt lat="47.8436710" lon="13.7757180">
    <ele>632.6</ele>
    <time>2026-03-07T11:03:27Z</time>
    <extensions>
     <gpxtpx:TrackPointExtension>
      <gpxtpx:hr>129</gpxtpx:hr>
      <gpxtpx:cad>0</gpxtpx:cad>
     </gpxtpx:TrackPointExtension>
    </extensions>
   </trkpt>
   <trkpt lat="47.8436570" lon="13.7756880">
    <ele>633.6</ele>
    <time>2026-03-07T11:03:33Z</time>
    <extensions>
     <gpxtpx:TrackPointExtension>
      <gpxtpx:hr>126</gpxtpx:hr>
      <gpxtpx:cad>0</gpxtpx:cad>
     </gpxtpx:TrackPointExtension>
    </extensions>
   </trkpt>
   <trkpt lat="47.8436420" lon="13.7756730">
    <ele>634.8</ele>
    <time>2026-03-07T11:03:40Z</time>
    <extensions>
     <gpxtpx:TrackPointExtension>
      <gpxtpx:hr>125</gpxtpx:hr>
      <gpxtpx:cad>0</gpxtpx:cad>
     </gpxtpx:TrackPointExtension>
    </extensions>
   </trkpt>
   <trkpt lat="47.8436390" lon="13.7756760">
    <ele>635.0</ele>
    <time>2026-03-07T11:03:43Z</time>
    <extensions>
     <gpxtpx:TrackPointExtension>
      <gpxtpx:hr>124</gpxtpx:hr>
      <gpxtpx:cad>0</gpxtpx:cad>
     </gpxtpx:TrackPointExtension>
    </extensions>
   </trkpt>
   <trkpt lat="47.8436420" lon="13.7756810">
    <ele>635.4</ele>
    <time>2026-03-07T11:03:47Z</time>
    <extensions>
     <gpxtpx:TrackPointExtension>
      <gpxtpx:hr>121</gpxtpx:hr>
      <gpxtpx:cad>0</gpxtpx:cad>
     </gpxtpx:TrackPointExtension>
    </extensions>
   </trkpt>
   <trkpt lat="47.8436400" lon="13.7756870">
    <ele>635.8</ele>
    <time>2026-03-07T11:03:49Z</time>
    <extensions>
     <gpxtpx:TrackPointExtension>
      <gpxtpx:hr>123</gpxtpx:hr>
      <gpxtpx:cad>0</gpxtpx:cad>
     </gpxtpx:TrackPointExtension>
    </extensions>
   </trkpt>
   <trkpt lat="47.8436380" lon="13.7756890">
    <ele>636.0</ele>
    <time>2026-03-07T11:03:50Z</time>
    <extensions>
     <gpxtpx:TrackPointExtension>
      <gpxtpx:hr>123</gpxtpx:hr>
      <gpxtpx:cad>0</gpxtpx:cad>
     </gpxtpx:TrackPointExtension>
    </extensions>
   </trkpt>
   <trkpt lat="47.8436290" lon="13.7757200">
    <ele>636.8</ele>
    <time>2026-03-07T11:03:54Z</time>
    <extensions>
     <gpxtpx:TrackPointExtension>
      <gpxtpx:hr>124</gpxtpx:hr>
      <gpxtpx:cad>76</gpxtpx:cad>
     </gpxtpx:TrackPointExtension>
    </extensions>
   </trkpt>
   <trkpt lat="47.8436250" lon="13.7757300">
    <ele>637.2</ele>
    <time>2026-03-07T11:03:56Z</time>
    <extensions>
     <gpxtpx:TrackPointExtension>
      <gpxtpx:hr>125</gpxtpx:hr>
      <gpxtpx:cad>73</gpxtpx:cad>
     </gpxtpx:TrackPointExtension>
    </extensions>
   </trkpt>
   <trkpt lat="47.8436240" lon="13.7757400">
    <ele>637.8</ele>
    <time>2026-03-07T11:04:01Z</time>
    <extensions>
     <gpxtpx:TrackPointExtension>
      <gpxtpx:hr>128</gpxtpx:hr>
      <gpxtpx:cad>0</gpxtpx:cad>
     </gpxtpx:TrackPointExtension>
    </extensions>
   </trkpt>
   <trkpt lat="47.8436230" lon="13.7757370">
    <ele>638.0</ele>
    <time>2026-03-07T11:04:02Z</time>
    <extensions>
     <gpxtpx:TrackPointExtension>
      <gpxtpx:hr>128</gpxtpx:hr>
      <gpxtpx:cad>0</gpxtpx:cad>
     </gpxtpx:TrackPointExtension>
    </extensions>
   </trkpt>
   <trkpt lat="47.8436180" lon="13.7757280">
    <ele>638.4</ele>
    <time>2026-03-07T11:04:04Z</time>
    <extensions>
     <gpxtpx:TrackPointExtension>
      <gpxtpx:hr>129</gpxtpx:hr>
      <gpxtpx:cad>0</gpxtpx:cad>
     </gpxtpx:TrackPointExtension>
    </extensions>
   </trkpt>
   <trkpt lat="47.8436110" lon="13.7757250">
    <ele>639.0</ele>
    <time>2026-03-07T11:04:06Z</time>
    <extensions>
     <gpxtpx:TrackPointExtension>
      <gpxtpx:hr>129</gpxtpx:hr>
      <gpxtpx:cad>73</gpxtpx:cad>
     </gpxtpx:TrackPointExtension>
    </extensions>
   </trkpt>
   <trkpt lat="47.8435990" lon="13.7757450">
    <ele>639.8</ele>
    <time>2026-03-07T11:04:10Z</time>
    <extensions>
     <gpxtpx:TrackPointExtension>
      <gpxtpx:hr>128</gpxtpx:hr>
      <gpxtpx:cad>41</gpxtpx:cad>
     </gpxtpx:TrackPointExtension>
    </extensions>
   </trkpt>
   <trkpt lat="47.8435920" lon="13.7757620">
    <ele>640.2</ele>
    <time>2026-03-07T11:04:12Z</time>
    <extensions>
     <gpxtpx:TrackPointExtension>
      <gpxtpx:hr>128</gpxtpx:hr>
      <gpxtpx:cad>41</gpxtpx:cad>
     </gpxtpx:TrackPointExtension>
    </extensions>
   </trkpt>
   <trkpt lat="47.8435800" lon="13.7757980">
    <ele>641.0</ele>
    <time>2026-03-07T11:04:16Z</time>
    <extensions>
     <gpxtpx:TrackPointExtension>
      <gpxtpx:hr>131</gpxtpx:hr>
      <gpxtpx:cad>68</gpxtpx:cad>
     </gpxtpx:TrackPointExtension>
    </extensions>
   </trkpt>
   <trkpt lat="47.8435770" lon="13.7758030">
    <ele>641.2</ele>
    <time>2026-03-07T11:04:17Z</time>
    <extensions>
     <gpxtpx:TrackPointExtension>
      <gpxtpx:hr>132</gpxtpx:hr>
      <gpxtpx:cad>0</gpxtpx:cad>
     </gpxtpx:TrackPointExtension>
    </extensions>
   </trkpt>
   <trkpt lat="47.8435620" lon="13.7758050">
    <ele>641.8</ele>
    <time>2026-03-07T11:04:22Z</time>
    <extensions>
     <gpxtpx:TrackPointExtension>
      <gpxtpx:hr>135</gpxtpx:hr>
      <gpxtpx:cad>0</gpxtpx:cad>
     </gpxtpx:TrackPointExtension>
    </extensions>
   </trkpt>
   <trkpt lat="47.8435590" lon="13.7758030">
    <ele>642.0</ele>
    <time>2026-03-07T11:04:24Z</time>
    <extensions>
     <gpxtpx:TrackPointExtension>
      <gpxtpx:hr>135</gpxtpx:hr>
      <gpxtpx:cad>56</gpxtpx:cad>
     </gpxtpx:TrackPointExtension>
    </extensions>
   </trkpt>
   <trkpt lat="47.8435580" lon="13.7758010">
    <ele>642.2</ele>
    <time>2026-03-07T11:04:25Z</time>
    <extensions>
     <gpxtpx:TrackPointExtension>
      <gpxtpx:hr>134</gpxtpx:hr>
      <gpxtpx:cad>56</gpxtpx:cad>
     </gpxtpx:TrackPointExtension>
    </extensions>
   </trkpt>
   <trkpt lat="47.8435480" lon="13.7757690">
    <ele>643.4</ele>
    <time>2026-03-07T11:04:30Z</time>
    <extensions>
     <gpxtpx:TrackPointExtension>
      <gpxtpx:hr>134</gpxtpx:hr>
      <gpxtpx:cad>64</gpxtpx:cad>
     </gpxtpx:TrackPointExtension>
    </extensions>
   </trkpt>
   <trkpt lat="47.8435460" lon="13.7757660">
    <ele>643.6</ele>
    <time>2026-03-07T11:04:31Z</time>
    <extensions>
     <gpxtpx:TrackPointExtension>
      <gpxtpx:hr>135</gpxtpx:hr>
      <gpxtpx:cad>64</gpxtpx:cad>
     </gpxtpx:TrackPointExtension>
    </extensions>
   </trkpt>
   <trkpt lat="47.8435250" lon="13.7757510">
    <ele>644.4</ele>
    <time>2026-03-07T11:04:36Z</time>
    <extensions>
     <gpxtpx:TrackPointExtension>
      <gpxtpx:hr>136</gpxtpx:hr>
      <gpxtpx:cad>0</gpxtpx:cad>
     </gpxtpx:TrackPointExtension>
    </extensions>
   </trkpt>
   <trkpt lat="47.8435170" lon="13.7757470">
    <ele>644.8</ele>
    <time>2026-03-07T11:04:39Z</time>
    <extensions>
     <gpxtpx:TrackPointExtension>
      <gpxtpx:hr>136</gpxtpx:hr>
      <gpxtpx:cad>77</gpxtpx:cad>
     </gpxtpx:TrackPointExtension>
    </extensions>
   </trkpt>
   <trkpt lat="47.8435150" lon="13.7757450">
    <ele>645.6</ele>
    <time>2026-03-07T11:04:41Z</time>
    <extensions>
     <gpxtpx:TrackPointExtension>
      <gpxtpx:hr>135</gpxtpx:hr>
      <gpxtpx:cad>70</gpxtpx:cad>
     </gpxtpx:TrackPointExtension>
    </extensions>
   </trkpt>
   <trkpt lat="47.8435090" lon="13.7757370">
    <ele>646.6</ele>
    <time>2026-03-07T11:04:44Z</time>
    <extensions>
     <gpxtpx:TrackPointExtension>
      <gpxtpx:hr>134</gpxtpx:hr>
      <gpxtpx:cad>70</gpxtpx:cad>
     </gpxtpx:TrackPointExtension>
    </extensions>
   </trkpt>
   <trkpt lat="47.8434940" lon="13.7757270">
    <ele>646.8</ele>
    <time>2026-03-07T11:04:48Z</time>
    <extensions>
     <gpxtpx:TrackPointExtension>
      <gpxtpx:hr>135</gpxtpx:hr>
      <gpxtpx:cad>0</gpxtpx:cad>
     </gpxtpx:TrackPointExtension>
    </extensions>
   </trkpt>
   <trkpt lat="47.8434850" lon="13.7757150">
    <ele>647.2</ele>
    <time>2026-03-07T11:04:51Z</time>
    <extensions>
     <gpxtpx:TrackPointExtension>
      <gpxtpx:hr>138</gpxtpx:hr>
      <gpxtpx:cad>0</gpxtpx:cad>
     </gpxtpx:TrackPointExtension>
    </extensions>
   </trkpt>
   <trkpt lat="47.8434770" lon="13.7756920">
    <ele>647.8</ele>
    <time>2026-03-07T11:04:54Z</time>
    <extensions>
     <gpxtpx:TrackPointExtension>
      <gpxtpx:hr>139</gpxtpx:hr>
      <gpxtpx:cad>0</gpxtpx:cad>
     </gpxtpx:TrackPointExtension>
    </extensions>
   </trkpt>
   <trkpt lat="47.8434680" lon="13.7756770">
    <ele>648.0</ele>
    <time>2026-03-07T11:04:56Z</time>
    <extensions>
     <gpxtpx:TrackPointExtension>
      <gpxtpx:hr>140</gpxtpx:hr>
      <gpxtpx:cad>0</gpxtpx:cad>
     </gpxtpx:TrackPointExtension>
    </extensions>
   </trkpt>
   <trkpt lat="47.8434560" lon="13.7756550">
    <ele>648.8</ele>
    <time>2026-03-07T11:05:01Z</time>
    <extensions>
     <gpxtpx:TrackPointExtension>
      <gpxtpx:hr>141</gpxtpx:hr>
      <gpxtpx:cad>0</gpxtpx:cad>
     </gpxtpx:TrackPointExtension>
    </extensions>
   </trkpt>
   <trkpt lat="47.8434460" lon="13.7756330">
    <ele>649.6</ele>
    <time>2026-03-07T11:05:05Z</time>
    <extensions>
     <gpxtpx:TrackPointExtension>
      <gpxtpx:hr>141</gpxtpx:hr>
      <gpxtpx:cad>66</gpxtpx:cad>
     </gpxtpx:TrackPointExtension>
    </extensions>
   </trkpt>
   <trkpt lat="47.8434370" lon="13.7756080">
    <ele>650.0</ele>
    <time>2026-03-07T11:05:08Z</time>
    <extensions>
     <gpxtpx:TrackPointExtension>
      <gpxtpx:hr>142</gpxtpx:hr>
      <gpxtpx:cad>66</gpxtpx:cad>
     </gpxtpx:TrackPointExtension>
    </extensions>
   </trkpt>
   <trkpt lat="47.8434290" lon="13.7755930">
    <ele>650.2</ele>
    <time>2026-03-07T11:05:10Z</time>
    <extensions>
     <gpxtpx:TrackPointExtension>
      <gpxtpx:hr>139</gpxtpx:hr>
      <gpxtpx:cad>66</gpxtpx:cad>
     </gpxtpx:TrackPointExtension>
    </extensions>
   </trkpt>
   <trkpt lat="47.8434250" lon="13.7755850">
    <ele>650.6</ele>
    <time>2026-03-07T11:05:13Z</time>
    <extensions>
     <gpxtpx:TrackPointExtension>
      <gpxtpx:hr>136</gpxtpx:hr>
      <gpxtpx:cad>0</gpxtpx:cad>
     </gpxtpx:TrackPointExtension>
    </extensions>
   </trkpt>
   <trkpt lat="47.8434240" lon="13.7755840">
    <ele>651.2</ele>
    <time>2026-03-07T11:05:17Z</time>
    <extensions>
     <gpxtpx:TrackPointExtension>
      <gpxtpx:hr>136</gpxtpx:hr>
      <gpxtpx:cad>0</gpxtpx:cad>
     </gpxtpx:TrackPointExtension>
    </extensions>
   </trkpt>
   <trkpt lat="47.8434240" lon="13.7755850">
    <ele>651.8</ele>
    <time>2026-03-07T11:05:23Z</time>
    <extensions>
     <gpxtpx:TrackPointExtension>
      <gpxtpx:hr>133</gpxtpx:hr>
      <gpxtpx:cad>0</gpxtpx:cad>
     </gpxtpx:TrackPointExtension>
    </extensions>
   </trkpt>
   <trkpt lat="47.8434230" lon="13.7755850">
    <ele>652.0</ele>
    <time>2026-03-07T11:05:29Z</time>
    <extensions>
     <gpxtpx:TrackPointExtension>
      <gpxtpx:hr>129</gpxtpx:hr>
      <gpxtpx:cad>0</gpxtpx:cad>
     </gpxtpx:TrackPointExtension>
    </extensions>
   </trkpt>
   <trkpt lat="47.8434220" lon="13.7755850">
    <ele>652.0</ele>
    <time>2026-03-07T11:05:30Z</time>
    <extensions>
     <gpxtpx:TrackPointExtension>
      <gpxtpx:hr>128</gpxtpx:hr>
      <gpxtpx:cad>0</gpxtpx:cad>
     </gpxtpx:TrackPointExtension>
    </extensions>
   </trkpt>
   <trkpt lat="47.8434220" lon="13.7755860">
    <ele>651.8</ele>
    <time>2026-03-07T11:05:32Z</time>
    <extensions>
     <gpxtpx:TrackPointExtension>
      <gpxtpx:hr>125</gpxtpx:hr>
      <gpxtpx:cad>0</gpxtpx:cad>
     </gpxtpx:TrackPointExtension>
    </extensions>
   </trkpt>
   <trkpt lat="47.8434220" lon="13.7755860">
    <ele>651.8</ele>
    <time>2026-03-07T11:05:35Z</time>
    <extensions>
     <gpxtpx:TrackPointExtension>
      <gpxtpx:hr>122</gpxtpx:hr>
      <gpxtpx:cad>0</gpxtpx:cad>
     </gpxtpx:TrackPointExtension>
    </extensions>
   </trkpt>
   <trkpt lat="47.8434210" lon="13.7755860">
    <ele>651.8</ele>
    <time>2026-03-07T11:05:37Z</time>
    <extensions>
     <gpxtpx:TrackPointExtension>
      <gpxtpx:hr>119</gpxtpx:hr>
      <gpxtpx:cad>0</gpxtpx:cad>
     </gpxtpx:TrackPointExtension>
    </extensions>
   </trkpt>
   <trkpt lat="47.8434210" lon="13.7755860">
    <ele>651.8</ele>
    <time>2026-03-07T11:05:41Z</time>
    <extensions>
     <gpxtpx:TrackPointExtension>
      <gpxtpx:hr>117</gpxtpx:hr>
      <gpxtpx:cad>0</gpxtpx:cad>
     </gpxtpx:TrackPointExtension>
    </extensions>
   </trkpt>
   <trkpt lat="47.8434200" lon="13.7755850">
    <ele>651.4</ele>
    <time>2026-03-07T11:05:46Z</time>
    <extensions>
     <gpxtpx:TrackPointExtension>
      <gpxtpx:hr>114</gpxtpx:hr>
      <gpxtpx:cad>0</gpxtpx:cad>
     </gpxtpx:TrackPointExtension>
    </extensions>
   </trkpt>
   <trkpt lat="47.8434020" lon="13.7755700">
    <ele>650.8</ele>
    <time>2026-03-07T11:05:51Z</time>
    <extensions>
     <gpxtpx:TrackPointExtension>
      <gpxtpx:hr>111</gpxtpx:hr>
      <gpxtpx:cad>0</gpxtpx:cad>
     </gpxtpx:TrackPointExtension>
    </extensions>
   </trkpt>
   <trkpt lat="47.8433870" lon="13.7755570">
    <ele>651.8</ele>
    <time>2026-03-07T11:05:55Z</time>
    <extensions>
     <gpxtpx:TrackPointExtension>
      <gpxtpx:hr>108</gpxtpx:hr>
      <gpxtpx:cad>75</gpxtpx:cad>
     </gpxtpx:TrackPointExtension>
    </extensions>
   </trkpt>
   <trkpt lat="47.8433820" lon="13.7755550">
    <ele>652.2</ele>
    <time>2026-03-07T11:05:56Z</time>
    <extensions>
     <gpxtpx:TrackPointExtension>
      <gpxtpx:hr>108</gpxtpx:hr>
      <gpxtpx:cad>75</gpxtpx:cad>
     </gpxtpx:TrackPointExtension>
    </extensions>
   </trkpt>
   <trkpt lat="47.8433740" lon="13.7755530">
    <ele>652.6</ele>
    <time>2026-03-07T11:05:58Z</time>
    <extensions>
     <gpxtpx:TrackPointExtension>
      <gpxtpx:hr>107</gpxtpx:hr>
      <gpxtpx:cad>74</gpxtpx:cad>
     </gpxtpx:TrackPointExtension>
    </extensions>
   </trkpt>
   <trkpt lat="47.8433570" lon="13.7755540">
    <ele>653.2</ele>
    <time>2026-03-07T11:06:02Z</time>
    <extensions>
     <gpxtpx:TrackPointExtension>
      <gpxtpx:hr>107</gpxtpx:hr>
      <gpxtpx:cad>74</gpxtpx:cad>
     </gpxtpx:TrackPointExtension>
    </extensions>
   </trkpt>
   <trkpt lat="47.8433520" lon="13.7755630">
    <ele>653.8</ele>
    <time>2026-03-07T11:06:04Z</time>
    <extensions>
     <gpxtpx:TrackPointExtension>
      <gpxtpx:hr>108</gpxtpx:hr>
      <gpxtpx:cad>63</gpxtpx:cad>
     </gpxtpx:TrackPointExtension>
    </extensions>
   </trkpt>
   <trkpt lat="47.8433410" lon="13.7755750">
    <ele>654.4</ele>
    <time>2026-03-07T11:06:07Z</time>
    <extensions>
     <gpxtpx:TrackPointExtension>
      <gpxtpx:hr>111</gpxtpx:hr>
      <gpxtpx:cad>63</gpxtpx:cad>
     </gpxtpx:TrackPointExtension>
    </extensions>
   </trkpt>
   <trkpt lat="47.8433400" lon="13.7755800">
    <ele>654.4</ele>
    <time>2026-03-07T11:06:08Z</time>
    <extensions>
     <gpxtpx:TrackPointExtension>
      <gpxtpx:hr>115</gpxtpx:hr>
      <gpxtpx:cad>63</gpxtpx:cad>
     </gpxtpx:TrackPointExtension>
    </extensions>
   </trkpt>
   <trkpt lat="47.8433340" lon="13.7755890">
    <ele>654.8</ele>
    <time>2026-03-07T11:06:11Z</time>
    <extensions>
     <gpxtpx:TrackPointExtension>
      <gpxtpx:hr>118</gpxtpx:hr>
      <gpxtpx:cad>0</gpxtpx:cad>
     </gpxtpx:TrackPointExtension>
    </extensions>
   </trkpt>
   <trkpt lat="47.8433320" lon="13.7755920">
    <ele>655.0</ele>
    <time>2026-03-07T11:06:12Z</time>
    <extensions>
     <gpxtpx:TrackPointExtension>
      <gpxtpx:hr>118</gpxtpx:hr>
      <gpxtpx:cad>0</gpxtpx:cad>
     </gpxtpx:TrackPointExtension>
    </extensions>
   </trkpt>
   <trkpt lat="47.8433290" lon="13.7756000">
    <ele>655.4</ele>
    <time>2026-03-07T11:06:14Z</time>
    <extensions>
     <gpxtpx:TrackPointExtension>
      <gpxtpx:hr>120</gpxtpx:hr>
      <gpxtpx:cad>0</gpxtpx:cad>
     </gpxtpx:TrackPointExtension>
    </extensions>
   </trkpt>
   <trkpt lat="47.8433170" lon="13.7756290">
    <ele>656.0</ele>
    <time>2026-03-07T11:06:20Z</time>
    <extensions>
     <gpxtpx:TrackPointExtension>
      <gpxtpx:hr>122</gpxtpx:hr>
      <gpxtpx:cad>0</gpxtpx:cad>
     </gpxtpx:TrackPointExtension>
    </extensions>
   </trkpt>
   <trkpt lat="47.8433100" lon="13.7756520">
    <ele>656.6</ele>
    <time>2026-03-07T11:06:23Z</time>
    <extensions>
     <gpxtpx:TrackPointExtension>
      <gpxtpx:hr>121</gpxtpx:hr>
      <gpxtpx:cad>69</gpxtpx:cad>
     </gpxtpx:TrackPointExtension>
    </extensions>
   </trkpt>
   <trkpt lat="47.8433030" lon="13.7756800">
    <ele>657.2</ele>
    <time>2026-03-07T11:06:28Z</time>
    <extensions>
     <gpxtpx:TrackPointExtension>
      <gpxtpx:hr>123</gpxtpx:hr>
      <gpxtpx:cad>41</gpxtpx:cad>
     </gpxtpx:TrackPointExtension>
    </extensions>
   </trkpt>
   <trkpt lat="47.8432990" lon="13.7757030">
    <ele>657.8</ele>
    <time>2026-03-07T11:06:31Z</time>
    <extensions>
     <gpxtpx:TrackPointExtension>
      <gpxtpx:hr>123</gpxtpx:hr>
      <gpxtpx:cad>41</gpxtpx:cad>
     </gpxtpx:TrackPointExtension>
    </extensions>
   </trkpt>
   <trkpt lat="47.8433030" lon="13.7757410">
    <ele>658.6</ele>
    <time>2026-03-07T11:06:35Z</time>
    <extensions>
     <gpxtpx:TrackPointExtension>
      <gpxtpx:hr>123</gpxtpx:hr>
      <gpxtpx:cad>77</gpxtpx:cad>
     </gpxtpx:TrackPointExtension>
    </extensions>
   </trkpt>
   <trkpt lat="47.8433040" lon="13.7757570">
    <ele>658.8</ele>
    <time>2026-03-07T11:06:37Z</time>
    <extensions>
     <gpxtpx:TrackPointExtension>
      <gpxtpx:hr>125</gpxtpx:hr>
      <gpxtpx:cad>76</gpxtpx:cad>
     </gpxtpx:TrackPointExtension>
    </extensions>
   </trkpt>
   <trkpt lat="47.8433040" lon="13.7757690">
    <ele>659.8</ele>
    <time>2026-03-07T11:06:42Z</time>
    <extensions>
     <gpxtpx:TrackPointExtension>
      <gpxtpx:hr>128</gpxtpx:hr>
      <gpxtpx:cad>72</gpxtpx:cad>
     </gpxtpx:TrackPointExtension>
    </extensions>
   </trkpt>
   <trkpt lat="47.8433030" lon="13.7757650">
    <ele>660.0</ele>
    <time>2026-03-07T11:06:43Z</time>
    <extensions>
     <gpxtpx:TrackPointExtension>
      <gpxtpx:hr>128</gpxtpx:hr>
      <gpxtpx:cad>0</gpxtpx:cad>
     </gpxtpx:TrackPointExtension>
    </extensions>
   </trkpt>
   <trkpt lat="47.8432980" lon="13.7757690">
    <ele>660.2</ele>
    <time>2026-03-07T11:06:51Z</time>
    <extensions>
     <gpxtpx:TrackPointExtension>
      <gpxtpx:hr>127</gpxtpx:hr>
      <gpxtpx:cad>0</gpxtpx:cad>
     </gpxtpx:TrackPointExtension>
    </extensions>
   </trkpt>
   <trkpt lat="47.8432850" lon="13.7757670">
    <ele>661.2</ele>
    <time>2026-03-07T11:06:56Z</time>
    <extensions>
     <gpxtpx:TrackPointExtension>
      <gpxtpx:hr>127</gpxtpx:hr>
      <gpxtpx:cad>0</gpxtpx:cad>
     </gpxtpx:TrackPointExtension>
    </extensions>
   </trkpt>
   <trkpt lat="47.8432810" lon="13.7757700">
    <ele>661.4</ele>
    <time>2026-03-07T11:06:57Z</time>
    <extensions>
     <gpxtpx:TrackPointExtension>
      <gpxtpx:hr>127</gpxtpx:hr>
      <gpxtpx:cad>0</gpxtpx:cad>
     </gpxtpx:TrackPointExtension>
    </extensions>
   </trkpt>
   <trkpt lat="47.8432690" lon="13.7757910">
    <ele>662.2</ele>
    <time>2026-03-07T11:07:01Z</time>
    <extensions>
     <gpxtpx:TrackPointExtension>
      <gpxtpx:hr>124</gpxtpx:hr>
      <gpxtpx:cad>70</gpxtpx:cad>
     </gpxtpx:TrackPointExtension>
    </extensions>
   </trkpt>
   <trkpt lat="47.8432570" lon="13.7758050">
    <ele>662.8</ele>
    <time>2026-03-07T11:07:04Z</time>
    <extensions>
     <gpxtpx:TrackPointExtension>
      <gpxtpx:hr>121</gpxtpx:hr>
      <gpxtpx:cad>0</gpxtpx:cad>
     </gpxtpx:TrackPointExtension>
    </extensions>
   </trkpt>
   <trkpt lat="47.8432520" lon="13.7758120">
    <ele>663.4</ele>
    <time>2026-03-07T11:07:06Z</time>
    <extensions>
     <gpxtpx:TrackPointExtension>
      <gpxtpx:hr>121</gpxtpx:hr>
      <gpxtpx:cad>0</gpxtpx:cad>
     </gpxtpx:TrackPointExtension>
    </extensions>
   </trkpt>
   <trkpt lat="47.8432380" lon="13.7758230">
    <ele>664.4</ele>
    <time>2026-03-07T11:07:11Z</time>
    <extensions>
     <gpxtpx:TrackPointExtension>
      <gpxtpx:hr>123</gpxtpx:hr>
      <gpxtpx:cad>69</gpxtpx:cad>
     </gpxtpx:TrackPointExtension>
    </extensions>
   </trkpt>
   <trkpt lat="47.8432360" lon="13.7758220">
    <ele>664.6</ele>
    <time>2026-03-07T11:07:12Z</time>
    <extensions>
     <gpxtpx:TrackPointExtension>
      <gpxtpx:hr>126</gpxtpx:hr>
      <gpxtpx:cad>69</gpxtpx:cad>
     </gpxtpx:TrackPointExtension>
    </extensions>
   </trkpt>
   <trkpt lat="47.8432320" lon="13.7758190">
    <ele>664.8</ele>
    <time>2026-03-07T11:07:13Z</time>
    <extensions>
     <gpxtpx:TrackPointExtension>
      <gpxtpx:hr>130</gpxtpx:hr>
      <gpxtpx:cad>69</gpxtpx:cad>
     </gpxtpx:TrackPointExtension>
    </extensions>
   </trkpt>
   <trkpt lat="47.8432290" lon="13.7758140">
    <ele>665.2</ele>
    <time>2026-03-07T11:07:14Z</time>
    <extensions>
     <gpxtpx:TrackPointExtension>
      <gpxtpx:hr>133</gpxtpx:hr>
      <gpxtpx:cad>69</gpxtpx:cad>
     </gpxtpx:TrackPointExtension>
    </extensions>
   </trkpt>
   <trkpt lat="47.8432230" lon="13.7758040">
    <ele>665.6</ele>
    <time>2026-03-07T11:07:16Z</time>
    <extensions>
     <gpxtpx:TrackPointExtension>
      <gpxtpx:hr>135</gpxtpx:hr>
      <gpxtpx:cad>41</gpxtpx:cad>
     </gpxtpx:TrackPointExtension>
    </extensions>
   </trkpt>
   <trkpt lat="47.8431970" lon="13.7757680">
    <ele>666.6</ele>
    <time>2026-03-07T11:07:22Z</time>
    <extensions>
     <gpxtpx:TrackPointExtension>
      <gpxtpx:hr>137</gpxtpx:hr>
      <gpxtpx:cad>40</gpxtpx:cad>
     </gpxtpx:TrackPointExtension>
    </extensions>
   </trkpt>
   <trkpt lat="47.8431940" lon="13.7757580">
    <ele>666.8</ele>
    <time>2026-03-07T11:07:23Z</time>
    <extensions>
     <gpxtpx:TrackPointExtension>
      <gpxtpx:hr>137</gpxtpx:hr>
      <gpxtpx:cad>76</gpxtpx:cad>
     </gpxtpx:TrackPointExtension>
    </extensions>
   </trkpt>
   <trkpt lat="47.8431770" lon="13.7757100">
    <ele>667.4</ele>
    <time>2026-03-07T11:07:29Z</time>
    <extensions>
     <gpxtpx:TrackPointExtension>
      <gpxtpx:hr>137</gpxtpx:hr>
      <gpxtpx:cad>0</gpxtpx:cad>
     </gpxtpx:TrackPointExtension>
    </extensions>
   </trkpt>
   <trkpt lat="47.8431720" lon="13.7757020">
    <ele>667.2</ele>
    <time>2026-03-07T11:07:41Z</time>
    <extensions>
     <gpxtpx:TrackPointExtension>
      <gpxtpx:hr>134</gpxtpx:hr>
      <gpxtpx:cad>0</gpxtpx:cad>
     </gpxtpx:TrackPointExtension>
    </extensions>
   </trkpt>
   <trkpt lat="47.8431720" lon="13.7757000">
    <ele>667.4</ele>
    <time>2026-03-07T11:07:44Z</time>
    <extensions>
     <gpxtpx:TrackPointExtension>
      <gpxtpx:hr>130</gpxtpx:hr>
      <gpxtpx:cad>0</gpxtpx:cad>
     </gpxtpx:TrackPointExtension>
    </extensions>
   </trkpt>
   <trkpt lat="47.8431690" lon="13.7757000">
    <ele>667.4</ele>
    <time>2026-03-07T11:07:46Z</time>
    <extensions>
     <gpxtpx:TrackPointExtension>
      <gpxtpx:hr>127</gpxtpx:hr>
      <gpxtpx:cad>0</gpxtpx:cad>
     </gpxtpx:TrackPointExtension>
    </extensions>
   </trkpt>
   <trkpt lat="47.8431620" lon="13.7757040">
    <ele>667.6</ele>
    <time>2026-03-07T11:07:48Z</time>
    <extensions>
     <gpxtpx:TrackPointExtension>
      <gpxtpx:hr>124</gpxtpx:hr>
      <gpxtpx:cad>0</gpxtpx:cad>
     </gpxtpx:TrackPointExtension>
    </extensions>
   </trkpt>
   <trkpt lat="47.8431590" lon="13.7757060">
    <ele>667.8</ele>
    <time>2026-03-07T11:07:49Z</time>
    <extensions>
     <gpxtpx:TrackPointExtension>
      <gpxtpx:hr>124</gpxtpx:hr>
      <gpxtpx:cad>0</gpxtpx:cad>
     </gpxtpx:TrackPointExtension>
    </extensions>
   </trkpt>
   <trkpt lat="47.8431490" lon="13.7757050">
    <ele>668.2</ele>
    <time>2026-03-07T11:07:52Z</time>
    <extensions>
     <gpxtpx:TrackPointExtension>
      <gpxtpx:hr>121</gpxtpx:hr>
      <gpxtpx:cad>70</gpxtpx:cad>
     </gpxtpx:TrackPointExtension>
    </extensions>
   </trkpt>
   <trkpt lat="47.8431390" lon="13.7756860">
    <ele>669.0</ele>
    <time>2026-03-07T11:07:56Z</time>
    <extensions>
     <gpxtpx:TrackPointExtension>
      <gpxtpx:hr>119</gpxtpx:hr>
      <gpxtpx:cad>70</gpxtpx:cad>
     </gpxtpx:TrackPointExtension>
    </extensions>
   </trkpt>
   <trkpt lat="47.8431300" lon="13.7756590">
    <ele>669.8</ele>
    <time>2026-03-07T11:08:00Z</time>
    <extensions>
     <gpxtpx:TrackPointExtension>
      <gpxtpx:hr>118</gpxtpx:hr>
      <gpxtpx:cad>0</gpxtpx:cad>
     </gpxtpx:TrackPointExtension>
    </extensions>
   </trkpt>
   <trkpt lat="47.8431260" lon="13.7756460">
    <ele>670.0</ele>
    <time>2026-03-07T11:08:02Z</time>
    <extensions>
     <gpxtpx:TrackPointExtension>
      <gpxtpx:hr>119</gpxtpx:hr>
      <gpxtpx:cad>66</gpxtpx:cad>
     </gpxtpx:TrackPointExtension>
    </extensions>
   </trkpt>
   <trkpt lat="47.8431180" lon="13.7756350">
    <ele>670.2</ele>
    <time>2026-03-07T11:08:04Z</time>
    <extensions>
     <gpxtpx:TrackPointExtension>
      <gpxtpx:hr>122</gpxtpx:hr>
      <gpxtpx:cad>70</gpxtpx:cad>
     </gpxtpx:TrackPointExtension>
    </extensions>
   </trkpt>
   <trkpt lat="47.8431050" lon="13.7756270">
    <ele>670.6</ele>
    <time>2026-03-07T11:08:08Z</time>
    <extensions>
     <gpxtpx:TrackPointExtension>
      <gpxtpx:hr>123</gpxtpx:hr>
      <gpxtpx:cad>0</gpxtpx:cad>
     </gpxtpx:TrackPointExtension>
    </extensions>
   </trkpt>
   <trkpt lat="47.8431060" lon="13.7756270">
    <ele>670.6</ele>
    <time>2026-03-07T11:08:22Z</time>
    <extensions>
     <gpxtpx:TrackPointExtension>
      <gpxtpx:hr>120</gpxtpx:hr>
      <gpxtpx:cad>0</gpxtpx:cad>
     </gpxtpx:TrackPointExtension>
    </extensions>
   </trkpt>
   <trkpt lat="47.8431070" lon="13.7756270">
    <ele>670.8</ele>
    <time>2026-03-07T11:08:23Z</time>
    <extensions>
     <gpxtpx:TrackPointExtension>
      <gpxtpx:hr>116</gpxtpx:hr>
      <gpxtpx:cad>0</gpxtpx:cad>
     </gpxtpx:TrackPointExtension>
    </extensions>
   </trkpt>
   <trkpt lat="47.8431020" lon="13.7756290">
    <ele>671.0</ele>
    <time>2026-03-07T11:08:30Z</time>
    <extensions>
     <gpxtpx:TrackPointExtension>
      <gpxtpx:hr>113</gpxtpx:hr>
      <gpxtpx:cad>0</gpxtpx:cad>
     </gpxtpx:TrackPointExtension>
    </extensions>
   </trkpt>
   <trkpt lat="47.8431010" lon="13.7756300">
    <ele>671.2</ele>
    <time>2026-03-07T11:08:31Z</time>
    <extensions>
     <gpxtpx:TrackPointExtension>
      <gpxtpx:hr>114</gpxtpx:hr>
      <gpxtpx:cad>0</gpxtpx:cad>
     </gpxtpx:TrackPointExtension>
    </extensions>
   </trkpt>
   <trkpt lat="47.8430800" lon="13.7756360">
    <ele>672.2</ele>
    <time>2026-03-07T11:08:38Z</time>
    <extensions>
     <gpxtpx:TrackPointExtension>
      <gpxtpx:hr>114</gpxtpx:hr>
      <gpxtpx:cad>0</gpxtpx:cad>
     </gpxtpx:TrackPointExtension>
    </extensions>
   </trkpt>
   <trkpt lat="47.8430660" lon="13.7756500">
    <ele>673.4</ele>
    <time>2026-03-07T11:08:45Z</time>
    <extensions>
     <gpxtpx:TrackPointExtension>
      <gpxtpx:hr>112</gpxtpx:hr>
      <gpxtpx:cad>0</gpxtpx:cad>
     </gpxtpx:TrackPointExtension>
    </extensions>
   </trkpt>
   <trkpt lat="47.8430560" lon="13.7756570">
    <ele>674.4</ele>
    <time>2026-03-07T11:08:52Z</time>
    <extensions>
     <gpxtpx:TrackPointExtension>
      <gpxtpx:hr>114</gpxtpx:hr>
      <gpxtpx:cad>62</gpxtpx:cad>
     </gpxtpx:TrackPointExtension>
    </extensions>
   </trkpt>
   <trkpt lat="47.8430500" lon="13.7756760">
    <ele>675.0</ele>
    <time>2026-03-07T11:09:00Z</time>
    <extensions>
     <gpxtpx:TrackPointExtension>
      <gpxtpx:hr>116</gpxtpx:hr>
      <gpxtpx:cad>0</gpxtpx:cad>
     </gpxtpx:TrackPointExtension>
    </extensions>
   </trkpt>
   <trkpt lat="47.8430510" lon="13.7756740">
    <ele>675.0</ele>
    <time>2026-03-07T11:09:02Z</time>
    <extensions>
     <gpxtpx:TrackPointExtension>
      <gpxtpx:hr>119</gpxtpx:hr>
      <gpxtpx:cad>0</gpxtpx:cad>
     </gpxtpx:TrackPointExtension>
    </extensions>
   </trkpt>
   <trkpt lat="47.8430520" lon="13.7756720">
    <ele>675.0</ele>
    <time>2026-03-07T11:09:04Z</time>
    <extensions>
     <gpxtpx:TrackPointExtension>
      <gpxtpx:hr>122</gpxtpx:hr>
      <gpxtpx:cad>0</gpxtpx:cad>
     </gpxtpx:TrackPointExtension>
    </extensions>
   </trkpt>
   <trkpt lat="47.8430520" lon="13.7756720">
    <ele>675.0</ele>
    <time>2026-03-07T11:09:11Z</time>
    <extensions>
     <gpxtpx:TrackPointExtension>
      <gpxtpx:hr>119</gpxtpx:hr>
      <gpxtpx:cad>0</gpxtpx:cad>
     </gpxtpx:TrackPointExtension>
    </extensions>
   </trkpt>
   <trkpt lat="47.8430550" lon="13.7756720">
    <ele>675.0</ele>
    <time>2026-03-07T11:09:16Z</time>
    <extensions>
     <gpxtpx:TrackPointExtension>
      <gpxtpx:hr>116</gpxtpx:hr>
      <gpxtpx:cad>0</gpxtpx:cad>
     </gpxtpx:TrackPointExtension>
    </extensions>
   </trkpt>
   <trkpt lat="47.8430520" lon="13.7756860">
    <ele>675.2</ele>
    <time>2026-03-07T11:09:19Z</time>
    <extensions>
     <gpxtpx:TrackPointExtension>
      <gpxtpx:hr>115</gpxtpx:hr>
      <gpxtpx:cad>0</gpxtpx:cad>
     </gpxtpx:TrackPointExtension>
    </extensions>
   </trkpt>
   <trkpt lat="47.8430520" lon="13.7756950">
    <ele>675.4</ele>
    <time>2026-03-07T11:09:20Z</time>
    <extensions>
     <gpxtpx:TrackPointExtension>
      <gpxtpx:hr>114</gpxtpx:hr>
      <gpxtpx:cad>0</gpxtpx:cad>
     </gpxtpx:TrackPointExtension>
    </extensions>
   </trkpt>
   <trkpt lat="47.8430550" lon="13.7757400">
    <ele>676.4</ele>
    <time>2026-03-07T11:09:26Z</time>
    <extensions>
     <gpxtpx:TrackPointExtension>
      <gpxtpx:hr>112</gpxtpx:hr>
      <gpxtpx:cad>0</gpxtpx:cad>
     </gpxtpx:TrackPointExtension>
    </extensions>
   </trkpt>
   <trkpt lat="47.8430550" lon="13.7757420">
    <ele>676.4</ele>
    <time>2026-03-07T11:09:27Z</time>
    <extensions>
     <gpxtpx:TrackPointExtension>
      <gpxtpx:hr>113</gpxtpx:hr>
      <gpxtpx:cad>0</gpxtpx:cad>
     </gpxtpx:TrackPointExtension>
    </extensions>
   </trkpt>
   <trkpt lat="47.8430520" lon="13.7757420">
    <ele>676.6</ele>
    <time>2026-03-07T11:09:39Z</time>
    <extensions>
     <gpxtpx:TrackPointExtension>
      <gpxtpx:hr>113</gpxtpx:hr>
      <gpxtpx:cad>0</gpxtpx:cad>
     </gpxtpx:TrackPointExtension>
    </extensions>
   </trkpt>
   <trkpt lat="47.8430500" lon="13.7757430">
    <ele>676.6</ele>
    <time>2026-03-07T11:09:44Z</time>
    <extensions>
     <gpxtpx:TrackPointExtension>
      <gpxtpx:hr>110</gpxtpx:hr>
      <gpxtpx:cad>0</gpxtpx:cad>
     </gpxtpx:TrackPointExtension>
    </extensions>
   </trkpt>
   <trkpt lat="47.8430490" lon="13.7757430">
    <ele>676.8</ele>
    <time>2026-03-07T11:09:48Z</time>
    <extensions>
     <gpxtpx:TrackPointExtension>
      <gpxtpx:hr>106</gpxtpx:hr>
      <gpxtpx:cad>0</gpxtpx:cad>
     </gpxtpx:TrackPointExtension>
    </extensions>
   </trkpt>
   <trkpt lat="47.8430490" lon="13.7757440">
    <ele>676.6</ele>
    <time>2026-03-07T11:09:50Z</time>
    <extensions>
     <gpxtpx:TrackPointExtension>
      <gpxtpx:hr>106</gpxtpx:hr>
      <gpxtpx:cad>0</gpxtpx:cad>
     </gpxtpx:TrackPointExtension>
    </extensions>
   </trkpt>
   <trkpt lat="47.8430520" lon="13.7757940">
    <ele>677.0</ele>
    <time>2026-03-07T11:09:58Z</time>
    <extensions>
     <gpxtpx:TrackPointExtension>
      <gpxtpx:hr>103</gpxtpx:hr>
      <gpxtpx:cad>0</gpxtpx:cad>
     </gpxtpx:TrackPointExtension>
    </extensions>
   </trkpt>
   <trkpt lat="47.8430530" lon="13.7758030">
    <ele>677.0</ele>
    <time>2026-03-07T11:09:59Z</time>
    <extensions>
     <gpxtpx:TrackPointExtension>
      <gpxtpx:hr>98</gpxtpx:hr>
      <gpxtpx:cad>41</gpxtpx:cad>
     </gpxtpx:TrackPointExtension>
    </extensions>
   </trkpt>
   <trkpt lat="47.8430540" lon="13.7758270">
    <ele>677.6</ele>
    <time>2026-03-07T11:10:02Z</time>
    <extensions>
     <gpxtpx:TrackPointExtension>
      <gpxtpx:hr>97</gpxtpx:hr>
      <gpxtpx:cad>41</gpxtpx:cad>
     </gpxtpx:TrackPointExtension>
    </extensions>
   </trkpt>
   <trkpt lat="47.8430520" lon="13.7758440">
    <ele>678.4</ele>
    <time>2026-03-07T11:10:07Z</time>
    <extensions>
     <gpxtpx:TrackPointExtension>
      <gpxtpx:hr>97</gpxtpx:hr>
      <gpxtpx:cad>43</gpxtpx:cad>
     </gpxtpx:TrackPointExtension>
    </extensions>
   </trkpt>
   <trkpt lat="47.8430520" lon="13.7758490">
    <ele>678.8</ele>
    <time>2026-03-07T11:10:09Z</time>
    <extensions>
     <gpxtpx:TrackPointExtension>
      <gpxtpx:hr>98</gpxtpx:hr>
      <gpxtpx:cad>0</gpxtpx:cad>
     </gpxtpx:TrackPointExtension>
    </extensions>
   </trkpt>
   <trkpt lat="47.8430470" lon="13.7758480">
    <ele>679.8</ele>
    <time>2026-03-07T11:10:14Z</time>
    <extensions>
     <gpxtpx:TrackPointExtension>
      <gpxtpx:hr>99</gpxtpx:hr>
      <gpxtpx:cad>0</gpxtpx:cad>
     </gpxtpx:TrackPointExtension>
    </extensions>
   </trkpt>
   <trkpt lat="47.8430320" lon="13.7758340">
    <ele>680.8</ele>
    <time>2026-03-07T11:10:19Z</time>
    <extensions>
     <gpxtpx:TrackPointExtension>
      <gpxtpx:hr>98</gpxtpx:hr>
      <gpxtpx:cad>62</gpxtpx:cad>
     </gpxtpx:TrackPointExtension>
    </extensions>
   </trkpt>
   <trkpt lat="47.8430240" lon="13.7758300">
    <ele>681.4</ele>
    <time>2026-03-07T11:10:21Z</time>
    <extensions>
     <gpxtpx:TrackPointExtension>
      <gpxtpx:hr>102</gpxtpx:hr>
      <gpxtpx:cad>62</gpxtpx:cad>
     </gpxtpx:TrackPointExtension>
    </extensions>
   </trkpt>
   <trkpt lat="47.8430220" lon="13.7758290">
    <ele>681.6</ele>
    <time>2026-03-07T11:10:22Z</time>
    <extensions>
     <gpxtpx:TrackPointExtension>
      <gpxtpx:hr>105</gpxtpx:hr>
      <gpxtpx:cad>62</gpxtpx:cad>
     </gpxtpx:TrackPointExtension>
    </extensions>
   </trkpt>
   <trkpt lat="47.8430210" lon="13.7758270">
    <ele>682.0</ele>
    <time>2026-03-07T11:10:23Z</time>
    <extensions>
     <gpxtpx:TrackPointExtension>
      <gpxtpx:hr>107</gpxtpx:hr>
      <gpxtpx:cad>62</gpxtpx:cad>
     </gpxtpx:TrackPointExtension>
    </extensions>
   </trkpt>
   <trkpt lat="47.8430200" lon="13.7758270">
    <ele>682.0</ele>
    <time>2026-03-07T11:10:24Z</time>
    <extensions>
     <gpxtpx:TrackPointExtension>
      <gpxtpx:hr>115</gpxtpx:hr>
      <gpxtpx:cad>0</gpxtpx:cad>
     </gpxtpx:TrackPointExtension>
    </extensions>
   </trkpt>
   <trkpt lat="47.8430180" lon="13.7758310">
    <ele>682.2</ele>
    <time>2026-03-07T11:10:25Z</time>
    <extensions>
     <gpxtpx:TrackPointExtension>
      <gpxtpx:hr>118</gpxtpx:hr>
      <gpxtpx:cad>0</gpxtpx:cad>
     </gpxtpx:TrackPointExtension>
    </extensions>
   </trkpt>
   <trkpt lat="47.8430120" lon="13.7758590">
    <ele>682.8</ele>
    <time>2026-03-07T11:10:30Z</time>
    <extensions>
     <gpxtpx:TrackPointExtension>
      <gpxtpx:hr>120</gpxtpx:hr>
      <gpxtpx:cad>0</gpxtpx:cad>
     </gpxtpx:TrackPointExtension>
    </extensions>
   </trkpt>
   <trkpt lat="47.8430120" lon="13.7758630">
    <ele>683.0</ele>
    <time>2026-03-07T11:10:31Z</time>
    <extensions>
     <gpxtpx:TrackPointExtension>
      <gpxtpx:hr>120</gpxtpx:hr>
      <gpxtpx:cad>0</gpxtpx:cad>
     </gpxtpx:TrackPointExtension>
    </extensions>
   </trkpt>
   <trkpt lat="47.8430160" lon="13.7758770">
    <ele>683.8</ele>
    <time>2026-03-07T11:10:40Z</time>
    <extensions>
     <gpxtpx:TrackPointExtension>
      <gpxtpx:hr>121</gpxtpx:hr>
      <gpxtpx:cad>0</gpxtpx:cad>
     </gpxtpx:TrackPointExtension>
    </extensions>
   </trkpt>
   <trkpt lat="47.8430150" lon="13.7758710">
    <ele>684.0</ele>
    <time>2026-03-07T11:10:50Z</time>
    <extensions>
     <gpxtpx:TrackPointExtension>
      <gpxtpx:hr>122</gpxtpx:hr>
      <gpxtpx:cad>0</gpxtpx:cad>
     </gpxtpx:TrackPointExtension>
    </extensions>
   </trkpt>
   <trkpt lat="47.8430150" lon="13.7758690">
    <ele>684.4</ele>
    <time>2026-03-07T11:10:52Z</time>
    <extensions>
     <gpxtpx:TrackPointExtension>
      <gpxtpx:hr>121</gpxtpx:hr>
      <gpxtpx:cad>0</gpxtpx:cad>
     </gpxtpx:TrackPointExtension>
    </extensions>
   </trkpt>
   <trkpt lat="47.8430060" lon="13.7758730">
    <ele>685.4</ele>
    <time>2026-03-07T11:10:56Z</time>
    <extensions>
     <gpxtpx:TrackPointExtension>
      <gpxtpx:hr>122</gpxtpx:hr>
      <gpxtpx:cad>0</gpxtpx:cad>
     </gpxtpx:TrackPointExtension>
    </extensions>
   </trkpt>
   <trkpt lat="47.8429990" lon="13.7758700">
    <ele>685.8</ele>
    <time>2026-03-07T11:10:58Z</time>
    <extensions>
     <gpxtpx:TrackPointExtension>
      <gpxtpx:hr>123</gpxtpx:hr>
      <gpxtpx:cad>0</gpxtpx:cad>
     </gpxtpx:TrackPointExtension>
    </extensions>
   </trkpt>
   <trkpt lat="47.8429830" lon="13.7758640">
    <ele>686.4</ele>
    <time>2026-03-07T11:11:02Z</time>
    <extensions>
     <gpxtpx:TrackPointExtension>
      <gpxtpx:hr>124</gpxtpx:hr>
      <gpxtpx:cad>64</gpxtpx:cad>
     </gpxtpx:TrackPointExtension>
    </extensions>
   </trkpt>
   <trkpt lat="47.8429710" lon="13.7758590">
    <ele>686.6</ele>
    <time>2026-03-07T11:11:05Z</time>
    <extensions>
     <gpxtpx:TrackPointExtension>
      <gpxtpx:hr>124</gpxtpx:hr>
      <gpxtpx:cad>0</gpxtpx:cad>
     </gpxtpx:TrackPointExtension>
    </extensions>
   </trkpt>
   <trkpt lat="47.8429520" lon="13.7758400">
    <ele>687.6</ele>
    <time>2026-03-07T11:11:10Z</time>
    <extensions>
     <gpxtpx:TrackPointExtension>
      <gpxtpx:hr>122</gpxtpx:hr>
      <gpxtpx:cad>0</gpxtpx:cad>
     </gpxtpx:TrackPointExtension>
    </extensions>
   </trkpt>
   <trkpt lat="47.8429440" lon="13.7758380">
    <ele>688.0</ele>
    <time>2026-03-07T11:11:12Z</time>
    <extensions>
     <gpxtpx:TrackPointExtension>
      <gpxtpx:hr>123</gpxtpx:hr>
      <gpxtpx:cad>69</gpxtpx:cad>
     </gpxtpx:TrackPointExtension>
    </extensions>
   </trkpt>
   <trkpt lat="47.8429310" lon="13.7758270">
    <ele>688.6</ele>
    <time>2026-03-07T11:11:15Z</time>
    <extensions>
     <gpxtpx:TrackPointExtension>
      <gpxtpx:hr>126</gpxtpx:hr>
      <gpxtpx:cad>66</gpxtpx:cad>
     </gpxtpx:TrackPointExtension>
    </extensions>
   </trkpt>
   <trkpt lat="47.8429110" lon="13.7758150">
    <ele>689.2</ele>
    <time>2026-03-07T11:11:19Z</time>
    <extensions>
     <gpxtpx:TrackPointExtension>
      <gpxtpx:hr>127</gpxtpx:hr>
      <gpxtpx:cad>66</gpxtpx:cad>
     </gpxtpx:TrackPointExtension>
    </extensions>
   </trkpt>
   <trkpt lat="47.8428850" lon="13.7758000">
    <ele>689.8</ele>
    <time>2026-03-07T11:11:23Z</time>
    <extensions>
     <gpxtpx:TrackPointExtension>
      <gpxtpx:hr>129</gpxtpx:hr>
      <gpxtpx:cad>74</gpxtpx:cad>
     </gpxtpx:TrackPointExtension>
    </extensions>
   </trkpt>
   <trkpt lat="47.8428700" lon="13.7757980">
    <ele>690.2</ele>
    <time>2026-03-07T11:11:27Z</time>
    <extensions>
     <gpxtpx:TrackPointExtension>
      <gpxtpx:hr>127</gpxtpx:hr>
      <gpxtpx:cad>0</gpxtpx:cad>
     </gpxtpx:TrackPointExtension>
    </extensions>
   </trkpt>
   <trkpt lat="47.8428650" lon="13.7758020">
    <ele>690.8</ele>
    <time>2026-03-07T11:11:30Z</time>
    <extensions>
     <gpxtpx:TrackPointExtension>
      <gpxtpx:hr>126</gpxtpx:hr>
      <gpxtpx:cad>0</gpxtpx:cad>
     </gpxtpx:TrackPointExtension>
    </extensions>
   </trkpt>
   <trkpt lat="47.8428640" lon="13.7758070">
    <ele>691.2</ele>
    <time>2026-03-07T11:11:36Z</time>
    <extensions>
     <gpxtpx:TrackPointExtension>
      <gpxtpx:hr>127</gpxtpx:hr>
      <gpxtpx:cad>0</gpxtpx:cad>
     </gpxtpx:TrackPointExtension>
    </extensions>
   </trkpt>
   <trkpt lat="47.8428320" lon="13.7757890">
    <ele>692.0</ele>
    <time>2026-03-07T11:11:43Z</time>
    <extensions>
     <gpxtpx:TrackPointExtension>
      <gpxtpx:hr>128</gpxtpx:hr>
      <gpxtpx:cad>68</gpxtpx:cad>
     </gpxtpx:TrackPointExtension>
    </extensions>
   </trkpt>
   <trkpt lat="47.8428210" lon="13.7757810">
    <ele>692.6</ele>
    <time>2026-03-07T11:11:45Z</time>
    <extensions>
     <gpxtpx:TrackPointExtension>
      <gpxtpx:hr>127</gpxtpx:hr>
      <gpxtpx:cad>68</gpxtpx:cad>
     </gpxtpx:TrackPointExtension>
    </extensions>
   </trkpt>
   <trkpt lat="47.8428160" lon="13.7757810">
    <ele>693.2</ele>
    <time>2026-03-07T11:11:47Z</time>
    <extensions>
     <gpxtpx:TrackPointExtension>
      <gpxtpx:hr>127</gpxtpx:hr>
      <gpxtpx:cad>0</gpxtpx:cad>
     </gpxtpx:TrackPointExtension>
    </extensions>
   </trkpt>
   <trkpt lat="47.8428110" lon="13.7757780">
    <ele>693.2</ele>
    <time>2026-03-07T11:11:52Z</time>
    <extensions>
     <gpxtpx:TrackPointExtension>
      <gpxtpx:hr>125</gpxtpx:hr>
      <gpxtpx:cad>0</gpxtpx:cad>
     </gpxtpx:TrackPointExtension>
    </extensions>
   </trkpt>
   <trkpt lat="47.8428090" lon="13.7757760">
    <ele>693.0</ele>
    <time>2026-03-07T11:11:58Z</time>
    <extensions>
     <gpxtpx:TrackPointExtension>
      <gpxtpx:hr>122</gpxtpx:hr>
      <gpxtpx:cad>0</gpxtpx:cad>
     </gpxtpx:TrackPointExtension>
    </extensions>
   </trkpt>
   <trkpt lat="47.8428090" lon="13.7757760">
    <ele>693.0</ele>
    <time>2026-03-07T11:12:01Z</time>
    <extensions>
     <gpxtpx:TrackPointExtension>
      <gpxtpx:hr>119</gpxtpx:hr>
      <gpxtpx:cad>0</gpxtpx:cad>
     </gpxtpx:TrackPointExtension>
    </extensions>
   </trkpt>
   <trkpt lat="47.8428020" lon="13.7757970">
    <ele>694.0</ele>
    <time>2026-03-07T11:12:09Z</time>
    <extensions>
     <gpxtpx:TrackPointExtension>
      <gpxtpx:hr>117</gpxtpx:hr>
      <gpxtpx:cad>0</gpxtpx:cad>
     </gpxtpx:TrackPointExtension>
    </extensions>
   </trkpt>
   <trkpt lat="47.8428010" lon="13.7758110">
    <ele>694.4</ele>
    <time>2026-03-07T11:12:11Z</time>
    <extensions>
     <gpxtpx:TrackPointExtension>
      <gpxtpx:hr>117</gpxtpx:hr>
      <gpxtpx:cad>0</gpxtpx:cad>
     </gpxtpx:TrackPointExtension>
    </extensions>
   </trkpt>
   <trkpt lat="47.8428020" lon="13.7758460">
    <ele>695.6</ele>
    <time>2026-03-07T11:12:17Z</time>
    <extensions>
     <gpxtpx:TrackPointExtension>
      <gpxtpx:hr>118</gpxtpx:hr>
      <gpxtpx:cad>0</gpxtpx:cad>
     </gpxtpx:TrackPointExtension>
    </extensions>
   </trkpt>
   <trkpt lat="47.8428020" lon="13.7758480">
    <ele>695.6</ele>
    <time>2026-03-07T11:12:18Z</time>
    <extensions>
     <gpxtpx:TrackPointExtension>
      <gpxtpx:hr>118</gpxtpx:hr>
      <gpxtpx:cad>0</gpxtpx:cad>
     </gpxtpx:TrackPointExtension>
    </extensions>
   </trkpt>
   <trkpt lat="47.8428060" lon="13.7758810">
    <ele>696.6</ele>
    <time>2026-03-07T11:12:24Z</time>
    <extensions>
     <gpxtpx:TrackPointExtension>
      <gpxtpx:hr>117</gpxtpx:hr>
      <gpxtpx:cad>0</gpxtpx:cad>
     </gpxtpx:TrackPointExtension>
    </extensions>
   </trkpt>
   <trkpt lat="47.8428060" lon="13.7758900">
    <ele>696.8</ele>
    <time>2026-03-07T11:12:26Z</time>
    <extensions>
     <gpxtpx:TrackPointExtension>
      <gpxtpx:hr>119</gpxtpx:hr>
      <gpxtpx:cad>70</gpxtpx:cad>
     </gpxtpx:TrackPointExtension>
    </extensions>
   </trkpt>
   <trkpt lat="47.8428130" lon="13.7759150">
    <ele>697.8</ele>
    <time>2026-03-07T11:12:31Z</time>
    <extensions>
     <gpxtpx:TrackPointExtension>
      <gpxtpx:hr>119</gpxtpx:hr>
      <gpxtpx:cad>62</gpxtpx:cad>
     </gpxtpx:TrackPointExtension>
    </extensions>
   </trkpt>
   <trkpt lat="47.8428150" lon="13.7759220">
    <ele>697.8</ele>
    <time>2026-03-07T11:12:32Z</time>
    <extensions>
     <gpxtpx:TrackPointExtension>
      <gpxtpx:hr>119</gpxtpx:hr>
      <gpxtpx:cad>62</gpxtpx:cad>
     </gpxtpx:TrackPointExtension>
    </extensions>
   </trkpt>
   <trkpt lat="47.8428300" lon="13.7759250">
    <ele>698.4</ele>
    <time>2026-03-07T11:12:38Z</time>
    <extensions>
     <gpxtpx:TrackPointExtension>
      <gpxtpx:hr>121</gpxtpx:hr>
      <gpxtpx:cad>0</gpxtpx:cad>
     </gpxtpx:TrackPointExtension>
    </extensions>
   </trkpt>
   <trkpt lat="47.8428300" lon="13.7759200">
    <ele>698.8</ele>
    <time>2026-03-07T11:12:42Z</time>
    <extensions>
     <gpxtpx:TrackPointExtension>
      <gpxtpx:hr>122</gpxtpx:hr>
      <gpxtpx:cad>0</gpxtpx:cad>
     </gpxtpx:TrackPointExtension>
    </extensions>
   </trkpt>
   <trkpt lat="47.8428170" lon="13.7759100">
    <ele>699.4</ele>
    <time>2026-03-07T11:12:46Z</time>
    <extensions>
     <gpxtpx:TrackPointExtension>
      <gpxtpx:hr>121</gpxtpx:hr>
      <gpxtpx:cad>0</gpxtpx:cad>
     </gpxtpx:TrackPointExtension>
    </extensions>
   </trkpt>
   <trkpt lat="47.8428080" lon="13.7759100">
    <ele>699.8</ele>
    <time>2026-03-07T11:12:48Z</time>
    <extensions>
     <gpxtpx:TrackPointExtension>
      <gpxtpx:hr>120</gpxtpx:hr>
      <gpxtpx:cad>0</gpxtpx:cad>
     </gpxtpx:TrackPointExtension>
    </extensions>
   </trkpt>
   <trkpt lat="47.8427850" lon="13.7758970">
    <ele>700.8</ele>
    <time>2026-03-07T11:12:53Z</time>
    <extensions>
     <gpxtpx:TrackPointExtension>
      <gpxtpx:hr>120</gpxtpx:hr>
      <gpxtpx:cad>68</gpxtpx:cad>
     </gpxtpx:TrackPointExtension>
    </extensions>
   </trkpt>
   <trkpt lat="47.8427800" lon="13.7758940">
    <ele>701.0</ele>
    <time>2026-03-07T11:12:54Z</time>
    <extensions>
     <gpxtpx:TrackPointExtension>
      <gpxtpx:hr>121</gpxtpx:hr>
      <gpxtpx:cad>68</gpxtpx:cad>
     </gpxtpx:TrackPointExtension>
    </extensions>
   </trkpt>
   <trkpt lat="47.8427550" lon="13.7758940">
    <ele>702.0</ele>
    <time>2026-03-07T11:12:59Z</time>
    <extensions>
     <gpxtpx:TrackPointExtension>
      <gpxtpx:hr>120</gpxtpx:hr>
      <gpxtpx:cad>0</gpxtpx:cad>
     </gpxtpx:TrackPointExtension>
    </extensions>
   </trkpt>
   <trkpt lat="47.8427480" lon="13.7758940">
    <ele>702.2</ele>
    <time>2026-03-07T11:13:00Z</time>
    <extensions>
     <gpxtpx:TrackPointExtension>
      <gpxtpx:hr>121</gpxtpx:hr>
      <gpxtpx:cad>0</gpxtpx:cad>
     </gpxtpx:TrackPointExtension>
    </extensions>
   </trkpt>
   <trkpt lat="47.8427320" lon="13.7758820">
    <ele>703.0</ele>
    <time>2026-03-07T11:13:05Z</time>
    <extensions>
     <gpxtpx:TrackPointExtension>
      <gpxtpx:hr>118</gpxtpx:hr>
      <gpxtpx:cad>0</gpxtpx:cad>
     </gpxtpx:TrackPointExtension>
    </extensions>
   </trkpt>
   <trkpt lat="47.8427280" lon="13.7758790">
    <ele>703.6</ele>
    <time>2026-03-07T11:13:07Z</time>
    <extensions>
     <gpxtpx:TrackPointExtension>
      <gpxtpx:hr>117</gpxtpx:hr>
      <gpxtpx:cad>0</gpxtpx:cad>
     </gpxtpx:TrackPointExtension>
    </extensions>
   </trkpt>
   <trkpt lat="47.8427150" lon="13.7758760">
    <ele>704.4</ele>
    <time>2026-03-07T11:13:10Z</time>
    <extensions>
     <gpxtpx:TrackPointExtension>
      <gpxtpx:hr>118</gpxtpx:hr>
      <gpxtpx:cad>74</gpxtpx:cad>
     </gpxtpx:TrackPointExtension>
    </extensions>
   </trkpt>
   <trkpt lat="47.8426910" lon="13.7758760">
    <ele>705.0</ele>
    <time>2026-03-07T11:13:14Z</time>
    <extensions>
     <gpxtpx:TrackPointExtension>
      <gpxtpx:hr>121</gpxtpx:hr>
      <gpxtpx:cad>69</gpxtpx:cad>
     </gpxtpx:TrackPointExtension>
    </extensions>
   </trkpt>
   <trkpt lat="47.8426880" lon="13.7758780">
    <ele>705.2</ele>
    <time>2026-03-07T11:13:15Z</time>
    <extensions>
     <gpxtpx:TrackPointExtension>
      <gpxtpx:hr>121</gpxtpx:hr>
      <gpxtpx:cad>69</gpxtpx:cad>
     </gpxtpx:TrackPointExtension>
    </extensions>
   </trkpt>
   <trkpt lat="47.8426850" lon="13.7758790">
    <ele>705.4</ele>
    <time>2026-03-07T11:13:16Z</time>
    <extensions>
     <gpxtpx:TrackPointExtension>
      <gpxtpx:hr>121</gpxtpx:hr>
      <gpxtpx:cad>69</gpxtpx:cad>
     </gpxtpx:TrackPointExtension>
    </extensions>
   </trkpt>
   <trkpt lat="47.8426780" lon="13.7758790">
    <ele>706.2</ele>
    <time>2026-03-07T11:13:19Z</time>
    <extensions>
     <gpxtpx:TrackPointExtension>
      <gpxtpx:hr>122</gpxtpx:hr>
      <gpxtpx:cad>67</gpxtpx:cad>
     </gpxtpx:TrackPointExtension>
    </extensions>
   </trkpt>
   <trkpt lat="47.8426750" lon="13.7758800">
    <ele>706.4</ele>
    <time>2026-03-07T11:13:20Z</time>
    <extensions>
     <gpxtpx:TrackPointExtension>
      <gpxtpx:hr>122</gpxtpx:hr>
      <gpxtpx:cad>70</gpxtpx:cad>
     </gpxtpx:TrackPointExtension>
    </extensions>
   </trkpt>
   <trkpt lat="47.8426700" lon="13.7758830">
    <ele>706.8</ele>
    <time>2026-03-07T11:13:22Z</time>
    <extensions>
     <gpxtpx:TrackPointExtension>
      <gpxtpx:hr>125</gpxtpx:hr>
      <gpxtpx:cad>73</gpxtpx:cad>
     </gpxtpx:TrackPointExtension>
    </extensions>
   </trkpt>
   <trkpt lat="47.8426670" lon="13.7758870">
    <ele>707.0</ele>
    <time>2026-03-07T11:13:23Z</time>
    <extensions>
     <gpxtpx:TrackPointExtension>
      <gpxtpx:hr>129</gpxtpx:hr>
      <gpxtpx:cad>0</gpxtpx:cad>
     </gpxtpx:TrackPointExtension>
    </extensions>
   </trkpt>
   <trkpt lat="47.8426630" lon="13.7758920">
    <ele>707.2</ele>
    <time>2026-03-07T11:13:24Z</time>
    <extensions>
     <gpxtpx:TrackPointExtension>
      <gpxtpx:hr>131</gpxtpx:hr>
      <gpxtpx:cad>0</gpxtpx:cad>
     </gpxtpx:TrackPointExtension>
    </extensions>
   </trkpt>
   <trkpt lat="47.8426600" lon="13.7758960">
    <ele>707.4</ele>
    <time>2026-03-07T11:13:25Z</time>
    <extensions>
     <gpxtpx:TrackPointExtension>
      <gpxtpx:hr>136</gpxtpx:hr>
      <gpxtpx:cad>0</gpxtpx:cad>
     </gpxtpx:TrackPointExtension>
    </extensions>
   </trkpt>
   <trkpt lat="47.8426550" lon="13.7759010">
    <ele>707.6</ele>
    <time>2026-03-07T11:13:26Z</time>
    <extensions>
     <gpxtpx:TrackPointExtension>
      <gpxtpx:hr>137</gpxtpx:hr>
      <gpxtpx:cad>0</gpxtpx:cad>
     </gpxtpx:TrackPointExtension>
    </extensions>
   </trkpt>
   <trkpt lat="47.8426540" lon="13.7759360">
    <ele>708.8</ele>
    <time>2026-03-07T11:13:31Z</time>
    <extensions>
     <gpxtpx:TrackPointExtension>
      <gpxtpx:hr>137</gpxtpx:hr>
      <gpxtpx:cad>0</gpxtpx:cad>
     </gpxtpx:TrackPointExtension>
    </extensions>
   </trkpt>
   <trkpt lat="47.8426620" lon="13.7759560">
    <ele>708.8</ele>
    <time>2026-03-07T11:13:33Z</time>
    <extensions>
     <gpxtpx:TrackPointExtension>
      <gpxtpx:hr>137</gpxtpx:hr>
      <gpxtpx:cad>0</gpxtpx:cad>
     </gpxtpx:TrackPointExtension>
    </extensions>
   </trkpt>
   <trkpt lat="47.8426910" lon="13.7760060">
    <ele>709.8</ele>
    <time>2026-03-07T11:13:41Z</time>
    <extensions>
     <gpxtpx:TrackPointExtension>
      <gpxtpx:hr>136</gpxtpx:hr>
      <gpxtpx:cad>70</gpxtpx:cad>
     </gpxtpx:TrackPointExtension>
    </extensions>
   </trkpt>
   <trkpt lat="47.8426940" lon="13.7760200">
    <ele>711.0</ele>
    <time>2026-03-07T11:13:48Z</time>
    <extensions>
     <gpxtpx:TrackPointExtension>
      <gpxtpx:hr>137</gpxtpx:hr>
      <gpxtpx:cad>70</gpxtpx:cad>
     </gpxtpx:TrackPointExtension>
    </extensions>
   </trkpt>
   <trkpt lat="47.8426910" lon="13.7760200">
    <ele>711.2</ele>
    <time>2026-03-07T11:13:49Z</time>
    <extensions>
     <gpxtpx:TrackPointExtension>
      <gpxtpx:hr>136</gpxtpx:hr>
      <gpxtpx:cad>73</gpxtpx:cad>
     </gpxtpx:TrackPointExtension>
    </extensions>
   </trkpt>
   <trkpt lat="47.8426850" lon="13.7760140">
    <ele>712.0</ele>
    <time>2026-03-07T11:13:56Z</time>
    <extensions>
     <gpxtpx:TrackPointExtension>
      <gpxtpx:hr>136</gpxtpx:hr>
      <gpxtpx:cad>0</gpxtpx:cad>
     </gpxtpx:TrackPointExtension>
    </extensions>
   </trkpt>
   <trkpt lat="47.8426850" lon="13.7760120">
    <ele>712.0</ele>
    <time>2026-03-07T11:13:58Z</time>
    <extensions>
     <gpxtpx:TrackPointExtension>
      <gpxtpx:hr>135</gpxtpx:hr>
      <gpxtpx:cad>0</gpxtpx:cad>
     </gpxtpx:TrackPointExtension>
    </extensions>
   </trkpt>
   <trkpt lat="47.8426850" lon="13.7760110">
    <ele>712.2</ele>
    <time>2026-03-07T11:14:09Z</time>
    <extensions>
     <gpxtpx:TrackPointExtension>
      <gpxtpx:hr>134</gpxtpx:hr>
      <gpxtpx:cad>0</gpxtpx:cad>
     </gpxtpx:TrackPointExtension>
    </extensions>
   </trkpt>
   <trkpt lat="47.8426660" lon="13.7760140">
    <ele>713.0</ele>
    <time>2026-03-07T11:14:17Z</time>
    <extensions>
     <gpxtpx:TrackPointExtension>
      <gpxtpx:hr>131</gpxtpx:hr>
      <gpxtpx:cad>0</gpxtpx:cad>
     </gpxtpx:TrackPointExtension>
    </extensions>
   </trkpt>
   <trkpt lat="47.8426610" lon="13.7760140">
    <ele>713.2</ele>
    <time>2026-03-07T11:14:18Z</time>
    <extensions>
     <gpxtpx:TrackPointExtension>
      <gpxtpx:hr>128</gpxtpx:hr>
      <gpxtpx:cad>0</gpxtpx:cad>
     </gpxtpx:TrackPointExtension>
    </extensions>
   </trkpt>
   <trkpt lat="47.8426400" lon="13.7760090">
    <ele>714.2</ele>
    <time>2026-03-07T11:14:24Z</time>
    <extensions>
     <gpxtpx:TrackPointExtension>
      <gpxtpx:hr>126</gpxtpx:hr>
      <gpxtpx:cad>67</gpxtpx:cad>
     </gpxtpx:TrackPointExtension>
    </extensions>
   </trkpt>
   <trkpt lat="47.8426160" lon="13.7760030">
    <ele>715.4</ele>
    <time>2026-03-07T11:14:29Z</time>
    <extensions>
     <gpxtpx:TrackPointExtension>
      <gpxtpx:hr>127</gpxtpx:hr>
      <gpxtpx:cad>70</gpxtpx:cad>
     </gpxtpx:TrackPointExtension>
    </extensions>
   </trkpt>
   <trkpt lat="47.8426050" lon="13.7760140">
    <ele>715.6</ele>
    <time>2026-03-07T11:14:32Z</time>
    <extensions>
     <gpxtpx:TrackPointExtension>
      <gpxtpx:hr>127</gpxtpx:hr>
      <gpxtpx:cad>70</gpxtpx:cad>
     </gpxtpx:TrackPointExtension>
    </extensions>
   </trkpt>
   <trkpt lat="47.8425990" lon="13.7760320">
    <ele>716.8</ele>
    <time>2026-03-07T11:14:36Z</time>
    <extensions>
     <gpxtpx:TrackPointExtension>
      <gpxtpx:hr>127</gpxtpx:hr>
      <gpxtpx:cad>0</gpxtpx:cad>
     </gpxtpx:TrackPointExtension>
    </extensions>
   </trkpt>
   <trkpt lat="47.8425990" lon="13.7760420">
    <ele>717.2</ele>
    <time>2026-03-07T11:14:40Z</time>
    <extensions>
     <gpxtpx:TrackPointExtension>
      <gpxtpx:hr>127</gpxtpx:hr>
      <gpxtpx:cad>0</gpxtpx:cad>
     </gpxtpx:TrackPointExtension>
    </extensions>
   </trkpt>
   <trkpt lat="47.8426050" lon="13.7760580">
    <ele>717.8</ele>
    <time>2026-03-07T11:14:45Z</time>
    <extensions>
     <gpxtpx:TrackPointExtension>
      <gpxtpx:hr>125</gpxtpx:hr>
      <gpxtpx:cad>0</gpxtpx:cad>
     </gpxtpx:TrackPointExtension>
    </extensions>
   </trkpt>
   <trkpt lat="47.8426070" lon="13.7760590">
    <ele>718.8</ele>
    <time>2026-03-07T11:14:50Z</time>
    <extensions>
     <gpxtpx:TrackPointExtension>
      <gpxtpx:hr>126</gpxtpx:hr>
      <gpxtpx:cad>0</gpxtpx:cad>
     </gpxtpx:TrackPointExtension>
    </extensions>
   </trkpt>
   <trkpt lat="47.8425920" lon="13.7760580">
    <ele>719.8</ele>
    <time>2026-03-07T11:14:57Z</time>
    <extensions>
     <gpxtpx:TrackPointExtension>
      <gpxtpx:hr>128</gpxtpx:hr>
      <gpxtpx:cad>0</gpxtpx:cad>
     </gpxtpx:TrackPointExtension>
    </extensions>
   </trkpt>
   <trkpt lat="47.8425880" lon="13.7760580">
    <ele>720.4</ele>
    <time>2026-03-07T11:14:59Z</time>
    <extensions>
     <gpxtpx:TrackPointExtension>
      <gpxtpx:hr>130</gpxtpx:hr>
      <gpxtpx:cad>0</gpxtpx:cad>
     </gpxtpx:TrackPointExtension>
    </extensions>
   </trkpt>
   <trkpt lat="47.8425860" lon="13.7760580">
    <ele>720.8</ele>
    <time>2026-03-07T11:15:01Z</time>
    <extensions>
     <gpxtpx:TrackPointExtension>
      <gpxtpx:hr>131</gpxtpx:hr>
      <gpxtpx:cad>0</gpxtpx:cad>
     </gpxtpx:TrackPointExtension>
    </extensions>
   </trkpt>
   <trkpt lat="47.8425690" lon="13.7760560">
    <ele>720.8</ele>
    <time>2026-03-07T11:15:08Z</time>
    <extensions>
     <gpxtpx:TrackPointExtension>
      <gpxtpx:hr>132</gpxtpx:hr>
      <gpxtpx:cad>0</gpxtpx:cad>
     </gpxtpx:TrackPointExtension>
    </extensions>
   </trkpt>
   <trkpt lat="47.8425350" lon="13.7760390">
    <ele>722.0</ele>
    <time>2026-03-07T11:15:14Z</time>
    <extensions>
     <gpxtpx:TrackPointExtension>
      <gpxtpx:hr>129</gpxtpx:hr>
      <gpxtpx:cad>0</gpxtpx:cad>
     </gpxtpx:TrackPointExtension>
    </extensions>
   </trkpt>
   <trkpt lat="47.8425270" lon="13.7760370">
    <ele>722.4</ele>
    <time>2026-03-07T11:15:16Z</time>
    <extensions>
     <gpxtpx:TrackPointExtension>
      <gpxtpx:hr>126</gpxtpx:hr>
      <gpxtpx:cad>0</gpxtpx:cad>
     </gpxtpx:TrackPointExtension>
    </extensions>
   </trkpt>
   <trkpt lat="47.8425120" lon="13.7760330">
    <ele>723.0</ele>
    <time>2026-03-07T11:15:20Z</time>
    <extensions>
     <gpxtpx:TrackPointExtension>
      <gpxtpx:hr>127</gpxtpx:hr>
      <gpxtpx:cad>72</gpxtpx:cad>
     </gpxtpx:TrackPointExtension>
    </extensions>
   </trkpt>
   <trkpt lat="47.8425100" lon="13.7760300">
    <ele>723.4</ele>
    <time>2026-03-07T11:15:22Z</time>
    <extensions>
     <gpxtpx:TrackPointExtension>
      <gpxtpx:hr>128</gpxtpx:hr>
      <gpxtpx:cad>0</gpxtpx:cad>
     </gpxtpx:TrackPointExtension>
    </extensions>
   </trkpt>
   <trkpt lat="47.8425050" lon="13.7760200">
    <ele>723.6</ele>
    <time>2026-03-07T11:15:34Z</time>
    <extensions>
     <gpxtpx:TrackPointExtension>
      <gpxtpx:hr>125</gpxtpx:hr>
      <gpxtpx:cad>0</gpxtpx:cad>
     </gpxtpx:TrackPointExtension>
    </extensions>
   </trkpt>
   <trkpt lat="47.8425030" lon="13.7760210">
    <ele>723.6</ele>
    <time>2026-03-07T11:15:35Z</time>
    <extensions>
     <gpxtpx:TrackPointExtension>
      <gpxtpx:hr>125</gpxtpx:hr>
      <gpxtpx:cad>0</gpxtpx:cad>
     </gpxtpx:TrackPointExtension>
    </extensions>
   </trkpt>
   <trkpt lat="47.8425010" lon="13.7760240">
    <ele>723.6</ele>
    <time>2026-03-07T11:15:38Z</time>
    <extensions>
     <gpxtpx:TrackPointExtension>
      <gpxtpx:hr>122</gpxtpx:hr>
      <gpxtpx:cad>0</gpxtpx:cad>
     </gpxtpx:TrackPointExtension>
    </extensions>
   </trkpt>
   <trkpt lat="47.8424980" lon="13.7760230">
    <ele>724.0</ele>
    <time>2026-03-07T11:15:41Z</time>
    <extensions>
     <gpxtpx:TrackPointExtension>
      <gpxtpx:hr>120</gpxtpx:hr>
      <gpxtpx:cad>0</gpxtpx:cad>
     </gpxtpx:TrackPointExtension>
    </extensions>
   </trkpt>
   <trkpt lat="47.8424980" lon="13.7760250">
    <ele>724.2</ele>
    <time>2026-03-07T11:15:42Z</time>
    <extensions>
     <gpxtpx:TrackPointExtension>
      <gpxtpx:hr>119</gpxtpx:hr>
      <gpxtpx:cad>0</gpxtpx:cad>
     </gpxtpx:TrackPointExtension>
    </extensions>
   </trkpt>
   <trkpt lat="47.8424890" lon="13.7760320">
    <ele>724.4</ele>
    <time>2026-03-07T11:15:50Z</time>
    <extensions>
     <gpxtpx:TrackPointExtension>
      <gpxtpx:hr>116</gpxtpx:hr>
      <gpxtpx:cad>0</gpxtpx:cad>
     </gpxtpx:TrackPointExtension>
    </extensions>
   </trkpt>
   <trkpt lat="47.8424900" lon="13.7760330">
    <ele>724.4</ele>
    <time>2026-03-07T11:15:52Z</time>
    <extensions>
     <gpxtpx:TrackPointExtension>
      <gpxtpx:hr>116</gpxtpx:hr>
      <gpxtpx:cad>0</gpxtpx:cad>
     </gpxtpx:TrackPointExtension>
    </extensions>
   </trkpt>
   <trkpt lat="47.8424950" lon="13.7760370">
    <ele>724.6</ele>
    <time>2026-03-07T11:15:57Z</time>
    <extensions>
     <gpxtpx:TrackPointExtension>
      <gpxtpx:hr>113</gpxtpx:hr>
      <gpxtpx:cad>0</gpxtpx:cad>
     </gpxtpx:TrackPointExtension>
    </extensions>
   </trkpt>
   <trkpt lat="47.8424970" lon="13.7760360">
    <ele>724.8</ele>
    <time>2026-03-07T11:15:58Z</time>
    <extensions>
     <gpxtpx:TrackPointExtension>
      <gpxtpx:hr>113</gpxtpx:hr>
      <gpxtpx:cad>0</gpxtpx:cad>
     </gpxtpx:TrackPointExtension>
    </extensions>
   </trkpt>
   <trkpt lat="47.8425010" lon="13.7760420">
    <ele>725.4</ele>
    <time>2026-03-07T11:16:02Z</time>
    <extensions>
     <gpxtpx:TrackPointExtension>
      <gpxtpx:hr>112</gpxtpx:hr>
      <gpxtpx:cad>0</gpxtpx:cad>
     </gpxtpx:TrackPointExtension>
    </extensions>
   </trkpt>
   <trkpt lat="47.8425010" lon="13.7760500">
    <ele>726.0</ele>
    <time>2026-03-07T11:16:04Z</time>
    <extensions>
     <gpxtpx:TrackPointExtension>
      <gpxtpx:hr>113</gpxtpx:hr>
      <gpxtpx:cad>0</gpxtpx:cad>
     </gpxtpx:TrackPointExtension>
    </extensions>
   </trkpt>
   <trkpt lat="47.8425010" lon="13.7760540">
    <ele>726.4</ele>
    <time>2026-03-07T11:16:05Z</time>
    <extensions>
     <gpxtpx:TrackPointExtension>
      <gpxtpx:hr>112</gpxtpx:hr>
      <gpxtpx:cad>0</gpxtpx:cad>
     </gpxtpx:TrackPointExtension>
    </extensions>
   </trkpt>
   <trkpt lat="47.8425060" lon="13.7760510">
    <ele>726.6</ele>
    <time>2026-03-07T11:16:09Z</time>
    <extensions>
     <gpxtpx:TrackPointExtension>
      <gpxtpx:hr>115</gpxtpx:hr>
      <gpxtpx:cad>0</gpxtpx:cad>
     </gpxtpx:TrackPointExtension>
    </extensions>
   </trkpt>
   <trkpt lat="47.8424950" lon="13.7760460">
    <ele>725.4</ele>
    <time>2026-03-07T11:16:12Z</time>
    <extensions>
     <gpxtpx:TrackPointExtension>
      <gpxtpx:hr>119</gpxtpx:hr>
      <gpxtpx:cad>0</gpxtpx:cad>
     </gpxtpx:TrackPointExtension>
    </extensions>
   </trkpt>
   <trkpt lat="47.8424840" lon="13.7760410">
    <ele>725.6</ele>
    <time>2026-03-07T11:16:15Z</time>
    <extensions>
     <gpxtpx:TrackPointExtension>
      <gpxtpx:hr>115</gpxtpx:hr>
      <gpxtpx:cad>0</gpxtpx:cad>
     </gpxtpx:TrackPointExtension>
    </extensions>
   </trkpt>
   <trkpt lat="47.8424720" lon="13.7760340">
    <ele>726.4</ele>
    <time>2026-03-07T11:16:18Z</time>
    <extensions>
     <gpxtpx:TrackPointExtension>
      <gpxtpx:hr>110</gpxtpx:hr>
      <gpxtpx:cad>0</gpxtpx:cad>
     </gpxtpx:TrackPointExtension>
    </extensions>
   </trkpt>
   <trkpt lat="47.8424670" lon="13.7760320">
    <ele>726.4</ele>
    <time>2026-03-07T11:16:19Z</time>
    <extensions>
     <gpxtpx:TrackPointExtension>
      <gpxtpx:hr>109</gpxtpx:hr>
      <gpxtpx:cad>69</gpxtpx:cad>
     </gpxtpx:TrackPointExtension>
    </extensions>
   </trkpt>
   <trkpt lat="47.8424600" lon="13.7760300">
    <ele>726.8</ele>
    <time>2026-03-07T11:16:21Z</time>
    <extensions>
     <gpxtpx:TrackPointExtension>
      <gpxtpx:hr>107</gpxtpx:hr>
      <gpxtpx:cad>75</gpxtpx:cad>
     </gpxtpx:TrackPointExtension>
    </extensions>
   </trkpt>
   <trkpt lat="47.8424550" lon="13.7760330">
    <ele>727.6</ele>
    <time>2026-03-07T11:16:24Z</time>
    <extensions>
     <gpxtpx:TrackPointExtension>
      <gpxtpx:hr>107</gpxtpx:hr>
      <gpxtpx:cad>71</gpxtpx:cad>
     </gpxtpx:TrackPointExtension>
    </extensions>
   </trkpt>
   <trkpt lat="47.8424460" lon="13.7760430">
    <ele>728.0</ele>
    <time>2026-03-07T11:16:27Z</time>
    <extensions>
     <gpxtpx:TrackPointExtension>
      <gpxtpx:hr>108</gpxtpx:hr>
      <gpxtpx:cad>0</gpxtpx:cad>
     </gpxtpx:TrackPointExtension>
    </extensions>
   </trkpt>
   <trkpt lat="47.8424370" lon="13.7760680">
    <ele>728.8</ele>
    <time>2026-03-07T11:16:31Z</time>
    <extensions>
     <gpxtpx:TrackPointExtension>
      <gpxtpx:hr>107</gpxtpx:hr>
      <gpxtpx:cad>0</gpxtpx:cad>
     </gpxtpx:TrackPointExtension>
    </extensions>
   </trkpt>
   <trkpt lat="47.8424330" lon="13.7760800">
    <ele>729.4</ele>
    <time>2026-03-07T11:16:33Z</time>
    <extensions>
     <gpxtpx:TrackPointExtension>
      <gpxtpx:hr>108</gpxtpx:hr>
      <gpxtpx:cad>0</gpxtpx:cad>
     </gpxtpx:TrackPointExtension>
    </extensions>
   </trkpt>
   <trkpt lat="47.8424300" lon="13.7760920">
    <ele>729.8</ele>
    <time>2026-03-07T11:16:36Z</time>
    <extensions>
     <gpxtpx:TrackPointExtension>
      <gpxtpx:hr>111</gpxtpx:hr>
      <gpxtpx:cad>0</gpxtpx:cad>
     </gpxtpx:TrackPointExtension>
    </extensions>
   </trkpt>
   <trkpt lat="47.8424290" lon="13.7760960">
    <ele>730.0</ele>
    <time>2026-03-07T11:16:37Z</time>
    <extensions>
     <gpxtpx:TrackPointExtension>
      <gpxtpx:hr>111</gpxtpx:hr>
      <gpxtpx:cad>60</gpxtpx:cad>
     </gpxtpx:TrackPointExtension>
    </extensions>
   </trkpt>
   <trkpt lat="47.8424260" lon="13.7761040">
    <ele>730.2</ele>
    <time>2026-03-07T11:16:39Z</time>
    <extensions>
     <gpxtpx:TrackPointExtension>
      <gpxtpx:hr>116</gpxtpx:hr>
      <gpxtpx:cad>60</gpxtpx:cad>
     </gpxtpx:TrackPointExtension>
    </extensions>
   </trkpt>
   <trkpt lat="47.8424250" lon="13.7761080">
    <ele>730.4</ele>
    <time>2026-03-07T11:16:40Z</time>
    <extensions>
     <gpxtpx:TrackPointExtension>
      <gpxtpx:hr>116</gpxtpx:hr>
      <gpxtpx:cad>71</gpxtpx:cad>
     </gpxtpx:TrackPointExtension>
    </extensions>
   </trkpt>
   <trkpt lat="47.8424240" lon="13.7761110">
    <ele>730.8</ele>
    <time>2026-03-07T11:16:42Z</time>
    <extensions>
     <gpxtpx:TrackPointExtension>
      <gpxtpx:hr>117</gpxtpx:hr>
      <gpxtpx:cad>71</gpxtpx:cad>
     </gpxtpx:TrackPointExtension>
    </extensions>
   </trkpt>
   <trkpt lat="47.8424230" lon="13.7761160">
    <ele>731.2</ele>
    <time>2026-03-07T11:16:43Z</time>
    <extensions>
     <gpxtpx:TrackPointExtension>
      <gpxtpx:hr>117</gpxtpx:hr>
      <gpxtpx:cad>71</gpxtpx:cad>
     </gpxtpx:TrackPointExtension>
    </extensions>
   </trkpt>
   <trkpt lat="47.8424230" lon="13.7761190">
    <ele>731.4</ele>
    <time>2026-03-07T11:16:44Z</time>
    <extensions>
     <gpxtpx:TrackPointExtension>
      <gpxtpx:hr>120</gpxtpx:hr>
      <gpxtpx:cad>70</gpxtpx:cad>
     </gpxtpx:TrackPointExtension>
    </extensions>
   </trkpt>
   <trkpt lat="47.8424220" lon="13.7761240">
    <ele>731.8</ele>
    <time>2026-03-07T11:16:46Z</time>
    <extensions>
     <gpxtpx:TrackPointExtension>
      <gpxtpx:hr>124</gpxtpx:hr>
      <gpxtpx:cad>70</gpxtpx:cad>
     </gpxtpx:TrackPointExtension>
    </extensions>
   </trkpt>
   <trkpt lat="47.8424220" lon="13.7761240">
    <ele>732.2</ele>
    <time>2026-03-07T11:16:48Z</time>
    <extensions>
     <gpxtpx:TrackPointExtension>
      <gpxtpx:hr>125</gpxtpx:hr>
      <gpxtpx:cad>62</gpxtpx:cad>
     </gpxtpx:TrackPointExtension>
    </extensions>
   </trkpt>
   <trkpt lat="47.8424220" lon="13.7761210">
    <ele>732.4</ele>
    <time>2026-03-07T11:16:50Z</time>
    <extensions>
     <gpxtpx:TrackPointExtension>
      <gpxtpx:hr>126</gpxtpx:hr>
      <gpxtpx:cad>62</gpxtpx:cad>
     </gpxtpx:TrackPointExtension>
    </extensions>
   </trkpt>
   <trkpt lat="47.8424140" lon="13.7761130">
    <ele>733.2</ele>
    <time>2026-03-07T11:16:54Z</time>
    <extensions>
     <gpxtpx:TrackPointExtension>
      <gpxtpx:hr>127</gpxtpx:hr>
      <gpxtpx:cad>61</gpxtpx:cad>
     </gpxtpx:TrackPointExtension>
    </extensions>
   </trkpt>
   <trkpt lat="47.8424050" lon="13.7761090">
    <ele>733.8</ele>
    <time>2026-03-07T11:16:57Z</time>
    <extensions>
     <gpxtpx:TrackPointExtension>
      <gpxtpx:hr>128</gpxtpx:hr>
      <gpxtpx:cad>62</gpxtpx:cad>
     </gpxtpx:TrackPointExtension>
    </extensions>
   </trkpt>
   <trkpt lat="47.8423880" lon="13.7761090">
    <ele>734.2</ele>
    <time>2026-03-07T11:17:00Z</time>
    <extensions>
     <gpxtpx:TrackPointExtension>
      <gpxtpx:hr>132</gpxtpx:hr>
      <gpxtpx:cad>62</gpxtpx:cad>
     </gpxtpx:TrackPointExtension>
    </extensions>
   </trkpt>
   <trkpt lat="47.8423730" lon="13.7761340">
    <ele>734.6</ele>
    <time>2026-03-07T11:17:04Z</time>
    <extensions>
     <gpxtpx:TrackPointExtension>
      <gpxtpx:hr>134</gpxtpx:hr>
      <gpxtpx:cad>74</gpxtpx:cad>
     </gpxtpx:TrackPointExtension>
    </extensions>
   </trkpt>
   <trkpt lat="47.8423740" lon="13.7761560">
    <ele>735.4</ele>
    <time>2026-03-07T11:17:09Z</time>
    <extensions>
     <gpxtpx:TrackPointExtension>
      <gpxtpx:hr>134</gpxtpx:hr>
      <gpxtpx:cad>54</gpxtpx:cad>
     </gpxtpx:TrackPointExtension>
    </extensions>
   </trkpt>
   <trkpt lat="47.8423750" lon="13.7761660">
    <ele>735.6</ele>
    <time>2026-03-07T11:17:12Z</time>
    <extensions>
     <gpxtpx:TrackPointExtension>
      <gpxtpx:hr>133</gpxtpx:hr>
      <gpxtpx:cad>0</gpxtpx:cad>
     </gpxtpx:TrackPointExtension>
    </extensions>
   </trkpt>
   <trkpt lat="47.8423770" lon="13.7761810">
    <ele>736.6</ele>
    <time>2026-03-07T11:17:17Z</time>
    <extensions>
     <gpxtpx:TrackPointExtension>
      <gpxtpx:hr>134</gpxtpx:hr>
      <gpxtpx:cad>0</gpxtpx:cad>
     </gpxtpx:TrackPointExtension>
    </extensions>
   </trkpt>
   <trkpt lat="47.8423800" lon="13.7761940">
    <ele>737.8</ele>
    <time>2026-03-07T11:17:22Z</time>
    <extensions>
     <gpxtpx:TrackPointExtension>
      <gpxtpx:hr>132</gpxtpx:hr>
      <gpxtpx:cad>62</gpxtpx:cad>
     </gpxtpx:TrackPointExtension>
    </extensions>
   </trkpt>
   <trkpt lat="47.8423810" lon="13.7761950">
    <ele>738.0</ele>
    <time>2026-03-07T11:17:23Z</time>
    <extensions>
     <gpxtpx:TrackPointExtension>
      <gpxtpx:hr>132</gpxtpx:hr>
      <gpxtpx:cad>61</gpxtpx:cad>
     </gpxtpx:TrackPointExtension>
    </extensions>
   </trkpt>
   <trkpt lat="47.8423860" lon="13.7761890">
    <ele>739.0</ele>
    <time>2026-03-07T11:17:29Z</time>
    <extensions>
     <gpxtpx:TrackPointExtension>
      <gpxtpx:hr>134</gpxtpx:hr>
      <gpxtpx:cad>0</gpxtpx:cad>
     </gpxtpx:TrackPointExtension>
    </extensions>
   </trkpt>
   <trkpt lat="47.8423800" lon="13.7761890">
    <ele>739.2</ele>
    <time>2026-03-07T11:17:32Z</time>
    <extensions>
     <gpxtpx:TrackPointExtension>
      <gpxtpx:hr>135</gpxtpx:hr>
      <gpxtpx:cad>0</gpxtpx:cad>
     </gpxtpx:TrackPointExtension>
    </extensions>
   </trkpt>
   <trkpt lat="47.8423510" lon="13.7762050">
    <ele>740.0</ele>
    <time>2026-03-07T11:17:39Z</time>
    <extensions>
     <gpxtpx:TrackPointExtension>
      <gpxtpx:hr>135</gpxtpx:hr>
      <gpxtpx:cad>0</gpxtpx:cad>
     </gpxtpx:TrackPointExtension>
    </extensions>
   </trkpt>
   <trkpt lat="47.8423500" lon="13.7762080">
    <ele>740.4</ele>
    <time>2026-03-07T11:17:40Z</time>
    <extensions>
     <gpxtpx:TrackPointExtension>
      <gpxtpx:hr>134</gpxtpx:hr>
      <gpxtpx:cad>0</gpxtpx:cad>
     </gpxtpx:TrackPointExtension>
    </extensions>
   </trkpt>
   <trkpt lat="47.8423440" lon="13.7762110">
    <ele>741.2</ele>
    <time>2026-03-07T11:17:44Z</time>
    <extensions>
     <gpxtpx:TrackPointExtension>
      <gpxtpx:hr>134</gpxtpx:hr>
      <gpxtpx:cad>0</gpxtpx:cad>
     </gpxtpx:TrackPointExtension>
    </extensions>
   </trkpt>
   <trkpt lat="47.8423450" lon="13.7762140">
    <ele>741.6</ele>
    <time>2026-03-07T11:17:46Z</time>
    <extensions>
     <gpxtpx:TrackPointExtension>
      <gpxtpx:hr>134</gpxtpx:hr>
      <gpxtpx:cad>0</gpxtpx:cad>
     </gpxtpx:TrackPointExtension>
    </extensions>
   </trkpt>
   <trkpt lat="47.8423440" lon="13.7762180">
    <ele>741.6</ele>
    <time>2026-03-07T11:17:48Z</time>
    <extensions>
     <gpxtpx:TrackPointExtension>
      <gpxtpx:hr>137</gpxtpx:hr>
      <gpxtpx:cad>0</gpxtpx:cad>
     </gpxtpx:TrackPointExtension>
    </extensions>
   </trkpt>
   <trkpt lat="47.8423130" lon="13.7762070">
    <ele>741.6</ele>
    <time>2026-03-07T11:17:56Z</time>
    <extensions>
     <gpxtpx:TrackPointExtension>
      <gpxtpx:hr>137</gpxtpx:hr>
      <gpxtpx:cad>0</gpxtpx:cad>
     </gpxtpx:TrackPointExtension>
    </extensions>
   </trkpt>
   <trkpt lat="47.8423080" lon="13.7762000">
    <ele>742.2</ele>
    <time>2026-03-07T11:17:59Z</time>
    <extensions>
     <gpxtpx:TrackPointExtension>
      <gpxtpx:hr>137</gpxtpx:hr>
      <gpxtpx:cad>0</gpxtpx:cad>
     </gpxtpx:TrackPointExtension>
    </extensions>
   </trkpt>
   <trkpt lat="47.8422870" lon="13.7761980">
    <ele>743.0</ele>
    <time>2026-03-07T11:18:03Z</time>
    <extensions>
     <gpxtpx:TrackPointExtension>
      <gpxtpx:hr>134</gpxtpx:hr>
      <gpxtpx:cad>0</gpxtpx:cad>
     </gpxtpx:TrackPointExtension>
    </extensions>
   </trkpt>
   <trkpt lat="47.8422810" lon="13.7761970">
    <ele>743.2</ele>
    <time>2026-03-07T11:18:04Z</time>
    <extensions>
     <gpxtpx:TrackPointExtension>
      <gpxtpx:hr>133</gpxtpx:hr>
      <gpxtpx:cad>0</gpxtpx:cad>
     </gpxtpx:TrackPointExtension>
    </extensions>
   </trkpt>
   <trkpt lat="47.8422500" lon="13.7761910">
    <ele>744.4</ele>
    <time>2026-03-07T11:18:09Z</time>
    <extensions>
     <gpxtpx:TrackPointExtension>
      <gpxtpx:hr>133</gpxtpx:hr>
      <gpxtpx:cad>41</gpxtpx:cad>
     </gpxtpx:TrackPointExtension>
    </extensions>
   </trkpt>
   <trkpt lat="47.8422490" lon="13.7761870">
    <ele>744.6</ele>
    <time>2026-03-07T11:18:10Z</time>
    <extensions>
     <gpxtpx:TrackPointExtension>
      <gpxtpx:hr>134</gpxtpx:hr>
      <gpxtpx:cad>41</gpxtpx:cad>
     </gpxtpx:TrackPointExtension>
    </extensions>
   </trkpt>
   <trkpt lat="47.8422420" lon="13.7761890">
    <ele>745.4</ele>
    <time>2026-03-07T11:18:14Z</time>
    <extensions>
     <gpxtpx:TrackPointExtension>
      <gpxtpx:hr>135</gpxtpx:hr>
      <gpxtpx:cad>69</gpxtpx:cad>
     </gpxtpx:TrackPointExtension>
    </extensions>
   </trkpt>
   <trkpt lat="47.8422320" lon="13.7761870">
    <ele>745.8</ele>
    <time>2026-03-07T11:18:17Z</time>
    <extensions>
     <gpxtpx:TrackPointExtension>
      <gpxtpx:hr>138</gpxtpx:hr>
      <gpxtpx:cad>0</gpxtpx:cad>
     </gpxtpx:TrackPointExtension>
    </extensions>
   </trkpt>
   <trkpt lat="47.8422190" lon="13.7761930">
    <ele>745.8</ele>
    <time>2026-03-07T11:18:23Z</time>
    <extensions>
     <gpxtpx:TrackPointExtension>
      <gpxtpx:hr>137</gpxtpx:hr>
      <gpxtpx:cad>0</gpxtpx:cad>
     </gpxtpx:TrackPointExtension>
    </extensions>
   </trkpt>
   <trkpt lat="47.8422180" lon="13.7761960">
    <ele>746.0</ele>
    <time>2026-03-07T11:18:30Z</time>
    <extensions>
     <gpxtpx:TrackPointExtension>
      <gpxtpx:hr>136</gpxtpx:hr>
      <gpxtpx:cad>0</gpxtpx:cad>
     </gpxtpx:TrackPointExtension>
    </extensions>
   </trkpt>
   <trkpt lat="47.8422180" lon="13.7761980">
    <ele>746.0</ele>
    <time>2026-03-07T11:18:35Z</time>
    <extensions>
     <gpxtpx:TrackPointExtension>
      <gpxtpx:hr>133</gpxtpx:hr>
      <gpxtpx:cad>0</gpxtpx:cad>
     </gpxtpx:TrackPointExtension>
    </extensions>
   </trkpt>
   <trkpt lat="47.8422170" lon="13.7761980">
    <ele>746.0</ele>
    <time>2026-03-07T11:18:36Z</time>
    <extensions>
     <gpxtpx:TrackPointExtension>
      <gpxtpx:hr>130</gpxtpx:hr>
      <gpxtpx:cad>0</gpxtpx:cad>
     </gpxtpx:TrackPointExtension>
    </extensions>
   </trkpt>
   <trkpt lat="47.8422170" lon="13.7761990">
    <ele>746.0</ele>
    <time>2026-03-07T11:18:38Z</time>
    <extensions>
     <gpxtpx:TrackPointExtension>
      <gpxtpx:hr>127</gpxtpx:hr>
      <gpxtpx:cad>0</gpxtpx:cad>
     </gpxtpx:TrackPointExtension>
    </extensions>
   </trkpt>
   <trkpt lat="47.8422160" lon="13.7762000">
    <ele>745.8</ele>
    <time>2026-03-07T11:18:41Z</time>
    <extensions>
     <gpxtpx:TrackPointExtension>
      <gpxtpx:hr>124</gpxtpx:hr>
      <gpxtpx:cad>0</gpxtpx:cad>
     </gpxtpx:TrackPointExtension>
    </extensions>
   </trkpt>
   <trkpt lat="47.8422160" lon="13.7762010">
    <ele>746.0</ele>
    <time>2026-03-07T11:18:44Z</time>
    <extensions>
     <gpxtpx:TrackPointExtension>
      <gpxtpx:hr>121</gpxtpx:hr>
      <gpxtpx:cad>0</gpxtpx:cad>
     </gpxtpx:TrackPointExtension>
    </extensions>
   </trkpt>
   <trkpt lat="47.8422150" lon="13.7762030">
    <ele>745.8</ele>
    <time>2026-03-07T11:18:50Z</time>
    <extensions>
     <gpxtpx:TrackPointExtension>
      <gpxtpx:hr>118</gpxtpx:hr>
      <gpxtpx:cad>0</gpxtpx:cad>
     </gpxtpx:TrackPointExtension>
    </extensions>
   </trkpt>
   <trkpt lat="47.8422140" lon="13.7762060">
    <ele>746.0</ele>
    <time>2026-03-07T11:18:59Z</time>
    <extensions>
     <gpxtpx:TrackPointExtension>
      <gpxtpx:hr>118</gpxtpx:hr>
      <gpxtpx:cad>0</gpxtpx:cad>
     </gpxtpx:TrackPointExtension>
    </extensions>
   </trkpt>
   <trkpt lat="47.8422140" lon="13.7762060">
    <ele>745.8</ele>
    <time>2026-03-07T11:19:00Z</time>
    <extensions>
     <gpxtpx:TrackPointExtension>
      <gpxtpx:hr>108</gpxtpx:hr>
      <gpxtpx:cad>0</gpxtpx:cad>
     </gpxtpx:TrackPointExtension>
    </extensions>
   </trkpt>
   <trkpt lat="47.8422130" lon="13.7762090">
    <ele>745.8</ele>
    <time>2026-03-07T11:19:09Z</time>
    <extensions>
     <gpxtpx:TrackPointExtension>
      <gpxtpx:hr>105</gpxtpx:hr>
      <gpxtpx:cad>0</gpxtpx:cad>
     </gpxtpx:TrackPointExtension>
    </extensions>
   </trkpt>
   <trkpt lat="47.8422110" lon="13.7762120">
    <ele>745.8</ele>
    <time>2026-03-07T11:19:15Z</time>
    <extensions>
     <gpxtpx:TrackPointExtension>
      <gpxtpx:hr>99</gpxtpx:hr>
      <gpxtpx:cad>0</gpxtpx:cad>
     </gpxtpx:TrackPointExtension>
    </extensions>
   </trkpt>
   <trkpt lat="47.8422100" lon="13.7762120">
    <ele>745.8</ele>
    <time>2026-03-07T11:19:17Z</time>
    <extensions>
     <gpxtpx:TrackPointExtension>
      <gpxtpx:hr>96</gpxtpx:hr>
      <gpxtpx:cad>0</gpxtpx:cad>
     </gpxtpx:TrackPointExtension>
    </extensions>
   </trkpt>
   <trkpt lat="47.8422070" lon="13.7762150">
    <ele>745.8</ele>
    <time>2026-03-07T11:19:25Z</time>
    <extensions>
     <gpxtpx:TrackPointExtension>
      <gpxtpx:hr>93</gpxtpx:hr>
      <gpxtpx:cad>0</gpxtpx:cad>
     </gpxtpx:TrackPointExtension>
    </extensions>
   </trkpt>
   <trkpt lat="47.8422070" lon="13.7762160">
    <ele>746.2</ele>
    <time>2026-03-07T11:19:27Z</time>
    <extensions>
     <gpxtpx:TrackPointExtension>
      <gpxtpx:hr>90</gpxtpx:hr>
      <gpxtpx:cad>0</gpxtpx:cad>
     </gpxtpx:TrackPointExtension>
    </extensions>
   </trkpt>
   <trkpt lat="47.8422050" lon="13.7762160">
    <ele>746.6</ele>
    <time>2026-03-07T11:19:30Z</time>
    <extensions>
     <gpxtpx:TrackPointExtension>
      <gpxtpx:hr>89</gpxtpx:hr>
      <gpxtpx:cad>0</gpxtpx:cad>
     </gpxtpx:TrackPointExtension>
    </extensions>
   </trkpt>
   <trkpt lat="47.8422040" lon="13.7762170">
    <ele>746.0</ele>
    <time>2026-03-07T11:19:34Z</time>
    <extensions>
     <gpxtpx:TrackPointExtension>
      <gpxtpx:hr>89</gpxtpx:hr>
      <gpxtpx:cad>0</gpxtpx:cad>
     </gpxtpx:TrackPointExtension>
    </extensions>
   </trkpt>
   <trkpt lat="47.8422040" lon="13.7762180">
    <ele>745.6</ele>
    <time>2026-03-07T11:19:36Z</time>
    <extensions>
     <gpxtpx:TrackPointExtension>
      <gpxtpx:hr>89</gpxtpx:hr>
      <gpxtpx:cad>0</gpxtpx:cad>
     </gpxtpx:TrackPointExtension>
    </extensions>
   </trkpt>
   <trkpt lat="47.8422030" lon="13.7762180">
    <ele>745.8</ele>
    <time>2026-03-07T11:19:40Z</time>
    <extensions>
     <gpxtpx:TrackPointExtension>
      <gpxtpx:hr>93</gpxtpx:hr>
      <gpxtpx:cad>0</gpxtpx:cad>
     </gpxtpx:TrackPointExtension>
    </extensions>
   </trkpt>
   <trkpt lat="47.8422030" lon="13.7762180">
    <ele>745.8</ele>
    <time>2026-03-07T11:19:41Z</time>
    <extensions>
     <gpxtpx:TrackPointExtension>
      <gpxtpx:hr>98</gpxtpx:hr>
      <gpxtpx:cad>0</gpxtpx:cad>
     </gpxtpx:TrackPointExtension>
    </extensions>
   </trkpt>
   <trkpt lat="47.8422040" lon="13.7762210">
    <ele>746.0</ele>
    <time>2026-03-07T11:19:49Z</time>
    <extensions>
     <gpxtpx:TrackPointExtension>
      <gpxtpx:hr>94</gpxtpx:hr>
      <gpxtpx:cad>0</gpxtpx:cad>
     </gpxtpx:TrackPointExtension>
    </extensions>
   </trkpt>
   <trkpt lat="47.8422060" lon="13.7762240">
    <ele>746.0</ele>
    <time>2026-03-07T11:19:50Z</time>
    <extensions>
     <gpxtpx:TrackPointExtension>
      <gpxtpx:hr>91</gpxtpx:hr>
      <gpxtpx:cad>0</gpxtpx:cad>
     </gpxtpx:TrackPointExtension>
    </extensions>
   </trkpt>
   <trkpt lat="47.8422070" lon="13.7762250">
    <ele>746.2</ele>
    <time>2026-03-07T11:19:51Z</time>
    <extensions>
     <gpxtpx:TrackPointExtension>
      <gpxtpx:hr>87</gpxtpx:hr>
      <gpxtpx:cad>0</gpxtpx:cad>
     </gpxtpx:TrackPointExtension>
    </extensions>
   </trkpt>
   <trkpt lat="47.8422050" lon="13.7762260">
    <ele>746.6</ele>
    <time>2026-03-07T11:19:53Z</time>
    <extensions>
     <gpxtpx:TrackPointExtension>
      <gpxtpx:hr>84</gpxtpx:hr>
      <gpxtpx:cad>0</gpxtpx:cad>
     </gpxtpx:TrackPointExtension>
    </extensions>
   </trkpt>
   <trkpt lat="47.8422040" lon="13.7762260">
    <ele>746.8</ele>
    <time>2026-03-07T11:19:54Z</time>
    <extensions>
     <gpxtpx:TrackPointExtension>
      <gpxtpx:hr>84</gpxtpx:hr>
      <gpxtpx:cad>43</gpxtpx:cad>
     </gpxtpx:TrackPointExtension>
    </extensions>
   </trkpt>
   <trkpt lat="47.8422010" lon="13.7762280">
    <ele>747.8</ele>
    <time>2026-03-07T11:19:59Z</time>
    <extensions>
     <gpxtpx:TrackPointExtension>
      <gpxtpx:hr>86</gpxtpx:hr>
      <gpxtpx:cad>0</gpxtpx:cad>
     </gpxtpx:TrackPointExtension>
    </extensions>
   </trkpt>
   <trkpt lat="47.8421980" lon="13.7762300">
    <ele>748.0</ele>
    <time>2026-03-07T11:20:00Z</time>
    <extensions>
     <gpxtpx:TrackPointExtension>
      <gpxtpx:hr>87</gpxtpx:hr>
      <gpxtpx:cad>0</gpxtpx:cad>
     </gpxtpx:TrackPointExtension>
    </extensions>
   </trkpt>
   <trkpt lat="47.8421770" lon="13.7762460">
    <ele>748.8</ele>
    <time>2026-03-07T11:20:05Z</time>
    <extensions>
     <gpxtpx:TrackPointExtension>
      <gpxtpx:hr>89</gpxtpx:hr>
      <gpxtpx:cad>41</gpxtpx:cad>
     </gpxtpx:TrackPointExtension>
    </extensions>
   </trkpt>
   <trkpt lat="47.8421580" lon="13.7762510">
    <ele>749.6</ele>
    <time>2026-03-07T11:20:09Z</time>
    <extensions>
     <gpxtpx:TrackPointExtension>
      <gpxtpx:hr>93</gpxtpx:hr>
      <gpxtpx:cad>41</gpxtpx:cad>
     </gpxtpx:TrackPointExtension>
    </extensions>
   </trkpt>
   <trkpt lat="47.8421540" lon="13.7762530">
    <ele>749.8</ele>
    <time>2026-03-07T11:20:10Z</time>
    <extensions>
     <gpxtpx:TrackPointExtension>
      <gpxtpx:hr>95</gpxtpx:hr>
      <gpxtpx:cad>79</gpxtpx:cad>
     </gpxtpx:TrackPointExtension>
    </extensions>
   </trkpt>
   <trkpt lat="47.8421480" lon="13.7762550">
    <ele>749.8</ele>
    <time>2026-03-07T11:20:11Z</time>
    <extensions>
     <gpxtpx:TrackPointExtension>
      <gpxtpx:hr>98</gpxtpx:hr>
      <gpxtpx:cad>79</gpxtpx:cad>
     </gpxtpx:TrackPointExtension>
    </extensions>
   </trkpt>
   <trkpt lat="47.8421440" lon="13.7762570">
    <ele>749.8</ele>
    <time>2026-03-07T11:20:12Z</time>
    <extensions>
     <gpxtpx:TrackPointExtension>
      <gpxtpx:hr>98</gpxtpx:hr>
      <gpxtpx:cad>79</gpxtpx:cad>
     </gpxtpx:TrackPointExtension>
    </extensions>
   </trkpt>
   <trkpt lat="47.8421340" lon="13.7762690">
    <ele>750.2</ele>
    <time>2026-03-07T11:20:16Z</time>
    <extensions>
     <gpxtpx:TrackPointExtension>
      <gpxtpx:hr>99</gpxtpx:hr>
      <gpxtpx:cad>0</gpxtpx:cad>
     </gpxtpx:TrackPointExtension>
    </extensions>
   </trkpt>
   <trkpt lat="47.8421340" lon="13.7762710">
    <ele>750.2</ele>
    <time>2026-03-07T11:20:19Z</time>
    <extensions>
     <gpxtpx:TrackPointExtension>
      <gpxtpx:hr>102</gpxtpx:hr>
      <gpxtpx:cad>0</gpxtpx:cad>
     </gpxtpx:TrackPointExtension>
    </extensions>
   </trkpt>
   <trkpt lat="47.8421340" lon="13.7762710">
    <ele>750.2</ele>
    <time>2026-03-07T11:20:20Z</time>
    <extensions>
     <gpxtpx:TrackPointExtension>
      <gpxtpx:hr>106</gpxtpx:hr>
      <gpxtpx:cad>0</gpxtpx:cad>
     </gpxtpx:TrackPointExtension>
    </extensions>
   </trkpt>
   <trkpt lat="47.8421340" lon="13.7762710">
    <ele>750.2</ele>
    <time>2026-03-07T11:20:21Z</time>
    <extensions>
     <gpxtpx:TrackPointExtension>
      <gpxtpx:hr>112</gpxtpx:hr>
      <gpxtpx:cad>0</gpxtpx:cad>
     </gpxtpx:TrackPointExtension>
    </extensions>
   </trkpt>
   <trkpt lat="47.8421330" lon="13.7762720">
    <ele>750.2</ele>
    <time>2026-03-07T11:20:22Z</time>
    <extensions>
     <gpxtpx:TrackPointExtension>
      <gpxtpx:hr>119</gpxtpx:hr>
      <gpxtpx:cad>0</gpxtpx:cad>
     </gpxtpx:TrackPointExtension>
    </extensions>
   </trkpt>
   <trkpt lat="47.8421340" lon="13.7762730">
    <ele>750.2</ele>
    <time>2026-03-07T11:20:23Z</time>
    <extensions>
     <gpxtpx:TrackPointExtension>
      <gpxtpx:hr>119</gpxtpx:hr>
      <gpxtpx:cad>0</gpxtpx:cad>
     </gpxtpx:TrackPointExtension>
    </extensions>
   </trkpt>
   <trkpt lat="47.8421390" lon="13.7762870">
    <ele>750.8</ele>
    <time>2026-03-07T11:20:28Z</time>
    <extensions>
     <gpxtpx:TrackPointExtension>
      <gpxtpx:hr>119</gpxtpx:hr>
      <gpxtpx:cad>0</gpxtpx:cad>
     </gpxtpx:TrackPointExtension>
    </extensions>
   </trkpt>
   <trkpt lat="47.8421420" lon="13.7762910">
    <ele>751.0</ele>
    <time>2026-03-07T11:20:29Z</time>
    <extensions>
     <gpxtpx:TrackPointExtension>
      <gpxtpx:hr>119</gpxtpx:hr>
      <gpxtpx:cad>0</gpxtpx:cad>
     </gpxtpx:TrackPointExtension>
    </extensions>
   </trkpt>
   <trkpt lat="47.8421500" lon="13.7763130">
    <ele>752.0</ele>
    <time>2026-03-07T11:20:35Z</time>
    <extensions>
     <gpxtpx:TrackPointExtension>
      <gpxtpx:hr>117</gpxtpx:hr>
      <gpxtpx:cad>42</gpxtpx:cad>
     </gpxtpx:TrackPointExtension>
    </extensions>
   </trkpt>
   <trkpt lat="47.8421510" lon="13.7763170">
    <ele>752.2</ele>
    <time>2026-03-07T11:20:36Z</time>
    <extensions>
     <gpxtpx:TrackPointExtension>
      <gpxtpx:hr>119</gpxtpx:hr>
      <gpxtpx:cad>41</gpxtpx:cad>
     </gpxtpx:TrackPointExtension>
    </extensions>
   </trkpt>
   <trkpt lat="47.8421620" lon="13.7763540">
    <ele>753.2</ele>
    <time>2026-03-07T11:20:42Z</time>
    <extensions>
     <gpxtpx:TrackPointExtension>
      <gpxtpx:hr>117</gpxtpx:hr>
      <gpxtpx:cad>41</gpxtpx:cad>
     </gpxtpx:TrackPointExtension>
    </extensions>
   </trkpt>
   <trkpt lat="47.8421640" lon="13.7763620">
    <ele>753.2</ele>
    <time>2026-03-07T11:20:43Z</time>
    <extensions>
     <gpxtpx:TrackPointExtension>
      <gpxtpx:hr>117</gpxtpx:hr>
      <gpxtpx:cad>41</gpxtpx:cad>
     </gpxtpx:TrackPointExtension>
    </extensions>
   </trkpt>
   <trkpt lat="47.8421700" lon="13.7763880">
    <ele>754.4</ele>
    <time>2026-03-07T11:20:49Z</time>
    <extensions>
     <gpxtpx:TrackPointExtension>
      <gpxtpx:hr>118</gpxtpx:hr>
      <gpxtpx:cad>0</gpxtpx:cad>
     </gpxtpx:TrackPointExtension>
    </extensions>
   </trkpt>
   <trkpt lat="47.8421740" lon="13.7763880">
    <ele>754.8</ele>
    <time>2026-03-07T11:20:51Z</time>
    <extensions>
     <gpxtpx:TrackPointExtension>
      <gpxtpx:hr>117</gpxtpx:hr>
      <gpxtpx:cad>71</gpxtpx:cad>
     </gpxtpx:TrackPointExtension>
    </extensions>
   </trkpt>
   <trkpt lat="47.8421670" lon="13.7763670">
    <ele>755.4</ele>
    <time>2026-03-07T11:20:59Z</time>
    <extensions>
     <gpxtpx:TrackPointExtension>
      <gpxtpx:hr>120</gpxtpx:hr>
      <gpxtpx:cad>0</gpxtpx:cad>
     </gpxtpx:TrackPointExtension>
    </extensions>
   </trkpt>
   <trkpt lat="47.8421640" lon="13.7763700">
    <ele>755.6</ele>
    <time>2026-03-07T11:21:00Z</time>
    <extensions>
     <gpxtpx:TrackPointExtension>
      <gpxtpx:hr>122</gpxtpx:hr>
      <gpxtpx:cad>0</gpxtpx:cad>
     </gpxtpx:TrackPointExtension>
    </extensions>
   </trkpt>
   <trkpt lat="47.8421420" lon="13.7763860">
    <ele>756.6</ele>
    <time>2026-03-07T11:21:06Z</time>
    <extensions>
     <gpxtpx:TrackPointExtension>
      <gpxtpx:hr>124</gpxtpx:hr>
      <gpxtpx:cad>70</gpxtpx:cad>
     </gpxtpx:TrackPointExtension>
    </extensions>
   </trkpt>
   <trkpt lat="47.8421360" lon="13.7763890">
    <ele>756.6</ele>
    <time>2026-03-07T11:21:07Z</time>
    <extensions>
     <gpxtpx:TrackPointExtension>
      <gpxtpx:hr>123</gpxtpx:hr>
      <gpxtpx:cad>70</gpxtpx:cad>
     </gpxtpx:TrackPointExtension>
    </extensions>
   </trkpt>
   <trkpt lat="47.8421250" lon="13.7763970">
    <ele>757.0</ele>
    <time>2026-03-07T11:21:09Z</time>
    <extensions>
     <gpxtpx:TrackPointExtension>
      <gpxtpx:hr>119</gpxtpx:hr>
      <gpxtpx:cad>72</gpxtpx:cad>
     </gpxtpx:TrackPointExtension>
    </extensions>
   </trkpt>
   <trkpt lat="47.8421130" lon="13.7764130">
    <ele>757.2</ele>
    <time>2026-03-07T11:21:13Z</time>
    <extensions>
     <gpxtpx:TrackPointExtension>
      <gpxtpx:hr>122</gpxtpx:hr>
      <gpxtpx:cad>0</gpxtpx:cad>
     </gpxtpx:TrackPointExtension>
    </extensions>
   </trkpt>
   <trkpt lat="47.8420960" lon="13.7764320">
    <ele>757.6</ele>
    <time>2026-03-07T11:21:22Z</time>
    <extensions>
     <gpxtpx:TrackPointExtension>
      <gpxtpx:hr>121</gpxtpx:hr>
      <gpxtpx:cad>71</gpxtpx:cad>
     </gpxtpx:TrackPointExtension>
    </extensions>
   </trkpt>
   <trkpt lat="47.8420920" lon="13.7764380">
    <ele>757.8</ele>
    <time>2026-03-07T11:21:23Z</time>
    <extensions>
     <gpxtpx:TrackPointExtension>
      <gpxtpx:hr>121</gpxtpx:hr>
      <gpxtpx:cad>71</gpxtpx:cad>
     </gpxtpx:TrackPointExtension>
    </extensions>
   </trkpt>
   <trkpt lat="47.8420850" lon="13.7764350">
    <ele>758.8</ele>
    <time>2026-03-07T11:21:29Z</time>
    <extensions>
     <gpxtpx:TrackPointExtension>
      <gpxtpx:hr>121</gpxtpx:hr>
      <gpxtpx:cad>72</gpxtpx:cad>
     </gpxtpx:TrackPointExtension>
    </extensions>
   </trkpt>
   <trkpt lat="47.8420870" lon="13.7764330">
    <ele>759.0</ele>
    <time>2026-03-07T11:21:30Z</time>
    <extensions>
     <gpxtpx:TrackPointExtension>
      <gpxtpx:hr>122</gpxtpx:hr>
      <gpxtpx:cad>72</gpxtpx:cad>
     </gpxtpx:TrackPointExtension>
    </extensions>
   </trkpt>
   <trkpt lat="47.8420880" lon="13.7764090">
    <ele>759.8</ele>
    <time>2026-03-07T11:21:36Z</time>
    <extensions>
     <gpxtpx:TrackPointExtension>
      <gpxtpx:hr>122</gpxtpx:hr>
      <gpxtpx:cad>65</gpxtpx:cad>
     </gpxtpx:TrackPointExtension>
    </extensions>
   </trkpt>
   <trkpt lat="47.8420830" lon="13.7764070">
    <ele>760.0</ele>
    <time>2026-03-07T11:21:37Z</time>
    <extensions>
     <gpxtpx:TrackPointExtension>
      <gpxtpx:hr>122</gpxtpx:hr>
      <gpxtpx:cad>65</gpxtpx:cad>
     </gpxtpx:TrackPointExtension>
    </extensions>
   </trkpt>
   <trkpt lat="47.8420460" lon="13.7764180">
    <ele>760.8</ele>
    <time>2026-03-07T11:21:44Z</time>
    <extensions>
     <gpxtpx:TrackPointExtension>
      <gpxtpx:hr>123</gpxtpx:hr>
      <gpxtpx:cad>78</gpxtpx:cad>
     </gpxtpx:TrackPointExtension>
    </extensions>
   </trkpt>
   <trkpt lat="47.8420340" lon="13.7764270">
    <ele>761.2</ele>
    <time>2026-03-07T11:21:47Z</time>
    <extensions>
     <gpxtpx:TrackPointExtension>
      <gpxtpx:hr>124</gpxtpx:hr>
      <gpxtpx:cad>78</gpxtpx:cad>
     </gpxtpx:TrackPointExtension>
    </extensions>
   </trkpt>
   <trkpt lat="47.8420180" lon="13.7764490">
    <ele>762.2</ele>
    <time>2026-03-07T11:21:52Z</time>
    <extensions>
     <gpxtpx:TrackPointExtension>
      <gpxtpx:hr>123</gpxtpx:hr>
      <gpxtpx:cad>79</gpxtpx:cad>
     </gpxtpx:TrackPointExtension>
    </extensions>
   </trkpt>
   <trkpt lat="47.8420170" lon="13.7764530">
    <ele>762.2</ele>
    <time>2026-03-07T11:21:53Z</time>
    <extensions>
     <gpxtpx:TrackPointExtension>
      <gpxtpx:hr>123</gpxtpx:hr>
      <gpxtpx:cad>79</gpxtpx:cad>
     </gpxtpx:TrackPointExtension>
    </extensions>
   </trkpt>
   <trkpt lat="47.8420190" lon="13.7764590">
    <ele>763.4</ele>
    <time>2026-03-07T11:21:59Z</time>
    <extensions>
     <gpxtpx:TrackPointExtension>
      <gpxtpx:hr>125</gpxtpx:hr>
      <gpxtpx:cad>41</gpxtpx:cad>
     </gpxtpx:TrackPointExtension>
    </extensions>
   </trkpt>
   <trkpt lat="47.8420300" lon="13.7764230">
    <ele>763.6</ele>
    <time>2026-03-07T11:22:13Z</time>
    <extensions>
     <gpxtpx:TrackPointExtension>
      <gpxtpx:hr>126</gpxtpx:hr>
      <gpxtpx:cad>0</gpxtpx:cad>
     </gpxtpx:TrackPointExtension>
    </extensions>
   </trkpt>
   <trkpt lat="47.8420310" lon="13.7764230">
    <ele>763.4</ele>
    <time>2026-03-07T11:22:15Z</time>
    <extensions>
     <gpxtpx:TrackPointExtension>
      <gpxtpx:hr>123</gpxtpx:hr>
      <gpxtpx:cad>0</gpxtpx:cad>
     </gpxtpx:TrackPointExtension>
    </extensions>
   </trkpt>
   <trkpt lat="47.8420310" lon="13.7764200">
    <ele>763.4</ele>
    <time>2026-03-07T11:22:18Z</time>
    <extensions>
     <gpxtpx:TrackPointExtension>
      <gpxtpx:hr>120</gpxtpx:hr>
      <gpxtpx:cad>0</gpxtpx:cad>
     </gpxtpx:TrackPointExtension>
    </extensions>
   </trkpt>
   <trkpt lat="47.8420250" lon="13.7764050">
    <ele>763.6</ele>
    <time>2026-03-07T11:22:22Z</time>
    <extensions>
     <gpxtpx:TrackPointExtension>
      <gpxtpx:hr>117</gpxtpx:hr>
      <gpxtpx:cad>0</gpxtpx:cad>
     </gpxtpx:TrackPointExtension>
    </extensions>
   </trkpt>
   <trkpt lat="47.8420180" lon="13.7763990">
    <ele>763.6</ele>
    <time>2026-03-07T11:22:24Z</time>
    <extensions>
     <gpxtpx:TrackPointExtension>
      <gpxtpx:hr>117</gpxtpx:hr>
      <gpxtpx:cad>0</gpxtpx:cad>
     </gpxtpx:TrackPointExtension>
    </extensions>
   </trkpt>
   <trkpt lat="47.8420040" lon="13.7764050">
    <ele>763.6</ele>
    <time>2026-03-07T11:22:29Z</time>
    <extensions>
     <gpxtpx:TrackPointExtension>
      <gpxtpx:hr>114</gpxtpx:hr>
      <gpxtpx:cad>0</gpxtpx:cad>
     </gpxtpx:TrackPointExtension>
    </extensions>
   </trkpt>
   <trkpt lat="47.8419780" lon="13.7764360">
    <ele>764.2</ele>
    <time>2026-03-07T11:22:33Z</time>
    <extensions>
     <gpxtpx:TrackPointExtension>
      <gpxtpx:hr>113</gpxtpx:hr>
      <gpxtpx:cad>40</gpxtpx:cad>
     </gpxtpx:TrackPointExtension>
    </extensions>
   </trkpt>
   <trkpt lat="47.8419720" lon="13.7764470">
    <ele>764.4</ele>
    <time>2026-03-07T11:22:34Z</time>
    <extensions>
     <gpxtpx:TrackPointExtension>
      <gpxtpx:hr>114</gpxtpx:hr>
      <gpxtpx:cad>40</gpxtpx:cad>
     </gpxtpx:TrackPointExtension>
    </extensions>
   </trkpt>
   <trkpt lat="47.8419650" lon="13.7764800">
    <ele>765.2</ele>
    <time>2026-03-07T11:22:37Z</time>
    <extensions>
     <gpxtpx:TrackPointExtension>
      <gpxtpx:hr>113</gpxtpx:hr>
      <gpxtpx:cad>0</gpxtpx:cad>
     </gpxtpx:TrackPointExtension>
    </extensions>
   </trkpt>
   <trkpt lat="47.8419620" lon="13.7764930">
    <ele>765.6</ele>
    <time>2026-03-07T11:22:39Z</time>
    <extensions>
     <gpxtpx:TrackPointExtension>
      <gpxtpx:hr>112</gpxtpx:hr>
      <gpxtpx:cad>0</gpxtpx:cad>
     </gpxtpx:TrackPointExtension>
    </extensions>
   </trkpt>
   <trkpt lat="47.8419590" lon="13.7765200">
    <ele>766.2</ele>
    <time>2026-03-07T11:22:45Z</time>
    <extensions>
     <gpxtpx:TrackPointExtension>
      <gpxtpx:hr>116</gpxtpx:hr>
      <gpxtpx:cad>0</gpxtpx:cad>
     </gpxtpx:TrackPointExtension>
    </extensions>
   </trkpt>
   <trkpt lat="47.8419590" lon="13.7765210">
    <ele>766.0</ele>
    <time>2026-03-07T11:22:47Z</time>
    <extensions>
     <gpxtpx:TrackPointExtension>
      <gpxtpx:hr>119</gpxtpx:hr>
      <gpxtpx:cad>0</gpxtpx:cad>
     </gpxtpx:TrackPointExtension>
    </extensions>
   </trkpt>
   <trkpt lat="47.8419590" lon="13.7765210">
    <ele>766.0</ele>
    <time>2026-03-07T11:22:52Z</time>
    <extensions>
     <gpxtpx:TrackPointExtension>
      <gpxtpx:hr>116</gpxtpx:hr>
      <gpxtpx:cad>0</gpxtpx:cad>
     </gpxtpx:TrackPointExtension>
    </extensions>
   </trkpt>
   <trkpt lat="47.8419590" lon="13.7765210">
    <ele>766.0</ele>
    <time>2026-03-07T11:22:53Z</time>
    <extensions>
     <gpxtpx:TrackPointExtension>
      <gpxtpx:hr>113</gpxtpx:hr>
      <gpxtpx:cad>0</gpxtpx:cad>
     </gpxtpx:TrackPointExtension>
    </extensions>
   </trkpt>
   <trkpt lat="47.8419580" lon="13.7765220">
    <ele>766.4</ele>
    <time>2026-03-07T11:22:56Z</time>
    <extensions>
     <gpxtpx:TrackPointExtension>
      <gpxtpx:hr>111</gpxtpx:hr>
      <gpxtpx:cad>0</gpxtpx:cad>
     </gpxtpx:TrackPointExtension>
    </extensions>
   </trkpt>
   <trkpt lat="47.8419570" lon="13.7765400">
    <ele>766.6</ele>
    <time>2026-03-07T11:23:01Z</time>
    <extensions>
     <gpxtpx:TrackPointExtension>
      <gpxtpx:hr>111</gpxtpx:hr>
      <gpxtpx:cad>0</gpxtpx:cad>
     </gpxtpx:TrackPointExtension>
    </extensions>
   </trkpt>
   <trkpt lat="47.8419530" lon="13.7765430">
    <ele>767.2</ele>
    <time>2026-03-07T11:23:04Z</time>
    <extensions>
     <gpxtpx:TrackPointExtension>
      <gpxtpx:hr>111</gpxtpx:hr>
      <gpxtpx:cad>0</gpxtpx:cad>
     </gpxtpx:TrackPointExtension>
    </extensions>
   </trkpt>
   <trkpt lat="47.8419510" lon="13.7765380">
    <ele>767.8</ele>
    <time>2026-03-07T11:23:06Z</time>
    <extensions>
     <gpxtpx:TrackPointExtension>
      <gpxtpx:hr>111</gpxtpx:hr>
      <gpxtpx:cad>40</gpxtpx:cad>
     </gpxtpx:TrackPointExtension>
    </extensions>
   </trkpt>
   <trkpt lat="47.8419480" lon="13.7765100">
    <ele>768.4</ele>
    <time>2026-03-07T11:23:11Z</time>
    <extensions>
     <gpxtpx:TrackPointExtension>
      <gpxtpx:hr>108</gpxtpx:hr>
      <gpxtpx:cad>0</gpxtpx:cad>
     </gpxtpx:TrackPointExtension>
    </extensions>
   </trkpt>
   <trkpt lat="47.8419470" lon="13.7765090">
    <ele>768.4</ele>
    <time>2026-03-07T11:23:12Z</time>
    <extensions>
     <gpxtpx:TrackPointExtension>
      <gpxtpx:hr>108</gpxtpx:hr>
      <gpxtpx:cad>0</gpxtpx:cad>
     </gpxtpx:TrackPointExtension>
    </extensions>
   </trkpt>
   <trkpt lat="47.8419370" lon="13.7765120">
    <ele>768.4</ele>
    <time>2026-03-07T11:23:15Z</time>
    <extensions>
     <gpxtpx:TrackPointExtension>
      <gpxtpx:hr>112</gpxtpx:hr>
      <gpxtpx:cad>0</gpxtpx:cad>
     </gpxtpx:TrackPointExtension>
    </extensions>
   </trkpt>
   <trkpt lat="47.8419270" lon="13.7765120">
    <ele>768.6</ele>
    <time>2026-03-07T11:23:17Z</time>
    <extensions>
     <gpxtpx:TrackPointExtension>
      <gpxtpx:hr>115</gpxtpx:hr>
      <gpxtpx:cad>0</gpxtpx:cad>
     </gpxtpx:TrackPointExtension>
    </extensions>
   </trkpt>
   <trkpt lat="47.8419150" lon="13.7765100">
    <ele>768.8</ele>
    <time>2026-03-07T11:23:19Z</time>
    <extensions>
     <gpxtpx:TrackPointExtension>
      <gpxtpx:hr>116</gpxtpx:hr>
      <gpxtpx:cad>0</gpxtpx:cad>
     </gpxtpx:TrackPointExtension>
    </extensions>
   </trkpt>
   <trkpt lat="47.8419080" lon="13.7765080">
    <ele>769.4</ele>
    <time>2026-03-07T11:23:21Z</time>
    <extensions>
     <gpxtpx:TrackPointExtension>
      <gpxtpx:hr>116</gpxtpx:hr>
      <gpxtpx:cad>76</gpxtpx:cad>
     </gpxtpx:TrackPointExtension>
    </extensions>
   </trkpt>
   <trkpt lat="47.8418890" lon="13.7765060">
    <ele>769.6</ele>
    <time>2026-03-07T11:23:26Z</time>
    <extensions>
     <gpxtpx:TrackPointExtension>
      <gpxtpx:hr>119</gpxtpx:hr>
      <gpxtpx:cad>62</gpxtpx:cad>
     </gpxtpx:TrackPointExtension>
    </extensions>
   </trkpt>
   <trkpt lat="47.8418740" lon="13.7765200">
    <ele>770.0</ele>
    <time>2026-03-07T11:23:29Z</time>
    <extensions>
     <gpxtpx:TrackPointExtension>
      <gpxtpx:hr>120</gpxtpx:hr>
      <gpxtpx:cad>0</gpxtpx:cad>
     </gpxtpx:TrackPointExtension>
    </extensions>
   </trkpt>
   <trkpt lat="47.8418690" lon="13.7765240">
    <ele>770.4</ele>
    <time>2026-03-07T11:23:30Z</time>
    <extensions>
     <gpxtpx:TrackPointExtension>
      <gpxtpx:hr>120</gpxtpx:hr>
      <gpxtpx:cad>0</gpxtpx:cad>
     </gpxtpx:TrackPointExtension>
    </extensions>
   </trkpt>
   <trkpt lat="47.8418590" lon="13.7765480">
    <ele>771.2</ele>
    <time>2026-03-07T11:23:34Z</time>
    <extensions>
     <gpxtpx:TrackPointExtension>
      <gpxtpx:hr>120</gpxtpx:hr>
      <gpxtpx:cad>0</gpxtpx:cad>
     </gpxtpx:TrackPointExtension>
    </extensions>
   </trkpt>
   <trkpt lat="47.8418580" lon="13.7765680">
    <ele>771.8</ele>
    <time>2026-03-07T11:23:37Z</time>
    <extensions>
     <gpxtpx:TrackPointExtension>
      <gpxtpx:hr>120</gpxtpx:hr>
      <gpxtpx:cad>0</gpxtpx:cad>
     </gpxtpx:TrackPointExtension>
    </extensions>
   </trkpt>
   <trkpt lat="47.8418610" lon="13.7765980">
    <ele>772.2</ele>
    <time>2026-03-07T11:23:40Z</time>
    <extensions>
     <gpxtpx:TrackPointExtension>
      <gpxtpx:hr>121</gpxtpx:hr>
      <gpxtpx:cad>0</gpxtpx:cad>
     </gpxtpx:TrackPointExtension>
    </extensions>
   </trkpt>
   <trkpt lat="47.8418680" lon="13.7766190">
    <ele>772.8</ele>
    <time>2026-03-07T11:23:43Z</time>
    <extensions>
     <gpxtpx:TrackPointExtension>
      <gpxtpx:hr>121</gpxtpx:hr>
      <gpxtpx:cad>0</gpxtpx:cad>
     </gpxtpx:TrackPointExtension>
    </extensions>
   </trkpt>
   <trkpt lat="47.8418740" lon="13.7766340">
    <ele>773.4</ele>
    <time>2026-03-07T11:23:46Z</time>
    <extensions>
     <gpxtpx:TrackPointExtension>
      <gpxtpx:hr>120</gpxtpx:hr>
      <gpxtpx:cad>0</gpxtpx:cad>
     </gpxtpx:TrackPointExtension>
    </extensions>
   </trkpt>
   <trkpt lat="47.8418790" lon="13.7766510">
    <ele>774.2</ele>
    <time>2026-03-07T11:23:50Z</time>
    <extensions>
     <gpxtpx:TrackPointExtension>
      <gpxtpx:hr>119</gpxtpx:hr>
      <gpxtpx:cad>62</gpxtpx:cad>
     </gpxtpx:TrackPointExtension>
    </extensions>
   </trkpt>
   <trkpt lat="47.8418800" lon="13.7766540">
    <ele>774.4</ele>
    <time>2026-03-07T11:23:51Z</time>
    <extensions>
     <gpxtpx:TrackPointExtension>
      <gpxtpx:hr>119</gpxtpx:hr>
      <gpxtpx:cad>62</gpxtpx:cad>
     </gpxtpx:TrackPointExtension>
    </extensions>
   </trkpt>
   <trkpt lat="47.8418790" lon="13.7766500">
    <ele>775.4</ele>
    <time>2026-03-07T11:23:57Z</time>
    <extensions>
     <gpxtpx:TrackPointExtension>
      <gpxtpx:hr>122</gpxtpx:hr>
      <gpxtpx:cad>66</gpxtpx:cad>
     </gpxtpx:TrackPointExtension>
    </extensions>
   </trkpt>
   <trkpt lat="47.8418770" lon="13.7766480">
    <ele>775.6</ele>
    <time>2026-03-07T11:23:58Z</time>
    <extensions>
     <gpxtpx:TrackPointExtension>
      <gpxtpx:hr>123</gpxtpx:hr>
      <gpxtpx:cad>69</gpxtpx:cad>
     </gpxtpx:TrackPointExtension>
    </extensions>
   </trkpt>
   <trkpt lat="47.8418740" lon="13.7766460">
    <ele>776.2</ele>
    <time>2026-03-07T11:24:01Z</time>
    <extensions>
     <gpxtpx:TrackPointExtension>
      <gpxtpx:hr>125</gpxtpx:hr>
      <gpxtpx:cad>69</gpxtpx:cad>
     </gpxtpx:TrackPointExtension>
    </extensions>
   </trkpt>
   <trkpt lat="47.8418560" lon="13.7766530">
    <ele>776.6</ele>
    <time>2026-03-07T11:24:05Z</time>
    <extensions>
     <gpxtpx:TrackPointExtension>
      <gpxtpx:hr>126</gpxtpx:hr>
      <gpxtpx:cad>77</gpxtpx:cad>
     </gpxtpx:TrackPointExtension>
    </extensions>
   </trkpt>
   <trkpt lat="47.8418510" lon="13.7766580">
    <ele>776.6</ele>
    <time>2026-03-07T11:24:06Z</time>
    <extensions>
     <gpxtpx:TrackPointExtension>
      <gpxtpx:hr>127</gpxtpx:hr>
      <gpxtpx:cad>77</gpxtpx:cad>
     </gpxtpx:TrackPointExtension>
    </extensions>
   </trkpt>
   <trkpt lat="47.8418430" lon="13.7767080">
    <ele>777.8</ele>
    <time>2026-03-07T11:24:12Z</time>
    <extensions>
     <gpxtpx:TrackPointExtension>
      <gpxtpx:hr>127</gpxtpx:hr>
      <gpxtpx:cad>76</gpxtpx:cad>
     </gpxtpx:TrackPointExtension>
    </extensions>
   </trkpt>
   <trkpt lat="47.8418450" lon="13.7767200">
    <ele>778.2</ele>
    <time>2026-03-07T11:24:14Z</time>
    <extensions>
     <gpxtpx:TrackPointExtension>
      <gpxtpx:hr>126</gpxtpx:hr>
      <gpxtpx:cad>77</gpxtpx:cad>
     </gpxtpx:TrackPointExtension>
    </extensions>
   </trkpt>
   <trkpt lat="47.8418480" lon="13.7767420">
    <ele>779.0</ele>
    <time>2026-03-07T11:24:17Z</time>
    <extensions>
     <gpxtpx:TrackPointExtension>
      <gpxtpx:hr>125</gpxtpx:hr>
      <gpxtpx:cad>74</gpxtpx:cad>
     </gpxtpx:TrackPointExtension>
    </extensions>
   </trkpt>
   <trkpt lat="47.8418640" lon="13.7767710">
    <ele>780.2</ele>
    <time>2026-03-07T11:24:22Z</time>
    <extensions>
     <gpxtpx:TrackPointExtension>
      <gpxtpx:hr>126</gpxtpx:hr>
      <gpxtpx:cad>65</gpxtpx:cad>
     </gpxtpx:TrackPointExtension>
    </extensions>
   </trkpt>
   <trkpt lat="47.8418700" lon="13.7767800">
    <ele>781.2</ele>
    <time>2026-03-07T11:24:28Z</time>
    <extensions>
     <gpxtpx:TrackPointExtension>
      <gpxtpx:hr>127</gpxtpx:hr>
      <gpxtpx:cad>76</gpxtpx:cad>
     </gpxtpx:TrackPointExtension>
    </extensions>
   </trkpt>
   <trkpt lat="47.8418720" lon="13.7767800">
    <ele>781.6</ele>
    <time>2026-03-07T11:24:30Z</time>
    <extensions>
     <gpxtpx:TrackPointExtension>
      <gpxtpx:hr>132</gpxtpx:hr>
      <gpxtpx:cad>76</gpxtpx:cad>
     </gpxtpx:TrackPointExtension>
    </extensions>
   </trkpt>
   <trkpt lat="47.8418710" lon="13.7767810">
    <ele>782.0</ele>
    <time>2026-03-07T11:24:31Z</time>
    <extensions>
     <gpxtpx:TrackPointExtension>
      <gpxtpx:hr>135</gpxtpx:hr>
      <gpxtpx:cad>75</gpxtpx:cad>
     </gpxtpx:TrackPointExtension>
    </extensions>
   </trkpt>
   <trkpt lat="47.8418690" lon="13.7767820">
    <ele>782.0</ele>
    <time>2026-03-07T11:24:32Z</time>
    <extensions>
     <gpxtpx:TrackPointExtension>
      <gpxtpx:hr>136</gpxtpx:hr>
      <gpxtpx:cad>72</gpxtpx:cad>
     </gpxtpx:TrackPointExtension>
    </extensions>
   </trkpt>
   <trkpt lat="47.8418650" lon="13.7767850">
    <ele>782.2</ele>
    <time>2026-03-07T11:24:33Z</time>
    <extensions>
     <gpxtpx:TrackPointExtension>
      <gpxtpx:hr>136</gpxtpx:hr>
      <gpxtpx:cad>0</gpxtpx:cad>
     </gpxtpx:TrackPointExtension>
    </extensions>
   </trkpt>
   <trkpt lat="47.8418330" lon="13.7768000">
    <ele>783.6</ele>
    <time>2026-03-07T11:24:38Z</time>
    <extensions>
     <gpxtpx:TrackPointExtension>
      <gpxtpx:hr>137</gpxtpx:hr>
      <gpxtpx:cad>72</gpxtpx:cad>
     </gpxtpx:TrackPointExtension>
    </extensions>
   </trkpt>
   <trkpt lat="47.8418250" lon="13.7768020">
    <ele>783.8</ele>
    <time>2026-03-07T11:24:39Z</time>
    <extensions>
     <gpxtpx:TrackPointExtension>
      <gpxtpx:hr>137</gpxtpx:hr>
      <gpxtpx:cad>72</gpxtpx:cad>
     </gpxtpx:TrackPointExtension>
    </extensions>
   </trkpt>
   <trkpt lat="47.8417960" lon="13.7768460">
    <ele>784.4</ele>
    <time>2026-03-07T11:24:46Z</time>
    <extensions>
     <gpxtpx:TrackPointExtension>
      <gpxtpx:hr>137</gpxtpx:hr>
      <gpxtpx:cad>45</gpxtpx:cad>
     </gpxtpx:TrackPointExtension>
    </extensions>
   </trkpt>
   <trkpt lat="47.8417990" lon="13.7768580">
    <ele>784.6</ele>
    <time>2026-03-07T11:24:47Z</time>
    <extensions>
     <gpxtpx:TrackPointExtension>
      <gpxtpx:hr>137</gpxtpx:hr>
      <gpxtpx:cad>45</gpxtpx:cad>
     </gpxtpx:TrackPointExtension>
    </extensions>
   </trkpt>
   <trkpt lat="47.8417930" lon="13.7768710">
    <ele>785.0</ele>
    <time>2026-03-07T11:24:52Z</time>
    <extensions>
     <gpxtpx:TrackPointExtension>
      <gpxtpx:hr>140</gpxtpx:hr>
      <gpxtpx:cad>0</gpxtpx:cad>
     </gpxtpx:TrackPointExtension>
    </extensions>
   </trkpt>
   <trkpt lat="47.8417930" lon="13.7768720">
    <ele>785.0</ele>
    <time>2026-03-07T11:24:57Z</time>
    <extensions>
     <gpxtpx:TrackPointExtension>
      <gpxtpx:hr>139</gpxtpx:hr>
      <gpxtpx:cad>0</gpxtpx:cad>
     </gpxtpx:TrackPointExtension>
    </extensions>
   </trkpt>
   <trkpt lat="47.8417940" lon="13.7768700">
    <ele>785.0</ele>
    <time>2026-03-07T11:25:05Z</time>
    <extensions>
     <gpxtpx:TrackPointExtension>
      <gpxtpx:hr>136</gpxtpx:hr>
      <gpxtpx:cad>0</gpxtpx:cad>
     </gpxtpx:TrackPointExtension>
    </extensions>
   </trkpt>
   <trkpt lat="47.8417960" lon="13.7768680">
    <ele>784.8</ele>
    <time>2026-03-07T11:25:09Z</time>
    <extensions>
     <gpxtpx:TrackPointExtension>
      <gpxtpx:hr>133</gpxtpx:hr>
      <gpxtpx:cad>0</gpxtpx:cad>
     </gpxtpx:TrackPointExtension>
    </extensions>
   </trkpt>
   <trkpt lat="47.8417960" lon="13.7768670">
    <ele>785.0</ele>
    <time>2026-03-07T11:25:11Z</time>
    <extensions>
     <gpxtpx:TrackPointExtension>
      <gpxtpx:hr>130</gpxtpx:hr>
      <gpxtpx:cad>0</gpxtpx:cad>
     </gpxtpx:TrackPointExtension>
    </extensions>
   </trkpt>
   <trkpt lat="47.8417970" lon="13.7768670">
    <ele>785.0</ele>
    <time>2026-03-07T11:25:13Z</time>
    <extensions>
     <gpxtpx:TrackPointExtension>
      <gpxtpx:hr>126</gpxtpx:hr>
      <gpxtpx:cad>0</gpxtpx:cad>
     </gpxtpx:TrackPointExtension>
    </extensions>
   </trkpt>
   <trkpt lat="47.8417980" lon="13.7768660">
    <ele>785.0</ele>
    <time>2026-03-07T11:25:15Z</time>
    <extensions>
     <gpxtpx:TrackPointExtension>
      <gpxtpx:hr>123</gpxtpx:hr>
      <gpxtpx:cad>0</gpxtpx:cad>
     </gpxtpx:TrackPointExtension>
    </extensions>
   </trkpt>
   <trkpt lat="47.8417990" lon="13.7768650">
    <ele>785.0</ele>
    <time>2026-03-07T11:25:17Z</time>
    <extensions>
     <gpxtpx:TrackPointExtension>
      <gpxtpx:hr>118</gpxtpx:hr>
      <gpxtpx:cad>0</gpxtpx:cad>
     </gpxtpx:TrackPointExtension>
    </extensions>
   </trkpt>
   <trkpt lat="47.8418010" lon="13.7768630">
    <ele>785.0</ele>
    <time>2026-03-07T11:25:19Z</time>
    <extensions>
     <gpxtpx:TrackPointExtension>
      <gpxtpx:hr>115</gpxtpx:hr>
      <gpxtpx:cad>0</gpxtpx:cad>
     </gpxtpx:TrackPointExtension>
    </extensions>
   </trkpt>
   <trkpt lat="47.8418020" lon="13.7768620">
    <ele>785.0</ele>
    <time>2026-03-07T11:25:21Z</time>
    <extensions>
     <gpxtpx:TrackPointExtension>
      <gpxtpx:hr>112</gpxtpx:hr>
      <gpxtpx:cad>0</gpxtpx:cad>
     </gpxtpx:TrackPointExtension>
    </extensions>
   </trkpt>
   <trkpt lat="47.8418040" lon="13.7768600">
    <ele>784.8</ele>
    <time>2026-03-07T11:25:25Z</time>
    <extensions>
     <gpxtpx:TrackPointExtension>
      <gpxtpx:hr>109</gpxtpx:hr>
      <gpxtpx:cad>0</gpxtpx:cad>
     </gpxtpx:TrackPointExtension>
    </extensions>
   </trkpt>
   <trkpt lat="47.8418060" lon="13.7768580">
    <ele>784.8</ele>
    <time>2026-03-07T11:25:28Z</time>
    <extensions>
     <gpxtpx:TrackPointExtension>
      <gpxtpx:hr>105</gpxtpx:hr>
      <gpxtpx:cad>0</gpxtpx:cad>
     </gpxtpx:TrackPointExtension>
    </extensions>
   </trkpt>
   <trkpt lat="47.8418060" lon="13.7768580">
    <ele>784.8</ele>
    <time>2026-03-07T11:25:29Z</time>
    <extensions>
     <gpxtpx:TrackPointExtension>
      <gpxtpx:hr>102</gpxtpx:hr>
      <gpxtpx:cad>0</gpxtpx:cad>
     </gpxtpx:TrackPointExtension>
    </extensions>
   </trkpt>
   <trkpt lat="47.8418070" lon="13.7768570">
    <ele>784.8</ele>
    <time>2026-03-07T11:25:31Z</time>
    <extensions>
     <gpxtpx:TrackPointExtension>
      <gpxtpx:hr>100</gpxtpx:hr>
      <gpxtpx:cad>0</gpxtpx:cad>
     </gpxtpx:TrackPointExtension>
    </extensions>
   </trkpt>
   <trkpt lat="47.8418080" lon="13.7768560">
    <ele>784.8</ele>
    <time>2026-03-07T11:25:33Z</time>
    <extensions>
     <gpxtpx:TrackPointExtension>
      <gpxtpx:hr>97</gpxtpx:hr>
      <gpxtpx:cad>0</gpxtpx:cad>
     </gpxtpx:TrackPointExtension>
    </extensions>
   </trkpt>
   <trkpt lat="47.8418080" lon="13.7768550">
    <ele>784.8</ele>
    <time>2026-03-07T11:25:34Z</time>
    <extensions>
     <gpxtpx:TrackPointExtension>
      <gpxtpx:hr>94</gpxtpx:hr>
      <gpxtpx:cad>0</gpxtpx:cad>
     </gpxtpx:TrackPointExtension>
    </extensions>
   </trkpt>
   <trkpt lat="47.8418120" lon="13.7768520">
    <ele>785.0</ele>
    <time>2026-03-07T11:25:51Z</time>
    <extensions>
     <gpxtpx:TrackPointExtension>
      <gpxtpx:hr>88</gpxtpx:hr>
      <gpxtpx:cad>0</gpxtpx:cad>
     </gpxtpx:TrackPointExtension>
    </extensions>
   </trkpt>
   <trkpt lat="47.8418120" lon="13.7768540">
    <ele>784.8</ele>
    <time>2026-03-07T11:25:52Z</time>
    <extensions>
     <gpxtpx:TrackPointExtension>
      <gpxtpx:hr>88</gpxtpx:hr>
      <gpxtpx:cad>0</gpxtpx:cad>
     </gpxtpx:TrackPointExtension>
    </extensions>
   </trkpt>
   <trkpt lat="47.8418160" lon="13.7768620">
    <ele>785.0</ele>
    <time>2026-03-07T11:25:55Z</time>
    <extensions>
     <gpxtpx:TrackPointExtension>
      <gpxtpx:hr>89</gpxtpx:hr>
      <gpxtpx:cad>0</gpxtpx:cad>
     </gpxtpx:TrackPointExtension>
    </extensions>
   </trkpt>
   <trkpt lat="47.8418190" lon="13.7768760">
    <ele>785.4</ele>
    <time>2026-03-07T11:25:57Z</time>
    <extensions>
     <gpxtpx:TrackPointExtension>
      <gpxtpx:hr>93</gpxtpx:hr>
      <gpxtpx:cad>0</gpxtpx:cad>
     </gpxtpx:TrackPointExtension>
    </extensions>
   </trkpt>
   <trkpt lat="47.8418200" lon="13.7768830">
    <ele>785.8</ele>
    <time>2026-03-07T11:25:59Z</time>
    <extensions>
     <gpxtpx:TrackPointExtension>
      <gpxtpx:hr>94</gpxtpx:hr>
      <gpxtpx:cad>64</gpxtpx:cad>
     </gpxtpx:TrackPointExtension>
    </extensions>
   </trkpt>
   <trkpt lat="47.8418230" lon="13.7768830">
    <ele>786.4</ele>
    <time>2026-03-07T11:26:03Z</time>
    <extensions>
     <gpxtpx:TrackPointExtension>
      <gpxtpx:hr>94</gpxtpx:hr>
      <gpxtpx:cad>73</gpxtpx:cad>
     </gpxtpx:TrackPointExtension>
    </extensions>
   </trkpt>
   <trkpt lat="47.8418220" lon="13.7768820">
    <ele>786.8</ele>
    <time>2026-03-07T11:26:05Z</time>
    <extensions>
     <gpxtpx:TrackPointExtension>
      <gpxtpx:hr>95</gpxtpx:hr>
      <gpxtpx:cad>72</gpxtpx:cad>
     </gpxtpx:TrackPointExtension>
    </extensions>
   </trkpt>
   <trkpt lat="47.8418170" lon="13.7768900">
    <ele>787.6</ele>
    <time>2026-03-07T11:26:10Z</time>
    <extensions>
     <gpxtpx:TrackPointExtension>
      <gpxtpx:hr>98</gpxtpx:hr>
      <gpxtpx:cad>0</gpxtpx:cad>
     </gpxtpx:TrackPointExtension>
    </extensions>
   </trkpt>
   <trkpt lat="47.8418130" lon="13.7768900">
    <ele>787.8</ele>
    <time>2026-03-07T11:26:11Z</time>
    <extensions>
     <gpxtpx:TrackPointExtension>
      <gpxtpx:hr>100</gpxtpx:hr>
      <gpxtpx:cad>0</gpxtpx:cad>
     </gpxtpx:TrackPointExtension>
    </extensions>
   </trkpt>
   <trkpt lat="47.8418230" lon="13.7769000">
    <ele>788.2</ele>
    <time>2026-03-07T11:26:15Z</time>
    <extensions>
     <gpxtpx:TrackPointExtension>
      <gpxtpx:hr>106</gpxtpx:hr>
      <gpxtpx:cad>0</gpxtpx:cad>
     </gpxtpx:TrackPointExtension>
    </extensions>
   </trkpt>
   <trkpt lat="47.8418360" lon="13.7769120">
    <ele>788.6</ele>
    <time>2026-03-07T11:26:19Z</time>
    <extensions>
     <gpxtpx:TrackPointExtension>
      <gpxtpx:hr>106</gpxtpx:hr>
      <gpxtpx:cad>0</gpxtpx:cad>
     </gpxtpx:TrackPointExtension>
    </extensions>
   </trkpt>
   <trkpt lat="47.8418400" lon="13.7769170">
    <ele>788.8</ele>
    <time>2026-03-07T11:26:20Z</time>
    <extensions>
     <gpxtpx:TrackPointExtension>
      <gpxtpx:hr>107</gpxtpx:hr>
      <gpxtpx:cad>40</gpxtpx:cad>
     </gpxtpx:TrackPointExtension>
    </extensions>
   </trkpt>
   <trkpt lat="47.8418560" lon="13.7769300">
    <ele>789.8</ele>
    <time>2026-03-07T11:26:24Z</time>
    <extensions>
     <gpxtpx:TrackPointExtension>
      <gpxtpx:hr>108</gpxtpx:hr>
      <gpxtpx:cad>76</gpxtpx:cad>
     </gpxtpx:TrackPointExtension>
    </extensions>
   </trkpt>
   <trkpt lat="47.8418660" lon="13.7769330">
    <ele>790.2</ele>
    <time>2026-03-07T11:26:26Z</time>
    <extensions>
     <gpxtpx:TrackPointExtension>
      <gpxtpx:hr>109</gpxtpx:hr>
      <gpxtpx:cad>76</gpxtpx:cad>
     </gpxtpx:TrackPointExtension>
    </extensions>
   </trkpt>
   <trkpt lat="47.8418750" lon="13.7769310">
    <ele>790.8</ele>
    <time>2026-03-07T11:26:30Z</time>
    <extensions>
     <gpxtpx:TrackPointExtension>
      <gpxtpx:hr>110</gpxtpx:hr>
      <gpxtpx:cad>0</gpxtpx:cad>
     </gpxtpx:TrackPointExtension>
    </extensions>
   </trkpt>
   <trkpt lat="47.8418800" lon="13.7769340">
    <ele>791.2</ele>
    <time>2026-03-07T11:26:35Z</time>
    <extensions>
     <gpxtpx:TrackPointExtension>
      <gpxtpx:hr>116</gpxtpx:hr>
      <gpxtpx:cad>0</gpxtpx:cad>
     </gpxtpx:TrackPointExtension>
    </extensions>
   </trkpt>
   <trkpt lat="47.8418800" lon="13.7769350">
    <ele>791.2</ele>
    <time>2026-03-07T11:26:36Z</time>
    <extensions>
     <gpxtpx:TrackPointExtension>
      <gpxtpx:hr>118</gpxtpx:hr>
      <gpxtpx:cad>0</gpxtpx:cad>
     </gpxtpx:TrackPointExtension>
    </extensions>
   </trkpt>
   <trkpt lat="47.8418800" lon="13.7769370">
    <ele>791.2</ele>
    <time>2026-03-07T11:26:38Z</time>
    <extensions>
     <gpxtpx:TrackPointExtension>
      <gpxtpx:hr>121</gpxtpx:hr>
      <gpxtpx:cad>0</gpxtpx:cad>
     </gpxtpx:TrackPointExtension>
    </extensions>
   </trkpt>
   <trkpt lat="47.8418900" lon="13.7769500">
    <ele>791.4</ele>
    <time>2026-03-07T11:26:47Z</time>
    <extensions>
     <gpxtpx:TrackPointExtension>
      <gpxtpx:hr>121</gpxtpx:hr>
      <gpxtpx:cad>0</gpxtpx:cad>
     </gpxtpx:TrackPointExtension>
    </extensions>
   </trkpt>
   <trkpt lat="47.8418810" lon="13.7769540">
    <ele>791.8</ele>
    <time>2026-03-07T11:26:52Z</time>
    <extensions>
     <gpxtpx:TrackPointExtension>
      <gpxtpx:hr>118</gpxtpx:hr>
      <gpxtpx:cad>0</gpxtpx:cad>
     </gpxtpx:TrackPointExtension>
    </extensions>
   </trkpt>
   <trkpt lat="47.8418760" lon="13.7769530">
    <ele>792.0</ele>
    <time>2026-03-07T11:26:53Z</time>
    <extensions>
     <gpxtpx:TrackPointExtension>
      <gpxtpx:hr>115</gpxtpx:hr>
      <gpxtpx:cad>0</gpxtpx:cad>
     </gpxtpx:TrackPointExtension>
    </extensions>
   </trkpt>
   <trkpt lat="47.8418570" lon="13.7769520">
    <ele>792.6</ele>
    <time>2026-03-07T11:26:56Z</time>
    <extensions>
     <gpxtpx:TrackPointExtension>
      <gpxtpx:hr>115</gpxtpx:hr>
      <gpxtpx:cad>0</gpxtpx:cad>
     </gpxtpx:TrackPointExtension>
    </extensions>
   </trkpt>
   <trkpt lat="47.8418170" lon="13.7769280">
    <ele>792.8</ele>
    <time>2026-03-07T11:27:04Z</time>
    <extensions>
     <gpxtpx:TrackPointExtension>
      <gpxtpx:hr>116</gpxtpx:hr>
      <gpxtpx:cad>0</gpxtpx:cad>
     </gpxtpx:TrackPointExtension>
    </extensions>
   </trkpt>
   <trkpt lat="47.8417920" lon="13.7769270">
    <ele>792.6</ele>
    <time>2026-03-07T11:27:14Z</time>
    <extensions>
     <gpxtpx:TrackPointExtension>
      <gpxtpx:hr>117</gpxtpx:hr>
      <gpxtpx:cad>0</gpxtpx:cad>
     </gpxtpx:TrackPointExtension>
    </extensions>
   </trkpt>
   <trkpt lat="47.8417660" lon="13.7769430">
    <ele>793.0</ele>
    <time>2026-03-07T11:27:20Z</time>
    <extensions>
     <gpxtpx:TrackPointExtension>
      <gpxtpx:hr>114</gpxtpx:hr>
      <gpxtpx:cad>0</gpxtpx:cad>
     </gpxtpx:TrackPointExtension>
    </extensions>
   </trkpt>
   <trkpt lat="47.8417620" lon="13.7769420">
    <ele>793.2</ele>
    <time>2026-03-07T11:27:22Z</time>
    <extensions>
     <gpxtpx:TrackPointExtension>
      <gpxtpx:hr>112</gpxtpx:hr>
      <gpxtpx:cad>0</gpxtpx:cad>
     </gpxtpx:TrackPointExtension>
    </extensions>
   </trkpt>
   <trkpt lat="47.8417590" lon="13.7769410">
    <ele>794.0</ele>
    <time>2026-03-07T11:27:26Z</time>
    <extensions>
     <gpxtpx:TrackPointExtension>
      <gpxtpx:hr>111</gpxtpx:hr>
      <gpxtpx:cad>0</gpxtpx:cad>
     </gpxtpx:TrackPointExtension>
    </extensions>
   </trkpt>
   <trkpt lat="47.8417490" lon="13.7769470">
    <ele>794.8</ele>
    <time>2026-03-07T11:27:30Z</time>
    <extensions>
     <gpxtpx:TrackPointExtension>
      <gpxtpx:hr>113</gpxtpx:hr>
      <gpxtpx:cad>0</gpxtpx:cad>
     </gpxtpx:TrackPointExtension>
    </extensions>
   </trkpt>
   <trkpt lat="47.8417390" lon="13.7769470">
    <ele>794.8</ele>
    <time>2026-03-07T11:27:33Z</time>
    <extensions>
     <gpxtpx:TrackPointExtension>
      <gpxtpx:hr>116</gpxtpx:hr>
      <gpxtpx:cad>0</gpxtpx:cad>
     </gpxtpx:TrackPointExtension>
    </extensions>
   </trkpt>
   <trkpt lat="47.8417260" lon="13.7769590">
    <ele>794.6</ele>
    <time>2026-03-07T11:27:37Z</time>
    <extensions>
     <gpxtpx:TrackPointExtension>
      <gpxtpx:hr>118</gpxtpx:hr>
      <gpxtpx:cad>0</gpxtpx:cad>
     </gpxtpx:TrackPointExtension>
    </extensions>
   </trkpt>
   <trkpt lat="47.8417050" lon="13.7769710">
    <ele>795.2</ele>
    <time>2026-03-07T11:27:41Z</time>
    <extensions>
     <gpxtpx:TrackPointExtension>
      <gpxtpx:hr>117</gpxtpx:hr>
      <gpxtpx:cad>0</gpxtpx:cad>
     </gpxtpx:TrackPointExtension>
    </extensions>
   </trkpt>
   <trkpt lat="47.8416970" lon="13.7769810">
    <ele>795.8</ele>
    <time>2026-03-07T11:27:44Z</time>
    <extensions>
     <gpxtpx:TrackPointExtension>
      <gpxtpx:hr>117</gpxtpx:hr>
      <gpxtpx:cad>42</gpxtpx:cad>
     </gpxtpx:TrackPointExtension>
    </extensions>
   </trkpt>
   <trkpt lat="47.8416960" lon="13.7770050">
    <ele>796.2</ele>
    <time>2026-03-07T11:27:48Z</time>
    <extensions>
     <gpxtpx:TrackPointExtension>
      <gpxtpx:hr>117</gpxtpx:hr>
      <gpxtpx:cad>0</gpxtpx:cad>
     </gpxtpx:TrackPointExtension>
    </extensions>
   </trkpt>
   <trkpt lat="47.8417040" lon="13.7770470">
    <ele>797.2</ele>
    <time>2026-03-07T11:27:53Z</time>
    <extensions>
     <gpxtpx:TrackPointExtension>
      <gpxtpx:hr>119</gpxtpx:hr>
      <gpxtpx:cad>0</gpxtpx:cad>
     </gpxtpx:TrackPointExtension>
    </extensions>
   </trkpt>
   <trkpt lat="47.8417100" lon="13.7770640">
    <ele>798.4</ele>
    <time>2026-03-07T11:27:58Z</time>
    <extensions>
     <gpxtpx:TrackPointExtension>
      <gpxtpx:hr>119</gpxtpx:hr>
      <gpxtpx:cad>70</gpxtpx:cad>
     </gpxtpx:TrackPointExtension>
    </extensions>
   </trkpt>
   <trkpt lat="47.8417210" lon="13.7770670">
    <ele>799.2</ele>
    <time>2026-03-07T11:28:02Z</time>
    <extensions>
     <gpxtpx:TrackPointExtension>
      <gpxtpx:hr>120</gpxtpx:hr>
      <gpxtpx:cad>0</gpxtpx:cad>
     </gpxtpx:TrackPointExtension>
    </extensions>
   </trkpt>
   <trkpt lat="47.8417280" lon="13.7770810">
    <ele>799.6</ele>
    <time>2026-03-07T11:28:05Z</time>
    <extensions>
     <gpxtpx:TrackPointExtension>
      <gpxtpx:hr>122</gpxtpx:hr>
      <gpxtpx:cad>71</gpxtpx:cad>
     </gpxtpx:TrackPointExtension>
    </extensions>
   </trkpt>
   <trkpt lat="47.8417430" lon="13.7770840">
    <ele>800.6</ele>
    <time>2026-03-07T11:28:10Z</time>
    <extensions>
     <gpxtpx:TrackPointExtension>
      <gpxtpx:hr>124</gpxtpx:hr>
      <gpxtpx:cad>0</gpxtpx:cad>
     </gpxtpx:TrackPointExtension>
    </extensions>
   </trkpt>
   <trkpt lat="47.8417470" lon="13.7770810">
    <ele>801.4</ele>
    <time>2026-03-07T11:28:13Z</time>
    <extensions>
     <gpxtpx:TrackPointExtension>
      <gpxtpx:hr>129</gpxtpx:hr>
      <gpxtpx:cad>0</gpxtpx:cad>
     </gpxtpx:TrackPointExtension>
    </extensions>
   </trkpt>
   <trkpt lat="47.8417470" lon="13.7770840">
    <ele>801.4</ele>
    <time>2026-03-07T11:28:17Z</time>
    <extensions>
     <gpxtpx:TrackPointExtension>
      <gpxtpx:hr>132</gpxtpx:hr>
      <gpxtpx:cad>0</gpxtpx:cad>
     </gpxtpx:TrackPointExtension>
    </extensions>
   </trkpt>
   <trkpt lat="47.8417400" lon="13.7770880">
    <ele>801.6</ele>
    <time>2026-03-07T11:28:21Z</time>
    <extensions>
     <gpxtpx:TrackPointExtension>
      <gpxtpx:hr>132</gpxtpx:hr>
      <gpxtpx:cad>0</gpxtpx:cad>
     </gpxtpx:TrackPointExtension>
    </extensions>
   </trkpt>
   <trkpt lat="47.8417350" lon="13.7770890">
    <ele>801.8</ele>
    <time>2026-03-07T11:28:22Z</time>
    <extensions>
     <gpxtpx:TrackPointExtension>
      <gpxtpx:hr>132</gpxtpx:hr>
      <gpxtpx:cad>0</gpxtpx:cad>
     </gpxtpx:TrackPointExtension>
    </extensions>
   </trkpt>
   <trkpt lat="47.8417170" lon="13.7771020">
    <ele>802.8</ele>
    <time>2026-03-07T11:28:26Z</time>
    <extensions>
     <gpxtpx:TrackPointExtension>
      <gpxtpx:hr>131</gpxtpx:hr>
      <gpxtpx:cad>0</gpxtpx:cad>
     </gpxtpx:TrackPointExtension>
    </extensions>
   </trkpt>
   <trkpt lat="47.8417010" lon="13.7771300">
    <ele>804.0</ele>
    <time>2026-03-07T11:28:33Z</time>
    <extensions>
     <gpxtpx:TrackPointExtension>
      <gpxtpx:hr>131</gpxtpx:hr>
      <gpxtpx:cad>42</gpxtpx:cad>
     </gpxtpx:TrackPointExtension>
    </extensions>
   </trkpt>
   <trkpt lat="47.8416970" lon="13.7771300">
    <ele>804.8</ele>
    <time>2026-03-07T11:28:43Z</time>
    <extensions>
     <gpxtpx:TrackPointExtension>
      <gpxtpx:hr>130</gpxtpx:hr>
      <gpxtpx:cad>0</gpxtpx:cad>
     </gpxtpx:TrackPointExtension>
    </extensions>
   </trkpt>
   <trkpt lat="47.8416890" lon="13.7771420">
    <ele>805.2</ele>
    <time>2026-03-07T11:28:49Z</time>
    <extensions>
     <gpxtpx:TrackPointExtension>
      <gpxtpx:hr>129</gpxtpx:hr>
      <gpxtpx:cad>0</gpxtpx:cad>
     </gpxtpx:TrackPointExtension>
    </extensions>
   </trkpt>
   <trkpt lat="47.8416890" lon="13.7771430">
    <ele>805.2</ele>
    <time>2026-03-07T11:28:50Z</time>
    <extensions>
     <gpxtpx:TrackPointExtension>
      <gpxtpx:hr>128</gpxtpx:hr>
      <gpxtpx:cad>0</gpxtpx:cad>
     </gpxtpx:TrackPointExtension>
    </extensions>
   </trkpt>
   <trkpt lat="47.8416460" lon="13.7771480">
    <ele>805.4</ele>
    <time>2026-03-07T11:28:58Z</time>
    <extensions>
     <gpxtpx:TrackPointExtension>
      <gpxtpx:hr>127</gpxtpx:hr>
      <gpxtpx:cad>0</gpxtpx:cad>
     </gpxtpx:TrackPointExtension>
    </extensions>
   </trkpt>
   <trkpt lat="47.8416270" lon="13.7771650">
    <ele>805.8</ele>
    <time>2026-03-07T11:29:01Z</time>
    <extensions>
     <gpxtpx:TrackPointExtension>
      <gpxtpx:hr>130</gpxtpx:hr>
      <gpxtpx:cad>40</gpxtpx:cad>
     </gpxtpx:TrackPointExtension>
    </extensions>
   </trkpt>
   <trkpt lat="47.8416160" lon="13.7771790">
    <ele>806.2</ele>
    <time>2026-03-07T11:29:03Z</time>
    <extensions>
     <gpxtpx:TrackPointExtension>
      <gpxtpx:hr>130</gpxtpx:hr>
      <gpxtpx:cad>41</gpxtpx:cad>
     </gpxtpx:TrackPointExtension>
    </extensions>
   </trkpt>
   <trkpt lat="47.8416060" lon="13.7771960">
    <ele>806.8</ele>
    <time>2026-03-07T11:29:06Z</time>
    <extensions>
     <gpxtpx:TrackPointExtension>
      <gpxtpx:hr>127</gpxtpx:hr>
      <gpxtpx:cad>0</gpxtpx:cad>
     </gpxtpx:TrackPointExtension>
    </extensions>
   </trkpt>
   <trkpt lat="47.8416050" lon="13.7772070">
    <ele>807.2</ele>
    <time>2026-03-07T11:29:08Z</time>
    <extensions>
     <gpxtpx:TrackPointExtension>
      <gpxtpx:hr>126</gpxtpx:hr>
      <gpxtpx:cad>0</gpxtpx:cad>
     </gpxtpx:TrackPointExtension>
    </extensions>
   </trkpt>
   <trkpt lat="47.8416000" lon="13.7772180">
    <ele>808.0</ele>
    <time>2026-03-07T11:29:13Z</time>
    <extensions>
     <gpxtpx:TrackPointExtension>
      <gpxtpx:hr>124</gpxtpx:hr>
      <gpxtpx:cad>0</gpxtpx:cad>
     </gpxtpx:TrackPointExtension>
    </extensions>
   </trkpt>
   <trkpt lat="47.8415960" lon="13.7772230">
    <ele>808.2</ele>
    <time>2026-03-07T11:29:14Z</time>
    <extensions>
     <gpxtpx:TrackPointExtension>
      <gpxtpx:hr>121</gpxtpx:hr>
      <gpxtpx:cad>0</gpxtpx:cad>
     </gpxtpx:TrackPointExtension>
    </extensions>
   </trkpt>
   <trkpt lat="47.8415930" lon="13.7772270">
    <ele>808.6</ele>
    <time>2026-03-07T11:29:15Z</time>
    <extensions>
     <gpxtpx:TrackPointExtension>
      <gpxtpx:hr>121</gpxtpx:hr>
      <gpxtpx:cad>0</gpxtpx:cad>
     </gpxtpx:TrackPointExtension>
    </extensions>
   </trkpt>
   <trkpt lat="47.8415920" lon="13.7772320">
    <ele>809.2</ele>
    <time>2026-03-07T11:29:19Z</time>
    <extensions>
     <gpxtpx:TrackPointExtension>
      <gpxtpx:hr>121</gpxtpx:hr>
      <gpxtpx:cad>0</gpxtpx:cad>
     </gpxtpx:TrackPointExtension>
    </extensions>
   </trkpt>
   <trkpt lat="47.8415950" lon="13.7772310">
    <ele>809.0</ele>
    <time>2026-03-07T11:29:23Z</time>
    <extensions>
     <gpxtpx:TrackPointExtension>
      <gpxtpx:hr>124</gpxtpx:hr>
      <gpxtpx:cad>0</gpxtpx:cad>
     </gpxtpx:TrackPointExtension>
    </extensions>
   </trkpt>
   <trkpt lat="47.8415980" lon="13.7772360">
    <ele>809.2</ele>
    <time>2026-03-07T11:29:28Z</time>
    <extensions>
     <gpxtpx:TrackPointExtension>
      <gpxtpx:hr>123</gpxtpx:hr>
      <gpxtpx:cad>0</gpxtpx:cad>
     </gpxtpx:TrackPointExtension>
    </extensions>
   </trkpt>
   <trkpt lat="47.8416180" lon="13.7772590">
    <ele>809.6</ele>
    <time>2026-03-07T11:29:33Z</time>
    <extensions>
     <gpxtpx:TrackPointExtension>
      <gpxtpx:hr>122</gpxtpx:hr>
      <gpxtpx:cad>0</gpxtpx:cad>
     </gpxtpx:TrackPointExtension>
    </extensions>
   </trkpt>
   <trkpt lat="47.8416350" lon="13.7772630">
    <ele>810.4</ele>
    <time>2026-03-07T11:29:36Z</time>
    <extensions>
     <gpxtpx:TrackPointExtension>
      <gpxtpx:hr>122</gpxtpx:hr>
      <gpxtpx:cad>66</gpxtpx:cad>
     </gpxtpx:TrackPointExtension>
    </extensions>
   </trkpt>
   <trkpt lat="47.8416600" lon="13.7772750">
    <ele>811.0</ele>
    <time>2026-03-07T11:29:40Z</time>
    <extensions>
     <gpxtpx:TrackPointExtension>
      <gpxtpx:hr>117</gpxtpx:hr>
      <gpxtpx:cad>71</gpxtpx:cad>
     </gpxtpx:TrackPointExtension>
    </extensions>
   </trkpt>
   <trkpt lat="47.8416690" lon="13.7772800">
    <ele>811.4</ele>
    <time>2026-03-07T11:29:43Z</time>
    <extensions>
     <gpxtpx:TrackPointExtension>
      <gpxtpx:hr>116</gpxtpx:hr>
      <gpxtpx:cad>0</gpxtpx:cad>
     </gpxtpx:TrackPointExtension>
    </extensions>
   </trkpt>
   <trkpt lat="47.8416610" lon="13.7772930">
    <ele>812.6</ele>
    <time>2026-03-07T11:29:48Z</time>
    <extensions>
     <gpxtpx:TrackPointExtension>
      <gpxtpx:hr>116</gpxtpx:hr>
      <gpxtpx:cad>0</gpxtpx:cad>
     </gpxtpx:TrackPointExtension>
    </extensions>
   </trkpt>
   <trkpt lat="47.8416580" lon="13.7772970">
    <ele>812.8</ele>
    <time>2026-03-07T11:29:49Z</time>
    <extensions>
     <gpxtpx:TrackPointExtension>
      <gpxtpx:hr>116</gpxtpx:hr>
      <gpxtpx:cad>0</gpxtpx:cad>
     </gpxtpx:TrackPointExtension>
    </extensions>
   </trkpt>
   <trkpt lat="47.8416480" lon="13.7773060">
    <ele>813.8</ele>
    <time>2026-03-07T11:29:54Z</time>
    <extensions>
     <gpxtpx:TrackPointExtension>
      <gpxtpx:hr>119</gpxtpx:hr>
      <gpxtpx:cad>0</gpxtpx:cad>
     </gpxtpx:TrackPointExtension>
    </extensions>
   </trkpt>
   <trkpt lat="47.8416480" lon="13.7773060">
    <ele>814.0</ele>
    <time>2026-03-07T11:29:56Z</time>
    <extensions>
     <gpxtpx:TrackPointExtension>
      <gpxtpx:hr>120</gpxtpx:hr>
      <gpxtpx:cad>0</gpxtpx:cad>
     </gpxtpx:TrackPointExtension>
    </extensions>
   </trkpt>
   <trkpt lat="47.8416450" lon="13.7773020">
    <ele>813.8</ele>
    <time>2026-03-07T11:30:10Z</time>
    <extensions>
     <gpxtpx:TrackPointExtension>
      <gpxtpx:hr>121</gpxtpx:hr>
      <gpxtpx:cad>0</gpxtpx:cad>
     </gpxtpx:TrackPointExtension>
    </extensions>
   </trkpt>
   <trkpt lat="47.8416410" lon="13.7773080">
    <ele>814.0</ele>
    <time>2026-03-07T11:30:13Z</time>
    <extensions>
     <gpxtpx:TrackPointExtension>
      <gpxtpx:hr>118</gpxtpx:hr>
      <gpxtpx:cad>0</gpxtpx:cad>
     </gpxtpx:TrackPointExtension>
    </extensions>
   </trkpt>
   <trkpt lat="47.8416320" lon="13.7773320">
    <ele>814.0</ele>
    <time>2026-03-07T11:30:18Z</time>
    <extensions>
     <gpxtpx:TrackPointExtension>
      <gpxtpx:hr>116</gpxtpx:hr>
      <gpxtpx:cad>0</gpxtpx:cad>
     </gpxtpx:TrackPointExtension>
    </extensions>
   </trkpt>
   <trkpt lat="47.8416320" lon="13.7773320">
    <ele>814.8</ele>
    <time>2026-03-07T11:30:22Z</time>
    <extensions>
     <gpxtpx:TrackPointExtension>
      <gpxtpx:hr>116</gpxtpx:hr>
      <gpxtpx:cad>0</gpxtpx:cad>
     </gpxtpx:TrackPointExtension>
    </extensions>
   </trkpt>
   <trkpt lat="47.8416310" lon="13.7773330">
    <ele>815.2</ele>
    <time>2026-03-07T11:30:25Z</time>
    <extensions>
     <gpxtpx:TrackPointExtension>
      <gpxtpx:hr>117</gpxtpx:hr>
      <gpxtpx:cad>0</gpxtpx:cad>
     </gpxtpx:TrackPointExtension>
    </extensions>
   </trkpt>
   <trkpt lat="47.8416300" lon="13.7773330">
    <ele>815.4</ele>
    <time>2026-03-07T11:30:27Z</time>
    <extensions>
     <gpxtpx:TrackPointExtension>
      <gpxtpx:hr>113</gpxtpx:hr>
      <gpxtpx:cad>0</gpxtpx:cad>
     </gpxtpx:TrackPointExtension>
    </extensions>
   </trkpt>
   <trkpt lat="47.8416270" lon="13.7773390">
    <ele>815.4</ele>
    <time>2026-03-07T11:30:31Z</time>
    <extensions>
     <gpxtpx:TrackPointExtension>
      <gpxtpx:hr>110</gpxtpx:hr>
      <gpxtpx:cad>0</gpxtpx:cad>
     </gpxtpx:TrackPointExtension>
    </extensions>
   </trkpt>
   <trkpt lat="47.8416210" lon="13.7773470">
    <ele>815.8</ele>
    <time>2026-03-07T11:30:33Z</time>
    <extensions>
     <gpxtpx:TrackPointExtension>
      <gpxtpx:hr>109</gpxtpx:hr>
      <gpxtpx:cad>0</gpxtpx:cad>
     </gpxtpx:TrackPointExtension>
    </extensions>
   </trkpt>
   <trkpt lat="47.8416120" lon="13.7773600">
    <ele>817.0</ele>
    <time>2026-03-07T11:30:37Z</time>
    <extensions>
     <gpxtpx:TrackPointExtension>
      <gpxtpx:hr>109</gpxtpx:hr>
      <gpxtpx:cad>0</gpxtpx:cad>
     </gpxtpx:TrackPointExtension>
    </extensions>
   </trkpt>
   <trkpt lat="47.8416030" lon="13.7773730">
    <ele>817.4</ele>
    <time>2026-03-07T11:30:40Z</time>
    <extensions>
     <gpxtpx:TrackPointExtension>
      <gpxtpx:hr>112</gpxtpx:hr>
      <gpxtpx:cad>0</gpxtpx:cad>
     </gpxtpx:TrackPointExtension>
    </extensions>
   </trkpt>
   <trkpt lat="47.8416000" lon="13.7773780">
    <ele>817.4</ele>
    <time>2026-03-07T11:30:41Z</time>
    <extensions>
     <gpxtpx:TrackPointExtension>
      <gpxtpx:hr>113</gpxtpx:hr>
      <gpxtpx:cad>65</gpxtpx:cad>
     </gpxtpx:TrackPointExtension>
    </extensions>
   </trkpt>
   <trkpt lat="47.8415950" lon="13.7773870">
    <ele>817.8</ele>
    <time>2026-03-07T11:30:43Z</time>
    <extensions>
     <gpxtpx:TrackPointExtension>
      <gpxtpx:hr>118</gpxtpx:hr>
      <gpxtpx:cad>66</gpxtpx:cad>
     </gpxtpx:TrackPointExtension>
    </extensions>
   </trkpt>
   <trkpt lat="47.8415910" lon="13.7773930">
    <ele>818.2</ele>
    <time>2026-03-07T11:30:44Z</time>
    <extensions>
     <gpxtpx:TrackPointExtension>
      <gpxtpx:hr>120</gpxtpx:hr>
      <gpxtpx:cad>66</gpxtpx:cad>
     </gpxtpx:TrackPointExtension>
    </extensions>
   </trkpt>
   <trkpt lat="47.8415880" lon="13.7774110">
    <ele>819.2</ele>
    <time>2026-03-07T11:30:48Z</time>
    <extensions>
     <gpxtpx:TrackPointExtension>
      <gpxtpx:hr>123</gpxtpx:hr>
      <gpxtpx:cad>0</gpxtpx:cad>
     </gpxtpx:TrackPointExtension>
    </extensions>
   </trkpt>
   <trkpt lat="47.8415780" lon="13.7774240">
    <ele>819.4</ele>
    <time>2026-03-07T11:31:01Z</time>
    <extensions>
     <gpxtpx:TrackPointExtension>
      <gpxtpx:hr>121</gpxtpx:hr>
      <gpxtpx:cad>0</gpxtpx:cad>
     </gpxtpx:TrackPointExtension>
    </extensions>
   </trkpt>
   <trkpt lat="47.8415610" lon="13.7774440">
    <ele>820.2</ele>
    <time>2026-03-07T11:31:05Z</time>
    <extensions>
     <gpxtpx:TrackPointExtension>
      <gpxtpx:hr>120</gpxtpx:hr>
      <gpxtpx:cad>40</gpxtpx:cad>
     </gpxtpx:TrackPointExtension>
    </extensions>
   </trkpt>
   <trkpt lat="47.8415440" lon="13.7774560">
    <ele>820.8</ele>
    <time>2026-03-07T11:31:10Z</time>
    <extensions>
     <gpxtpx:TrackPointExtension>
      <gpxtpx:hr>119</gpxtpx:hr>
      <gpxtpx:cad>0</gpxtpx:cad>
     </gpxtpx:TrackPointExtension>
    </extensions>
   </trkpt>
   <trkpt lat="47.8415430" lon="13.7774550">
    <ele>820.6</ele>
    <time>2026-03-07T11:31:15Z</time>
    <extensions>
     <gpxtpx:TrackPointExtension>
      <gpxtpx:hr>122</gpxtpx:hr>
      <gpxtpx:cad>0</gpxtpx:cad>
     </gpxtpx:TrackPointExtension>
    </extensions>
   </trkpt>
   <trkpt lat="47.8415430" lon="13.7774550">
    <ele>820.8</ele>
    <time>2026-03-07T11:31:23Z</time>
    <extensions>
     <gpxtpx:TrackPointExtension>
      <gpxtpx:hr>122</gpxtpx:hr>
      <gpxtpx:cad>0</gpxtpx:cad>
     </gpxtpx:TrackPointExtension>
    </extensions>
   </trkpt>
   <trkpt lat="47.8415430" lon="13.7774560">
    <ele>820.8</ele>
    <time>2026-03-07T11:31:26Z</time>
    <extensions>
     <gpxtpx:TrackPointExtension>
      <gpxtpx:hr>118</gpxtpx:hr>
      <gpxtpx:cad>0</gpxtpx:cad>
     </gpxtpx:TrackPointExtension>
    </extensions>
   </trkpt>
   <trkpt lat="47.8415420" lon="13.7774570">
    <ele>820.8</ele>
    <time>2026-03-07T11:31:33Z</time>
    <extensions>
     <gpxtpx:TrackPointExtension>
      <gpxtpx:hr>115</gpxtpx:hr>
      <gpxtpx:cad>0</gpxtpx:cad>
     </gpxtpx:TrackPointExtension>
    </extensions>
   </trkpt>
   <trkpt lat="47.8415410" lon="13.7774580">
    <ele>820.8</ele>
    <time>2026-03-07T11:31:40Z</time>
    <extensions>
     <gpxtpx:TrackPointExtension>
      <gpxtpx:hr>112</gpxtpx:hr>
      <gpxtpx:cad>0</gpxtpx:cad>
     </gpxtpx:TrackPointExtension>
    </extensions>
   </trkpt>
   <trkpt lat="47.8415410" lon="13.7774580">
    <ele>820.8</ele>
    <time>2026-03-07T11:31:41Z</time>
    <extensions>
     <gpxtpx:TrackPointExtension>
      <gpxtpx:hr>107</gpxtpx:hr>
      <gpxtpx:cad>0</gpxtpx:cad>
     </gpxtpx:TrackPointExtension>
    </extensions>
   </trkpt>
   <trkpt lat="47.8415400" lon="13.7774590">
    <ele>820.8</ele>
    <time>2026-03-07T11:31:45Z</time>
    <extensions>
     <gpxtpx:TrackPointExtension>
      <gpxtpx:hr>104</gpxtpx:hr>
      <gpxtpx:cad>0</gpxtpx:cad>
     </gpxtpx:TrackPointExtension>
    </extensions>
   </trkpt>
   <trkpt lat="47.8415390" lon="13.7774600">
    <ele>820.8</ele>
    <time>2026-03-07T11:31:53Z</time>
    <extensions>
     <gpxtpx:TrackPointExtension>
      <gpxtpx:hr>101</gpxtpx:hr>
      <gpxtpx:cad>0</gpxtpx:cad>
     </gpxtpx:TrackPointExtension>
    </extensions>
   </trkpt>
   <trkpt lat="47.8415380" lon="13.7774610">
    <ele>820.8</ele>
    <time>2026-03-07T11:31:59Z</time>
    <extensions>
     <gpxtpx:TrackPointExtension>
      <gpxtpx:hr>97</gpxtpx:hr>
      <gpxtpx:cad>0</gpxtpx:cad>
     </gpxtpx:TrackPointExtension>
    </extensions>
   </trkpt>
   <trkpt lat="47.8415380" lon="13.7774610">
    <ele>820.8</ele>
    <time>2026-03-07T11:32:01Z</time>
    <extensions>
     <gpxtpx:TrackPointExtension>
      <gpxtpx:hr>94</gpxtpx:hr>
      <gpxtpx:cad>0</gpxtpx:cad>
     </gpxtpx:TrackPointExtension>
    </extensions>
   </trkpt>
   <trkpt lat="47.8415360" lon="13.7774520">
    <ele>820.6</ele>
    <time>2026-03-07T11:32:19Z</time>
    <extensions>
     <gpxtpx:TrackPointExtension>
      <gpxtpx:hr>93</gpxtpx:hr>
      <gpxtpx:cad>71</gpxtpx:cad>
     </gpxtpx:TrackPointExtension>
    </extensions>
   </trkpt>
   <trkpt lat="47.8415080" lon="13.7774430">
    <ele>821.4</ele>
    <time>2026-03-07T11:32:24Z</time>
    <extensions>
     <gpxtpx:TrackPointExtension>
      <gpxtpx:hr>93</gpxtpx:hr>
      <gpxtpx:cad>43</gpxtpx:cad>
     </gpxtpx:TrackPointExtension>
    </extensions>
   </trkpt>
   <trkpt lat="47.8414960" lon="13.7774380">
    <ele>821.8</ele>
    <time>2026-03-07T11:32:26Z</time>
    <extensions>
     <gpxtpx:TrackPointExtension>
      <gpxtpx:hr>93</gpxtpx:hr>
      <gpxtpx:cad>45</gpxtpx:cad>
     </gpxtpx:TrackPointExtension>
    </extensions>
   </trkpt>
   <trkpt lat="47.8414810" lon="13.7774300">
    <ele>822.4</ele>
    <time>2026-03-07T11:32:29Z</time>
    <extensions>
     <gpxtpx:TrackPointExtension>
      <gpxtpx:hr>92</gpxtpx:hr>
      <gpxtpx:cad>44</gpxtpx:cad>
     </gpxtpx:TrackPointExtension>
    </extensions>
   </trkpt>
   <trkpt lat="47.8414510" lon="13.7774350">
    <ele>823.4</ele>
    <time>2026-03-07T11:32:34Z</time>
    <extensions>
     <gpxtpx:TrackPointExtension>
      <gpxtpx:hr>98</gpxtpx:hr>
      <gpxtpx:cad>45</gpxtpx:cad>
     </gpxtpx:TrackPointExtension>
    </extensions>
   </trkpt>
   <trkpt lat="47.8414450" lon="13.7774440">
    <ele>823.6</ele>
    <time>2026-03-07T11:32:35Z</time>
    <extensions>
     <gpxtpx:TrackPointExtension>
      <gpxtpx:hr>101</gpxtpx:hr>
      <gpxtpx:cad>45</gpxtpx:cad>
     </gpxtpx:TrackPointExtension>
    </extensions>
   </trkpt>
   <trkpt lat="47.8414410" lon="13.7774720">
    <ele>823.8</ele>
    <time>2026-03-07T11:32:37Z</time>
    <extensions>
     <gpxtpx:TrackPointExtension>
      <gpxtpx:hr>106</gpxtpx:hr>
      <gpxtpx:cad>41</gpxtpx:cad>
     </gpxtpx:TrackPointExtension>
    </extensions>
   </trkpt>
   <trkpt lat="47.8414420" lon="13.7775090">
    <ele>824.4</ele>
    <time>2026-03-07T11:32:40Z</time>
    <extensions>
     <gpxtpx:TrackPointExtension>
      <gpxtpx:hr>109</gpxtpx:hr>
      <gpxtpx:cad>41</gpxtpx:cad>
     </gpxtpx:TrackPointExtension>
    </extensions>
   </trkpt>
   <trkpt lat="47.8414410" lon="13.7775190">
    <ele>824.6</ele>
    <time>2026-03-07T11:32:41Z</time>
    <extensions>
     <gpxtpx:TrackPointExtension>
      <gpxtpx:hr>110</gpxtpx:hr>
      <gpxtpx:cad>41</gpxtpx:cad>
     </gpxtpx:TrackPointExtension>
    </extensions>
   </trkpt>
   <trkpt lat="47.8414390" lon="13.7775490">
    <ele>825.4</ele>
    <time>2026-03-07T11:32:45Z</time>
    <extensions>
     <gpxtpx:TrackPointExtension>
      <gpxtpx:hr>113</gpxtpx:hr>
      <gpxtpx:cad>78</gpxtpx:cad>
     </gpxtpx:TrackPointExtension>
    </extensions>
   </trkpt>
   <trkpt lat="47.8414390" lon="13.7775560">
    <ele>825.8</ele>
    <time>2026-03-07T11:32:47Z</time>
    <extensions>
     <gpxtpx:TrackPointExtension>
      <gpxtpx:hr>114</gpxtpx:hr>
      <gpxtpx:cad>78</gpxtpx:cad>
     </gpxtpx:TrackPointExtension>
    </extensions>
   </trkpt>
   <trkpt lat="47.8414340" lon="13.7775670">
    <ele>826.8</ele>
    <time>2026-03-07T11:32:52Z</time>
    <extensions>
     <gpxtpx:TrackPointExtension>
      <gpxtpx:hr>117</gpxtpx:hr>
      <gpxtpx:cad>41</gpxtpx:cad>
     </gpxtpx:TrackPointExtension>
    </extensions>
   </trkpt>
   <trkpt lat="47.8414240" lon="13.7775630">
    <ele>827.4</ele>
    <time>2026-03-07T11:32:55Z</time>
    <extensions>
     <gpxtpx:TrackPointExtension>
      <gpxtpx:hr>118</gpxtpx:hr>
      <gpxtpx:cad>0</gpxtpx:cad>
     </gpxtpx:TrackPointExtension>
    </extensions>
   </trkpt>
   <trkpt lat="47.8414040" lon="13.7775740">
    <ele>827.8</ele>
    <time>2026-03-07T11:33:00Z</time>
    <extensions>
     <gpxtpx:TrackPointExtension>
      <gpxtpx:hr>119</gpxtpx:hr>
      <gpxtpx:cad>0</gpxtpx:cad>
     </gpxtpx:TrackPointExtension>
    </extensions>
   </trkpt>
   <trkpt lat="47.8414020" lon="13.7776010">
    <ele>828.4</ele>
    <time>2026-03-07T11:33:03Z</time>
    <extensions>
     <gpxtpx:TrackPointExtension>
      <gpxtpx:hr>119</gpxtpx:hr>
      <gpxtpx:cad>46</gpxtpx:cad>
     </gpxtpx:TrackPointExtension>
    </extensions>
   </trkpt>
   <trkpt lat="47.8414040" lon="13.7776240">
    <ele>828.8</ele>
    <time>2026-03-07T11:33:05Z</time>
    <extensions>
     <gpxtpx:TrackPointExtension>
      <gpxtpx:hr>121</gpxtpx:hr>
      <gpxtpx:cad>46</gpxtpx:cad>
     </gpxtpx:TrackPointExtension>
    </extensions>
   </trkpt>
   <trkpt lat="47.8414100" lon="13.7776510">
    <ele>829.4</ele>
    <time>2026-03-07T11:33:08Z</time>
    <extensions>
     <gpxtpx:TrackPointExtension>
      <gpxtpx:hr>125</gpxtpx:hr>
      <gpxtpx:cad>75</gpxtpx:cad>
     </gpxtpx:TrackPointExtension>
    </extensions>
   </trkpt>
   <trkpt lat="47.8414160" lon="13.7776630">
    <ele>830.0</ele>
    <time>2026-03-07T11:33:11Z</time>
    <extensions>
     <gpxtpx:TrackPointExtension>
      <gpxtpx:hr>127</gpxtpx:hr>
      <gpxtpx:cad>76</gpxtpx:cad>
     </gpxtpx:TrackPointExtension>
    </extensions>
   </trkpt>
   <trkpt lat="47.8414210" lon="13.7776580">
    <ele>831.0</ele>
    <time>2026-03-07T11:33:17Z</time>
    <extensions>
     <gpxtpx:TrackPointExtension>
      <gpxtpx:hr>130</gpxtpx:hr>
      <gpxtpx:cad>0</gpxtpx:cad>
     </gpxtpx:TrackPointExtension>
    </extensions>
   </trkpt>
   <trkpt lat="47.8414210" lon="13.7776580">
    <ele>830.8</ele>
    <time>2026-03-07T11:33:18Z</time>
    <extensions>
     <gpxtpx:TrackPointExtension>
      <gpxtpx:hr>130</gpxtpx:hr>
      <gpxtpx:cad>0</gpxtpx:cad>
     </gpxtpx:TrackPointExtension>
    </extensions>
   </trkpt>
   <trkpt lat="47.8414210" lon="13.7776600">
    <ele>831.0</ele>
    <time>2026-03-07T11:33:21Z</time>
    <extensions>
     <gpxtpx:TrackPointExtension>
      <gpxtpx:hr>132</gpxtpx:hr>
      <gpxtpx:cad>0</gpxtpx:cad>
     </gpxtpx:TrackPointExtension>
    </extensions>
   </trkpt>
   <trkpt lat="47.8414240" lon="13.7776980">
    <ele>831.2</ele>
    <time>2026-03-07T11:33:25Z</time>
    <extensions>
     <gpxtpx:TrackPointExtension>
      <gpxtpx:hr>132</gpxtpx:hr>
      <gpxtpx:cad>0</gpxtpx:cad>
     </gpxtpx:TrackPointExtension>
    </extensions>
   </trkpt>
   <trkpt lat="47.8414250" lon="13.7777110">
    <ele>831.8</ele>
    <time>2026-03-07T11:33:31Z</time>
    <extensions>
     <gpxtpx:TrackPointExtension>
      <gpxtpx:hr>129</gpxtpx:hr>
      <gpxtpx:cad>0</gpxtpx:cad>
     </gpxtpx:TrackPointExtension>
    </extensions>
   </trkpt>
   <trkpt lat="47.8414250" lon="13.7777110">
    <ele>832.2</ele>
    <time>2026-03-07T11:33:32Z</time>
    <extensions>
     <gpxtpx:TrackPointExtension>
      <gpxtpx:hr>129</gpxtpx:hr>
      <gpxtpx:cad>0</gpxtpx:cad>
     </gpxtpx:TrackPointExtension>
    </extensions>
   </trkpt>
   <trkpt lat="47.8414250" lon="13.7777090">
    <ele>832.6</ele>
    <time>2026-03-07T11:33:40Z</time>
    <extensions>
     <gpxtpx:TrackPointExtension>
      <gpxtpx:hr>124</gpxtpx:hr>
      <gpxtpx:cad>0</gpxtpx:cad>
     </gpxtpx:TrackPointExtension>
    </extensions>
   </trkpt>
   <trkpt lat="47.8414240" lon="13.7777090">
    <ele>832.6</ele>
    <time>2026-03-07T11:33:42Z</time>
    <extensions>
     <gpxtpx:TrackPointExtension>
      <gpxtpx:hr>121</gpxtpx:hr>
      <gpxtpx:cad>0</gpxtpx:cad>
     </gpxtpx:TrackPointExtension>
    </extensions>
   </trkpt>
   <trkpt lat="47.8414250" lon="13.7777080">
    <ele>832.4</ele>
    <time>2026-03-07T11:33:46Z</time>
    <extensions>
     <gpxtpx:TrackPointExtension>
      <gpxtpx:hr>118</gpxtpx:hr>
      <gpxtpx:cad>0</gpxtpx:cad>
     </gpxtpx:TrackPointExtension>
    </extensions>
   </trkpt>
   <trkpt lat="47.8414300" lon="13.7777060">
    <ele>832.4</ele>
    <time>2026-03-07T11:33:48Z</time>
    <extensions>
     <gpxtpx:TrackPointExtension>
      <gpxtpx:hr>115</gpxtpx:hr>
      <gpxtpx:cad>0</gpxtpx:cad>
     </gpxtpx:TrackPointExtension>
    </extensions>
   </trkpt>
   <trkpt lat="47.8414370" lon="13.7777040">
    <ele>832.4</ele>
    <time>2026-03-07T11:33:50Z</time>
    <extensions>
     <gpxtpx:TrackPointExtension>
      <gpxtpx:hr>112</gpxtpx:hr>
      <gpxtpx:cad>0</gpxtpx:cad>
     </gpxtpx:TrackPointExtension>
    </extensions>
   </trkpt>
   <trkpt lat="47.8414460" lon="13.7777080">
    <ele>832.4</ele>
    <time>2026-03-07T11:33:52Z</time>
    <extensions>
     <gpxtpx:TrackPointExtension>
      <gpxtpx:hr>108</gpxtpx:hr>
      <gpxtpx:cad>0</gpxtpx:cad>
     </gpxtpx:TrackPointExtension>
    </extensions>
   </trkpt>
   <trkpt lat="47.8414490" lon="13.7777020">
    <ele>831.0</ele>
    <time>2026-03-07T11:33:57Z</time>
    <extensions>
     <gpxtpx:TrackPointExtension>
      <gpxtpx:hr>111</gpxtpx:hr>
      <gpxtpx:cad>0</gpxtpx:cad>
     </gpxtpx:TrackPointExtension>
    </extensions>
   </trkpt>
   <trkpt lat="47.8414490" lon="13.7777030">
    <ele>831.4</ele>
    <time>2026-03-07T11:34:03Z</time>
    <extensions>
     <gpxtpx:TrackPointExtension>
      <gpxtpx:hr>106</gpxtpx:hr>
      <gpxtpx:cad>0</gpxtpx:cad>
     </gpxtpx:TrackPointExtension>
    </extensions>
   </trkpt>
   <trkpt lat="47.8414480" lon="13.7777040">
    <ele>831.2</ele>
    <time>2026-03-07T11:34:05Z</time>
    <extensions>
     <gpxtpx:TrackPointExtension>
      <gpxtpx:hr>106</gpxtpx:hr>
      <gpxtpx:cad>0</gpxtpx:cad>
     </gpxtpx:TrackPointExtension>
    </extensions>
   </trkpt>
   <trkpt lat="47.8414470" lon="13.7777040">
    <ele>831.8</ele>
    <time>2026-03-07T11:34:11Z</time>
    <extensions>
     <gpxtpx:TrackPointExtension>
      <gpxtpx:hr>105</gpxtpx:hr>
      <gpxtpx:cad>0</gpxtpx:cad>
     </gpxtpx:TrackPointExtension>
    </extensions>
   </trkpt>
   <trkpt lat="47.8414470" lon="13.7777030">
    <ele>831.2</ele>
    <time>2026-03-07T11:34:18Z</time>
    <extensions>
     <gpxtpx:TrackPointExtension>
      <gpxtpx:hr>104</gpxtpx:hr>
      <gpxtpx:cad>0</gpxtpx:cad>
     </gpxtpx:TrackPointExtension>
    </extensions>
   </trkpt>
   <trkpt lat="47.8414430" lon="13.7776970">
    <ele>832.2</ele>
    <time>2026-03-07T11:34:21Z</time>
    <extensions>
     <gpxtpx:TrackPointExtension>
      <gpxtpx:hr>104</gpxtpx:hr>
      <gpxtpx:cad>0</gpxtpx:cad>
     </gpxtpx:TrackPointExtension>
    </extensions>
   </trkpt>
   <trkpt lat="47.8414420" lon="13.7776930">
    <ele>833.2</ele>
    <time>2026-03-07T11:34:24Z</time>
    <extensions>
     <gpxtpx:TrackPointExtension>
      <gpxtpx:hr>104</gpxtpx:hr>
      <gpxtpx:cad>0</gpxtpx:cad>
     </gpxtpx:TrackPointExtension>
    </extensions>
   </trkpt>
   <trkpt lat="47.8414470" lon="13.7776920">
    <ele>833.8</ele>
    <time>2026-03-07T11:34:26Z</time>
    <extensions>
     <gpxtpx:TrackPointExtension>
      <gpxtpx:hr>102</gpxtpx:hr>
      <gpxtpx:cad>0</gpxtpx:cad>
     </gpxtpx:TrackPointExtension>
    </extensions>
   </trkpt>
   <trkpt lat="47.8414530" lon="13.7776900">
    <ele>834.4</ele>
    <time>2026-03-07T11:34:29Z</time>
    <extensions>
     <gpxtpx:TrackPointExtension>
      <gpxtpx:hr>101</gpxtpx:hr>
      <gpxtpx:cad>0</gpxtpx:cad>
     </gpxtpx:TrackPointExtension>
    </extensions>
   </trkpt>
   <trkpt lat="47.8414540" lon="13.7776910">
    <ele>834.8</ele>
    <time>2026-03-07T11:34:32Z</time>
    <extensions>
     <gpxtpx:TrackPointExtension>
      <gpxtpx:hr>101</gpxtpx:hr>
      <gpxtpx:cad>0</gpxtpx:cad>
     </gpxtpx:TrackPointExtension>
    </extensions>
   </trkpt>
   <trkpt lat="47.8414610" lon="13.7777090">
    <ele>835.2</ele>
    <time>2026-03-07T11:34:38Z</time>
    <extensions>
     <gpxtpx:TrackPointExtension>
      <gpxtpx:hr>104</gpxtpx:hr>
      <gpxtpx:cad>0</gpxtpx:cad>
     </gpxtpx:TrackPointExtension>
    </extensions>
   </trkpt>
   <trkpt lat="47.8414610" lon="13.7777090">
    <ele>835.2</ele>
    <time>2026-03-07T11:34:39Z</time>
    <extensions>
     <gpxtpx:TrackPointExtension>
      <gpxtpx:hr>106</gpxtpx:hr>
      <gpxtpx:cad>0</gpxtpx:cad>
     </gpxtpx:TrackPointExtension>
    </extensions>
   </trkpt>
   <trkpt lat="47.8414610" lon="13.7777080">
    <ele>835.4</ele>
    <time>2026-03-07T11:34:40Z</time>
    <extensions>
     <gpxtpx:TrackPointExtension>
      <gpxtpx:hr>111</gpxtpx:hr>
      <gpxtpx:cad>0</gpxtpx:cad>
     </gpxtpx:TrackPointExtension>
    </extensions>
   </trkpt>
   <trkpt lat="47.8414610" lon="13.7777070">
    <ele>835.4</ele>
    <time>2026-03-07T11:34:41Z</time>
    <extensions>
     <gpxtpx:TrackPointExtension>
      <gpxtpx:hr>116</gpxtpx:hr>
      <gpxtpx:cad>0</gpxtpx:cad>
     </gpxtpx:TrackPointExtension>
    </extensions>
   </trkpt>
   <trkpt lat="47.8414600" lon="13.7777050">
    <ele>835.2</ele>
    <time>2026-03-07T11:34:43Z</time>
    <extensions>
     <gpxtpx:TrackPointExtension>
      <gpxtpx:hr>119</gpxtpx:hr>
      <gpxtpx:cad>0</gpxtpx:cad>
     </gpxtpx:TrackPointExtension>
    </extensions>
   </trkpt>
   <trkpt lat="47.8414590" lon="13.7777010">
    <ele>834.8</ele>
    <time>2026-03-07T11:34:46Z</time>
    <extensions>
     <gpxtpx:TrackPointExtension>
      <gpxtpx:hr>119</gpxtpx:hr>
      <gpxtpx:cad>0</gpxtpx:cad>
     </gpxtpx:TrackPointExtension>
    </extensions>
   </trkpt>
   <trkpt lat="47.8414570" lon="13.7777010">
    <ele>834.8</ele>
    <time>2026-03-07T11:34:52Z</time>
    <extensions>
     <gpxtpx:TrackPointExtension>
      <gpxtpx:hr>116</gpxtpx:hr>
      <gpxtpx:cad>0</gpxtpx:cad>
     </gpxtpx:TrackPointExtension>
    </extensions>
   </trkpt>
   <trkpt lat="47.8414630" lon="13.7777040">
    <ele>835.2</ele>
    <time>2026-03-07T11:34:58Z</time>
    <extensions>
     <gpxtpx:TrackPointExtension>
      <gpxtpx:hr>116</gpxtpx:hr>
      <gpxtpx:cad>0</gpxtpx:cad>
     </gpxtpx:TrackPointExtension>
    </extensions>
   </trkpt>
   <trkpt lat="47.8415090" lon="13.7777290">
    <ele>836.4</ele>
    <time>2026-03-07T11:35:04Z</time>
    <extensions>
     <gpxtpx:TrackPointExtension>
      <gpxtpx:hr>117</gpxtpx:hr>
      <gpxtpx:cad>0</gpxtpx:cad>
     </gpxtpx:TrackPointExtension>
    </extensions>
   </trkpt>
   <trkpt lat="47.8415350" lon="13.7777360">
    <ele>836.8</ele>
    <time>2026-03-07T11:35:09Z</time>
    <extensions>
     <gpxtpx:TrackPointExtension>
      <gpxtpx:hr>117</gpxtpx:hr>
      <gpxtpx:cad>52</gpxtpx:cad>
     </gpxtpx:TrackPointExtension>
    </extensions>
   </trkpt>
   <trkpt lat="47.8415440" lon="13.7777430">
    <ele>836.8</ele>
    <time>2026-03-07T11:35:11Z</time>
    <extensions>
     <gpxtpx:TrackPointExtension>
      <gpxtpx:hr>119</gpxtpx:hr>
      <gpxtpx:cad>49</gpxtpx:cad>
     </gpxtpx:TrackPointExtension>
    </extensions>
   </trkpt>
   <trkpt lat="47.8415480" lon="13.7777460">
    <ele>836.8</ele>
    <time>2026-03-07T11:35:12Z</time>
    <extensions>
     <gpxtpx:TrackPointExtension>
      <gpxtpx:hr>123</gpxtpx:hr>
      <gpxtpx:cad>49</gpxtpx:cad>
     </gpxtpx:TrackPointExtension>
    </extensions>
   </trkpt>
   <trkpt lat="47.8415530" lon="13.7777490">
    <ele>836.6</ele>
    <time>2026-03-07T11:35:13Z</time>
    <extensions>
     <gpxtpx:TrackPointExtension>
      <gpxtpx:hr>127</gpxtpx:hr>
      <gpxtpx:cad>0</gpxtpx:cad>
     </gpxtpx:TrackPointExtension>
    </extensions>
   </trkpt>
   <trkpt lat="47.8415590" lon="13.7777530">
    <ele>836.4</ele>
    <time>2026-03-07T11:35:14Z</time>
    <extensions>
     <gpxtpx:TrackPointExtension>
      <gpxtpx:hr>127</gpxtpx:hr>
      <gpxtpx:cad>0</gpxtpx:cad>
     </gpxtpx:TrackPointExtension>
    </extensions>
   </trkpt>
   <trkpt lat="47.8415920" lon="13.7777590">
    <ele>835.8</ele>
    <time>2026-03-07T11:35:20Z</time>
    <extensions>
     <gpxtpx:TrackPointExtension>
      <gpxtpx:hr>126</gpxtpx:hr>
      <gpxtpx:cad>0</gpxtpx:cad>
     </gpxtpx:TrackPointExtension>
    </extensions>
   </trkpt>
   <trkpt lat="47.8416120" lon="13.7777650">
    <ele>836.6</ele>
    <time>2026-03-07T11:35:27Z</time>
    <extensions>
     <gpxtpx:TrackPointExtension>
      <gpxtpx:hr>126</gpxtpx:hr>
      <gpxtpx:cad>0</gpxtpx:cad>
     </gpxtpx:TrackPointExtension>
    </extensions>
   </trkpt>
   <trkpt lat="47.8416200" lon="13.7777630">
    <ele>835.2</ele>
    <time>2026-03-07T11:35:30Z</time>
    <extensions>
     <gpxtpx:TrackPointExtension>
      <gpxtpx:hr>124</gpxtpx:hr>
      <gpxtpx:cad>0</gpxtpx:cad>
     </gpxtpx:TrackPointExtension>
    </extensions>
   </trkpt>
   <trkpt lat="47.8416170" lon="13.7777600">
    <ele>834.6</ele>
    <time>2026-03-07T11:35:32Z</time>
    <extensions>
     <gpxtpx:TrackPointExtension>
      <gpxtpx:hr>125</gpxtpx:hr>
      <gpxtpx:cad>0</gpxtpx:cad>
     </gpxtpx:TrackPointExtension>
    </extensions>
   </trkpt>
   <trkpt lat="47.8416020" lon="13.7777530">
    <ele>834.8</ele>
    <time>2026-03-07T11:35:38Z</time>
    <extensions>
     <gpxtpx:TrackPointExtension>
      <gpxtpx:hr>125</gpxtpx:hr>
      <gpxtpx:cad>0</gpxtpx:cad>
     </gpxtpx:TrackPointExtension>
    </extensions>
   </trkpt>
   <trkpt lat="47.8416000" lon="13.7777540">
    <ele>834.6</ele>
    <time>2026-03-07T11:35:44Z</time>
    <extensions>
     <gpxtpx:TrackPointExtension>
      <gpxtpx:hr>122</gpxtpx:hr>
      <gpxtpx:cad>0</gpxtpx:cad>
     </gpxtpx:TrackPointExtension>
    </extensions>
   </trkpt>
   <trkpt lat="47.8416280" lon="13.7777660">
    <ele>835.6</ele>
    <time>2026-03-07T11:35:49Z</time>
    <extensions>
     <gpxtpx:TrackPointExtension>
      <gpxtpx:hr>121</gpxtpx:hr>
      <gpxtpx:cad>0</gpxtpx:cad>
     </gpxtpx:TrackPointExtension>
    </extensions>
   </trkpt>
   <trkpt lat="47.8416900" lon="13.7777730">
    <ele>835.4</ele>
    <time>2026-03-07T11:35:54Z</time>
    <extensions>
     <gpxtpx:TrackPointExtension>
      <gpxtpx:hr>121</gpxtpx:hr>
      <gpxtpx:cad>0</gpxtpx:cad>
     </gpxtpx:TrackPointExtension>
    </extensions>
   </trkpt>
   <trkpt lat="47.8417340" lon="13.7777630">
    <ele>836.6</ele>
    <time>2026-03-07T11:35:58Z</time>
    <extensions>
     <gpxtpx:TrackPointExtension>
      <gpxtpx:hr>120</gpxtpx:hr>
      <gpxtpx:cad>65</gpxtpx:cad>
     </gpxtpx:TrackPointExtension>
    </extensions>
   </trkpt>
   <trkpt lat="47.8417560" lon="13.7777590">
    <ele>837.4</ele>
    <time>2026-03-07T11:36:01Z</time>
    <extensions>
     <gpxtpx:TrackPointExtension>
      <gpxtpx:hr>120</gpxtpx:hr>
      <gpxtpx:cad>64</gpxtpx:cad>
     </gpxtpx:TrackPointExtension>
    </extensions>
   </trkpt>
   <trkpt lat="47.8417630" lon="13.7777590">
    <ele>837.8</ele>
    <time>2026-03-07T11:36:03Z</time>
    <extensions>
     <gpxtpx:TrackPointExtension>
      <gpxtpx:hr>121</gpxtpx:hr>
      <gpxtpx:cad>64</gpxtpx:cad>
     </gpxtpx:TrackPointExtension>
    </extensions>
   </trkpt>
   <trkpt lat="47.8417650" lon="13.7777570">
    <ele>838.2</ele>
    <time>2026-03-07T11:36:06Z</time>
    <extensions>
     <gpxtpx:TrackPointExtension>
      <gpxtpx:hr>124</gpxtpx:hr>
      <gpxtpx:cad>0</gpxtpx:cad>
     </gpxtpx:TrackPointExtension>
    </extensions>
   </trkpt>
   <trkpt lat="47.8417660" lon="13.7777550">
    <ele>838.2</ele>
    <time>2026-03-07T11:36:07Z</time>
    <extensions>
     <gpxtpx:TrackPointExtension>
      <gpxtpx:hr>125</gpxtpx:hr>
      <gpxtpx:cad>0</gpxtpx:cad>
     </gpxtpx:TrackPointExtension>
    </extensions>
   </trkpt>
   <trkpt lat="47.8417660" lon="13.7777540">
    <ele>838.2</ele>
    <time>2026-03-07T11:36:10Z</time>
    <extensions>
     <gpxtpx:TrackPointExtension>
      <gpxtpx:hr>128</gpxtpx:hr>
      <gpxtpx:cad>0</gpxtpx:cad>
     </gpxtpx:TrackPointExtension>
    </extensions>
   </trkpt>
   <trkpt lat="47.8417670" lon="13.7777530">
    <ele>838.8</ele>
    <time>2026-03-07T11:36:17Z</time>
    <extensions>
     <gpxtpx:TrackPointExtension>
      <gpxtpx:hr>128</gpxtpx:hr>
      <gpxtpx:cad>0</gpxtpx:cad>
     </gpxtpx:TrackPointExtension>
    </extensions>
   </trkpt>
   <trkpt lat="47.8417670" lon="13.7777530">
    <ele>838.8</ele>
    <time>2026-03-07T11:36:18Z</time>
    <extensions>
     <gpxtpx:TrackPointExtension>
      <gpxtpx:hr>129</gpxtpx:hr>
      <gpxtpx:cad>0</gpxtpx:cad>
     </gpxtpx:TrackPointExtension>
    </extensions>
   </trkpt>
   <trkpt lat="47.8417670" lon="13.7777510">
    <ele>838.2</ele>
    <time>2026-03-07T11:36:24Z</time>
    <extensions>
     <gpxtpx:TrackPointExtension>
      <gpxtpx:hr>123</gpxtpx:hr>
      <gpxtpx:cad>0</gpxtpx:cad>
     </gpxtpx:TrackPointExtension>
    </extensions>
   </trkpt>
   <trkpt lat="47.8417670" lon="13.7777520">
    <ele>838.0</ele>
    <time>2026-03-07T11:36:26Z</time>
    <extensions>
     <gpxtpx:TrackPointExtension>
      <gpxtpx:hr>120</gpxtpx:hr>
      <gpxtpx:cad>0</gpxtpx:cad>
     </gpxtpx:TrackPointExtension>
    </extensions>
   </trkpt>
   <trkpt lat="47.8417670" lon="13.7777520">
    <ele>837.8</ele>
    <time>2026-03-07T11:36:27Z</time>
    <extensions>
     <gpxtpx:TrackPointExtension>
      <gpxtpx:hr>119</gpxtpx:hr>
      <gpxtpx:cad>48</gpxtpx:cad>
     </gpxtpx:TrackPointExtension>
    </extensions>
   </trkpt>
   <trkpt lat="47.8417650" lon="13.7777560">
    <ele>837.2</ele>
    <time>2026-03-07T11:36:29Z</time>
    <extensions>
     <gpxtpx:TrackPointExtension>
      <gpxtpx:hr>116</gpxtpx:hr>
      <gpxtpx:cad>0</gpxtpx:cad>
     </gpxtpx:TrackPointExtension>
    </extensions>
   </trkpt>
   <trkpt lat="47.8417660" lon="13.7777600">
    <ele>837.0</ele>
    <time>2026-03-07T11:36:30Z</time>
    <extensions>
     <gpxtpx:TrackPointExtension>
      <gpxtpx:hr>116</gpxtpx:hr>
      <gpxtpx:cad>0</gpxtpx:cad>
     </gpxtpx:TrackPointExtension>
    </extensions>
   </trkpt>
   <trkpt lat="47.8417730" lon="13.7777670">
    <ele>836.6</ele>
    <time>2026-03-07T11:36:32Z</time>
    <extensions>
     <gpxtpx:TrackPointExtension>
      <gpxtpx:hr>115</gpxtpx:hr>
      <gpxtpx:cad>0</gpxtpx:cad>
     </gpxtpx:TrackPointExtension>
    </extensions>
   </trkpt>
   <trkpt lat="47.8417780" lon="13.7777680">
    <ele>836.0</ele>
    <time>2026-03-07T11:36:36Z</time>
    <extensions>
     <gpxtpx:TrackPointExtension>
      <gpxtpx:hr>115</gpxtpx:hr>
      <gpxtpx:cad>0</gpxtpx:cad>
     </gpxtpx:TrackPointExtension>
    </extensions>
   </trkpt>
   <trkpt lat="47.8417870" lon="13.7777690">
    <ele>835.6</ele>
    <time>2026-03-07T11:36:40Z</time>
    <extensions>
     <gpxtpx:TrackPointExtension>
      <gpxtpx:hr>114</gpxtpx:hr>
      <gpxtpx:cad>0</gpxtpx:cad>
     </gpxtpx:TrackPointExtension>
    </extensions>
   </trkpt>
   <trkpt lat="47.8418040" lon="13.7777650">
    <ele>835.0</ele>
    <time>2026-03-07T11:36:43Z</time>
    <extensions>
     <gpxtpx:TrackPointExtension>
      <gpxtpx:hr>110</gpxtpx:hr>
      <gpxtpx:cad>0</gpxtpx:cad>
     </gpxtpx:TrackPointExtension>
    </extensions>
   </trkpt>
   <trkpt lat="47.8418220" lon="13.7777690">
    <ele>834.4</ele>
    <time>2026-03-07T11:36:45Z</time>
    <extensions>
     <gpxtpx:TrackPointExtension>
      <gpxtpx:hr>108</gpxtpx:hr>
      <gpxtpx:cad>0</gpxtpx:cad>
     </gpxtpx:TrackPointExtension>
    </extensions>
   </trkpt>
   <trkpt lat="47.8418400" lon="13.7777580">
    <ele>833.8</ele>
    <time>2026-03-07T11:36:47Z</time>
    <extensions>
     <gpxtpx:TrackPointExtension>
      <gpxtpx:hr>108</gpxtpx:hr>
      <gpxtpx:cad>59</gpxtpx:cad>
     </gpxtpx:TrackPointExtension>
    </extensions>
   </trkpt>
   <trkpt lat="47.8418790" lon="13.7777310">
    <ele>833.4</ele>
    <time>2026-03-07T11:36:51Z</time>
    <extensions>
     <gpxtpx:TrackPointExtension>
      <gpxtpx:hr>109</gpxtpx:hr>
      <gpxtpx:cad>61</gpxtpx:cad>
     </gpxtpx:TrackPointExtension>
    </extensions>
   </trkpt>
   <trkpt lat="47.8419270" lon="13.7777040">
    <ele>833.2</ele>
    <time>2026-03-07T11:36:55Z</time>
    <extensions>
     <gpxtpx:TrackPointExtension>
      <gpxtpx:hr>109</gpxtpx:hr>
      <gpxtpx:cad>56</gpxtpx:cad>
     </gpxtpx:TrackPointExtension>
    </extensions>
   </trkpt>
   <trkpt lat="47.8420020" lon="13.7776320">
    <ele>833.0</ele>
    <time>2026-03-07T11:37:03Z</time>
    <extensions>
     <gpxtpx:TrackPointExtension>
      <gpxtpx:hr>108</gpxtpx:hr>
      <gpxtpx:cad>55</gpxtpx:cad>
     </gpxtpx:TrackPointExtension>
    </extensions>
   </trkpt>
   <trkpt lat="47.8420360" lon="13.7775760">
    <ele>833.2</ele>
    <time>2026-03-07T11:37:09Z</time>
    <extensions>
     <gpxtpx:TrackPointExtension>
      <gpxtpx:hr>110</gpxtpx:hr>
      <gpxtpx:cad>50</gpxtpx:cad>
     </gpxtpx:TrackPointExtension>
    </extensions>
   </trkpt>
   <trkpt lat="47.8420530" lon="13.7775450">
    <ele>832.2</ele>
    <time>2026-03-07T11:37:19Z</time>
    <extensions>
     <gpxtpx:TrackPointExtension>
      <gpxtpx:hr>108</gpxtpx:hr>
      <gpxtpx:cad>0</gpxtpx:cad>
     </gpxtpx:TrackPointExtension>
    </extensions>
   </trkpt>
   <trkpt lat="47.8420590" lon="13.7775380">
    <ele>832.0</ele>
    <time>2026-03-07T11:37:22Z</time>
    <extensions>
     <gpxtpx:TrackPointExtension>
      <gpxtpx:hr>108</gpxtpx:hr>
      <gpxtpx:cad>0</gpxtpx:cad>
     </gpxtpx:TrackPointExtension>
    </extensions>
   </trkpt>
   <trkpt lat="47.8420750" lon="13.7775400">
    <ele>831.0</ele>
    <time>2026-03-07T11:37:26Z</time>
    <extensions>
     <gpxtpx:TrackPointExtension>
      <gpxtpx:hr>108</gpxtpx:hr>
      <gpxtpx:cad>51</gpxtpx:cad>
     </gpxtpx:TrackPointExtension>
    </extensions>
   </trkpt>
   <trkpt lat="47.8421000" lon="13.7775280">
    <ele>830.0</ele>
    <time>2026-03-07T11:37:30Z</time>
    <extensions>
     <gpxtpx:TrackPointExtension>
      <gpxtpx:hr>108</gpxtpx:hr>
      <gpxtpx:cad>49</gpxtpx:cad>
     </gpxtpx:TrackPointExtension>
    </extensions>
   </trkpt>
   <trkpt lat="47.8421060" lon="13.7775180">
    <ele>829.6</ele>
    <time>2026-03-07T11:37:32Z</time>
    <extensions>
     <gpxtpx:TrackPointExtension>
      <gpxtpx:hr>109</gpxtpx:hr>
      <gpxtpx:cad>52</gpxtpx:cad>
     </gpxtpx:TrackPointExtension>
    </extensions>
   </trkpt>
   <trkpt lat="47.8421060" lon="13.7775170">
    <ele>829.0</ele>
    <time>2026-03-07T11:37:35Z</time>
    <extensions>
     <gpxtpx:TrackPointExtension>
      <gpxtpx:hr>108</gpxtpx:hr>
      <gpxtpx:cad>51</gpxtpx:cad>
     </gpxtpx:TrackPointExtension>
    </extensions>
   </trkpt>
   <trkpt lat="47.8421130" lon="13.7775220">
    <ele>828.4</ele>
    <time>2026-03-07T11:37:38Z</time>
    <extensions>
     <gpxtpx:TrackPointExtension>
      <gpxtpx:hr>110</gpxtpx:hr>
      <gpxtpx:cad>51</gpxtpx:cad>
     </gpxtpx:TrackPointExtension>
    </extensions>
   </trkpt>
   <trkpt lat="47.8421170" lon="13.7775250">
    <ele>828.0</ele>
    <time>2026-03-07T11:37:42Z</time>
    <extensions>
     <gpxtpx:TrackPointExtension>
      <gpxtpx:hr>110</gpxtpx:hr>
      <gpxtpx:cad>0</gpxtpx:cad>
     </gpxtpx:TrackPointExtension>
    </extensions>
   </trkpt>
   <trkpt lat="47.8421250" lon="13.7775300">
    <ele>827.8</ele>
    <time>2026-03-07T11:37:44Z</time>
    <extensions>
     <gpxtpx:TrackPointExtension>
      <gpxtpx:hr>110</gpxtpx:hr>
      <gpxtpx:cad>0</gpxtpx:cad>
     </gpxtpx:TrackPointExtension>
    </extensions>
   </trkpt>
   <trkpt lat="47.8421560" lon="13.7775330">
    <ele>826.8</ele>
    <time>2026-03-07T11:37:50Z</time>
    <extensions>
     <gpxtpx:TrackPointExtension>
      <gpxtpx:hr>110</gpxtpx:hr>
      <gpxtpx:cad>47</gpxtpx:cad>
     </gpxtpx:TrackPointExtension>
    </extensions>
   </trkpt>
   <trkpt lat="47.8421590" lon="13.7775290">
    <ele>826.6</ele>
    <time>2026-03-07T11:37:51Z</time>
    <extensions>
     <gpxtpx:TrackPointExtension>
      <gpxtpx:hr>109</gpxtpx:hr>
      <gpxtpx:cad>47</gpxtpx:cad>
     </gpxtpx:TrackPointExtension>
    </extensions>
   </trkpt>
   <trkpt lat="47.8421800" lon="13.7775020">
    <ele>825.8</ele>
    <time>2026-03-07T11:37:57Z</time>
    <extensions>
     <gpxtpx:TrackPointExtension>
      <gpxtpx:hr>109</gpxtpx:hr>
      <gpxtpx:cad>47</gpxtpx:cad>
     </gpxtpx:TrackPointExtension>
    </extensions>
   </trkpt>
   <trkpt lat="47.8421890" lon="13.7774890">
    <ele>825.4</ele>
    <time>2026-03-07T11:37:59Z</time>
    <extensions>
     <gpxtpx:TrackPointExtension>
      <gpxtpx:hr>109</gpxtpx:hr>
      <gpxtpx:cad>55</gpxtpx:cad>
     </gpxtpx:TrackPointExtension>
    </extensions>
   </trkpt>
   <trkpt lat="47.8422040" lon="13.7774820">
    <ele>824.4</ele>
    <time>2026-03-07T11:38:03Z</time>
    <extensions>
     <gpxtpx:TrackPointExtension>
      <gpxtpx:hr>107</gpxtpx:hr>
      <gpxtpx:cad>48</gpxtpx:cad>
     </gpxtpx:TrackPointExtension>
    </extensions>
   </trkpt>
   <trkpt lat="47.8422120" lon="13.7774710">
    <ele>823.8</ele>
    <time>2026-03-07T11:38:05Z</time>
    <extensions>
     <gpxtpx:TrackPointExtension>
      <gpxtpx:hr>107</gpxtpx:hr>
      <gpxtpx:cad>48</gpxtpx:cad>
     </gpxtpx:TrackPointExtension>
    </extensions>
   </trkpt>
   <trkpt lat="47.8422230" lon="13.7774580">
    <ele>823.4</ele>
    <time>2026-03-07T11:38:07Z</time>
    <extensions>
     <gpxtpx:TrackPointExtension>
      <gpxtpx:hr>106</gpxtpx:hr>
      <gpxtpx:cad>0</gpxtpx:cad>
     </gpxtpx:TrackPointExtension>
    </extensions>
   </trkpt>
   <trkpt lat="47.8422530" lon="13.7774400">
    <ele>822.4</ele>
    <time>2026-03-07T11:38:12Z</time>
    <extensions>
     <gpxtpx:TrackPointExtension>
      <gpxtpx:hr>106</gpxtpx:hr>
      <gpxtpx:cad>0</gpxtpx:cad>
     </gpxtpx:TrackPointExtension>
    </extensions>
   </trkpt>
   <trkpt lat="47.8422610" lon="13.7774360">
    <ele>822.2</ele>
    <time>2026-03-07T11:38:13Z</time>
    <extensions>
     <gpxtpx:TrackPointExtension>
      <gpxtpx:hr>106</gpxtpx:hr>
      <gpxtpx:cad>0</gpxtpx:cad>
     </gpxtpx:TrackPointExtension>
    </extensions>
   </trkpt>
   <trkpt lat="47.8422900" lon="13.7774190">
    <ele>821.2</ele>
    <time>2026-03-07T11:38:17Z</time>
    <extensions>
     <gpxtpx:TrackPointExtension>
      <gpxtpx:hr>105</gpxtpx:hr>
      <gpxtpx:cad>48</gpxtpx:cad>
     </gpxtpx:TrackPointExtension>
    </extensions>
   </trkpt>
   <trkpt lat="47.8423050" lon="13.7773960">
    <ele>820.4</ele>
    <time>2026-03-07T11:38:20Z</time>
    <extensions>
     <gpxtpx:TrackPointExtension>
      <gpxtpx:hr>104</gpxtpx:hr>
      <gpxtpx:cad>48</gpxtpx:cad>
     </gpxtpx:TrackPointExtension>
    </extensions>
   </trkpt>
   <trkpt lat="47.8423220" lon="13.7773700">
    <ele>820.0</ele>
    <time>2026-03-07T11:38:23Z</time>
    <extensions>
     <gpxtpx:TrackPointExtension>
      <gpxtpx:hr>104</gpxtpx:hr>
      <gpxtpx:cad>52</gpxtpx:cad>
     </gpxtpx:TrackPointExtension>
    </extensions>
   </trkpt>
   <trkpt lat="47.8423370" lon="13.7773630">
    <ele>819.4</ele>
    <time>2026-03-07T11:38:26Z</time>
    <extensions>
     <gpxtpx:TrackPointExtension>
      <gpxtpx:hr>104</gpxtpx:hr>
      <gpxtpx:cad>50</gpxtpx:cad>
     </gpxtpx:TrackPointExtension>
    </extensions>
   </trkpt>
   <trkpt lat="47.8423480" lon="13.7773500">
    <ele>818.8</ele>
    <time>2026-03-07T11:38:28Z</time>
    <extensions>
     <gpxtpx:TrackPointExtension>
      <gpxtpx:hr>104</gpxtpx:hr>
      <gpxtpx:cad>51</gpxtpx:cad>
     </gpxtpx:TrackPointExtension>
    </extensions>
   </trkpt>
   <trkpt lat="47.8423690" lon="13.7772890">
    <ele>817.6</ele>
    <time>2026-03-07T11:38:33Z</time>
    <extensions>
     <gpxtpx:TrackPointExtension>
      <gpxtpx:hr>103</gpxtpx:hr>
      <gpxtpx:cad>62</gpxtpx:cad>
     </gpxtpx:TrackPointExtension>
    </extensions>
   </trkpt>
   <trkpt lat="47.8423730" lon="13.7772780">
    <ele>817.6</ele>
    <time>2026-03-07T11:38:34Z</time>
    <extensions>
     <gpxtpx:TrackPointExtension>
      <gpxtpx:hr>103</gpxtpx:hr>
      <gpxtpx:cad>60</gpxtpx:cad>
     </gpxtpx:TrackPointExtension>
    </extensions>
   </trkpt>
   <trkpt lat="47.8424200" lon="13.7772090">
    <ele>816.8</ele>
    <time>2026-03-07T11:38:41Z</time>
    <extensions>
     <gpxtpx:TrackPointExtension>
      <gpxtpx:hr>102</gpxtpx:hr>
      <gpxtpx:cad>51</gpxtpx:cad>
     </gpxtpx:TrackPointExtension>
    </extensions>
   </trkpt>
   <trkpt lat="47.8424260" lon="13.7771970">
    <ele>816.6</ele>
    <time>2026-03-07T11:38:42Z</time>
    <extensions>
     <gpxtpx:TrackPointExtension>
      <gpxtpx:hr>103</gpxtpx:hr>
      <gpxtpx:cad>51</gpxtpx:cad>
     </gpxtpx:TrackPointExtension>
    </extensions>
   </trkpt>
   <trkpt lat="47.8424540" lon="13.7771440">
    <ele>816.2</ele>
    <time>2026-03-07T11:38:48Z</time>
    <extensions>
     <gpxtpx:TrackPointExtension>
      <gpxtpx:hr>103</gpxtpx:hr>
      <gpxtpx:cad>50</gpxtpx:cad>
     </gpxtpx:TrackPointExtension>
    </extensions>
   </trkpt>
   <trkpt lat="47.8424790" lon="13.7771150">
    <ele>816.0</ele>
    <time>2026-03-07T11:38:53Z</time>
    <extensions>
     <gpxtpx:TrackPointExtension>
      <gpxtpx:hr>103</gpxtpx:hr>
      <gpxtpx:cad>45</gpxtpx:cad>
     </gpxtpx:TrackPointExtension>
    </extensions>
   </trkpt>
   <trkpt lat="47.8424940" lon="13.7770920">
    <ele>815.6</ele>
    <time>2026-03-07T11:38:56Z</time>
    <extensions>
     <gpxtpx:TrackPointExtension>
      <gpxtpx:hr>103</gpxtpx:hr>
      <gpxtpx:cad>45</gpxtpx:cad>
     </gpxtpx:TrackPointExtension>
    </extensions>
   </trkpt>
   <trkpt lat="47.8425050" lon="13.7770640">
    <ele>814.8</ele>
    <time>2026-03-07T11:39:00Z</time>
    <extensions>
     <gpxtpx:TrackPointExtension>
      <gpxtpx:hr>102</gpxtpx:hr>
      <gpxtpx:cad>66</gpxtpx:cad>
     </gpxtpx:TrackPointExtension>
    </extensions>
   </trkpt>
   <trkpt lat="47.8425080" lon="13.7770580">
    <ele>814.6</ele>
    <time>2026-03-07T11:39:03Z</time>
    <extensions>
     <gpxtpx:TrackPointExtension>
      <gpxtpx:hr>102</gpxtpx:hr>
      <gpxtpx:cad>0</gpxtpx:cad>
     </gpxtpx:TrackPointExtension>
    </extensions>
   </trkpt>
   <trkpt lat="47.8425170" lon="13.7770470">
    <ele>814.2</ele>
    <time>2026-03-07T11:39:07Z</time>
    <extensions>
     <gpxtpx:TrackPointExtension>
      <gpxtpx:hr>103</gpxtpx:hr>
      <gpxtpx:cad>0</gpxtpx:cad>
     </gpxtpx:TrackPointExtension>
    </extensions>
   </trkpt>
   <trkpt lat="47.8425500" lon="13.7769990">
    <ele>813.4</ele>
    <time>2026-03-07T11:39:14Z</time>
    <extensions>
     <gpxtpx:TrackPointExtension>
      <gpxtpx:hr>101</gpxtpx:hr>
      <gpxtpx:cad>0</gpxtpx:cad>
     </gpxtpx:TrackPointExtension>
    </extensions>
   </trkpt>
   <trkpt lat="47.8425830" lon="13.7769420">
    <ele>812.4</ele>
    <time>2026-03-07T11:39:20Z</time>
    <extensions>
     <gpxtpx:TrackPointExtension>
      <gpxtpx:hr>102</gpxtpx:hr>
      <gpxtpx:cad>71</gpxtpx:cad>
     </gpxtpx:TrackPointExtension>
    </extensions>
   </trkpt>
   <trkpt lat="47.8426110" lon="13.7769130">
    <ele>811.8</ele>
    <time>2026-03-07T11:39:23Z</time>
    <extensions>
     <gpxtpx:TrackPointExtension>
      <gpxtpx:hr>102</gpxtpx:hr>
      <gpxtpx:cad>71</gpxtpx:cad>
     </gpxtpx:TrackPointExtension>
    </extensions>
   </trkpt>
   <trkpt lat="47.8426390" lon="13.7768950">
    <ele>811.4</ele>
    <time>2026-03-07T11:39:26Z</time>
    <extensions>
     <gpxtpx:TrackPointExtension>
      <gpxtpx:hr>102</gpxtpx:hr>
      <gpxtpx:cad>0</gpxtpx:cad>
     </gpxtpx:TrackPointExtension>
    </extensions>
   </trkpt>
   <trkpt lat="47.8426600" lon="13.7768600">
    <ele>811.0</ele>
    <time>2026-03-07T11:39:30Z</time>
    <extensions>
     <gpxtpx:TrackPointExtension>
      <gpxtpx:hr>102</gpxtpx:hr>
      <gpxtpx:cad>57</gpxtpx:cad>
     </gpxtpx:TrackPointExtension>
    </extensions>
   </trkpt>
   <trkpt lat="47.8426860" lon="13.7768180">
    <ele>810.8</ele>
    <time>2026-03-07T11:39:36Z</time>
    <extensions>
     <gpxtpx:TrackPointExtension>
      <gpxtpx:hr>101</gpxtpx:hr>
      <gpxtpx:cad>50</gpxtpx:cad>
     </gpxtpx:TrackPointExtension>
    </extensions>
   </trkpt>
   <trkpt lat="47.8426910" lon="13.7768130">
    <ele>810.8</ele>
    <time>2026-03-07T11:39:37Z</time>
    <extensions>
     <gpxtpx:TrackPointExtension>
      <gpxtpx:hr>101</gpxtpx:hr>
      <gpxtpx:cad>74</gpxtpx:cad>
     </gpxtpx:TrackPointExtension>
    </extensions>
   </trkpt>
   <trkpt lat="47.8427010" lon="13.7767800">
    <ele>810.4</ele>
    <time>2026-03-07T11:39:43Z</time>
    <extensions>
     <gpxtpx:TrackPointExtension>
      <gpxtpx:hr>99</gpxtpx:hr>
      <gpxtpx:cad>0</gpxtpx:cad>
     </gpxtpx:TrackPointExtension>
    </extensions>
   </trkpt>
   <trkpt lat="47.8427010" lon="13.7767790">
    <ele>810.4</ele>
    <time>2026-03-07T11:39:44Z</time>
    <extensions>
     <gpxtpx:TrackPointExtension>
      <gpxtpx:hr>100</gpxtpx:hr>
      <gpxtpx:cad>0</gpxtpx:cad>
     </gpxtpx:TrackPointExtension>
    </extensions>
   </trkpt>
   <trkpt lat="47.8426990" lon="13.7767730">
    <ele>810.2</ele>
    <time>2026-03-07T11:39:51Z</time>
    <extensions>
     <gpxtpx:TrackPointExtension>
      <gpxtpx:hr>96</gpxtpx:hr>
      <gpxtpx:cad>0</gpxtpx:cad>
     </gpxtpx:TrackPointExtension>
    </extensions>
   </trkpt>
   <trkpt lat="47.8426970" lon="13.7767710">
    <ele>810.0</ele>
    <time>2026-03-07T11:39:54Z</time>
    <extensions>
     <gpxtpx:TrackPointExtension>
      <gpxtpx:hr>95</gpxtpx:hr>
      <gpxtpx:cad>0</gpxtpx:cad>
     </gpxtpx:TrackPointExtension>
    </extensions>
   </trkpt>
   <trkpt lat="47.8426880" lon="13.7767600">
    <ele>810.0</ele>
    <time>2026-03-07T11:39:58Z</time>
    <extensions>
     <gpxtpx:TrackPointExtension>
      <gpxtpx:hr>92</gpxtpx:hr>
      <gpxtpx:cad>0</gpxtpx:cad>
     </gpxtpx:TrackPointExtension>
    </extensions>
   </trkpt>
   <trkpt lat="47.8426790" lon="13.7767570">
    <ele>810.0</ele>
    <time>2026-03-07T11:40:00Z</time>
    <extensions>
     <gpxtpx:TrackPointExtension>
      <gpxtpx:hr>91</gpxtpx:hr>
      <gpxtpx:cad>0</gpxtpx:cad>
     </gpxtpx:TrackPointExtension>
    </extensions>
   </trkpt>
   <trkpt lat="47.8426700" lon="13.7767580">
    <ele>810.6</ele>
    <time>2026-03-07T11:40:06Z</time>
    <extensions>
     <gpxtpx:TrackPointExtension>
      <gpxtpx:hr>89</gpxtpx:hr>
      <gpxtpx:cad>0</gpxtpx:cad>
     </gpxtpx:TrackPointExtension>
    </extensions>
   </trkpt>
   <trkpt lat="47.8426690" lon="13.7767590">
    <ele>811.4</ele>
    <time>2026-03-07T11:40:08Z</time>
    <extensions>
     <gpxtpx:TrackPointExtension>
      <gpxtpx:hr>88</gpxtpx:hr>
      <gpxtpx:cad>0</gpxtpx:cad>
     </gpxtpx:TrackPointExtension>
    </extensions>
   </trkpt>
   <trkpt lat="47.8426680" lon="13.7767600">
    <ele>811.8</ele>
    <time>2026-03-07T11:40:10Z</time>
    <extensions>
     <gpxtpx:TrackPointExtension>
      <gpxtpx:hr>91</gpxtpx:hr>
      <gpxtpx:cad>0</gpxtpx:cad>
     </gpxtpx:TrackPointExtension>
    </extensions>
   </trkpt>
   <trkpt lat="47.8426670" lon="13.7767600">
    <ele>812.0</ele>
    <time>2026-03-07T11:40:12Z</time>
    <extensions>
     <gpxtpx:TrackPointExtension>
      <gpxtpx:hr>94</gpxtpx:hr>
      <gpxtpx:cad>0</gpxtpx:cad>
     </gpxtpx:TrackPointExtension>
    </extensions>
   </trkpt>
   <trkpt lat="47.8426850" lon="13.7767450">
    <ele>810.2</ele>
    <time>2026-03-07T11:40:18Z</time>
    <extensions>
     <gpxtpx:TrackPointExtension>
      <gpxtpx:hr>92</gpxtpx:hr>
      <gpxtpx:cad>0</gpxtpx:cad>
     </gpxtpx:TrackPointExtension>
    </extensions>
   </trkpt>
   <trkpt lat="47.8426990" lon="13.7767410">
    <ele>810.6</ele>
    <time>2026-03-07T11:40:24Z</time>
    <extensions>
     <gpxtpx:TrackPointExtension>
      <gpxtpx:hr>91</gpxtpx:hr>
      <gpxtpx:cad>0</gpxtpx:cad>
     </gpxtpx:TrackPointExtension>
    </extensions>
   </trkpt>
   <trkpt lat="47.8426940" lon="13.7767650">
    <ele>809.4</ele>
    <time>2026-03-07T11:40:32Z</time>
    <extensions>
     <gpxtpx:TrackPointExtension>
      <gpxtpx:hr>92</gpxtpx:hr>
      <gpxtpx:cad>50</gpxtpx:cad>
     </gpxtpx:TrackPointExtension>
    </extensions>
   </trkpt>
   <trkpt lat="47.8426940" lon="13.7767700">
    <ele>810.2</ele>
    <time>2026-03-07T11:40:38Z</time>
    <extensions>
     <gpxtpx:TrackPointExtension>
      <gpxtpx:hr>93</gpxtpx:hr>
      <gpxtpx:cad>0</gpxtpx:cad>
     </gpxtpx:TrackPointExtension>
    </extensions>
   </trkpt>
   <trkpt lat="47.8426960" lon="13.7767710">
    <ele>811.2</ele>
    <time>2026-03-07T11:40:41Z</time>
    <extensions>
     <gpxtpx:TrackPointExtension>
      <gpxtpx:hr>94</gpxtpx:hr>
      <gpxtpx:cad>0</gpxtpx:cad>
     </gpxtpx:TrackPointExtension>
    </extensions>
   </trkpt>
   <trkpt lat="47.8426960" lon="13.7767710">
    <ele>811.2</ele>
    <time>2026-03-07T11:40:54Z</time>
    <extensions>
     <gpxtpx:TrackPointExtension>
      <gpxtpx:hr>98</gpxtpx:hr>
      <gpxtpx:cad>0</gpxtpx:cad>
     </gpxtpx:TrackPointExtension>
    </extensions>
   </trkpt>
   <trkpt lat="47.8426890" lon="13.7767740">
    <ele>810.8</ele>
    <time>2026-03-07T11:41:01Z</time>
    <extensions>
     <gpxtpx:TrackPointExtension>
      <gpxtpx:hr>96</gpxtpx:hr>
      <gpxtpx:cad>0</gpxtpx:cad>
     </gpxtpx:TrackPointExtension>
    </extensions>
   </trkpt>
   <trkpt lat="47.8426830" lon="13.7767790">
    <ele>809.8</ele>
    <time>2026-03-07T11:41:03Z</time>
    <extensions>
     <gpxtpx:TrackPointExtension>
      <gpxtpx:hr>95</gpxtpx:hr>
      <gpxtpx:cad>0</gpxtpx:cad>
     </gpxtpx:TrackPointExtension>
    </extensions>
   </trkpt>
   <trkpt lat="47.8426750" lon="13.7767860">
    <ele>809.6</ele>
    <time>2026-03-07T11:41:05Z</time>
    <extensions>
     <gpxtpx:TrackPointExtension>
      <gpxtpx:hr>92</gpxtpx:hr>
      <gpxtpx:cad>0</gpxtpx:cad>
     </gpxtpx:TrackPointExtension>
    </extensions>
   </trkpt>
   <trkpt lat="47.8426640" lon="13.7768080">
    <ele>810.0</ele>
    <time>2026-03-07T11:41:08Z</time>
    <extensions>
     <gpxtpx:TrackPointExtension>
      <gpxtpx:hr>91</gpxtpx:hr>
      <gpxtpx:cad>0</gpxtpx:cad>
     </gpxtpx:TrackPointExtension>
    </extensions>
   </trkpt>
   <trkpt lat="47.8426600" lon="13.7768130">
    <ele>811.0</ele>
    <time>2026-03-07T11:41:10Z</time>
    <extensions>
     <gpxtpx:TrackPointExtension>
      <gpxtpx:hr>90</gpxtpx:hr>
      <gpxtpx:cad>0</gpxtpx:cad>
     </gpxtpx:TrackPointExtension>
    </extensions>
   </trkpt>
   <trkpt lat="47.8426580" lon="13.7768160">
    <ele>812.0</ele>
    <time>2026-03-07T11:41:12Z</time>
    <extensions>
     <gpxtpx:TrackPointExtension>
      <gpxtpx:hr>91</gpxtpx:hr>
      <gpxtpx:cad>0</gpxtpx:cad>
     </gpxtpx:TrackPointExtension>
    </extensions>
   </trkpt>
   <trkpt lat="47.8426570" lon="13.7768170">
    <ele>812.4</ele>
    <time>2026-03-07T11:41:18Z</time>
    <extensions>
     <gpxtpx:TrackPointExtension>
      <gpxtpx:hr>91</gpxtpx:hr>
      <gpxtpx:cad>0</gpxtpx:cad>
     </gpxtpx:TrackPointExtension>
    </extensions>
   </trkpt>
   <trkpt lat="47.8426570" lon="13.7768170">
    <ele>812.4</ele>
    <time>2026-03-07T11:41:20Z</time>
    <extensions>
     <gpxtpx:TrackPointExtension>
      <gpxtpx:hr>88</gpxtpx:hr>
      <gpxtpx:cad>0</gpxtpx:cad>
     </gpxtpx:TrackPointExtension>
    </extensions>
   </trkpt>
   <trkpt lat="47.8426570" lon="13.7768170">
    <ele>812.4</ele>
    <time>2026-03-07T11:41:26Z</time>
    <extensions>
     <gpxtpx:TrackPointExtension>
      <gpxtpx:hr>85</gpxtpx:hr>
      <gpxtpx:cad>0</gpxtpx:cad>
     </gpxtpx:TrackPointExtension>
    </extensions>
   </trkpt>
   <trkpt lat="47.8426570" lon="13.7768170">
    <ele>812.6</ele>
    <time>2026-03-07T11:41:28Z</time>
    <extensions>
     <gpxtpx:TrackPointExtension>
      <gpxtpx:hr>82</gpxtpx:hr>
      <gpxtpx:cad>0</gpxtpx:cad>
     </gpxtpx:TrackPointExtension>
    </extensions>
   </trkpt>
   <trkpt lat="47.8426450" lon="13.7768420">
    <ele>811.4</ele>
    <time>2026-03-07T11:41:38Z</time>
    <extensions>
     <gpxtpx:TrackPointExtension>
      <gpxtpx:hr>81</gpxtpx:hr>
      <gpxtpx:cad>0</gpxtpx:cad>
     </gpxtpx:TrackPointExtension>
    </extensions>
   </trkpt>
   <trkpt lat="47.8426400" lon="13.7768540">
    <ele>811.0</ele>
    <time>2026-03-07T11:41:46Z</time>
    <extensions>
     <gpxtpx:TrackPointExtension>
      <gpxtpx:hr>82</gpxtpx:hr>
      <gpxtpx:cad>0</gpxtpx:cad>
     </gpxtpx:TrackPointExtension>
    </extensions>
   </trkpt>
   <trkpt lat="47.8426410" lon="13.7768550">
    <ele>810.8</ele>
    <time>2026-03-07T11:41:47Z</time>
    <extensions>
     <gpxtpx:TrackPointExtension>
      <gpxtpx:hr>82</gpxtpx:hr>
      <gpxtpx:cad>0</gpxtpx:cad>
     </gpxtpx:TrackPointExtension>
    </extensions>
   </trkpt>
   <trkpt lat="47.8426420" lon="13.7768570">
    <ele>810.8</ele>
    <time>2026-03-07T11:41:50Z</time>
    <extensions>
     <gpxtpx:TrackPointExtension>
      <gpxtpx:hr>86</gpxtpx:hr>
      <gpxtpx:cad>0</gpxtpx:cad>
     </gpxtpx:TrackPointExtension>
    </extensions>
   </trkpt>
   <trkpt lat="47.8426410" lon="13.7768560">
    <ele>810.8</ele>
    <time>2026-03-07T11:41:53Z</time>
    <extensions>
     <gpxtpx:TrackPointExtension>
      <gpxtpx:hr>82</gpxtpx:hr>
      <gpxtpx:cad>0</gpxtpx:cad>
     </gpxtpx:TrackPointExtension>
    </extensions>
   </trkpt>
   <trkpt lat="47.8426410" lon="13.7768550">
    <ele>810.8</ele>
    <time>2026-03-07T11:41:56Z</time>
    <extensions>
     <gpxtpx:TrackPointExtension>
      <gpxtpx:hr>79</gpxtpx:hr>
      <gpxtpx:cad>0</gpxtpx:cad>
     </gpxtpx:TrackPointExtension>
    </extensions>
   </trkpt>
   <trkpt lat="47.8426400" lon="13.7768530">
    <ele>811.0</ele>
    <time>2026-03-07T11:42:00Z</time>
    <extensions>
     <gpxtpx:TrackPointExtension>
      <gpxtpx:hr>78</gpxtpx:hr>
      <gpxtpx:cad>0</gpxtpx:cad>
     </gpxtpx:TrackPointExtension>
    </extensions>
   </trkpt>
   <trkpt lat="47.8426370" lon="13.7768540">
    <ele>811.6</ele>
    <time>2026-03-07T11:42:09Z</time>
    <extensions>
     <gpxtpx:TrackPointExtension>
      <gpxtpx:hr>76</gpxtpx:hr>
      <gpxtpx:cad>0</gpxtpx:cad>
     </gpxtpx:TrackPointExtension>
    </extensions>
   </trkpt>
   <trkpt lat="47.8426340" lon="13.7768500">
    <ele>811.8</ele>
    <time>2026-03-07T11:42:21Z</time>
    <extensions>
     <gpxtpx:TrackPointExtension>
      <gpxtpx:hr>79</gpxtpx:hr>
      <gpxtpx:cad>0</gpxtpx:cad>
     </gpxtpx:TrackPointExtension>
    </extensions>
   </trkpt>
   <trkpt lat="47.8426330" lon="13.7768490">
    <ele>811.8</ele>
    <time>2026-03-07T11:42:25Z</time>
    <extensions>
     <gpxtpx:TrackPointExtension>
      <gpxtpx:hr>82</gpxtpx:hr>
      <gpxtpx:cad>0</gpxtpx:cad>
     </gpxtpx:TrackPointExtension>
    </extensions>
   </trkpt>
   <trkpt lat="47.8426320" lon="13.7768470">
    <ele>812.0</ele>
    <time>2026-03-07T11:42:31Z</time>
    <extensions>
     <gpxtpx:TrackPointExtension>
      <gpxtpx:hr>84</gpxtpx:hr>
      <gpxtpx:cad>0</gpxtpx:cad>
     </gpxtpx:TrackPointExtension>
    </extensions>
   </trkpt>
   <trkpt lat="47.8426350" lon="13.7768460">
    <ele>811.0</ele>
    <time>2026-03-07T11:42:37Z</time>
    <extensions>
     <gpxtpx:TrackPointExtension>
      <gpxtpx:hr>85</gpxtpx:hr>
      <gpxtpx:cad>0</gpxtpx:cad>
     </gpxtpx:TrackPointExtension>
    </extensions>
   </trkpt>
   <trkpt lat="47.8426360" lon="13.7768510">
    <ele>810.6</ele>
    <time>2026-03-07T11:42:41Z</time>
    <extensions>
     <gpxtpx:TrackPointExtension>
      <gpxtpx:hr>88</gpxtpx:hr>
      <gpxtpx:cad>0</gpxtpx:cad>
     </gpxtpx:TrackPointExtension>
    </extensions>
   </trkpt>
   <trkpt lat="47.8426180" lon="13.7768770">
    <ele>810.4</ele>
    <time>2026-03-07T11:42:45Z</time>
    <extensions>
     <gpxtpx:TrackPointExtension>
      <gpxtpx:hr>87</gpxtpx:hr>
      <gpxtpx:cad>0</gpxtpx:cad>
     </gpxtpx:TrackPointExtension>
    </extensions>
   </trkpt>
   <trkpt lat="47.8425570" lon="13.7769580">
    <ele>811.4</ele>
    <time>2026-03-07T11:42:52Z</time>
    <extensions>
     <gpxtpx:TrackPointExtension>
      <gpxtpx:hr>87</gpxtpx:hr>
      <gpxtpx:cad>0</gpxtpx:cad>
     </gpxtpx:TrackPointExtension>
    </extensions>
   </trkpt>
   <trkpt lat="47.8425340" lon="13.7769930">
    <ele>812.2</ele>
    <time>2026-03-07T11:42:55Z</time>
    <extensions>
     <gpxtpx:TrackPointExtension>
      <gpxtpx:hr>87</gpxtpx:hr>
      <gpxtpx:cad>51</gpxtpx:cad>
     </gpxtpx:TrackPointExtension>
    </extensions>
   </trkpt>
   <trkpt lat="47.8425170" lon="13.7770260">
    <ele>812.8</ele>
    <time>2026-03-07T11:42:58Z</time>
    <extensions>
     <gpxtpx:TrackPointExtension>
      <gpxtpx:hr>87</gpxtpx:hr>
      <gpxtpx:cad>52</gpxtpx:cad>
     </gpxtpx:TrackPointExtension>
    </extensions>
   </trkpt>
   <trkpt lat="47.8425010" lon="13.7770570">
    <ele>813.2</ele>
    <time>2026-03-07T11:43:01Z</time>
    <extensions>
     <gpxtpx:TrackPointExtension>
      <gpxtpx:hr>88</gpxtpx:hr>
      <gpxtpx:cad>49</gpxtpx:cad>
     </gpxtpx:TrackPointExtension>
    </extensions>
   </trkpt>
   <trkpt lat="47.8424770" lon="13.7770900">
    <ele>813.6</ele>
    <time>2026-03-07T11:43:04Z</time>
    <extensions>
     <gpxtpx:TrackPointExtension>
      <gpxtpx:hr>90</gpxtpx:hr>
      <gpxtpx:cad>50</gpxtpx:cad>
     </gpxtpx:TrackPointExtension>
    </extensions>
   </trkpt>
   <trkpt lat="47.8424460" lon="13.7771210">
    <ele>814.2</ele>
    <time>2026-03-07T11:43:08Z</time>
    <extensions>
     <gpxtpx:TrackPointExtension>
      <gpxtpx:hr>93</gpxtpx:hr>
      <gpxtpx:cad>47</gpxtpx:cad>
     </gpxtpx:TrackPointExtension>
    </extensions>
   </trkpt>
   <trkpt lat="47.8424380" lon="13.7771270">
    <ele>814.4</ele>
    <time>2026-03-07T11:43:09Z</time>
    <extensions>
     <gpxtpx:TrackPointExtension>
      <gpxtpx:hr>94</gpxtpx:hr>
      <gpxtpx:cad>47</gpxtpx:cad>
     </gpxtpx:TrackPointExtension>
    </extensions>
   </trkpt>
   <trkpt lat="47.8424190" lon="13.7771540">
    <ele>815.0</ele>
    <time>2026-03-07T11:43:12Z</time>
    <extensions>
     <gpxtpx:TrackPointExtension>
      <gpxtpx:hr>95</gpxtpx:hr>
      <gpxtpx:cad>45</gpxtpx:cad>
     </gpxtpx:TrackPointExtension>
    </extensions>
   </trkpt>
   <trkpt lat="47.8424080" lon="13.7771740">
    <ele>815.0</ele>
    <time>2026-03-07T11:43:14Z</time>
    <extensions>
     <gpxtpx:TrackPointExtension>
      <gpxtpx:hr>98</gpxtpx:hr>
      <gpxtpx:cad>44</gpxtpx:cad>
     </gpxtpx:TrackPointExtension>
    </extensions>
   </trkpt>
   <trkpt lat="47.8424020" lon="13.7771830">
    <ele>814.8</ele>
    <time>2026-03-07T11:43:15Z</time>
    <extensions>
     <gpxtpx:TrackPointExtension>
      <gpxtpx:hr>101</gpxtpx:hr>
      <gpxtpx:cad>44</gpxtpx:cad>
     </gpxtpx:TrackPointExtension>
    </extensions>
   </trkpt>
   <trkpt lat="47.8423750" lon="13.7772250">
    <ele>814.6</ele>
    <time>2026-03-07T11:43:19Z</time>
    <extensions>
     <gpxtpx:TrackPointExtension>
      <gpxtpx:hr>103</gpxtpx:hr>
      <gpxtpx:cad>55</gpxtpx:cad>
     </gpxtpx:TrackPointExtension>
    </extensions>
   </trkpt>
   <trkpt lat="47.8423450" lon="13.7772690">
    <ele>815.2</ele>
    <time>2026-03-07T11:43:24Z</time>
    <extensions>
     <gpxtpx:TrackPointExtension>
      <gpxtpx:hr>106</gpxtpx:hr>
      <gpxtpx:cad>50</gpxtpx:cad>
     </gpxtpx:TrackPointExtension>
    </extensions>
   </trkpt>
   <trkpt lat="47.8423390" lon="13.7772790">
    <ele>815.4</ele>
    <time>2026-03-07T11:43:25Z</time>
    <extensions>
     <gpxtpx:TrackPointExtension>
      <gpxtpx:hr>106</gpxtpx:hr>
      <gpxtpx:cad>50</gpxtpx:cad>
     </gpxtpx:TrackPointExtension>
    </extensions>
   </trkpt>
   <trkpt lat="47.8423210" lon="13.7773130">
    <ele>816.6</ele>
    <time>2026-03-07T11:43:28Z</time>
    <extensions>
     <gpxtpx:TrackPointExtension>
      <gpxtpx:hr>108</gpxtpx:hr>
      <gpxtpx:cad>50</gpxtpx:cad>
     </gpxtpx:TrackPointExtension>
    </extensions>
   </trkpt>
   <trkpt lat="47.8422650" lon="13.7773660">
    <ele>816.8</ele>
    <time>2026-03-07T11:43:34Z</time>
    <extensions>
     <gpxtpx:TrackPointExtension>
      <gpxtpx:hr>111</gpxtpx:hr>
      <gpxtpx:cad>51</gpxtpx:cad>
     </gpxtpx:TrackPointExtension>
    </extensions>
   </trkpt>
   <trkpt lat="47.8422580" lon="13.7773730">
    <ele>816.8</ele>
    <time>2026-03-07T11:43:35Z</time>
    <extensions>
     <gpxtpx:TrackPointExtension>
      <gpxtpx:hr>112</gpxtpx:hr>
      <gpxtpx:cad>51</gpxtpx:cad>
     </gpxtpx:TrackPointExtension>
    </extensions>
   </trkpt>
   <trkpt lat="47.8422440" lon="13.7773850">
    <ele>817.2</ele>
    <time>2026-03-07T11:43:37Z</time>
    <extensions>
     <gpxtpx:TrackPointExtension>
      <gpxtpx:hr>119</gpxtpx:hr>
      <gpxtpx:cad>49</gpxtpx:cad>
     </gpxtpx:TrackPointExtension>
    </extensions>
   </trkpt>
   <trkpt lat="47.8422350" lon="13.7773910">
    <ele>817.6</ele>
    <time>2026-03-07T11:43:38Z</time>
    <extensions>
     <gpxtpx:TrackPointExtension>
      <gpxtpx:hr>126</gpxtpx:hr>
      <gpxtpx:cad>49</gpxtpx:cad>
     </gpxtpx:TrackPointExtension>
    </extensions>
   </trkpt>
   <trkpt lat="47.8422280" lon="13.7773960">
    <ele>817.8</ele>
    <time>2026-03-07T11:43:39Z</time>
    <extensions>
     <gpxtpx:TrackPointExtension>
      <gpxtpx:hr>128</gpxtpx:hr>
      <gpxtpx:cad>49</gpxtpx:cad>
     </gpxtpx:TrackPointExtension>
    </extensions>
   </trkpt>
   <trkpt lat="47.8422010" lon="13.7774150">
    <ele>819.0</ele>
    <time>2026-03-07T11:43:42Z</time>
    <extensions>
     <gpxtpx:TrackPointExtension>
      <gpxtpx:hr>130</gpxtpx:hr>
      <gpxtpx:cad>46</gpxtpx:cad>
     </gpxtpx:TrackPointExtension>
    </extensions>
   </trkpt>
   <trkpt lat="47.8421830" lon="13.7774340">
    <ele>820.0</ele>
    <time>2026-03-07T11:43:45Z</time>
    <extensions>
     <gpxtpx:TrackPointExtension>
      <gpxtpx:hr>132</gpxtpx:hr>
      <gpxtpx:cad>46</gpxtpx:cad>
     </gpxtpx:TrackPointExtension>
    </extensions>
   </trkpt>
   <trkpt lat="47.8421610" lon="13.7774640">
    <ele>821.0</ele>
    <time>2026-03-07T11:43:48Z</time>
    <extensions>
     <gpxtpx:TrackPointExtension>
      <gpxtpx:hr>133</gpxtpx:hr>
      <gpxtpx:cad>48</gpxtpx:cad>
     </gpxtpx:TrackPointExtension>
    </extensions>
   </trkpt>
   <trkpt lat="47.8421550" lon="13.7774730">
    <ele>821.2</ele>
    <time>2026-03-07T11:43:49Z</time>
    <extensions>
     <gpxtpx:TrackPointExtension>
      <gpxtpx:hr>134</gpxtpx:hr>
      <gpxtpx:cad>48</gpxtpx:cad>
     </gpxtpx:TrackPointExtension>
    </extensions>
   </trkpt>
   <trkpt lat="47.8421290" lon="13.7774960">
    <ele>822.2</ele>
    <time>2026-03-07T11:43:53Z</time>
    <extensions>
     <gpxtpx:TrackPointExtension>
      <gpxtpx:hr>137</gpxtpx:hr>
      <gpxtpx:cad>46</gpxtpx:cad>
     </gpxtpx:TrackPointExtension>
    </extensions>
   </trkpt>
   <trkpt lat="47.8421230" lon="13.7774960">
    <ele>822.4</ele>
    <time>2026-03-07T11:43:54Z</time>
    <extensions>
     <gpxtpx:TrackPointExtension>
      <gpxtpx:hr>138</gpxtpx:hr>
      <gpxtpx:cad>46</gpxtpx:cad>
     </gpxtpx:TrackPointExtension>
    </extensions>
   </trkpt>
   <trkpt lat="47.8421170" lon="13.7774970">
    <ele>822.8</ele>
    <time>2026-03-07T11:43:55Z</time>
    <extensions>
     <gpxtpx:TrackPointExtension>
      <gpxtpx:hr>139</gpxtpx:hr>
      <gpxtpx:cad>48</gpxtpx:cad>
     </gpxtpx:TrackPointExtension>
    </extensions>
   </trkpt>
   <trkpt lat="47.8421010" lon="13.7775070">
    <ele>823.4</ele>
    <time>2026-03-07T11:43:57Z</time>
    <extensions>
     <gpxtpx:TrackPointExtension>
      <gpxtpx:hr>141</gpxtpx:hr>
      <gpxtpx:cad>48</gpxtpx:cad>
     </gpxtpx:TrackPointExtension>
    </extensions>
   </trkpt>
   <trkpt lat="47.8420740" lon="13.7775230">
    <ele>824.6</ele>
    <time>2026-03-07T11:44:01Z</time>
    <extensions>
     <gpxtpx:TrackPointExtension>
      <gpxtpx:hr>143</gpxtpx:hr>
      <gpxtpx:cad>50</gpxtpx:cad>
     </gpxtpx:TrackPointExtension>
    </extensions>
   </trkpt>
   <trkpt lat="47.8420340" lon="13.7775460">
    <ele>825.8</ele>
    <time>2026-03-07T11:44:06Z</time>
    <extensions>
     <gpxtpx:TrackPointExtension>
      <gpxtpx:hr>143</gpxtpx:hr>
      <gpxtpx:cad>50</gpxtpx:cad>
     </gpxtpx:TrackPointExtension>
    </extensions>
   </trkpt>
   <trkpt lat="47.8420210" lon="13.7775580">
    <ele>826.4</ele>
    <time>2026-03-07T11:44:08Z</time>
    <extensions>
     <gpxtpx:TrackPointExtension>
      <gpxtpx:hr>143</gpxtpx:hr>
      <gpxtpx:cad>47</gpxtpx:cad>
     </gpxtpx:TrackPointExtension>
    </extensions>
   </trkpt>
   <trkpt lat="47.8420060" lon="13.7775770">
    <ele>827.0</ele>
    <time>2026-03-07T11:44:11Z</time>
    <extensions>
     <gpxtpx:TrackPointExtension>
      <gpxtpx:hr>145</gpxtpx:hr>
      <gpxtpx:cad>50</gpxtpx:cad>
     </gpxtpx:TrackPointExtension>
    </extensions>
   </trkpt>
   <trkpt lat="47.8419850" lon="13.7776000">
    <ele>827.0</ele>
    <time>2026-03-07T11:44:14Z</time>
    <extensions>
     <gpxtpx:TrackPointExtension>
      <gpxtpx:hr>145</gpxtpx:hr>
      <gpxtpx:cad>50</gpxtpx:cad>
     </gpxtpx:TrackPointExtension>
    </extensions>
   </trkpt>
   <trkpt lat="47.8419000" lon="13.7776690">
    <ele>826.6</ele>
    <time>2026-03-07T11:44:22Z</time>
    <extensions>
     <gpxtpx:TrackPointExtension>
      <gpxtpx:hr>145</gpxtpx:hr>
      <gpxtpx:cad>57</gpxtpx:cad>
     </gpxtpx:TrackPointExtension>
    </extensions>
   </trkpt>
   <trkpt lat="47.8418150" lon="13.7777300">
    <ele>826.6</ele>
    <time>2026-03-07T11:44:30Z</time>
    <extensions>
     <gpxtpx:TrackPointExtension>
      <gpxtpx:hr>146</gpxtpx:hr>
      <gpxtpx:cad>50</gpxtpx:cad>
     </gpxtpx:TrackPointExtension>
    </extensions>
   </trkpt>
   <trkpt lat="47.8418020" lon="13.7777330">
    <ele>826.8</ele>
    <time>2026-03-07T11:44:32Z</time>
    <extensions>
     <gpxtpx:TrackPointExtension>
      <gpxtpx:hr>145</gpxtpx:hr>
      <gpxtpx:cad>52</gpxtpx:cad>
     </gpxtpx:TrackPointExtension>
    </extensions>
   </trkpt>
   <trkpt lat="47.8417900" lon="13.7777350">
    <ele>827.8</ele>
    <time>2026-03-07T11:44:35Z</time>
    <extensions>
     <gpxtpx:TrackPointExtension>
      <gpxtpx:hr>144</gpxtpx:hr>
      <gpxtpx:cad>52</gpxtpx:cad>
     </gpxtpx:TrackPointExtension>
    </extensions>
   </trkpt>
   <trkpt lat="47.8417860" lon="13.7777380">
    <ele>828.0</ele>
    <time>2026-03-07T11:44:36Z</time>
    <extensions>
     <gpxtpx:TrackPointExtension>
      <gpxtpx:hr>144</gpxtpx:hr>
      <gpxtpx:cad>52</gpxtpx:cad>
     </gpxtpx:TrackPointExtension>
    </extensions>
   </trkpt>
   <trkpt lat="47.8417830" lon="13.7777390">
    <ele>828.2</ele>
    <time>2026-03-07T11:44:37Z</time>
    <extensions>
     <gpxtpx:TrackPointExtension>
      <gpxtpx:hr>144</gpxtpx:hr>
      <gpxtpx:cad>52</gpxtpx:cad>
     </gpxtpx:TrackPointExtension>
    </extensions>
   </trkpt>
   <trkpt lat="47.8417600" lon="13.7777320">
    <ele>829.0</ele>
    <time>2026-03-07T11:44:41Z</time>
    <extensions>
     <gpxtpx:TrackPointExtension>
      <gpxtpx:hr>144</gpxtpx:hr>
      <gpxtpx:cad>0</gpxtpx:cad>
     </gpxtpx:TrackPointExtension>
    </extensions>
   </trkpt>
   <trkpt lat="47.8417540" lon="13.7777290">
    <ele>829.4</ele>
    <time>2026-03-07T11:44:42Z</time>
    <extensions>
     <gpxtpx:TrackPointExtension>
      <gpxtpx:hr>144</gpxtpx:hr>
      <gpxtpx:cad>0</gpxtpx:cad>
     </gpxtpx:TrackPointExtension>
    </extensions>
   </trkpt>
   <trkpt lat="47.8417070" lon="13.7777370">
    <ele>830.0</ele>
    <time>2026-03-07T11:44:47Z</time>
    <extensions>
     <gpxtpx:TrackPointExtension>
      <gpxtpx:hr>144</gpxtpx:hr>
      <gpxtpx:cad>0</gpxtpx:cad>
     </gpxtpx:TrackPointExtension>
    </extensions>
   </trkpt>
   <trkpt lat="47.8416690" lon="13.7777560">
    <ele>828.2</ele>
    <time>2026-03-07T11:44:52Z</time>
    <extensions>
     <gpxtpx:TrackPointExtension>
      <gpxtpx:hr>143</gpxtpx:hr>
      <gpxtpx:cad>59</gpxtpx:cad>
     </gpxtpx:TrackPointExtension>
    </extensions>
   </trkpt>
   <trkpt lat="47.8416520" lon="13.7777600">
    <ele>827.6</ele>
    <time>2026-03-07T11:44:55Z</time>
    <extensions>
     <gpxtpx:TrackPointExtension>
      <gpxtpx:hr>142</gpxtpx:hr>
      <gpxtpx:cad>59</gpxtpx:cad>
     </gpxtpx:TrackPointExtension>
    </extensions>
   </trkpt>
   <trkpt lat="47.8416380" lon="13.7777560">
    <ele>827.0</ele>
    <time>2026-03-07T11:44:57Z</time>
    <extensions>
     <gpxtpx:TrackPointExtension>
      <gpxtpx:hr>142</gpxtpx:hr>
      <gpxtpx:cad>59</gpxtpx:cad>
     </gpxtpx:TrackPointExtension>
    </extensions>
   </trkpt>
   <trkpt lat="47.8416000" lon="13.7777500">
    <ele>826.8</ele>
    <time>2026-03-07T11:45:01Z</time>
    <extensions>
     <gpxtpx:TrackPointExtension>
      <gpxtpx:hr>140</gpxtpx:hr>
      <gpxtpx:cad>59</gpxtpx:cad>
     </gpxtpx:TrackPointExtension>
    </extensions>
   </trkpt>
   <trkpt lat="47.8415890" lon="13.7777440">
    <ele>827.0</ele>
    <time>2026-03-07T11:45:02Z</time>
    <extensions>
     <gpxtpx:TrackPointExtension>
      <gpxtpx:hr>139</gpxtpx:hr>
      <gpxtpx:cad>58</gpxtpx:cad>
     </gpxtpx:TrackPointExtension>
    </extensions>
   </trkpt>
   <trkpt lat="47.8415560" lon="13.7777270">
    <ele>827.2</ele>
    <time>2026-03-07T11:45:05Z</time>
    <extensions>
     <gpxtpx:TrackPointExtension>
      <gpxtpx:hr>136</gpxtpx:hr>
      <gpxtpx:cad>58</gpxtpx:cad>
     </gpxtpx:TrackPointExtension>
    </extensions>
   </trkpt>
   <trkpt lat="47.8415260" lon="13.7777120">
    <ele>827.8</ele>
    <time>2026-03-07T11:45:08Z</time>
    <extensions>
     <gpxtpx:TrackPointExtension>
      <gpxtpx:hr>135</gpxtpx:hr>
      <gpxtpx:cad>58</gpxtpx:cad>
     </gpxtpx:TrackPointExtension>
    </extensions>
   </trkpt>
   <trkpt lat="47.8415060" lon="13.7777160">
    <ele>828.2</ele>
    <time>2026-03-07T11:45:10Z</time>
    <extensions>
     <gpxtpx:TrackPointExtension>
      <gpxtpx:hr>135</gpxtpx:hr>
      <gpxtpx:cad>58</gpxtpx:cad>
     </gpxtpx:TrackPointExtension>
    </extensions>
   </trkpt>
   <trkpt lat="47.8414800" lon="13.7777290">
    <ele>827.8</ele>
    <time>2026-03-07T11:45:15Z</time>
    <extensions>
     <gpxtpx:TrackPointExtension>
      <gpxtpx:hr>133</gpxtpx:hr>
      <gpxtpx:cad>0</gpxtpx:cad>
     </gpxtpx:TrackPointExtension>
    </extensions>
   </trkpt>
   <trkpt lat="47.8414720" lon="13.7777360">
    <ele>827.0</ele>
    <time>2026-03-07T11:45:23Z</time>
    <extensions>
     <gpxtpx:TrackPointExtension>
      <gpxtpx:hr>129</gpxtpx:hr>
      <gpxtpx:cad>0</gpxtpx:cad>
     </gpxtpx:TrackPointExtension>
    </extensions>
   </trkpt>
   <trkpt lat="47.8414720" lon="13.7777360">
    <ele>826.8</ele>
    <time>2026-03-07T11:45:27Z</time>
    <extensions>
     <gpxtpx:TrackPointExtension>
      <gpxtpx:hr>125</gpxtpx:hr>
      <gpxtpx:cad>0</gpxtpx:cad>
     </gpxtpx:TrackPointExtension>
    </extensions>
   </trkpt>
   <trkpt lat="47.8414710" lon="13.7777370">
    <ele>826.8</ele>
    <time>2026-03-07T11:45:32Z</time>
    <extensions>
     <gpxtpx:TrackPointExtension>
      <gpxtpx:hr>123</gpxtpx:hr>
      <gpxtpx:cad>18</gpxtpx:cad>
     </gpxtpx:TrackPointExtension>
    </extensions>
   </trkpt>
   <trkpt lat="47.8414760" lon="13.7777350">
    <ele>828.6</ele>
    <time>2026-03-07T11:45:39Z</time>
    <extensions>
     <gpxtpx:TrackPointExtension>
      <gpxtpx:hr>124</gpxtpx:hr>
      <gpxtpx:cad>0</gpxtpx:cad>
     </gpxtpx:TrackPointExtension>
    </extensions>
   </trkpt>
   <trkpt lat="47.8414770" lon="13.7777360">
    <ele>827.6</ele>
    <time>2026-03-07T11:45:43Z</time>
    <extensions>
     <gpxtpx:TrackPointExtension>
      <gpxtpx:hr>123</gpxtpx:hr>
      <gpxtpx:cad>0</gpxtpx:cad>
     </gpxtpx:TrackPointExtension>
    </extensions>
   </trkpt>
   <trkpt lat="47.8414780" lon="13.7777370">
    <ele>827.8</ele>
    <time>2026-03-07T11:45:49Z</time>
    <extensions>
     <gpxtpx:TrackPointExtension>
      <gpxtpx:hr>120</gpxtpx:hr>
      <gpxtpx:cad>0</gpxtpx:cad>
     </gpxtpx:TrackPointExtension>
    </extensions>
   </trkpt>
   <trkpt lat="47.8414770" lon="13.7777360">
    <ele>827.8</ele>
    <time>2026-03-07T11:45:53Z</time>
    <extensions>
     <gpxtpx:TrackPointExtension>
      <gpxtpx:hr>117</gpxtpx:hr>
      <gpxtpx:cad>0</gpxtpx:cad>
     </gpxtpx:TrackPointExtension>
    </extensions>
   </trkpt>
   <trkpt lat="47.8414760" lon="13.7777360">
    <ele>828.0</ele>
    <time>2026-03-07T11:45:54Z</time>
    <extensions>
     <gpxtpx:TrackPointExtension>
      <gpxtpx:hr>116</gpxtpx:hr>
      <gpxtpx:cad>0</gpxtpx:cad>
     </gpxtpx:TrackPointExtension>
    </extensions>
   </trkpt>
   <trkpt lat="47.8414580" lon="13.7777200">
    <ele>826.8</ele>
    <time>2026-03-07T11:46:03Z</time>
    <extensions>
     <gpxtpx:TrackPointExtension>
      <gpxtpx:hr>115</gpxtpx:hr>
      <gpxtpx:cad>0</gpxtpx:cad>
     </gpxtpx:TrackPointExtension>
    </extensions>
   </trkpt>
   <trkpt lat="47.8414550" lon="13.7777100">
    <ele>826.4</ele>
    <time>2026-03-07T11:46:06Z</time>
    <extensions>
     <gpxtpx:TrackPointExtension>
      <gpxtpx:hr>116</gpxtpx:hr>
      <gpxtpx:cad>0</gpxtpx:cad>
     </gpxtpx:TrackPointExtension>
    </extensions>
   </trkpt>
   <trkpt lat="47.8414510" lon="13.7776850">
    <ele>826.4</ele>
    <time>2026-03-07T11:46:09Z</time>
    <extensions>
     <gpxtpx:TrackPointExtension>
      <gpxtpx:hr>116</gpxtpx:hr>
      <gpxtpx:cad>0</gpxtpx:cad>
     </gpxtpx:TrackPointExtension>
    </extensions>
   </trkpt>
   <trkpt lat="47.8414530" lon="13.7776700">
    <ele>826.0</ele>
    <time>2026-03-07T11:46:11Z</time>
    <extensions>
     <gpxtpx:TrackPointExtension>
      <gpxtpx:hr>113</gpxtpx:hr>
      <gpxtpx:cad>0</gpxtpx:cad>
     </gpxtpx:TrackPointExtension>
    </extensions>
   </trkpt>
   <trkpt lat="47.8414510" lon="13.7776610">
    <ele>825.8</ele>
    <time>2026-03-07T11:46:13Z</time>
    <extensions>
     <gpxtpx:TrackPointExtension>
      <gpxtpx:hr>110</gpxtpx:hr>
      <gpxtpx:cad>0</gpxtpx:cad>
     </gpxtpx:TrackPointExtension>
    </extensions>
   </trkpt>
   <trkpt lat="47.8414480" lon="13.7776610">
    <ele>825.6</ele>
    <time>2026-03-07T11:46:14Z</time>
    <extensions>
     <gpxtpx:TrackPointExtension>
      <gpxtpx:hr>110</gpxtpx:hr>
      <gpxtpx:cad>0</gpxtpx:cad>
     </gpxtpx:TrackPointExtension>
    </extensions>
   </trkpt>
   <trkpt lat="47.8414470" lon="13.7776620">
    <ele>825.4</ele>
    <time>2026-03-07T11:46:15Z</time>
    <extensions>
     <gpxtpx:TrackPointExtension>
      <gpxtpx:hr>110</gpxtpx:hr>
      <gpxtpx:cad>0</gpxtpx:cad>
     </gpxtpx:TrackPointExtension>
    </extensions>
   </trkpt>
   <trkpt lat="47.8414490" lon="13.7776670">
    <ele>825.2</ele>
    <time>2026-03-07T11:46:18Z</time>
    <extensions>
     <gpxtpx:TrackPointExtension>
      <gpxtpx:hr>113</gpxtpx:hr>
      <gpxtpx:cad>0</gpxtpx:cad>
     </gpxtpx:TrackPointExtension>
    </extensions>
   </trkpt>
   <trkpt lat="47.8414520" lon="13.7776810">
    <ele>825.2</ele>
    <time>2026-03-07T11:46:21Z</time>
    <extensions>
     <gpxtpx:TrackPointExtension>
      <gpxtpx:hr>114</gpxtpx:hr>
      <gpxtpx:cad>0</gpxtpx:cad>
     </gpxtpx:TrackPointExtension>
    </extensions>
   </trkpt>
   <trkpt lat="47.8414520" lon="13.7776900">
    <ele>825.8</ele>
    <time>2026-03-07T11:46:31Z</time>
    <extensions>
     <gpxtpx:TrackPointExtension>
      <gpxtpx:hr>114</gpxtpx:hr>
      <gpxtpx:cad>0</gpxtpx:cad>
     </gpxtpx:TrackPointExtension>
    </extensions>
   </trkpt>
   <trkpt lat="47.8414510" lon="13.7776780">
    <ele>824.2</ele>
    <time>2026-03-07T11:46:37Z</time>
    <extensions>
     <gpxtpx:TrackPointExtension>
      <gpxtpx:hr>114</gpxtpx:hr>
      <gpxtpx:cad>0</gpxtpx:cad>
     </gpxtpx:TrackPointExtension>
    </extensions>
   </trkpt>
   <trkpt lat="47.8414490" lon="13.7776820">
    <ele>824.2</ele>
    <time>2026-03-07T11:46:38Z</time>
    <extensions>
     <gpxtpx:TrackPointExtension>
      <gpxtpx:hr>115</gpxtpx:hr>
      <gpxtpx:cad>0</gpxtpx:cad>
     </gpxtpx:TrackPointExtension>
    </extensions>
   </trkpt>
   <trkpt lat="47.8414540" lon="13.7776770">
    <ele>823.6</ele>
    <time>2026-03-07T11:46:42Z</time>
    <extensions>
     <gpxtpx:TrackPointExtension>
      <gpxtpx:hr>116</gpxtpx:hr>
      <gpxtpx:cad>0</gpxtpx:cad>
     </gpxtpx:TrackPointExtension>
    </extensions>
   </trkpt>
   <trkpt lat="47.8414570" lon="13.7776780">
    <ele>823.2</ele>
    <time>2026-03-07T11:46:45Z</time>
    <extensions>
     <gpxtpx:TrackPointExtension>
      <gpxtpx:hr>114</gpxtpx:hr>
      <gpxtpx:cad>45</gpxtpx:cad>
     </gpxtpx:TrackPointExtension>
    </extensions>
   </trkpt>
   <trkpt lat="47.8414550" lon="13.7776840">
    <ele>823.6</ele>
    <time>2026-03-07T11:46:47Z</time>
    <extensions>
     <gpxtpx:TrackPointExtension>
      <gpxtpx:hr>112</gpxtpx:hr>
      <gpxtpx:cad>0</gpxtpx:cad>
     </gpxtpx:TrackPointExtension>
    </extensions>
   </trkpt>
   <trkpt lat="47.8414540" lon="13.7776880">
    <ele>824.6</ele>
    <time>2026-03-07T11:46:50Z</time>
    <extensions>
     <gpxtpx:TrackPointExtension>
      <gpxtpx:hr>108</gpxtpx:hr>
      <gpxtpx:cad>0</gpxtpx:cad>
     </gpxtpx:TrackPointExtension>
    </extensions>
   </trkpt>
   <trkpt lat="47.8414530" lon="13.7776910">
    <ele>825.4</ele>
    <time>2026-03-07T11:46:57Z</time>
    <extensions>
     <gpxtpx:TrackPointExtension>
      <gpxtpx:hr>107</gpxtpx:hr>
      <gpxtpx:cad>0</gpxtpx:cad>
     </gpxtpx:TrackPointExtension>
    </extensions>
   </trkpt>
   <trkpt lat="47.8414530" lon="13.7776910">
    <ele>825.6</ele>
    <time>2026-03-07T11:46:58Z</time>
    <extensions>
     <gpxtpx:TrackPointExtension>
      <gpxtpx:hr>106</gpxtpx:hr>
      <gpxtpx:cad>0</gpxtpx:cad>
     </gpxtpx:TrackPointExtension>
    </extensions>
   </trkpt>
   <trkpt lat="47.8414540" lon="13.7776920">
    <ele>825.4</ele>
    <time>2026-03-07T11:47:07Z</time>
    <extensions>
     <gpxtpx:TrackPointExtension>
      <gpxtpx:hr>102</gpxtpx:hr>
      <gpxtpx:cad>0</gpxtpx:cad>
     </gpxtpx:TrackPointExtension>
    </extensions>
   </trkpt>
   <trkpt lat="47.8414550" lon="13.7776930">
    <ele>825.4</ele>
    <time>2026-03-07T11:47:09Z</time>
    <extensions>
     <gpxtpx:TrackPointExtension>
      <gpxtpx:hr>99</gpxtpx:hr>
      <gpxtpx:cad>0</gpxtpx:cad>
     </gpxtpx:TrackPointExtension>
    </extensions>
   </trkpt>
   <trkpt lat="47.8414550" lon="13.7776930">
    <ele>825.6</ele>
    <time>2026-03-07T11:47:11Z</time>
    <extensions>
     <gpxtpx:TrackPointExtension>
      <gpxtpx:hr>95</gpxtpx:hr>
      <gpxtpx:cad>0</gpxtpx:cad>
     </gpxtpx:TrackPointExtension>
    </extensions>
   </trkpt>
   <trkpt lat="47.8414560" lon="13.7776940">
    <ele>824.8</ele>
    <time>2026-03-07T11:47:17Z</time>
    <extensions>
     <gpxtpx:TrackPointExtension>
      <gpxtpx:hr>92</gpxtpx:hr>
      <gpxtpx:cad>0</gpxtpx:cad>
     </gpxtpx:TrackPointExtension>
    </extensions>
   </trkpt>
   <trkpt lat="47.8414560" lon="13.7776940">
    <ele>824.2</ele>
    <time>2026-03-07T11:47:19Z</time>
    <extensions>
     <gpxtpx:TrackPointExtension>
      <gpxtpx:hr>92</gpxtpx:hr>
      <gpxtpx:cad>0</gpxtpx:cad>
     </gpxtpx:TrackPointExtension>
    </extensions>
   </trkpt>
   <trkpt lat="47.8414570" lon="13.7776940">
    <ele>824.0</ele>
    <time>2026-03-07T11:47:20Z</time>
    <extensions>
     <gpxtpx:TrackPointExtension>
      <gpxtpx:hr>92</gpxtpx:hr>
      <gpxtpx:cad>0</gpxtpx:cad>
     </gpxtpx:TrackPointExtension>
    </extensions>
   </trkpt>
   <trkpt lat="47.8414600" lon="13.7776890">
    <ele>824.0</ele>
    <time>2026-03-07T11:47:28Z</time>
    <extensions>
     <gpxtpx:TrackPointExtension>
      <gpxtpx:hr>93</gpxtpx:hr>
      <gpxtpx:cad>0</gpxtpx:cad>
     </gpxtpx:TrackPointExtension>
    </extensions>
   </trkpt>
   <trkpt lat="47.8414230" lon="13.7776850">
    <ele>824.2</ele>
    <time>2026-03-07T11:47:36Z</time>
    <extensions>
     <gpxtpx:TrackPointExtension>
      <gpxtpx:hr>94</gpxtpx:hr>
      <gpxtpx:cad>0</gpxtpx:cad>
     </gpxtpx:TrackPointExtension>
    </extensions>
   </trkpt>
   <trkpt lat="47.8414050" lon="13.7776780">
    <ele>825.0</ele>
    <time>2026-03-07T11:47:43Z</time>
    <extensions>
     <gpxtpx:TrackPointExtension>
      <gpxtpx:hr>95</gpxtpx:hr>
      <gpxtpx:cad>40</gpxtpx:cad>
     </gpxtpx:TrackPointExtension>
    </extensions>
   </trkpt>
   <trkpt lat="47.8413720" lon="13.7776560">
    <ele>825.2</ele>
    <time>2026-03-07T11:47:49Z</time>
    <extensions>
     <gpxtpx:TrackPointExtension>
      <gpxtpx:hr>94</gpxtpx:hr>
      <gpxtpx:cad>41</gpxtpx:cad>
     </gpxtpx:TrackPointExtension>
    </extensions>
   </trkpt>
   <trkpt lat="47.8413630" lon="13.7776350">
    <ele>825.8</ele>
    <time>2026-03-07T11:47:52Z</time>
    <extensions>
     <gpxtpx:TrackPointExtension>
      <gpxtpx:hr>91</gpxtpx:hr>
      <gpxtpx:cad>41</gpxtpx:cad>
     </gpxtpx:TrackPointExtension>
    </extensions>
   </trkpt>
   <trkpt lat="47.8413470" lon="13.7776000">
    <ele>826.0</ele>
    <time>2026-03-07T11:47:55Z</time>
    <extensions>
     <gpxtpx:TrackPointExtension>
      <gpxtpx:hr>90</gpxtpx:hr>
      <gpxtpx:cad>42</gpxtpx:cad>
     </gpxtpx:TrackPointExtension>
    </extensions>
   </trkpt>
   <trkpt lat="47.8413230" lon="13.7775790">
    <ele>826.0</ele>
    <time>2026-03-07T11:47:58Z</time>
    <extensions>
     <gpxtpx:TrackPointExtension>
      <gpxtpx:hr>90</gpxtpx:hr>
      <gpxtpx:cad>46</gpxtpx:cad>
     </gpxtpx:TrackPointExtension>
    </extensions>
   </trkpt>
   <trkpt lat="47.8413060" lon="13.7775670">
    <ele>826.2</ele>
    <time>2026-03-07T11:48:00Z</time>
    <extensions>
     <gpxtpx:TrackPointExtension>
      <gpxtpx:hr>91</gpxtpx:hr>
      <gpxtpx:cad>52</gpxtpx:cad>
     </gpxtpx:TrackPointExtension>
    </extensions>
   </trkpt>
   <trkpt lat="47.8412990" lon="13.7775620">
    <ele>826.6</ele>
    <time>2026-03-07T11:48:01Z</time>
    <extensions>
     <gpxtpx:TrackPointExtension>
      <gpxtpx:hr>90</gpxtpx:hr>
      <gpxtpx:cad>49</gpxtpx:cad>
     </gpxtpx:TrackPointExtension>
    </extensions>
   </trkpt>
   <trkpt lat="47.8412710" lon="13.7775470">
    <ele>827.4</ele>
    <time>2026-03-07T11:48:05Z</time>
    <extensions>
     <gpxtpx:TrackPointExtension>
      <gpxtpx:hr>92</gpxtpx:hr>
      <gpxtpx:cad>48</gpxtpx:cad>
     </gpxtpx:TrackPointExtension>
    </extensions>
   </trkpt>
   <trkpt lat="47.8412580" lon="13.7775390">
    <ele>827.8</ele>
    <time>2026-03-07T11:48:08Z</time>
    <extensions>
     <gpxtpx:TrackPointExtension>
      <gpxtpx:hr>94</gpxtpx:hr>
      <gpxtpx:cad>0</gpxtpx:cad>
     </gpxtpx:TrackPointExtension>
    </extensions>
   </trkpt>
   <trkpt lat="47.8412580" lon="13.7775310">
    <ele>828.2</ele>
    <time>2026-03-07T11:48:14Z</time>
    <extensions>
     <gpxtpx:TrackPointExtension>
      <gpxtpx:hr>98</gpxtpx:hr>
      <gpxtpx:cad>0</gpxtpx:cad>
     </gpxtpx:TrackPointExtension>
    </extensions>
   </trkpt>
   <trkpt lat="47.8412550" lon="13.7775280">
    <ele>828.2</ele>
    <time>2026-03-07T11:48:15Z</time>
    <extensions>
     <gpxtpx:TrackPointExtension>
      <gpxtpx:hr>101</gpxtpx:hr>
      <gpxtpx:cad>0</gpxtpx:cad>
     </gpxtpx:TrackPointExtension>
    </extensions>
   </trkpt>
   <trkpt lat="47.8412530" lon="13.7775240">
    <ele>828.4</ele>
    <time>2026-03-07T11:48:16Z</time>
    <extensions>
     <gpxtpx:TrackPointExtension>
      <gpxtpx:hr>107</gpxtpx:hr>
      <gpxtpx:cad>0</gpxtpx:cad>
     </gpxtpx:TrackPointExtension>
    </extensions>
   </trkpt>
   <trkpt lat="47.8412500" lon="13.7775180">
    <ele>828.6</ele>
    <time>2026-03-07T11:48:17Z</time>
    <extensions>
     <gpxtpx:TrackPointExtension>
      <gpxtpx:hr>112</gpxtpx:hr>
      <gpxtpx:cad>0</gpxtpx:cad>
     </gpxtpx:TrackPointExtension>
    </extensions>
   </trkpt>
   <trkpt lat="47.8412440" lon="13.7775050">
    <ele>828.8</ele>
    <time>2026-03-07T11:48:19Z</time>
    <extensions>
     <gpxtpx:TrackPointExtension>
      <gpxtpx:hr>113</gpxtpx:hr>
      <gpxtpx:cad>0</gpxtpx:cad>
     </gpxtpx:TrackPointExtension>
    </extensions>
   </trkpt>
   <trkpt lat="47.8412190" lon="13.7774690">
    <ele>829.6</ele>
    <time>2026-03-07T11:48:26Z</time>
    <extensions>
     <gpxtpx:TrackPointExtension>
      <gpxtpx:hr>116</gpxtpx:hr>
      <gpxtpx:cad>45</gpxtpx:cad>
     </gpxtpx:TrackPointExtension>
    </extensions>
   </trkpt>
   <trkpt lat="47.8411940" lon="13.7774440">
    <ele>830.8</ele>
    <time>2026-03-07T11:48:31Z</time>
    <extensions>
     <gpxtpx:TrackPointExtension>
      <gpxtpx:hr>115</gpxtpx:hr>
      <gpxtpx:cad>43</gpxtpx:cad>
     </gpxtpx:TrackPointExtension>
    </extensions>
   </trkpt>
   <trkpt lat="47.8411850" lon="13.7774210">
    <ele>831.6</ele>
    <time>2026-03-07T11:48:34Z</time>
    <extensions>
     <gpxtpx:TrackPointExtension>
      <gpxtpx:hr>114</gpxtpx:hr>
      <gpxtpx:cad>0</gpxtpx:cad>
     </gpxtpx:TrackPointExtension>
    </extensions>
   </trkpt>
   <trkpt lat="47.8411810" lon="13.7774000">
    <ele>831.8</ele>
    <time>2026-03-07T11:48:36Z</time>
    <extensions>
     <gpxtpx:TrackPointExtension>
      <gpxtpx:hr>115</gpxtpx:hr>
      <gpxtpx:cad>42</gpxtpx:cad>
     </gpxtpx:TrackPointExtension>
    </extensions>
   </trkpt>
   <trkpt lat="47.8411550" lon="13.7773450">
    <ele>832.0</ele>
    <time>2026-03-07T11:48:42Z</time>
    <extensions>
     <gpxtpx:TrackPointExtension>
      <gpxtpx:hr>116</gpxtpx:hr>
      <gpxtpx:cad>45</gpxtpx:cad>
     </gpxtpx:TrackPointExtension>
    </extensions>
   </trkpt>
   <trkpt lat="47.8411310" lon="13.7772710">
    <ele>831.6</ele>
    <time>2026-03-07T11:48:50Z</time>
    <extensions>
     <gpxtpx:TrackPointExtension>
      <gpxtpx:hr>115</gpxtpx:hr>
      <gpxtpx:cad>45</gpxtpx:cad>
     </gpxtpx:TrackPointExtension>
    </extensions>
   </trkpt>
   <trkpt lat="47.8411190" lon="13.7772470">
    <ele>830.8</ele>
    <time>2026-03-07T11:48:54Z</time>
    <extensions>
     <gpxtpx:TrackPointExtension>
      <gpxtpx:hr>114</gpxtpx:hr>
      <gpxtpx:cad>0</gpxtpx:cad>
     </gpxtpx:TrackPointExtension>
    </extensions>
   </trkpt>
   <trkpt lat="47.8411170" lon="13.7772470">
    <ele>830.8</ele>
    <time>2026-03-07T11:48:57Z</time>
    <extensions>
     <gpxtpx:TrackPointExtension>
      <gpxtpx:hr>112</gpxtpx:hr>
      <gpxtpx:cad>0</gpxtpx:cad>
     </gpxtpx:TrackPointExtension>
    </extensions>
   </trkpt>
   <trkpt lat="47.8411170" lon="13.7772470">
    <ele>831.2</ele>
    <time>2026-03-07T11:49:01Z</time>
    <extensions>
     <gpxtpx:TrackPointExtension>
      <gpxtpx:hr>118</gpxtpx:hr>
      <gpxtpx:cad>0</gpxtpx:cad>
     </gpxtpx:TrackPointExtension>
    </extensions>
   </trkpt>
   <trkpt lat="47.8411060" lon="13.7772420">
    <ele>831.2</ele>
    <time>2026-03-07T11:49:07Z</time>
    <extensions>
     <gpxtpx:TrackPointExtension>
      <gpxtpx:hr>115</gpxtpx:hr>
      <gpxtpx:cad>0</gpxtpx:cad>
     </gpxtpx:TrackPointExtension>
    </extensions>
   </trkpt>
   <trkpt lat="47.8411010" lon="13.7772360">
    <ele>831.2</ele>
    <time>2026-03-07T11:49:08Z</time>
    <extensions>
     <gpxtpx:TrackPointExtension>
      <gpxtpx:hr>115</gpxtpx:hr>
      <gpxtpx:cad>0</gpxtpx:cad>
     </gpxtpx:TrackPointExtension>
    </extensions>
   </trkpt>
   <trkpt lat="47.8410800" lon="13.7772080">
    <ele>831.6</ele>
    <time>2026-03-07T11:49:15Z</time>
    <extensions>
     <gpxtpx:TrackPointExtension>
      <gpxtpx:hr>113</gpxtpx:hr>
      <gpxtpx:cad>0</gpxtpx:cad>
     </gpxtpx:TrackPointExtension>
    </extensions>
   </trkpt>
   <trkpt lat="47.8410700" lon="13.7771810">
    <ele>832.0</ele>
    <time>2026-03-07T11:49:21Z</time>
    <extensions>
     <gpxtpx:TrackPointExtension>
      <gpxtpx:hr>111</gpxtpx:hr>
      <gpxtpx:cad>40</gpxtpx:cad>
     </gpxtpx:TrackPointExtension>
    </extensions>
   </trkpt>
   <trkpt lat="47.8410400" lon="13.7771470">
    <ele>833.0</ele>
    <time>2026-03-07T11:49:27Z</time>
    <extensions>
     <gpxtpx:TrackPointExtension>
      <gpxtpx:hr>109</gpxtpx:hr>
      <gpxtpx:cad>42</gpxtpx:cad>
     </gpxtpx:TrackPointExtension>
    </extensions>
   </trkpt>
   <trkpt lat="47.8410210" lon="13.7771260">
    <ele>833.4</ele>
    <time>2026-03-07T11:49:30Z</time>
    <extensions>
     <gpxtpx:TrackPointExtension>
      <gpxtpx:hr>110</gpxtpx:hr>
      <gpxtpx:cad>0</gpxtpx:cad>
     </gpxtpx:TrackPointExtension>
    </extensions>
   </trkpt>
   <trkpt lat="47.8410060" lon="13.7771210">
    <ele>834.2</ele>
    <time>2026-03-07T11:49:34Z</time>
    <extensions>
     <gpxtpx:TrackPointExtension>
      <gpxtpx:hr>110</gpxtpx:hr>
      <gpxtpx:cad>0</gpxtpx:cad>
     </gpxtpx:TrackPointExtension>
    </extensions>
   </trkpt>
   <trkpt lat="47.8409930" lon="13.7770950">
    <ele>835.0</ele>
    <time>2026-03-07T11:49:39Z</time>
    <extensions>
     <gpxtpx:TrackPointExtension>
      <gpxtpx:hr>111</gpxtpx:hr>
      <gpxtpx:cad>0</gpxtpx:cad>
     </gpxtpx:TrackPointExtension>
    </extensions>
   </trkpt>
   <trkpt lat="47.8409910" lon="13.7770900">
    <ele>835.2</ele>
    <time>2026-03-07T11:49:40Z</time>
    <extensions>
     <gpxtpx:TrackPointExtension>
      <gpxtpx:hr>112</gpxtpx:hr>
      <gpxtpx:cad>0</gpxtpx:cad>
     </gpxtpx:TrackPointExtension>
    </extensions>
   </trkpt>
   <trkpt lat="47.8409910" lon="13.7770830">
    <ele>835.2</ele>
    <time>2026-03-07T11:49:42Z</time>
    <extensions>
     <gpxtpx:TrackPointExtension>
      <gpxtpx:hr>115</gpxtpx:hr>
      <gpxtpx:cad>0</gpxtpx:cad>
     </gpxtpx:TrackPointExtension>
    </extensions>
   </trkpt>
   <trkpt lat="47.8409870" lon="13.7770610">
    <ele>835.4</ele>
    <time>2026-03-07T11:49:51Z</time>
    <extensions>
     <gpxtpx:TrackPointExtension>
      <gpxtpx:hr>115</gpxtpx:hr>
      <gpxtpx:cad>0</gpxtpx:cad>
     </gpxtpx:TrackPointExtension>
    </extensions>
   </trkpt>
   <trkpt lat="47.8409780" lon="13.7770140">
    <ele>836.2</ele>
    <time>2026-03-07T11:49:56Z</time>
    <extensions>
     <gpxtpx:TrackPointExtension>
      <gpxtpx:hr>115</gpxtpx:hr>
      <gpxtpx:cad>41</gpxtpx:cad>
     </gpxtpx:TrackPointExtension>
    </extensions>
   </trkpt>
   <trkpt lat="47.8409700" lon="13.7769940">
    <ele>836.6</ele>
    <time>2026-03-07T11:50:00Z</time>
    <extensions>
     <gpxtpx:TrackPointExtension>
      <gpxtpx:hr>116</gpxtpx:hr>
      <gpxtpx:cad>0</gpxtpx:cad>
     </gpxtpx:TrackPointExtension>
    </extensions>
   </trkpt>
   <trkpt lat="47.8409520" lon="13.7769530">
    <ele>837.4</ele>
    <time>2026-03-07T11:50:07Z</time>
    <extensions>
     <gpxtpx:TrackPointExtension>
      <gpxtpx:hr>115</gpxtpx:hr>
      <gpxtpx:cad>46</gpxtpx:cad>
     </gpxtpx:TrackPointExtension>
    </extensions>
   </trkpt>
   <trkpt lat="47.8409460" lon="13.7769450">
    <ele>837.6</ele>
    <time>2026-03-07T11:50:09Z</time>
    <extensions>
     <gpxtpx:TrackPointExtension>
      <gpxtpx:hr>115</gpxtpx:hr>
      <gpxtpx:cad>45</gpxtpx:cad>
     </gpxtpx:TrackPointExtension>
    </extensions>
   </trkpt>
   <trkpt lat="47.8409400" lon="13.7769330">
    <ele>838.6</ele>
    <time>2026-03-07T11:50:12Z</time>
    <extensions>
     <gpxtpx:TrackPointExtension>
      <gpxtpx:hr>114</gpxtpx:hr>
      <gpxtpx:cad>44</gpxtpx:cad>
     </gpxtpx:TrackPointExtension>
    </extensions>
   </trkpt>
   <trkpt lat="47.8409290" lon="13.7769120">
    <ele>839.6</ele>
    <time>2026-03-07T11:50:17Z</time>
    <extensions>
     <gpxtpx:TrackPointExtension>
      <gpxtpx:hr>115</gpxtpx:hr>
      <gpxtpx:cad>45</gpxtpx:cad>
     </gpxtpx:TrackPointExtension>
    </extensions>
   </trkpt>
   <trkpt lat="47.8409280" lon="13.7769100">
    <ele>840.0</ele>
    <time>2026-03-07T11:50:18Z</time>
    <extensions>
     <gpxtpx:TrackPointExtension>
      <gpxtpx:hr>116</gpxtpx:hr>
      <gpxtpx:cad>45</gpxtpx:cad>
     </gpxtpx:TrackPointExtension>
    </extensions>
   </trkpt>
   <trkpt lat="47.8409270" lon="13.7769090">
    <ele>840.4</ele>
    <time>2026-03-07T11:50:20Z</time>
    <extensions>
     <gpxtpx:TrackPointExtension>
      <gpxtpx:hr>121</gpxtpx:hr>
      <gpxtpx:cad>0</gpxtpx:cad>
     </gpxtpx:TrackPointExtension>
    </extensions>
   </trkpt>
   <trkpt lat="47.8409260" lon="13.7769020">
    <ele>840.4</ele>
    <time>2026-03-07T11:50:22Z</time>
    <extensions>
     <gpxtpx:TrackPointExtension>
      <gpxtpx:hr>124</gpxtpx:hr>
      <gpxtpx:cad>0</gpxtpx:cad>
     </gpxtpx:TrackPointExtension>
    </extensions>
   </trkpt>
   <trkpt lat="47.8409030" lon="13.7768720">
    <ele>840.8</ele>
    <time>2026-03-07T11:50:27Z</time>
    <extensions>
     <gpxtpx:TrackPointExtension>
      <gpxtpx:hr>122</gpxtpx:hr>
      <gpxtpx:cad>0</gpxtpx:cad>
     </gpxtpx:TrackPointExtension>
    </extensions>
   </trkpt>
   <trkpt lat="47.8408770" lon="13.7768420">
    <ele>841.8</ele>
    <time>2026-03-07T11:50:33Z</time>
    <extensions>
     <gpxtpx:TrackPointExtension>
      <gpxtpx:hr>120</gpxtpx:hr>
      <gpxtpx:cad>49</gpxtpx:cad>
     </gpxtpx:TrackPointExtension>
    </extensions>
   </trkpt>
   <trkpt lat="47.8408720" lon="13.7768380">
    <ele>842.2</ele>
    <time>2026-03-07T11:50:35Z</time>
    <extensions>
     <gpxtpx:TrackPointExtension>
      <gpxtpx:hr>121</gpxtpx:hr>
      <gpxtpx:cad>0</gpxtpx:cad>
     </gpxtpx:TrackPointExtension>
    </extensions>
   </trkpt>
   <trkpt lat="47.8408580" lon="13.7768120">
    <ele>843.0</ele>
    <time>2026-03-07T11:50:40Z</time>
    <extensions>
     <gpxtpx:TrackPointExtension>
      <gpxtpx:hr>121</gpxtpx:hr>
      <gpxtpx:cad>0</gpxtpx:cad>
     </gpxtpx:TrackPointExtension>
    </extensions>
   </trkpt>
   <trkpt lat="47.8408510" lon="13.7768010">
    <ele>843.6</ele>
    <time>2026-03-07T11:50:42Z</time>
    <extensions>
     <gpxtpx:TrackPointExtension>
      <gpxtpx:hr>121</gpxtpx:hr>
      <gpxtpx:cad>0</gpxtpx:cad>
     </gpxtpx:TrackPointExtension>
    </extensions>
   </trkpt>
   <trkpt lat="47.8408400" lon="13.7767930">
    <ele>844.2</ele>
    <time>2026-03-07T11:50:44Z</time>
    <extensions>
     <gpxtpx:TrackPointExtension>
      <gpxtpx:hr>122</gpxtpx:hr>
      <gpxtpx:cad>44</gpxtpx:cad>
     </gpxtpx:TrackPointExtension>
    </extensions>
   </trkpt>
   <trkpt lat="47.8408140" lon="13.7767690">
    <ele>845.2</ele>
    <time>2026-03-07T11:50:49Z</time>
    <extensions>
     <gpxtpx:TrackPointExtension>
      <gpxtpx:hr>122</gpxtpx:hr>
      <gpxtpx:cad>0</gpxtpx:cad>
     </gpxtpx:TrackPointExtension>
    </extensions>
   </trkpt>
   <trkpt lat="47.8408130" lon="13.7767660">
    <ele>845.6</ele>
    <time>2026-03-07T11:50:50Z</time>
    <extensions>
     <gpxtpx:TrackPointExtension>
      <gpxtpx:hr>122</gpxtpx:hr>
      <gpxtpx:cad>0</gpxtpx:cad>
     </gpxtpx:TrackPointExtension>
    </extensions>
   </trkpt>
   <trkpt lat="47.8408030" lon="13.7767570">
    <ele>846.4</ele>
    <time>2026-03-07T11:50:53Z</time>
    <extensions>
     <gpxtpx:TrackPointExtension>
      <gpxtpx:hr>123</gpxtpx:hr>
      <gpxtpx:cad>0</gpxtpx:cad>
     </gpxtpx:TrackPointExtension>
    </extensions>
   </trkpt>
   <trkpt lat="47.8407830" lon="13.7767480">
    <ele>847.4</ele>
    <time>2026-03-07T11:50:57Z</time>
    <extensions>
     <gpxtpx:TrackPointExtension>
      <gpxtpx:hr>125</gpxtpx:hr>
      <gpxtpx:cad>43</gpxtpx:cad>
     </gpxtpx:TrackPointExtension>
    </extensions>
   </trkpt>
   <trkpt lat="47.8407780" lon="13.7767480">
    <ele>847.6</ele>
    <time>2026-03-07T11:50:58Z</time>
    <extensions>
     <gpxtpx:TrackPointExtension>
      <gpxtpx:hr>126</gpxtpx:hr>
      <gpxtpx:cad>77</gpxtpx:cad>
     </gpxtpx:TrackPointExtension>
    </extensions>
   </trkpt>
   <trkpt lat="47.8407390" lon="13.7767340">
    <ele>848.2</ele>
    <time>2026-03-07T11:51:04Z</time>
    <extensions>
     <gpxtpx:TrackPointExtension>
      <gpxtpx:hr>129</gpxtpx:hr>
      <gpxtpx:cad>47</gpxtpx:cad>
     </gpxtpx:TrackPointExtension>
    </extensions>
   </trkpt>
   <trkpt lat="47.8407260" lon="13.7767290">
    <ele>848.4</ele>
    <time>2026-03-07T11:51:06Z</time>
    <extensions>
     <gpxtpx:TrackPointExtension>
      <gpxtpx:hr>131</gpxtpx:hr>
      <gpxtpx:cad>47</gpxtpx:cad>
     </gpxtpx:TrackPointExtension>
    </extensions>
   </trkpt>
   <trkpt lat="47.8406770" lon="13.7767180">
    <ele>849.6</ele>
    <time>2026-03-07T11:51:11Z</time>
    <extensions>
     <gpxtpx:TrackPointExtension>
      <gpxtpx:hr>133</gpxtpx:hr>
      <gpxtpx:cad>46</gpxtpx:cad>
     </gpxtpx:TrackPointExtension>
    </extensions>
   </trkpt>
   <trkpt lat="47.8406450" lon="13.7767310">
    <ele>851.0</ele>
    <time>2026-03-07T11:51:15Z</time>
    <extensions>
     <gpxtpx:TrackPointExtension>
      <gpxtpx:hr>135</gpxtpx:hr>
      <gpxtpx:cad>40</gpxtpx:cad>
     </gpxtpx:TrackPointExtension>
    </extensions>
   </trkpt>
   <trkpt lat="47.8406160" lon="13.7767500">
    <ele>852.0</ele>
    <time>2026-03-07T11:51:19Z</time>
    <extensions>
     <gpxtpx:TrackPointExtension>
      <gpxtpx:hr>136</gpxtpx:hr>
      <gpxtpx:cad>40</gpxtpx:cad>
     </gpxtpx:TrackPointExtension>
    </extensions>
   </trkpt>
   <trkpt lat="47.8405950" lon="13.7767690">
    <ele>853.2</ele>
    <time>2026-03-07T11:51:23Z</time>
    <extensions>
     <gpxtpx:TrackPointExtension>
      <gpxtpx:hr>138</gpxtpx:hr>
      <gpxtpx:cad>68</gpxtpx:cad>
     </gpxtpx:TrackPointExtension>
    </extensions>
   </trkpt>
   <trkpt lat="47.8405890" lon="13.7767750">
    <ele>853.8</ele>
    <time>2026-03-07T11:51:25Z</time>
    <extensions>
     <gpxtpx:TrackPointExtension>
      <gpxtpx:hr>141</gpxtpx:hr>
      <gpxtpx:cad>0</gpxtpx:cad>
     </gpxtpx:TrackPointExtension>
    </extensions>
   </trkpt>
   <trkpt lat="47.8405810" lon="13.7767810">
    <ele>853.8</ele>
    <time>2026-03-07T11:51:27Z</time>
    <extensions>
     <gpxtpx:TrackPointExtension>
      <gpxtpx:hr>144</gpxtpx:hr>
      <gpxtpx:cad>0</gpxtpx:cad>
     </gpxtpx:TrackPointExtension>
    </extensions>
   </trkpt>
   <trkpt lat="47.8405520" lon="13.7767970">
    <ele>853.8</ele>
    <time>2026-03-07T11:51:34Z</time>
    <extensions>
     <gpxtpx:TrackPointExtension>
      <gpxtpx:hr>147</gpxtpx:hr>
      <gpxtpx:cad>0</gpxtpx:cad>
     </gpxtpx:TrackPointExtension>
    </extensions>
   </trkpt>
   <trkpt lat="47.8405430" lon="13.7768010">
    <ele>854.4</ele>
    <time>2026-03-07T11:51:36Z</time>
    <extensions>
     <gpxtpx:TrackPointExtension>
      <gpxtpx:hr>146</gpxtpx:hr>
      <gpxtpx:cad>75</gpxtpx:cad>
     </gpxtpx:TrackPointExtension>
    </extensions>
   </trkpt>
   <trkpt lat="47.8405330" lon="13.7768120">
    <ele>855.4</ele>
    <time>2026-03-07T11:51:39Z</time>
    <extensions>
     <gpxtpx:TrackPointExtension>
      <gpxtpx:hr>145</gpxtpx:hr>
      <gpxtpx:cad>79</gpxtpx:cad>
     </gpxtpx:TrackPointExtension>
    </extensions>
   </trkpt>
   <trkpt lat="47.8405340" lon="13.7768390">
    <ele>856.2</ele>
    <time>2026-03-07T11:51:44Z</time>
    <extensions>
     <gpxtpx:TrackPointExtension>
      <gpxtpx:hr>145</gpxtpx:hr>
      <gpxtpx:cad>0</gpxtpx:cad>
     </gpxtpx:TrackPointExtension>
    </extensions>
   </trkpt>
   <trkpt lat="47.8405380" lon="13.7768310">
    <ele>856.2</ele>
    <time>2026-03-07T11:51:53Z</time>
    <extensions>
     <gpxtpx:TrackPointExtension>
      <gpxtpx:hr>142</gpxtpx:hr>
      <gpxtpx:cad>0</gpxtpx:cad>
     </gpxtpx:TrackPointExtension>
    </extensions>
   </trkpt>
   <trkpt lat="47.8405390" lon="13.7768270">
    <ele>856.2</ele>
    <time>2026-03-07T11:51:56Z</time>
    <extensions>
     <gpxtpx:TrackPointExtension>
      <gpxtpx:hr>139</gpxtpx:hr>
      <gpxtpx:cad>0</gpxtpx:cad>
     </gpxtpx:TrackPointExtension>
    </extensions>
   </trkpt>
   <trkpt lat="47.8405410" lon="13.7768250">
    <ele>856.0</ele>
    <time>2026-03-07T11:51:59Z</time>
    <extensions>
     <gpxtpx:TrackPointExtension>
      <gpxtpx:hr>136</gpxtpx:hr>
      <gpxtpx:cad>0</gpxtpx:cad>
     </gpxtpx:TrackPointExtension>
    </extensions>
   </trkpt>
   <trkpt lat="47.8405470" lon="13.7768290">
    <ele>856.2</ele>
    <time>2026-03-07T11:52:02Z</time>
    <extensions>
     <gpxtpx:TrackPointExtension>
      <gpxtpx:hr>134</gpxtpx:hr>
      <gpxtpx:cad>0</gpxtpx:cad>
     </gpxtpx:TrackPointExtension>
    </extensions>
   </trkpt>
   <trkpt lat="47.8405550" lon="13.7768540">
    <ele>856.2</ele>
    <time>2026-03-07T11:52:06Z</time>
    <extensions>
     <gpxtpx:TrackPointExtension>
      <gpxtpx:hr>131</gpxtpx:hr>
      <gpxtpx:cad>0</gpxtpx:cad>
     </gpxtpx:TrackPointExtension>
    </extensions>
   </trkpt>
   <trkpt lat="47.8405550" lon="13.7768640">
    <ele>856.4</ele>
    <time>2026-03-07T11:52:09Z</time>
    <extensions>
     <gpxtpx:TrackPointExtension>
      <gpxtpx:hr>131</gpxtpx:hr>
      <gpxtpx:cad>0</gpxtpx:cad>
     </gpxtpx:TrackPointExtension>
    </extensions>
   </trkpt>
   <trkpt lat="47.8405510" lon="13.7768760">
    <ele>856.0</ele>
    <time>2026-03-07T11:52:16Z</time>
    <extensions>
     <gpxtpx:TrackPointExtension>
      <gpxtpx:hr>131</gpxtpx:hr>
      <gpxtpx:cad>0</gpxtpx:cad>
     </gpxtpx:TrackPointExtension>
    </extensions>
   </trkpt>
   <trkpt lat="47.8405520" lon="13.7768930">
    <ele>856.0</ele>
    <time>2026-03-07T11:52:19Z</time>
    <extensions>
     <gpxtpx:TrackPointExtension>
      <gpxtpx:hr>127</gpxtpx:hr>
      <gpxtpx:cad>0</gpxtpx:cad>
     </gpxtpx:TrackPointExtension>
    </extensions>
   </trkpt>
   <trkpt lat="47.8405540" lon="13.7769100">
    <ele>856.0</ele>
    <time>2026-03-07T11:52:21Z</time>
    <extensions>
     <gpxtpx:TrackPointExtension>
      <gpxtpx:hr>122</gpxtpx:hr>
      <gpxtpx:cad>0</gpxtpx:cad>
     </gpxtpx:TrackPointExtension>
    </extensions>
   </trkpt>
   <trkpt lat="47.8405560" lon="13.7769220">
    <ele>856.0</ele>
    <time>2026-03-07T11:52:22Z</time>
    <extensions>
     <gpxtpx:TrackPointExtension>
      <gpxtpx:hr>120</gpxtpx:hr>
      <gpxtpx:cad>0</gpxtpx:cad>
     </gpxtpx:TrackPointExtension>
    </extensions>
   </trkpt>
   <trkpt lat="47.8405840" lon="13.7770090">
    <ele>857.2</ele>
    <time>2026-03-07T11:52:30Z</time>
    <extensions>
     <gpxtpx:TrackPointExtension>
      <gpxtpx:hr>117</gpxtpx:hr>
      <gpxtpx:cad>0</gpxtpx:cad>
     </gpxtpx:TrackPointExtension>
    </extensions>
   </trkpt>
   <trkpt lat="47.8405860" lon="13.7770200">
    <ele>857.4</ele>
    <time>2026-03-07T11:52:31Z</time>
    <extensions>
     <gpxtpx:TrackPointExtension>
      <gpxtpx:hr>117</gpxtpx:hr>
      <gpxtpx:cad>0</gpxtpx:cad>
     </gpxtpx:TrackPointExtension>
    </extensions>
   </trkpt>
   <trkpt lat="47.8405960" lon="13.7770600">
    <ele>857.4</ele>
    <time>2026-03-07T11:52:36Z</time>
    <extensions>
     <gpxtpx:TrackPointExtension>
      <gpxtpx:hr>114</gpxtpx:hr>
      <gpxtpx:cad>0</gpxtpx:cad>
     </gpxtpx:TrackPointExtension>
    </extensions>
   </trkpt>
   <trkpt lat="47.8405980" lon="13.7770660">
    <ele>857.4</ele>
    <time>2026-03-07T11:52:37Z</time>
    <extensions>
     <gpxtpx:TrackPointExtension>
      <gpxtpx:hr>114</gpxtpx:hr>
      <gpxtpx:cad>0</gpxtpx:cad>
     </gpxtpx:TrackPointExtension>
    </extensions>
   </trkpt>
   <trkpt lat="47.8406090" lon="13.7770770">
    <ele>857.8</ele>
    <time>2026-03-07T11:52:43Z</time>
    <extensions>
     <gpxtpx:TrackPointExtension>
      <gpxtpx:hr>117</gpxtpx:hr>
      <gpxtpx:cad>0</gpxtpx:cad>
     </gpxtpx:TrackPointExtension>
    </extensions>
   </trkpt>
   <trkpt lat="47.8406100" lon="13.7770760">
    <ele>858.2</ele>
    <time>2026-03-07T11:52:45Z</time>
    <extensions>
     <gpxtpx:TrackPointExtension>
      <gpxtpx:hr>117</gpxtpx:hr>
      <gpxtpx:cad>0</gpxtpx:cad>
     </gpxtpx:TrackPointExtension>
    </extensions>
   </trkpt>
   <trkpt lat="47.8406120" lon="13.7770940">
    <ele>857.4</ele>
    <time>2026-03-07T11:52:53Z</time>
    <extensions>
     <gpxtpx:TrackPointExtension>
      <gpxtpx:hr>115</gpxtpx:hr>
      <gpxtpx:cad>0</gpxtpx:cad>
     </gpxtpx:TrackPointExtension>
    </extensions>
   </trkpt>
   <trkpt lat="47.8406170" lon="13.7771090">
    <ele>857.2</ele>
    <time>2026-03-07T11:52:55Z</time>
    <extensions>
     <gpxtpx:TrackPointExtension>
      <gpxtpx:hr>112</gpxtpx:hr>
      <gpxtpx:cad>0</gpxtpx:cad>
     </gpxtpx:TrackPointExtension>
    </extensions>
   </trkpt>
   <trkpt lat="47.8406240" lon="13.7771180">
    <ele>857.2</ele>
    <time>2026-03-07T11:52:57Z</time>
    <extensions>
     <gpxtpx:TrackPointExtension>
      <gpxtpx:hr>109</gpxtpx:hr>
      <gpxtpx:cad>0</gpxtpx:cad>
     </gpxtpx:TrackPointExtension>
    </extensions>
   </trkpt>
   <trkpt lat="47.8406300" lon="13.7771190">
    <ele>857.2</ele>
    <time>2026-03-07T11:52:59Z</time>
    <extensions>
     <gpxtpx:TrackPointExtension>
      <gpxtpx:hr>109</gpxtpx:hr>
      <gpxtpx:cad>0</gpxtpx:cad>
     </gpxtpx:TrackPointExtension>
    </extensions>
   </trkpt>
   <trkpt lat="47.8406330" lon="13.7771170">
    <ele>858.6</ele>
    <time>2026-03-07T11:53:03Z</time>
    <extensions>
     <gpxtpx:TrackPointExtension>
      <gpxtpx:hr>109</gpxtpx:hr>
      <gpxtpx:cad>0</gpxtpx:cad>
     </gpxtpx:TrackPointExtension>
    </extensions>
   </trkpt>
   <trkpt lat="47.8406320" lon="13.7771130">
    <ele>859.6</ele>
    <time>2026-03-07T11:53:07Z</time>
    <extensions>
     <gpxtpx:TrackPointExtension>
      <gpxtpx:hr>110</gpxtpx:hr>
      <gpxtpx:cad>0</gpxtpx:cad>
     </gpxtpx:TrackPointExtension>
    </extensions>
   </trkpt>
   <trkpt lat="47.8406320" lon="13.7771130">
    <ele>859.6</ele>
    <time>2026-03-07T11:53:08Z</time>
    <extensions>
     <gpxtpx:TrackPointExtension>
      <gpxtpx:hr>109</gpxtpx:hr>
      <gpxtpx:cad>0</gpxtpx:cad>
     </gpxtpx:TrackPointExtension>
    </extensions>
   </trkpt>
   <trkpt lat="47.8406400" lon="13.7771160">
    <ele>859.2</ele>
    <time>2026-03-07T11:53:16Z</time>
    <extensions>
     <gpxtpx:TrackPointExtension>
      <gpxtpx:hr>110</gpxtpx:hr>
      <gpxtpx:cad>0</gpxtpx:cad>
     </gpxtpx:TrackPointExtension>
    </extensions>
   </trkpt>
   <trkpt lat="47.8406430" lon="13.7771160">
    <ele>859.8</ele>
    <time>2026-03-07T11:53:18Z</time>
    <extensions>
     <gpxtpx:TrackPointExtension>
      <gpxtpx:hr>114</gpxtpx:hr>
      <gpxtpx:cad>0</gpxtpx:cad>
     </gpxtpx:TrackPointExtension>
    </extensions>
   </trkpt>
   <trkpt lat="47.8406570" lon="13.7771260">
    <ele>860.6</ele>
    <time>2026-03-07T11:53:22Z</time>
    <extensions>
     <gpxtpx:TrackPointExtension>
      <gpxtpx:hr>116</gpxtpx:hr>
      <gpxtpx:cad>0</gpxtpx:cad>
     </gpxtpx:TrackPointExtension>
    </extensions>
   </trkpt>
   <trkpt lat="47.8406680" lon="13.7771340">
    <ele>861.0</ele>
    <time>2026-03-07T11:53:24Z</time>
    <extensions>
     <gpxtpx:TrackPointExtension>
      <gpxtpx:hr>117</gpxtpx:hr>
      <gpxtpx:cad>0</gpxtpx:cad>
     </gpxtpx:TrackPointExtension>
    </extensions>
   </trkpt>
   <trkpt lat="47.8406800" lon="13.7771370">
    <ele>861.4</ele>
    <time>2026-03-07T11:53:27Z</time>
    <extensions>
     <gpxtpx:TrackPointExtension>
      <gpxtpx:hr>120</gpxtpx:hr>
      <gpxtpx:cad>0</gpxtpx:cad>
     </gpxtpx:TrackPointExtension>
    </extensions>
   </trkpt>
   <trkpt lat="47.8406850" lon="13.7771210">
    <ele>861.6</ele>
    <time>2026-03-07T11:53:30Z</time>
    <extensions>
     <gpxtpx:TrackPointExtension>
      <gpxtpx:hr>123</gpxtpx:hr>
      <gpxtpx:cad>0</gpxtpx:cad>
     </gpxtpx:TrackPointExtension>
    </extensions>
   </trkpt>
   <trkpt lat="47.8406870" lon="13.7771150">
    <ele>861.8</ele>
    <time>2026-03-07T11:53:31Z</time>
    <extensions>
     <gpxtpx:TrackPointExtension>
      <gpxtpx:hr>126</gpxtpx:hr>
      <gpxtpx:cad>0</gpxtpx:cad>
     </gpxtpx:TrackPointExtension>
    </extensions>
   </trkpt>
   <trkpt lat="47.8406920" lon="13.7770780">
    <ele>863.0</ele>
    <time>2026-03-07T11:53:35Z</time>
    <extensions>
     <gpxtpx:TrackPointExtension>
      <gpxtpx:hr>126</gpxtpx:hr>
      <gpxtpx:cad>0</gpxtpx:cad>
     </gpxtpx:TrackPointExtension>
    </extensions>
   </trkpt>
   <trkpt lat="47.8406920" lon="13.7770700">
    <ele>864.0</ele>
    <time>2026-03-07T11:53:41Z</time>
    <extensions>
     <gpxtpx:TrackPointExtension>
      <gpxtpx:hr>127</gpxtpx:hr>
      <gpxtpx:cad>0</gpxtpx:cad>
     </gpxtpx:TrackPointExtension>
    </extensions>
   </trkpt>
   <trkpt lat="47.8406930" lon="13.7770700">
    <ele>864.0</ele>
    <time>2026-03-07T11:53:42Z</time>
    <extensions>
     <gpxtpx:TrackPointExtension>
      <gpxtpx:hr>127</gpxtpx:hr>
      <gpxtpx:cad>0</gpxtpx:cad>
     </gpxtpx:TrackPointExtension>
    </extensions>
   </trkpt>
   <trkpt lat="47.8406960" lon="13.7770630">
    <ele>864.0</ele>
    <time>2026-03-07T11:53:45Z</time>
    <extensions>
     <gpxtpx:TrackPointExtension>
      <gpxtpx:hr>130</gpxtpx:hr>
      <gpxtpx:cad>0</gpxtpx:cad>
     </gpxtpx:TrackPointExtension>
    </extensions>
   </trkpt>
   <trkpt lat="47.8406980" lon="13.7770520">
    <ele>864.2</ele>
    <time>2026-03-07T11:53:47Z</time>
    <extensions>
     <gpxtpx:TrackPointExtension>
      <gpxtpx:hr>133</gpxtpx:hr>
      <gpxtpx:cad>0</gpxtpx:cad>
     </gpxtpx:TrackPointExtension>
    </extensions>
   </trkpt>
   <trkpt lat="47.8407020" lon="13.7770420">
    <ele>864.8</ele>
    <time>2026-03-07T11:53:49Z</time>
    <extensions>
     <gpxtpx:TrackPointExtension>
      <gpxtpx:hr>133</gpxtpx:hr>
      <gpxtpx:cad>0</gpxtpx:cad>
     </gpxtpx:TrackPointExtension>
    </extensions>
   </trkpt>
   <trkpt lat="47.8407040" lon="13.7770380">
    <ele>865.2</ele>
    <time>2026-03-07T11:53:50Z</time>
    <extensions>
     <gpxtpx:TrackPointExtension>
      <gpxtpx:hr>133</gpxtpx:hr>
      <gpxtpx:cad>0</gpxtpx:cad>
     </gpxtpx:TrackPointExtension>
    </extensions>
   </trkpt>
   <trkpt lat="47.8407100" lon="13.7770340">
    <ele>866.2</ele>
    <time>2026-03-07T11:53:57Z</time>
    <extensions>
     <gpxtpx:TrackPointExtension>
      <gpxtpx:hr>134</gpxtpx:hr>
      <gpxtpx:cad>0</gpxtpx:cad>
     </gpxtpx:TrackPointExtension>
    </extensions>
   </trkpt>
   <trkpt lat="47.8407170" lon="13.7770390">
    <ele>866.0</ele>
    <time>2026-03-07T11:54:06Z</time>
    <extensions>
     <gpxtpx:TrackPointExtension>
      <gpxtpx:hr>133</gpxtpx:hr>
      <gpxtpx:cad>0</gpxtpx:cad>
     </gpxtpx:TrackPointExtension>
    </extensions>
   </trkpt>
   <trkpt lat="47.8407210" lon="13.7770450">
    <ele>866.4</ele>
    <time>2026-03-07T11:54:08Z</time>
    <extensions>
     <gpxtpx:TrackPointExtension>
      <gpxtpx:hr>134</gpxtpx:hr>
      <gpxtpx:cad>0</gpxtpx:cad>
     </gpxtpx:TrackPointExtension>
    </extensions>
   </trkpt>
   <trkpt lat="47.8407280" lon="13.7770540">
    <ele>867.2</ele>
    <time>2026-03-07T11:54:11Z</time>
    <extensions>
     <gpxtpx:TrackPointExtension>
      <gpxtpx:hr>135</gpxtpx:hr>
      <gpxtpx:cad>0</gpxtpx:cad>
     </gpxtpx:TrackPointExtension>
    </extensions>
   </trkpt>
   <trkpt lat="47.8407290" lon="13.7770580">
    <ele>867.6</ele>
    <time>2026-03-07T11:54:12Z</time>
    <extensions>
     <gpxtpx:TrackPointExtension>
      <gpxtpx:hr>135</gpxtpx:hr>
      <gpxtpx:cad>0</gpxtpx:cad>
     </gpxtpx:TrackPointExtension>
    </extensions>
   </trkpt>
   <trkpt lat="47.8407320" lon="13.7770600">
    <ele>868.4</ele>
    <time>2026-03-07T11:54:16Z</time>
    <extensions>
     <gpxtpx:TrackPointExtension>
      <gpxtpx:hr>133</gpxtpx:hr>
      <gpxtpx:cad>0</gpxtpx:cad>
     </gpxtpx:TrackPointExtension>
    </extensions>
   </trkpt>
   <trkpt lat="47.8407310" lon="13.7770590">
    <ele>868.8</ele>
    <time>2026-03-07T11:54:17Z</time>
    <extensions>
     <gpxtpx:TrackPointExtension>
      <gpxtpx:hr>131</gpxtpx:hr>
      <gpxtpx:cad>0</gpxtpx:cad>
     </gpxtpx:TrackPointExtension>
    </extensions>
   </trkpt>
   <trkpt lat="47.8407350" lon="13.7770600">
    <ele>869.8</ele>
    <time>2026-03-07T11:54:24Z</time>
    <extensions>
     <gpxtpx:TrackPointExtension>
      <gpxtpx:hr>132</gpxtpx:hr>
      <gpxtpx:cad>0</gpxtpx:cad>
     </gpxtpx:TrackPointExtension>
    </extensions>
   </trkpt>
   <trkpt lat="47.8407390" lon="13.7770590">
    <ele>870.2</ele>
    <time>2026-03-07T11:54:25Z</time>
    <extensions>
     <gpxtpx:TrackPointExtension>
      <gpxtpx:hr>134</gpxtpx:hr>
      <gpxtpx:cad>71</gpxtpx:cad>
     </gpxtpx:TrackPointExtension>
    </extensions>
   </trkpt>
   <trkpt lat="47.8407460" lon="13.7770620">
    <ele>871.0</ele>
    <time>2026-03-07T11:54:27Z</time>
    <extensions>
     <gpxtpx:TrackPointExtension>
      <gpxtpx:hr>136</gpxtpx:hr>
      <gpxtpx:cad>71</gpxtpx:cad>
     </gpxtpx:TrackPointExtension>
    </extensions>
   </trkpt>
   <trkpt lat="47.8407520" lon="13.7770630">
    <ele>871.2</ele>
    <time>2026-03-07T11:54:33Z</time>
    <extensions>
     <gpxtpx:TrackPointExtension>
      <gpxtpx:hr>136</gpxtpx:hr>
      <gpxtpx:cad>0</gpxtpx:cad>
     </gpxtpx:TrackPointExtension>
    </extensions>
   </trkpt>
   <trkpt lat="47.8407510" lon="13.7770610">
    <ele>871.8</ele>
    <time>2026-03-07T11:54:43Z</time>
    <extensions>
     <gpxtpx:TrackPointExtension>
      <gpxtpx:hr>135</gpxtpx:hr>
      <gpxtpx:cad>0</gpxtpx:cad>
     </gpxtpx:TrackPointExtension>
    </extensions>
   </trkpt>
   <trkpt lat="47.8407510" lon="13.7770610">
    <ele>872.0</ele>
    <time>2026-03-07T11:54:44Z</time>
    <extensions>
     <gpxtpx:TrackPointExtension>
      <gpxtpx:hr>136</gpxtpx:hr>
      <gpxtpx:cad>0</gpxtpx:cad>
     </gpxtpx:TrackPointExtension>
    </extensions>
   </trkpt>
   <trkpt lat="47.8407610" lon="13.7770610">
    <ele>872.2</ele>
    <time>2026-03-07T11:54:50Z</time>
    <extensions>
     <gpxtpx:TrackPointExtension>
      <gpxtpx:hr>137</gpxtpx:hr>
      <gpxtpx:cad>0</gpxtpx:cad>
     </gpxtpx:TrackPointExtension>
    </extensions>
   </trkpt>
   <trkpt lat="47.8407720" lon="13.7770590">
    <ele>873.0</ele>
    <time>2026-03-07T11:54:53Z</time>
    <extensions>
     <gpxtpx:TrackPointExtension>
      <gpxtpx:hr>136</gpxtpx:hr>
      <gpxtpx:cad>0</gpxtpx:cad>
     </gpxtpx:TrackPointExtension>
    </extensions>
   </trkpt>
   <trkpt lat="47.8407800" lon="13.7770530">
    <ele>873.2</ele>
    <time>2026-03-07T11:54:56Z</time>
    <extensions>
     <gpxtpx:TrackPointExtension>
      <gpxtpx:hr>136</gpxtpx:hr>
      <gpxtpx:cad>0</gpxtpx:cad>
     </gpxtpx:TrackPointExtension>
    </extensions>
   </trkpt>
   <trkpt lat="47.8407880" lon="13.7770590">
    <ele>874.0</ele>
    <time>2026-03-07T11:55:00Z</time>
    <extensions>
     <gpxtpx:TrackPointExtension>
      <gpxtpx:hr>136</gpxtpx:hr>
      <gpxtpx:cad>0</gpxtpx:cad>
     </gpxtpx:TrackPointExtension>
    </extensions>
   </trkpt>
   <trkpt lat="47.8407900" lon="13.7770650">
    <ele>874.4</ele>
    <time>2026-03-07T11:55:01Z</time>
    <extensions>
     <gpxtpx:TrackPointExtension>
      <gpxtpx:hr>137</gpxtpx:hr>
      <gpxtpx:cad>0</gpxtpx:cad>
     </gpxtpx:TrackPointExtension>
    </extensions>
   </trkpt>
   <trkpt lat="47.8407980" lon="13.7770640">
    <ele>875.2</ele>
    <time>2026-03-07T11:55:04Z</time>
    <extensions>
     <gpxtpx:TrackPointExtension>
      <gpxtpx:hr>136</gpxtpx:hr>
      <gpxtpx:cad>0</gpxtpx:cad>
     </gpxtpx:TrackPointExtension>
    </extensions>
   </trkpt>
   <trkpt lat="47.8407990" lon="13.7770660">
    <ele>875.6</ele>
    <time>2026-03-07T11:55:06Z</time>
    <extensions>
     <gpxtpx:TrackPointExtension>
      <gpxtpx:hr>137</gpxtpx:hr>
      <gpxtpx:cad>0</gpxtpx:cad>
     </gpxtpx:TrackPointExtension>
    </extensions>
   </trkpt>
   <trkpt lat="47.8408000" lon="13.7770660">
    <ele>876.0</ele>
    <time>2026-03-07T11:55:09Z</time>
    <extensions>
     <gpxtpx:TrackPointExtension>
      <gpxtpx:hr>141</gpxtpx:hr>
      <gpxtpx:cad>0</gpxtpx:cad>
     </gpxtpx:TrackPointExtension>
    </extensions>
   </trkpt>
   <trkpt lat="47.8408000" lon="13.7770660">
    <ele>876.2</ele>
    <time>2026-03-07T11:55:10Z</time>
    <extensions>
     <gpxtpx:TrackPointExtension>
      <gpxtpx:hr>142</gpxtpx:hr>
      <gpxtpx:cad>0</gpxtpx:cad>
     </gpxtpx:TrackPointExtension>
    </extensions>
   </trkpt>
   <trkpt lat="47.8407990" lon="13.7770660">
    <ele>876.0</ele>
    <time>2026-03-07T11:55:15Z</time>
    <extensions>
     <gpxtpx:TrackPointExtension>
      <gpxtpx:hr>145</gpxtpx:hr>
      <gpxtpx:cad>0</gpxtpx:cad>
     </gpxtpx:TrackPointExtension>
    </extensions>
   </trkpt>
   <trkpt lat="47.8407980" lon="13.7770670">
    <ele>875.8</ele>
    <time>2026-03-07T11:55:20Z</time>
    <extensions>
     <gpxtpx:TrackPointExtension>
      <gpxtpx:hr>142</gpxtpx:hr>
      <gpxtpx:cad>0</gpxtpx:cad>
     </gpxtpx:TrackPointExtension>
    </extensions>
   </trkpt>
   <trkpt lat="47.8407980" lon="13.7770670">
    <ele>875.8</ele>
    <time>2026-03-07T11:55:21Z</time>
    <extensions>
     <gpxtpx:TrackPointExtension>
      <gpxtpx:hr>141</gpxtpx:hr>
      <gpxtpx:cad>0</gpxtpx:cad>
     </gpxtpx:TrackPointExtension>
    </extensions>
   </trkpt>
   <trkpt lat="47.8407980" lon="13.7770670">
    <ele>875.2</ele>
    <time>2026-03-07T11:55:26Z</time>
    <extensions>
     <gpxtpx:TrackPointExtension>
      <gpxtpx:hr>139</gpxtpx:hr>
      <gpxtpx:cad>0</gpxtpx:cad>
     </gpxtpx:TrackPointExtension>
    </extensions>
   </trkpt>
   <trkpt lat="47.8408000" lon="13.7770650">
    <ele>874.4</ele>
    <time>2026-03-07T11:55:29Z</time>
    <extensions>
     <gpxtpx:TrackPointExtension>
      <gpxtpx:hr>141</gpxtpx:hr>
      <gpxtpx:cad>0</gpxtpx:cad>
     </gpxtpx:TrackPointExtension>
    </extensions>
   </trkpt>
   <trkpt lat="47.8408020" lon="13.7770620">
    <ele>874.2</ele>
    <time>2026-03-07T11:55:30Z</time>
    <extensions>
     <gpxtpx:TrackPointExtension>
      <gpxtpx:hr>140</gpxtpx:hr>
      <gpxtpx:cad>0</gpxtpx:cad>
     </gpxtpx:TrackPointExtension>
    </extensions>
   </trkpt>
   <trkpt lat="47.8408160" lon="13.7770400">
    <ele>874.4</ele>
    <time>2026-03-07T11:55:33Z</time>
    <extensions>
     <gpxtpx:TrackPointExtension>
      <gpxtpx:hr>135</gpxtpx:hr>
      <gpxtpx:cad>0</gpxtpx:cad>
     </gpxtpx:TrackPointExtension>
    </extensions>
   </trkpt>
   <trkpt lat="47.8408180" lon="13.7770390">
    <ele>874.8</ele>
    <time>2026-03-07T11:55:34Z</time>
    <extensions>
     <gpxtpx:TrackPointExtension>
      <gpxtpx:hr>132</gpxtpx:hr>
      <gpxtpx:cad>0</gpxtpx:cad>
     </gpxtpx:TrackPointExtension>
    </extensions>
   </trkpt>
   <trkpt lat="47.8408230" lon="13.7770410">
    <ele>875.0</ele>
    <time>2026-03-07T11:55:35Z</time>
    <extensions>
     <gpxtpx:TrackPointExtension>
      <gpxtpx:hr>130</gpxtpx:hr>
      <gpxtpx:cad>0</gpxtpx:cad>
     </gpxtpx:TrackPointExtension>
    </extensions>
   </trkpt>
   <trkpt lat="47.8408270" lon="13.7770440">
    <ele>875.4</ele>
    <time>2026-03-07T11:55:36Z</time>
    <extensions>
     <gpxtpx:TrackPointExtension>
      <gpxtpx:hr>128</gpxtpx:hr>
      <gpxtpx:cad>0</gpxtpx:cad>
     </gpxtpx:TrackPointExtension>
    </extensions>
   </trkpt>
   <trkpt lat="47.8408490" lon="13.7770760">
    <ele>876.4</ele>
    <time>2026-03-07T11:55:40Z</time>
    <extensions>
     <gpxtpx:TrackPointExtension>
      <gpxtpx:hr>127</gpxtpx:hr>
      <gpxtpx:cad>0</gpxtpx:cad>
     </gpxtpx:TrackPointExtension>
    </extensions>
   </trkpt>
   <trkpt lat="47.8408520" lon="13.7770860">
    <ele>876.6</ele>
    <time>2026-03-07T11:55:41Z</time>
    <extensions>
     <gpxtpx:TrackPointExtension>
      <gpxtpx:hr>127</gpxtpx:hr>
      <gpxtpx:cad>0</gpxtpx:cad>
     </gpxtpx:TrackPointExtension>
    </extensions>
   </trkpt>
   <trkpt lat="47.8408610" lon="13.7771140">
    <ele>877.0</ele>
    <time>2026-03-07T11:55:44Z</time>
    <extensions>
     <gpxtpx:TrackPointExtension>
      <gpxtpx:hr>131</gpxtpx:hr>
      <gpxtpx:cad>79</gpxtpx:cad>
     </gpxtpx:TrackPointExtension>
    </extensions>
   </trkpt>
   <trkpt lat="47.8408610" lon="13.7771140">
    <ele>877.4</ele>
    <time>2026-03-07T11:55:46Z</time>
    <extensions>
     <gpxtpx:TrackPointExtension>
      <gpxtpx:hr>133</gpxtpx:hr>
      <gpxtpx:cad>0</gpxtpx:cad>
     </gpxtpx:TrackPointExtension>
    </extensions>
   </trkpt>
   <trkpt lat="47.8408590" lon="13.7771110">
    <ele>877.8</ele>
    <time>2026-03-07T11:55:47Z</time>
    <extensions>
     <gpxtpx:TrackPointExtension>
      <gpxtpx:hr>133</gpxtpx:hr>
      <gpxtpx:cad>0</gpxtpx:cad>
     </gpxtpx:TrackPointExtension>
    </extensions>
   </trkpt>
   <trkpt lat="47.8408640" lon="13.7771220">
    <ele>878.2</ele>
    <time>2026-03-07T11:55:54Z</time>
    <extensions>
     <gpxtpx:TrackPointExtension>
      <gpxtpx:hr>132</gpxtpx:hr>
      <gpxtpx:cad>0</gpxtpx:cad>
     </gpxtpx:TrackPointExtension>
    </extensions>
   </trkpt>
   <trkpt lat="47.8408640" lon="13.7771260">
    <ele>876.8</ele>
    <time>2026-03-07T11:55:59Z</time>
    <extensions>
     <gpxtpx:TrackPointExtension>
      <gpxtpx:hr>132</gpxtpx:hr>
      <gpxtpx:cad>0</gpxtpx:cad>
     </gpxtpx:TrackPointExtension>
    </extensions>
   </trkpt>
   <trkpt lat="47.8408640" lon="13.7771270">
    <ele>876.6</ele>
    <time>2026-03-07T11:56:00Z</time>
    <extensions>
     <gpxtpx:TrackPointExtension>
      <gpxtpx:hr>126</gpxtpx:hr>
      <gpxtpx:cad>0</gpxtpx:cad>
     </gpxtpx:TrackPointExtension>
    </extensions>
   </trkpt>
   <trkpt lat="47.8408640" lon="13.7771310">
    <ele>876.6</ele>
    <time>2026-03-07T11:56:01Z</time>
    <extensions>
     <gpxtpx:TrackPointExtension>
      <gpxtpx:hr>125</gpxtpx:hr>
      <gpxtpx:cad>0</gpxtpx:cad>
     </gpxtpx:TrackPointExtension>
    </extensions>
   </trkpt>
   <trkpt lat="47.8408710" lon="13.7771730">
    <ele>876.4</ele>
    <time>2026-03-07T11:56:06Z</time>
    <extensions>
     <gpxtpx:TrackPointExtension>
      <gpxtpx:hr>122</gpxtpx:hr>
      <gpxtpx:cad>0</gpxtpx:cad>
     </gpxtpx:TrackPointExtension>
    </extensions>
   </trkpt>
   <trkpt lat="47.8408720" lon="13.7771860">
    <ele>876.2</ele>
    <time>2026-03-07T11:56:08Z</time>
    <extensions>
     <gpxtpx:TrackPointExtension>
      <gpxtpx:hr>120</gpxtpx:hr>
      <gpxtpx:cad>0</gpxtpx:cad>
     </gpxtpx:TrackPointExtension>
    </extensions>
   </trkpt>
   <trkpt lat="47.8408650" lon="13.7772360">
    <ele>875.8</ele>
    <time>2026-03-07T11:56:15Z</time>
    <extensions>
     <gpxtpx:TrackPointExtension>
      <gpxtpx:hr>117</gpxtpx:hr>
      <gpxtpx:cad>0</gpxtpx:cad>
     </gpxtpx:TrackPointExtension>
    </extensions>
   </trkpt>
   <trkpt lat="47.8408620" lon="13.7772440">
    <ele>875.8</ele>
    <time>2026-03-07T11:56:16Z</time>
    <extensions>
     <gpxtpx:TrackPointExtension>
      <gpxtpx:hr>116</gpxtpx:hr>
      <gpxtpx:cad>0</gpxtpx:cad>
     </gpxtpx:TrackPointExtension>
    </extensions>
   </trkpt>
   <trkpt lat="47.8408600" lon="13.7772560">
    <ele>876.0</ele>
    <time>2026-03-07T11:56:22Z</time>
    <extensions>
     <gpxtpx:TrackPointExtension>
      <gpxtpx:hr>118</gpxtpx:hr>
      <gpxtpx:cad>0</gpxtpx:cad>
     </gpxtpx:TrackPointExtension>
    </extensions>
   </trkpt>
   <trkpt lat="47.8408570" lon="13.7772530">
    <ele>876.2</ele>
    <time>2026-03-07T11:56:28Z</time>
    <extensions>
     <gpxtpx:TrackPointExtension>
      <gpxtpx:hr>115</gpxtpx:hr>
      <gpxtpx:cad>0</gpxtpx:cad>
     </gpxtpx:TrackPointExtension>
    </extensions>
   </trkpt>
   <trkpt lat="47.8408570" lon="13.7772530">
    <ele>877.0</ele>
    <time>2026-03-07T11:56:31Z</time>
    <extensions>
     <gpxtpx:TrackPointExtension>
      <gpxtpx:hr>111</gpxtpx:hr>
      <gpxtpx:cad>0</gpxtpx:cad>
     </gpxtpx:TrackPointExtension>
    </extensions>
   </trkpt>
   <trkpt lat="47.8408570" lon="13.7772520">
    <ele>877.2</ele>
    <time>2026-03-07T11:56:32Z</time>
    <extensions>
     <gpxtpx:TrackPointExtension>
      <gpxtpx:hr>108</gpxtpx:hr>
      <gpxtpx:cad>0</gpxtpx:cad>
     </gpxtpx:TrackPointExtension>
    </extensions>
   </trkpt>
   <trkpt lat="47.8408570" lon="13.7772520">
    <ele>877.2</ele>
    <time>2026-03-07T11:56:33Z</time>
    <extensions>
     <gpxtpx:TrackPointExtension>
      <gpxtpx:hr>108</gpxtpx:hr>
      <gpxtpx:cad>0</gpxtpx:cad>
     </gpxtpx:TrackPointExtension>
    </extensions>
   </trkpt>
   <trkpt lat="47.8408560" lon="13.7772500">
    <ele>877.0</ele>
    <time>2026-03-07T11:56:39Z</time>
    <extensions>
     <gpxtpx:TrackPointExtension>
      <gpxtpx:hr>104</gpxtpx:hr>
      <gpxtpx:cad>0</gpxtpx:cad>
     </gpxtpx:TrackPointExtension>
    </extensions>
   </trkpt>
   <trkpt lat="47.8408550" lon="13.7772480">
    <ele>876.0</ele>
    <time>2026-03-07T11:56:45Z</time>
    <extensions>
     <gpxtpx:TrackPointExtension>
      <gpxtpx:hr>101</gpxtpx:hr>
      <gpxtpx:cad>0</gpxtpx:cad>
     </gpxtpx:TrackPointExtension>
    </extensions>
   </trkpt>
   <trkpt lat="47.8408550" lon="13.7772470">
    <ele>875.4</ele>
    <time>2026-03-07T11:56:47Z</time>
    <extensions>
     <gpxtpx:TrackPointExtension>
      <gpxtpx:hr>100</gpxtpx:hr>
      <gpxtpx:cad>0</gpxtpx:cad>
     </gpxtpx:TrackPointExtension>
    </extensions>
   </trkpt>
   <trkpt lat="47.8408530" lon="13.7772460">
    <ele>874.6</ele>
    <time>2026-03-07T11:56:52Z</time>
    <extensions>
     <gpxtpx:TrackPointExtension>
      <gpxtpx:hr>102</gpxtpx:hr>
      <gpxtpx:cad>0</gpxtpx:cad>
     </gpxtpx:TrackPointExtension>
    </extensions>
   </trkpt>
   <trkpt lat="47.8408510" lon="13.7772450">
    <ele>874.4</ele>
    <time>2026-03-07T11:57:12Z</time>
    <extensions>
     <gpxtpx:TrackPointExtension>
      <gpxtpx:hr>100</gpxtpx:hr>
      <gpxtpx:cad>0</gpxtpx:cad>
     </gpxtpx:TrackPointExtension>
    </extensions>
   </trkpt>
   <trkpt lat="47.8408510" lon="13.7772450">
    <ele>874.4</ele>
    <time>2026-03-07T11:57:13Z</time>
    <extensions>
     <gpxtpx:TrackPointExtension>
      <gpxtpx:hr>99</gpxtpx:hr>
      <gpxtpx:cad>0</gpxtpx:cad>
     </gpxtpx:TrackPointExtension>
    </extensions>
   </trkpt>
   <trkpt lat="47.8408500" lon="13.7772450">
    <ele>874.2</ele>
    <time>2026-03-07T11:57:16Z</time>
    <extensions>
     <gpxtpx:TrackPointExtension>
      <gpxtpx:hr>96</gpxtpx:hr>
      <gpxtpx:cad>0</gpxtpx:cad>
     </gpxtpx:TrackPointExtension>
    </extensions>
   </trkpt>
   <trkpt lat="47.8408490" lon="13.7772450">
    <ele>874.2</ele>
    <time>2026-03-07T11:57:22Z</time>
    <extensions>
     <gpxtpx:TrackPointExtension>
      <gpxtpx:hr>93</gpxtpx:hr>
      <gpxtpx:cad>0</gpxtpx:cad>
     </gpxtpx:TrackPointExtension>
    </extensions>
   </trkpt>
   <trkpt lat="47.8408480" lon="13.7772450">
    <ele>874.2</ele>
    <time>2026-03-07T11:57:25Z</time>
    <extensions>
     <gpxtpx:TrackPointExtension>
      <gpxtpx:hr>90</gpxtpx:hr>
      <gpxtpx:cad>0</gpxtpx:cad>
     </gpxtpx:TrackPointExtension>
    </extensions>
   </trkpt>
   <trkpt lat="47.8408460" lon="13.7772440">
    <ele>874.0</ele>
    <time>2026-03-07T11:57:31Z</time>
    <extensions>
     <gpxtpx:TrackPointExtension>
      <gpxtpx:hr>87</gpxtpx:hr>
      <gpxtpx:cad>0</gpxtpx:cad>
     </gpxtpx:TrackPointExtension>
    </extensions>
   </trkpt>
   <trkpt lat="47.8408440" lon="13.7772440">
    <ele>874.0</ele>
    <time>2026-03-07T11:57:38Z</time>
    <extensions>
     <gpxtpx:TrackPointExtension>
      <gpxtpx:hr>91</gpxtpx:hr>
      <gpxtpx:cad>0</gpxtpx:cad>
     </gpxtpx:TrackPointExtension>
    </extensions>
   </trkpt>
   <trkpt lat="47.8408470" lon="13.7772430">
    <ele>873.6</ele>
    <time>2026-03-07T11:57:47Z</time>
    <extensions>
     <gpxtpx:TrackPointExtension>
      <gpxtpx:hr>94</gpxtpx:hr>
      <gpxtpx:cad>0</gpxtpx:cad>
     </gpxtpx:TrackPointExtension>
    </extensions>
   </trkpt>
   <trkpt lat="47.8408650" lon="13.7772430">
    <ele>873.6</ele>
    <time>2026-03-07T11:57:51Z</time>
    <extensions>
     <gpxtpx:TrackPointExtension>
      <gpxtpx:hr>95</gpxtpx:hr>
      <gpxtpx:cad>0</gpxtpx:cad>
     </gpxtpx:TrackPointExtension>
    </extensions>
   </trkpt>
   <trkpt lat="47.8408650" lon="13.7772080">
    <ele>874.0</ele>
    <time>2026-03-07T11:57:57Z</time>
    <extensions>
     <gpxtpx:TrackPointExtension>
      <gpxtpx:hr>98</gpxtpx:hr>
      <gpxtpx:cad>0</gpxtpx:cad>
     </gpxtpx:TrackPointExtension>
    </extensions>
   </trkpt>
   <trkpt lat="47.8408610" lon="13.7772060">
    <ele>873.8</ele>
    <time>2026-03-07T11:57:58Z</time>
    <extensions>
     <gpxtpx:TrackPointExtension>
      <gpxtpx:hr>98</gpxtpx:hr>
      <gpxtpx:cad>0</gpxtpx:cad>
     </gpxtpx:TrackPointExtension>
    </extensions>
   </trkpt>
   <trkpt lat="47.8408690" lon="13.7772100">
    <ele>874.0</ele>
    <time>2026-03-07T11:58:03Z</time>
    <extensions>
     <gpxtpx:TrackPointExtension>
      <gpxtpx:hr>98</gpxtpx:hr>
      <gpxtpx:cad>0</gpxtpx:cad>
     </gpxtpx:TrackPointExtension>
    </extensions>
   </trkpt>
   <trkpt lat="47.8408710" lon="13.7772060">
    <ele>873.8</ele>
    <time>2026-03-07T11:58:14Z</time>
    <extensions>
     <gpxtpx:TrackPointExtension>
      <gpxtpx:hr>96</gpxtpx:hr>
      <gpxtpx:cad>0</gpxtpx:cad>
     </gpxtpx:TrackPointExtension>
    </extensions>
   </trkpt>
   <trkpt lat="47.8408670" lon="13.7772020">
    <ele>875.0</ele>
    <time>2026-03-07T11:58:23Z</time>
    <extensions>
     <gpxtpx:TrackPointExtension>
      <gpxtpx:hr>99</gpxtpx:hr>
      <gpxtpx:cad>0</gpxtpx:cad>
     </gpxtpx:TrackPointExtension>
    </extensions>
   </trkpt>
   <trkpt lat="47.8408670" lon="13.7772020">
    <ele>875.0</ele>
    <time>2026-03-07T11:58:24Z</time>
    <extensions>
     <gpxtpx:TrackPointExtension>
      <gpxtpx:hr>102</gpxtpx:hr>
      <gpxtpx:cad>0</gpxtpx:cad>
     </gpxtpx:TrackPointExtension>
    </extensions>
   </trkpt>
   <trkpt lat="47.8408670" lon="13.7772020">
    <ele>874.8</ele>
    <time>2026-03-07T11:58:25Z</time>
    <extensions>
     <gpxtpx:TrackPointExtension>
      <gpxtpx:hr>106</gpxtpx:hr>
      <gpxtpx:cad>0</gpxtpx:cad>
     </gpxtpx:TrackPointExtension>
    </extensions>
   </trkpt>
   <trkpt lat="47.8408650" lon="13.7772000">
    <ele>874.4</ele>
    <time>2026-03-07T11:58:44Z</time>
    <extensions>
     <gpxtpx:TrackPointExtension>
      <gpxtpx:hr>105</gpxtpx:hr>
      <gpxtpx:cad>0</gpxtpx:cad>
     </gpxtpx:TrackPointExtension>
    </extensions>
   </trkpt>
   <trkpt lat="47.8408650" lon="13.7772000">
    <ele>874.4</ele>
    <time>2026-03-07T11:58:46Z</time>
    <extensions>
     <gpxtpx:TrackPointExtension>
      <gpxtpx:hr>98</gpxtpx:hr>
      <gpxtpx:cad>0</gpxtpx:cad>
     </gpxtpx:TrackPointExtension>
    </extensions>
   </trkpt>
   <trkpt lat="47.8408650" lon="13.7772000">
    <ele>874.4</ele>
    <time>2026-03-07T11:58:47Z</time>
    <extensions>
     <gpxtpx:TrackPointExtension>
      <gpxtpx:hr>94</gpxtpx:hr>
      <gpxtpx:cad>0</gpxtpx:cad>
     </gpxtpx:TrackPointExtension>
    </extensions>
   </trkpt>
   <trkpt lat="47.8408650" lon="13.7772000">
    <ele>874.4</ele>
    <time>2026-03-07T11:58:48Z</time>
    <extensions>
     <gpxtpx:TrackPointExtension>
      <gpxtpx:hr>91</gpxtpx:hr>
      <gpxtpx:cad>0</gpxtpx:cad>
     </gpxtpx:TrackPointExtension>
    </extensions>
   </trkpt>
   <trkpt lat="47.8408640" lon="13.7771990">
    <ele>874.4</ele>
    <time>2026-03-07T11:59:01Z</time>
    <extensions>
     <gpxtpx:TrackPointExtension>
      <gpxtpx:hr>87</gpxtpx:hr>
      <gpxtpx:cad>0</gpxtpx:cad>
     </gpxtpx:TrackPointExtension>
    </extensions>
   </trkpt>
   <trkpt lat="47.8408640" lon="13.7771980">
    <ele>874.2</ele>
    <time>2026-03-07T11:59:03Z</time>
    <extensions>
     <gpxtpx:TrackPointExtension>
      <gpxtpx:hr>84</gpxtpx:hr>
      <gpxtpx:cad>0</gpxtpx:cad>
     </gpxtpx:TrackPointExtension>
    </extensions>
   </trkpt>
   <trkpt lat="47.8408640" lon="13.7771980">
    <ele>873.8</ele>
    <time>2026-03-07T11:59:14Z</time>
    <extensions>
     <gpxtpx:TrackPointExtension>
      <gpxtpx:hr>82</gpxtpx:hr>
      <gpxtpx:cad>0</gpxtpx:cad>
     </gpxtpx:TrackPointExtension>
    </extensions>
   </trkpt>
   <trkpt lat="47.8408680" lon="13.7771990">
    <ele>873.2</ele>
    <time>2026-03-07T11:59:27Z</time>
    <extensions>
     <gpxtpx:TrackPointExtension>
      <gpxtpx:hr>81</gpxtpx:hr>
      <gpxtpx:cad>0</gpxtpx:cad>
     </gpxtpx:TrackPointExtension>
    </extensions>
   </trkpt>
   <trkpt lat="47.8408680" lon="13.7771990">
    <ele>872.6</ele>
    <time>2026-03-07T11:59:31Z</time>
    <extensions>
     <gpxtpx:TrackPointExtension>
      <gpxtpx:hr>78</gpxtpx:hr>
      <gpxtpx:cad>0</gpxtpx:cad>
     </gpxtpx:TrackPointExtension>
    </extensions>
   </trkpt>
   <trkpt lat="47.8408680" lon="13.7771980">
    <ele>873.6</ele>
    <time>2026-03-07T11:59:39Z</time>
    <extensions>
     <gpxtpx:TrackPointExtension>
      <gpxtpx:hr>81</gpxtpx:hr>
      <gpxtpx:cad>0</gpxtpx:cad>
     </gpxtpx:TrackPointExtension>
    </extensions>
   </trkpt>
   <trkpt lat="47.8408680" lon="13.7771980">
    <ele>873.6</ele>
    <time>2026-03-07T11:59:40Z</time>
    <extensions>
     <gpxtpx:TrackPointExtension>
      <gpxtpx:hr>80</gpxtpx:hr>
      <gpxtpx:cad>0</gpxtpx:cad>
     </gpxtpx:TrackPointExtension>
    </extensions>
   </trkpt>
   <trkpt lat="47.8408690" lon="13.7771980">
    <ele>873.2</ele>
    <time>2026-03-07T11:59:45Z</time>
    <extensions>
     <gpxtpx:TrackPointExtension>
      <gpxtpx:hr>77</gpxtpx:hr>
      <gpxtpx:cad>0</gpxtpx:cad>
     </gpxtpx:TrackPointExtension>
    </extensions>
   </trkpt>
   <trkpt lat="47.8408680" lon="13.7771990">
    <ele>872.4</ele>
    <time>2026-03-07T11:59:54Z</time>
    <extensions>
     <gpxtpx:TrackPointExtension>
      <gpxtpx:hr>81</gpxtpx:hr>
      <gpxtpx:cad>0</gpxtpx:cad>
     </gpxtpx:TrackPointExtension>
    </extensions>
   </trkpt>
   <trkpt lat="47.8408670" lon="13.7772000">
    <ele>872.4</ele>
    <time>2026-03-07T11:59:58Z</time>
    <extensions>
     <gpxtpx:TrackPointExtension>
      <gpxtpx:hr>85</gpxtpx:hr>
      <gpxtpx:cad>0</gpxtpx:cad>
     </gpxtpx:TrackPointExtension>
    </extensions>
   </trkpt>
   <trkpt lat="47.8408670" lon="13.7772000">
    <ele>872.2</ele>
    <time>2026-03-07T12:00:00Z</time>
    <extensions>
     <gpxtpx:TrackPointExtension>
      <gpxtpx:hr>88</gpxtpx:hr>
      <gpxtpx:cad>0</gpxtpx:cad>
     </gpxtpx:TrackPointExtension>
    </extensions>
   </trkpt>
   <trkpt lat="47.8408660" lon="13.7772000">
    <ele>872.2</ele>
    <time>2026-03-07T12:00:04Z</time>
    <extensions>
     <gpxtpx:TrackPointExtension>
      <gpxtpx:hr>88</gpxtpx:hr>
      <gpxtpx:cad>0</gpxtpx:cad>
     </gpxtpx:TrackPointExtension>
    </extensions>
   </trkpt>
   <trkpt lat="47.8408650" lon="13.7772000">
    <ele>872.2</ele>
    <time>2026-03-07T12:00:07Z</time>
    <extensions>
     <gpxtpx:TrackPointExtension>
      <gpxtpx:hr>85</gpxtpx:hr>
      <gpxtpx:cad>0</gpxtpx:cad>
     </gpxtpx:TrackPointExtension>
    </extensions>
   </trkpt>
   <trkpt lat="47.8408650" lon="13.7772010">
    <ele>873.2</ele>
    <time>2026-03-07T12:00:13Z</time>
    <extensions>
     <gpxtpx:TrackPointExtension>
      <gpxtpx:hr>88</gpxtpx:hr>
      <gpxtpx:cad>0</gpxtpx:cad>
     </gpxtpx:TrackPointExtension>
    </extensions>
   </trkpt>
   <trkpt lat="47.8408650" lon="13.7772030">
    <ele>872.8</ele>
    <time>2026-03-07T12:00:24Z</time>
    <extensions>
     <gpxtpx:TrackPointExtension>
      <gpxtpx:hr>92</gpxtpx:hr>
      <gpxtpx:cad>0</gpxtpx:cad>
     </gpxtpx:TrackPointExtension>
    </extensions>
   </trkpt>
   <trkpt lat="47.8408660" lon="13.7772040">
    <ele>872.8</ele>
    <time>2026-03-07T12:00:28Z</time>
    <extensions>
     <gpxtpx:TrackPointExtension>
      <gpxtpx:hr>91</gpxtpx:hr>
      <gpxtpx:cad>0</gpxtpx:cad>
     </gpxtpx:TrackPointExtension>
    </extensions>
   </trkpt>
   <trkpt lat="47.8408660" lon="13.7772050">
    <ele>872.6</ele>
    <time>2026-03-07T12:00:33Z</time>
    <extensions>
     <gpxtpx:TrackPointExtension>
      <gpxtpx:hr>88</gpxtpx:hr>
      <gpxtpx:cad>0</gpxtpx:cad>
     </gpxtpx:TrackPointExtension>
    </extensions>
   </trkpt>
   <trkpt lat="47.8408710" lon="13.7772100">
    <ele>871.6</ele>
    <time>2026-03-07T12:00:45Z</time>
    <extensions>
     <gpxtpx:TrackPointExtension>
      <gpxtpx:hr>87</gpxtpx:hr>
      <gpxtpx:cad>0</gpxtpx:cad>
     </gpxtpx:TrackPointExtension>
    </extensions>
   </trkpt>
   <trkpt lat="47.8408710" lon="13.7772110">
    <ele>871.4</ele>
    <time>2026-03-07T12:00:51Z</time>
    <extensions>
     <gpxtpx:TrackPointExtension>
      <gpxtpx:hr>84</gpxtpx:hr>
      <gpxtpx:cad>0</gpxtpx:cad>
     </gpxtpx:TrackPointExtension>
    </extensions>
   </trkpt>
   <trkpt lat="47.8408720" lon="13.7772120">
    <ele>871.2</ele>
    <time>2026-03-07T12:01:01Z</time>
    <extensions>
     <gpxtpx:TrackPointExtension>
      <gpxtpx:hr>84</gpxtpx:hr>
      <gpxtpx:cad>0</gpxtpx:cad>
     </gpxtpx:TrackPointExtension>
    </extensions>
   </trkpt>
   <trkpt lat="47.8408720" lon="13.7772110">
    <ele>871.0</ele>
    <time>2026-03-07T12:01:05Z</time>
    <extensions>
     <gpxtpx:TrackPointExtension>
      <gpxtpx:hr>86</gpxtpx:hr>
      <gpxtpx:cad>0</gpxtpx:cad>
     </gpxtpx:TrackPointExtension>
    </extensions>
   </trkpt>
   <trkpt lat="47.8408700" lon="13.7772090">
    <ele>871.0</ele>
    <time>2026-03-07T12:01:21Z</time>
    <extensions>
     <gpxtpx:TrackPointExtension>
      <gpxtpx:hr>83</gpxtpx:hr>
      <gpxtpx:cad>0</gpxtpx:cad>
     </gpxtpx:TrackPointExtension>
    </extensions>
   </trkpt>
   <trkpt lat="47.8408700" lon="13.7772080">
    <ele>871.2</ele>
    <time>2026-03-07T12:01:23Z</time>
    <extensions>
     <gpxtpx:TrackPointExtension>
      <gpxtpx:hr>80</gpxtpx:hr>
      <gpxtpx:cad>0</gpxtpx:cad>
     </gpxtpx:TrackPointExtension>
    </extensions>
   </trkpt>
   <trkpt lat="47.8408700" lon="13.7772060">
    <ele>871.6</ele>
    <time>2026-03-07T12:01:35Z</time>
    <extensions>
     <gpxtpx:TrackPointExtension>
      <gpxtpx:hr>84</gpxtpx:hr>
      <gpxtpx:cad>0</gpxtpx:cad>
     </gpxtpx:TrackPointExtension>
    </extensions>
   </trkpt>
   <trkpt lat="47.8408700" lon="13.7772050">
    <ele>871.6</ele>
    <time>2026-03-07T12:01:44Z</time>
    <extensions>
     <gpxtpx:TrackPointExtension>
      <gpxtpx:hr>85</gpxtpx:hr>
      <gpxtpx:cad>0</gpxtpx:cad>
     </gpxtpx:TrackPointExtension>
    </extensions>
   </trkpt>
   <trkpt lat="47.8408690" lon="13.7772040">
    <ele>871.4</ele>
    <time>2026-03-07T12:01:47Z</time>
    <extensions>
     <gpxtpx:TrackPointExtension>
      <gpxtpx:hr>82</gpxtpx:hr>
      <gpxtpx:cad>0</gpxtpx:cad>
     </gpxtpx:TrackPointExtension>
    </extensions>
   </trkpt>
   <trkpt lat="47.8408670" lon="13.7772040">
    <ele>871.2</ele>
    <time>2026-03-07T12:02:11Z</time>
    <extensions>
     <gpxtpx:TrackPointExtension>
      <gpxtpx:hr>85</gpxtpx:hr>
      <gpxtpx:cad>0</gpxtpx:cad>
     </gpxtpx:TrackPointExtension>
    </extensions>
   </trkpt>
   <trkpt lat="47.8408670" lon="13.7772040">
    <ele>871.2</ele>
    <time>2026-03-07T12:02:14Z</time>
    <extensions>
     <gpxtpx:TrackPointExtension>
      <gpxtpx:hr>88</gpxtpx:hr>
      <gpxtpx:cad>0</gpxtpx:cad>
     </gpxtpx:TrackPointExtension>
    </extensions>
   </trkpt>
   <trkpt lat="47.8408670" lon="13.7772040">
    <ele>871.2</ele>
    <time>2026-03-07T12:02:18Z</time>
    <extensions>
     <gpxtpx:TrackPointExtension>
      <gpxtpx:hr>91</gpxtpx:hr>
      <gpxtpx:cad>0</gpxtpx:cad>
     </gpxtpx:TrackPointExtension>
    </extensions>
   </trkpt>
   <trkpt lat="47.8408670" lon="13.7772040">
    <ele>870.8</ele>
    <time>2026-03-07T12:02:25Z</time>
    <extensions>
     <gpxtpx:TrackPointExtension>
      <gpxtpx:hr>88</gpxtpx:hr>
      <gpxtpx:cad>0</gpxtpx:cad>
     </gpxtpx:TrackPointExtension>
    </extensions>
   </trkpt>
   <trkpt lat="47.8408670" lon="13.7772050">
    <ele>871.2</ele>
    <time>2026-03-07T12:02:32Z</time>
    <extensions>
     <gpxtpx:TrackPointExtension>
      <gpxtpx:hr>89</gpxtpx:hr>
      <gpxtpx:cad>0</gpxtpx:cad>
     </gpxtpx:TrackPointExtension>
    </extensions>
   </trkpt>
   <trkpt lat="47.8408690" lon="13.7772080">
    <ele>871.0</ele>
    <time>2026-03-07T12:02:48Z</time>
    <extensions>
     <gpxtpx:TrackPointExtension>
      <gpxtpx:hr>86</gpxtpx:hr>
      <gpxtpx:cad>0</gpxtpx:cad>
     </gpxtpx:TrackPointExtension>
    </extensions>
   </trkpt>
   <trkpt lat="47.8408690" lon="13.7772080">
    <ele>870.8</ele>
    <time>2026-03-07T12:02:58Z</time>
    <extensions>
     <gpxtpx:TrackPointExtension>
      <gpxtpx:hr>89</gpxtpx:hr>
      <gpxtpx:cad>0</gpxtpx:cad>
     </gpxtpx:TrackPointExtension>
    </extensions>
   </trkpt>
   <trkpt lat="47.8408660" lon="13.7772030">
    <ele>870.8</ele>
    <time>2026-03-07T12:03:17Z</time>
    <extensions>
     <gpxtpx:TrackPointExtension>
      <gpxtpx:hr>86</gpxtpx:hr>
      <gpxtpx:cad>0</gpxtpx:cad>
     </gpxtpx:TrackPointExtension>
    </extensions>
   </trkpt>
   <trkpt lat="47.8408660" lon="13.7772030">
    <ele>870.6</ele>
    <time>2026-03-07T12:03:22Z</time>
    <extensions>
     <gpxtpx:TrackPointExtension>
      <gpxtpx:hr>90</gpxtpx:hr>
      <gpxtpx:cad>0</gpxtpx:cad>
     </gpxtpx:TrackPointExtension>
    </extensions>
   </trkpt>
   <trkpt lat="47.8408680" lon="13.7772030">
    <ele>870.4</ele>
    <time>2026-03-07T12:03:32Z</time>
    <extensions>
     <gpxtpx:TrackPointExtension>
      <gpxtpx:hr>87</gpxtpx:hr>
      <gpxtpx:cad>0</gpxtpx:cad>
     </gpxtpx:TrackPointExtension>
    </extensions>
   </trkpt>
   <trkpt lat="47.8408690" lon="13.7772030">
    <ele>870.2</ele>
    <time>2026-03-07T12:03:35Z</time>
    <extensions>
     <gpxtpx:TrackPointExtension>
      <gpxtpx:hr>86</gpxtpx:hr>
      <gpxtpx:cad>0</gpxtpx:cad>
     </gpxtpx:TrackPointExtension>
    </extensions>
   </trkpt>
   <trkpt lat="47.8408700" lon="13.7772030">
    <ele>870.2</ele>
    <time>2026-03-07T12:03:38Z</time>
    <extensions>
     <gpxtpx:TrackPointExtension>
      <gpxtpx:hr>85</gpxtpx:hr>
      <gpxtpx:cad>0</gpxtpx:cad>
     </gpxtpx:TrackPointExtension>
    </extensions>
   </trkpt>
   <trkpt lat="47.8408720" lon="13.7772050">
    <ele>870.2</ele>
    <time>2026-03-07T12:03:45Z</time>
    <extensions>
     <gpxtpx:TrackPointExtension>
      <gpxtpx:hr>88</gpxtpx:hr>
      <gpxtpx:cad>0</gpxtpx:cad>
     </gpxtpx:TrackPointExtension>
    </extensions>
   </trkpt>
   <trkpt lat="47.8408740" lon="13.7772070">
    <ele>870.4</ele>
    <time>2026-03-07T12:03:55Z</time>
    <extensions>
     <gpxtpx:TrackPointExtension>
      <gpxtpx:hr>91</gpxtpx:hr>
      <gpxtpx:cad>0</gpxtpx:cad>
     </gpxtpx:TrackPointExtension>
    </extensions>
   </trkpt>
   <trkpt lat="47.8408740" lon="13.7772080">
    <ele>870.0</ele>
    <time>2026-03-07T12:04:03Z</time>
    <extensions>
     <gpxtpx:TrackPointExtension>
      <gpxtpx:hr>94</gpxtpx:hr>
      <gpxtpx:cad>0</gpxtpx:cad>
     </gpxtpx:TrackPointExtension>
    </extensions>
   </trkpt>
   <trkpt lat="47.8408730" lon="13.7772080">
    <ele>870.0</ele>
    <time>2026-03-07T12:04:08Z</time>
    <extensions>
     <gpxtpx:TrackPointExtension>
      <gpxtpx:hr>95</gpxtpx:hr>
      <gpxtpx:cad>0</gpxtpx:cad>
     </gpxtpx:TrackPointExtension>
    </extensions>
   </trkpt>
   <trkpt lat="47.8408720" lon="13.7772080">
    <ele>869.8</ele>
    <time>2026-03-07T12:04:10Z</time>
    <extensions>
     <gpxtpx:TrackPointExtension>
      <gpxtpx:hr>84</gpxtpx:hr>
      <gpxtpx:cad>0</gpxtpx:cad>
     </gpxtpx:TrackPointExtension>
    </extensions>
   </trkpt>
   <trkpt lat="47.8408720" lon="13.7772080">
    <ele>869.8</ele>
    <time>2026-03-07T12:04:11Z</time>
    <extensions>
     <gpxtpx:TrackPointExtension>
      <gpxtpx:hr>81</gpxtpx:hr>
      <gpxtpx:cad>0</gpxtpx:cad>
     </gpxtpx:TrackPointExtension>
    </extensions>
   </trkpt>
   <trkpt lat="47.8408710" lon="13.7772070">
    <ele>869.8</ele>
    <time>2026-03-07T12:04:14Z</time>
    <extensions>
     <gpxtpx:TrackPointExtension>
      <gpxtpx:hr>84</gpxtpx:hr>
      <gpxtpx:cad>0</gpxtpx:cad>
     </gpxtpx:TrackPointExtension>
    </extensions>
   </trkpt>
   <trkpt lat="47.8408700" lon="13.7772060">
    <ele>869.8</ele>
    <time>2026-03-07T12:04:17Z</time>
    <extensions>
     <gpxtpx:TrackPointExtension>
      <gpxtpx:hr>87</gpxtpx:hr>
      <gpxtpx:cad>0</gpxtpx:cad>
     </gpxtpx:TrackPointExtension>
    </extensions>
   </trkpt>
   <trkpt lat="47.8408650" lon="13.7772020">
    <ele>869.8</ele>
    <time>2026-03-07T12:04:27Z</time>
    <extensions>
     <gpxtpx:TrackPointExtension>
      <gpxtpx:hr>90</gpxtpx:hr>
      <gpxtpx:cad>0</gpxtpx:cad>
     </gpxtpx:TrackPointExtension>
    </extensions>
   </trkpt>
   <trkpt lat="47.8408600" lon="13.7771980">
    <ele>870.0</ele>
    <time>2026-03-07T12:04:36Z</time>
    <extensions>
     <gpxtpx:TrackPointExtension>
      <gpxtpx:hr>93</gpxtpx:hr>
      <gpxtpx:cad>0</gpxtpx:cad>
     </gpxtpx:TrackPointExtension>
    </extensions>
   </trkpt>
   <trkpt lat="47.8408570" lon="13.7771960">
    <ele>869.2</ele>
    <time>2026-03-07T12:04:45Z</time>
    <extensions>
     <gpxtpx:TrackPointExtension>
      <gpxtpx:hr>92</gpxtpx:hr>
      <gpxtpx:cad>0</gpxtpx:cad>
     </gpxtpx:TrackPointExtension>
    </extensions>
   </trkpt>
   <trkpt lat="47.8408570" lon="13.7771950">
    <ele>868.8</ele>
    <time>2026-03-07T12:04:48Z</time>
    <extensions>
     <gpxtpx:TrackPointExtension>
      <gpxtpx:hr>89</gpxtpx:hr>
      <gpxtpx:cad>0</gpxtpx:cad>
     </gpxtpx:TrackPointExtension>
    </extensions>
   </trkpt>
   <trkpt lat="47.8408570" lon="13.7771950">
    <ele>868.8</ele>
    <time>2026-03-07T12:04:49Z</time>
    <extensions>
     <gpxtpx:TrackPointExtension>
      <gpxtpx:hr>88</gpxtpx:hr>
      <gpxtpx:cad>0</gpxtpx:cad>
     </gpxtpx:TrackPointExtension>
    </extensions>
   </trkpt>
   <trkpt lat="47.8408590" lon="13.7771910">
    <ele>868.6</ele>
    <time>2026-03-07T12:04:57Z</time>
    <extensions>
     <gpxtpx:TrackPointExtension>
      <gpxtpx:hr>88</gpxtpx:hr>
      <gpxtpx:cad>0</gpxtpx:cad>
     </gpxtpx:TrackPointExtension>
    </extensions>
   </trkpt>
   <trkpt lat="47.8408770" lon="13.7771450">
    <ele>868.4</ele>
    <time>2026-03-07T12:05:02Z</time>
    <extensions>
     <gpxtpx:TrackPointExtension>
      <gpxtpx:hr>90</gpxtpx:hr>
      <gpxtpx:cad>0</gpxtpx:cad>
     </gpxtpx:TrackPointExtension>
    </extensions>
   </trkpt>
   <trkpt lat="47.8408730" lon="13.7770840">
    <ele>868.8</ele>
    <time>2026-03-07T12:05:08Z</time>
    <extensions>
     <gpxtpx:TrackPointExtension>
      <gpxtpx:hr>90</gpxtpx:hr>
      <gpxtpx:cad>0</gpxtpx:cad>
     </gpxtpx:TrackPointExtension>
    </extensions>
   </trkpt>
   <trkpt lat="47.8408660" lon="13.7770600">
    <ele>868.6</ele>
    <time>2026-03-07T12:05:14Z</time>
    <extensions>
     <gpxtpx:TrackPointExtension>
      <gpxtpx:hr>91</gpxtpx:hr>
      <gpxtpx:cad>0</gpxtpx:cad>
     </gpxtpx:TrackPointExtension>
    </extensions>
   </trkpt>
   <trkpt lat="47.8408570" lon="13.7770540">
    <ele>867.8</ele>
    <time>2026-03-07T12:05:18Z</time>
    <extensions>
     <gpxtpx:TrackPointExtension>
      <gpxtpx:hr>90</gpxtpx:hr>
      <gpxtpx:cad>0</gpxtpx:cad>
     </gpxtpx:TrackPointExtension>
    </extensions>
   </trkpt>
   <trkpt lat="47.8408570" lon="13.7770540">
    <ele>867.8</ele>
    <time>2026-03-07T12:05:19Z</time>
    <extensions>
     <gpxtpx:TrackPointExtension>
      <gpxtpx:hr>91</gpxtpx:hr>
      <gpxtpx:cad>0</gpxtpx:cad>
     </gpxtpx:TrackPointExtension>
    </extensions>
   </trkpt>
   <trkpt lat="47.8408590" lon="13.7770540">
    <ele>867.6</ele>
    <time>2026-03-07T12:05:24Z</time>
    <extensions>
     <gpxtpx:TrackPointExtension>
      <gpxtpx:hr>88</gpxtpx:hr>
      <gpxtpx:cad>0</gpxtpx:cad>
     </gpxtpx:TrackPointExtension>
    </extensions>
   </trkpt>
   <trkpt lat="47.8408590" lon="13.7770550">
    <ele>867.6</ele>
    <time>2026-03-07T12:05:26Z</time>
    <extensions>
     <gpxtpx:TrackPointExtension>
      <gpxtpx:hr>88</gpxtpx:hr>
      <gpxtpx:cad>0</gpxtpx:cad>
     </gpxtpx:TrackPointExtension>
    </extensions>
   </trkpt>
   <trkpt lat="47.8408570" lon="13.7770620">
    <ele>868.4</ele>
    <time>2026-03-07T12:05:36Z</time>
    <extensions>
     <gpxtpx:TrackPointExtension>
      <gpxtpx:hr>88</gpxtpx:hr>
      <gpxtpx:cad>0</gpxtpx:cad>
     </gpxtpx:TrackPointExtension>
    </extensions>
   </trkpt>
   <trkpt lat="47.8408580" lon="13.7770630">
    <ele>868.6</ele>
    <time>2026-03-07T12:05:42Z</time>
    <extensions>
     <gpxtpx:TrackPointExtension>
      <gpxtpx:hr>91</gpxtpx:hr>
      <gpxtpx:cad>0</gpxtpx:cad>
     </gpxtpx:TrackPointExtension>
    </extensions>
   </trkpt>
   <trkpt lat="47.8408580" lon="13.7770630">
    <ele>868.6</ele>
    <time>2026-03-07T12:05:43Z</time>
    <extensions>
     <gpxtpx:TrackPointExtension>
      <gpxtpx:hr>95</gpxtpx:hr>
      <gpxtpx:cad>0</gpxtpx:cad>
     </gpxtpx:TrackPointExtension>
    </extensions>
   </trkpt>
   <trkpt lat="47.8408580" lon="13.7770630">
    <ele>868.6</ele>
    <time>2026-03-07T12:05:44Z</time>
    <extensions>
     <gpxtpx:TrackPointExtension>
      <gpxtpx:hr>105</gpxtpx:hr>
      <gpxtpx:cad>0</gpxtpx:cad>
     </gpxtpx:TrackPointExtension>
    </extensions>
   </trkpt>
   <trkpt lat="47.8408580" lon="13.7770630">
    <ele>868.6</ele>
    <time>2026-03-07T12:05:45Z</time>
    <extensions>
     <gpxtpx:TrackPointExtension>
      <gpxtpx:hr>108</gpxtpx:hr>
      <gpxtpx:cad>0</gpxtpx:cad>
     </gpxtpx:TrackPointExtension>
    </extensions>
   </trkpt>
   <trkpt lat="47.8408570" lon="13.7770610">
    <ele>867.8</ele>
    <time>2026-03-07T12:05:49Z</time>
    <extensions>
     <gpxtpx:TrackPointExtension>
      <gpxtpx:hr>111</gpxtpx:hr>
      <gpxtpx:cad>0</gpxtpx:cad>
     </gpxtpx:TrackPointExtension>
    </extensions>
   </trkpt>
   <trkpt lat="47.8408550" lon="13.7770590">
    <ele>866.8</ele>
    <time>2026-03-07T12:05:51Z</time>
    <extensions>
     <gpxtpx:TrackPointExtension>
      <gpxtpx:hr>112</gpxtpx:hr>
      <gpxtpx:cad>0</gpxtpx:cad>
     </gpxtpx:TrackPointExtension>
    </extensions>
   </trkpt>
   <trkpt lat="47.8408480" lon="13.7770550">
    <ele>865.6</ele>
    <time>2026-03-07T12:05:54Z</time>
    <extensions>
     <gpxtpx:TrackPointExtension>
      <gpxtpx:hr>112</gpxtpx:hr>
      <gpxtpx:cad>0</gpxtpx:cad>
     </gpxtpx:TrackPointExtension>
    </extensions>
   </trkpt>
   <trkpt lat="47.8408370" lon="13.7770510">
    <ele>865.6</ele>
    <time>2026-03-07T12:05:56Z</time>
    <extensions>
     <gpxtpx:TrackPointExtension>
      <gpxtpx:hr>113</gpxtpx:hr>
      <gpxtpx:cad>0</gpxtpx:cad>
     </gpxtpx:TrackPointExtension>
    </extensions>
   </trkpt>
   <trkpt lat="47.8408200" lon="13.7770510">
    <ele>865.4</ele>
    <time>2026-03-07T12:06:01Z</time>
    <extensions>
     <gpxtpx:TrackPointExtension>
      <gpxtpx:hr>110</gpxtpx:hr>
      <gpxtpx:cad>0</gpxtpx:cad>
     </gpxtpx:TrackPointExtension>
    </extensions>
   </trkpt>
   <trkpt lat="47.8408190" lon="13.7770510">
    <ele>865.4</ele>
    <time>2026-03-07T12:06:02Z</time>
    <extensions>
     <gpxtpx:TrackPointExtension>
      <gpxtpx:hr>109</gpxtpx:hr>
      <gpxtpx:cad>0</gpxtpx:cad>
     </gpxtpx:TrackPointExtension>
    </extensions>
   </trkpt>
   <trkpt lat="47.8408180" lon="13.7770200">
    <ele>865.2</ele>
    <time>2026-03-07T12:06:07Z</time>
    <extensions>
     <gpxtpx:TrackPointExtension>
      <gpxtpx:hr>111</gpxtpx:hr>
      <gpxtpx:cad>0</gpxtpx:cad>
     </gpxtpx:TrackPointExtension>
    </extensions>
   </trkpt>
   <trkpt lat="47.8408040" lon="13.7770150">
    <ele>864.6</ele>
    <time>2026-03-07T12:06:12Z</time>
    <extensions>
     <gpxtpx:TrackPointExtension>
      <gpxtpx:hr>110</gpxtpx:hr>
      <gpxtpx:cad>0</gpxtpx:cad>
     </gpxtpx:TrackPointExtension>
    </extensions>
   </trkpt>
   <trkpt lat="47.8407870" lon="13.7770290">
    <ele>863.6</ele>
    <time>2026-03-07T12:06:18Z</time>
    <extensions>
     <gpxtpx:TrackPointExtension>
      <gpxtpx:hr>110</gpxtpx:hr>
      <gpxtpx:cad>0</gpxtpx:cad>
     </gpxtpx:TrackPointExtension>
    </extensions>
   </trkpt>
   <trkpt lat="47.8407860" lon="13.7770310">
    <ele>863.4</ele>
    <time>2026-03-07T12:06:19Z</time>
    <extensions>
     <gpxtpx:TrackPointExtension>
      <gpxtpx:hr>110</gpxtpx:hr>
      <gpxtpx:cad>0</gpxtpx:cad>
     </gpxtpx:TrackPointExtension>
    </extensions>
   </trkpt>
   <trkpt lat="47.8407880" lon="13.7770400">
    <ele>863.0</ele>
    <time>2026-03-07T12:06:24Z</time>
    <extensions>
     <gpxtpx:TrackPointExtension>
      <gpxtpx:hr>112</gpxtpx:hr>
      <gpxtpx:cad>0</gpxtpx:cad>
     </gpxtpx:TrackPointExtension>
    </extensions>
   </trkpt>
   <trkpt lat="47.8407880" lon="13.7770370">
    <ele>862.6</ele>
    <time>2026-03-07T12:06:29Z</time>
    <extensions>
     <gpxtpx:TrackPointExtension>
      <gpxtpx:hr>115</gpxtpx:hr>
      <gpxtpx:cad>0</gpxtpx:cad>
     </gpxtpx:TrackPointExtension>
    </extensions>
   </trkpt>
   <trkpt lat="47.8407870" lon="13.7770380">
    <ele>862.8</ele>
    <time>2026-03-07T12:06:32Z</time>
    <extensions>
     <gpxtpx:TrackPointExtension>
      <gpxtpx:hr>115</gpxtpx:hr>
      <gpxtpx:cad>0</gpxtpx:cad>
     </gpxtpx:TrackPointExtension>
    </extensions>
   </trkpt>
   <trkpt lat="47.8407890" lon="13.7770380">
    <ele>862.4</ele>
    <time>2026-03-07T12:06:44Z</time>
    <extensions>
     <gpxtpx:TrackPointExtension>
      <gpxtpx:hr>113</gpxtpx:hr>
      <gpxtpx:cad>0</gpxtpx:cad>
     </gpxtpx:TrackPointExtension>
    </extensions>
   </trkpt>
   <trkpt lat="47.8407920" lon="13.7770390">
    <ele>862.0</ele>
    <time>2026-03-07T12:06:52Z</time>
    <extensions>
     <gpxtpx:TrackPointExtension>
      <gpxtpx:hr>114</gpxtpx:hr>
      <gpxtpx:cad>0</gpxtpx:cad>
     </gpxtpx:TrackPointExtension>
    </extensions>
   </trkpt>
   <trkpt lat="47.8407930" lon="13.7770310">
    <ele>862.0</ele>
    <time>2026-03-07T12:07:01Z</time>
    <extensions>
     <gpxtpx:TrackPointExtension>
      <gpxtpx:hr>117</gpxtpx:hr>
      <gpxtpx:cad>0</gpxtpx:cad>
     </gpxtpx:TrackPointExtension>
    </extensions>
   </trkpt>
   <trkpt lat="47.8407960" lon="13.7770290">
    <ele>861.8</ele>
    <time>2026-03-07T12:07:02Z</time>
    <extensions>
     <gpxtpx:TrackPointExtension>
      <gpxtpx:hr>118</gpxtpx:hr>
      <gpxtpx:cad>0</gpxtpx:cad>
     </gpxtpx:TrackPointExtension>
    </extensions>
   </trkpt>
   <trkpt lat="47.8408050" lon="13.7770290">
    <ele>861.8</ele>
    <time>2026-03-07T12:07:07Z</time>
    <extensions>
     <gpxtpx:TrackPointExtension>
      <gpxtpx:hr>115</gpxtpx:hr>
      <gpxtpx:cad>0</gpxtpx:cad>
     </gpxtpx:TrackPointExtension>
    </extensions>
   </trkpt>
   <trkpt lat="47.8407870" lon="13.7770360">
    <ele>861.6</ele>
    <time>2026-03-07T12:07:14Z</time>
    <extensions>
     <gpxtpx:TrackPointExtension>
      <gpxtpx:hr>115</gpxtpx:hr>
      <gpxtpx:cad>0</gpxtpx:cad>
     </gpxtpx:TrackPointExtension>
    </extensions>
   </trkpt>
   <trkpt lat="47.8407810" lon="13.7770340">
    <ele>861.4</ele>
    <time>2026-03-07T12:07:16Z</time>
    <extensions>
     <gpxtpx:TrackPointExtension>
      <gpxtpx:hr>115</gpxtpx:hr>
      <gpxtpx:cad>0</gpxtpx:cad>
     </gpxtpx:TrackPointExtension>
    </extensions>
   </trkpt>
   <trkpt lat="47.8407830" lon="13.7770280">
    <ele>860.8</ele>
    <time>2026-03-07T12:07:20Z</time>
    <extensions>
     <gpxtpx:TrackPointExtension>
      <gpxtpx:hr>112</gpxtpx:hr>
      <gpxtpx:cad>0</gpxtpx:cad>
     </gpxtpx:TrackPointExtension>
    </extensions>
   </trkpt>
   <trkpt lat="47.8407780" lon="13.7770330">
    <ele>860.4</ele>
    <time>2026-03-07T12:07:25Z</time>
    <extensions>
     <gpxtpx:TrackPointExtension>
      <gpxtpx:hr>111</gpxtpx:hr>
      <gpxtpx:cad>0</gpxtpx:cad>
     </gpxtpx:TrackPointExtension>
    </extensions>
   </trkpt>
   <trkpt lat="47.8407710" lon="13.7770350">
    <ele>860.4</ele>
    <time>2026-03-07T12:07:27Z</time>
    <extensions>
     <gpxtpx:TrackPointExtension>
      <gpxtpx:hr>110</gpxtpx:hr>
      <gpxtpx:cad>0</gpxtpx:cad>
     </gpxtpx:TrackPointExtension>
    </extensions>
   </trkpt>
   <trkpt lat="47.8407670" lon="13.7770360">
    <ele>860.4</ele>
    <time>2026-03-07T12:07:30Z</time>
    <extensions>
     <gpxtpx:TrackPointExtension>
      <gpxtpx:hr>110</gpxtpx:hr>
      <gpxtpx:cad>0</gpxtpx:cad>
     </gpxtpx:TrackPointExtension>
    </extensions>
   </trkpt>
   <trkpt lat="47.8407540" lon="13.7770120">
    <ele>860.4</ele>
    <time>2026-03-07T12:07:37Z</time>
    <extensions>
     <gpxtpx:TrackPointExtension>
      <gpxtpx:hr>111</gpxtpx:hr>
      <gpxtpx:cad>0</gpxtpx:cad>
     </gpxtpx:TrackPointExtension>
    </extensions>
   </trkpt>
   <trkpt lat="47.8407520" lon="13.7770020">
    <ele>859.2</ele>
    <time>2026-03-07T12:07:44Z</time>
    <extensions>
     <gpxtpx:TrackPointExtension>
      <gpxtpx:hr>110</gpxtpx:hr>
      <gpxtpx:cad>0</gpxtpx:cad>
     </gpxtpx:TrackPointExtension>
    </extensions>
   </trkpt>
   <trkpt lat="47.8407530" lon="13.7770020">
    <ele>859.0</ele>
    <time>2026-03-07T12:07:46Z</time>
    <extensions>
     <gpxtpx:TrackPointExtension>
      <gpxtpx:hr>110</gpxtpx:hr>
      <gpxtpx:cad>0</gpxtpx:cad>
     </gpxtpx:TrackPointExtension>
    </extensions>
   </trkpt>
   <trkpt lat="47.8407450" lon="13.7770040">
    <ele>858.4</ele>
    <time>2026-03-07T12:07:55Z</time>
    <extensions>
     <gpxtpx:TrackPointExtension>
      <gpxtpx:hr>109</gpxtpx:hr>
      <gpxtpx:cad>0</gpxtpx:cad>
     </gpxtpx:TrackPointExtension>
    </extensions>
   </trkpt>
   <trkpt lat="47.8407420" lon="13.7770030">
    <ele>858.4</ele>
    <time>2026-03-07T12:07:59Z</time>
    <extensions>
     <gpxtpx:TrackPointExtension>
      <gpxtpx:hr>106</gpxtpx:hr>
      <gpxtpx:cad>0</gpxtpx:cad>
     </gpxtpx:TrackPointExtension>
    </extensions>
   </trkpt>
   <trkpt lat="47.8407410" lon="13.7770050">
    <ele>858.0</ele>
    <time>2026-03-07T12:08:01Z</time>
    <extensions>
     <gpxtpx:TrackPointExtension>
      <gpxtpx:hr>105</gpxtpx:hr>
      <gpxtpx:cad>0</gpxtpx:cad>
     </gpxtpx:TrackPointExtension>
    </extensions>
   </trkpt>
   <trkpt lat="47.8407390" lon="13.7770040">
    <ele>857.8</ele>
    <time>2026-03-07T12:08:02Z</time>
    <extensions>
     <gpxtpx:TrackPointExtension>
      <gpxtpx:hr>105</gpxtpx:hr>
      <gpxtpx:cad>0</gpxtpx:cad>
     </gpxtpx:TrackPointExtension>
    </extensions>
   </trkpt>
   <trkpt lat="47.8407340" lon="13.7770000">
    <ele>857.4</ele>
    <time>2026-03-07T12:08:07Z</time>
    <extensions>
     <gpxtpx:TrackPointExtension>
      <gpxtpx:hr>108</gpxtpx:hr>
      <gpxtpx:cad>0</gpxtpx:cad>
     </gpxtpx:TrackPointExtension>
    </extensions>
   </trkpt>
   <trkpt lat="47.8407320" lon="13.7769980">
    <ele>856.8</ele>
    <time>2026-03-07T12:08:09Z</time>
    <extensions>
     <gpxtpx:TrackPointExtension>
      <gpxtpx:hr>108</gpxtpx:hr>
      <gpxtpx:cad>0</gpxtpx:cad>
     </gpxtpx:TrackPointExtension>
    </extensions>
   </trkpt>
   <trkpt lat="47.8407200" lon="13.7769910">
    <ele>856.0</ele>
    <time>2026-03-07T12:08:17Z</time>
    <extensions>
     <gpxtpx:TrackPointExtension>
      <gpxtpx:hr>110</gpxtpx:hr>
      <gpxtpx:cad>0</gpxtpx:cad>
     </gpxtpx:TrackPointExtension>
    </extensions>
   </trkpt>
   <trkpt lat="47.8407190" lon="13.7769960">
    <ele>855.8</ele>
    <time>2026-03-07T12:08:19Z</time>
    <extensions>
     <gpxtpx:TrackPointExtension>
      <gpxtpx:hr>111</gpxtpx:hr>
      <gpxtpx:cad>0</gpxtpx:cad>
     </gpxtpx:TrackPointExtension>
    </extensions>
   </trkpt>
   <trkpt lat="47.8407170" lon="13.7770020">
    <ele>855.0</ele>
    <time>2026-03-07T12:08:24Z</time>
    <extensions>
     <gpxtpx:TrackPointExtension>
      <gpxtpx:hr>111</gpxtpx:hr>
      <gpxtpx:cad>0</gpxtpx:cad>
     </gpxtpx:TrackPointExtension>
    </extensions>
   </trkpt>
   <trkpt lat="47.8407160" lon="13.7770040">
    <ele>854.8</ele>
    <time>2026-03-07T12:08:29Z</time>
    <extensions>
     <gpxtpx:TrackPointExtension>
      <gpxtpx:hr>111</gpxtpx:hr>
      <gpxtpx:cad>0</gpxtpx:cad>
     </gpxtpx:TrackPointExtension>
    </extensions>
   </trkpt>
   <trkpt lat="47.8407160" lon="13.7770060">
    <ele>854.6</ele>
    <time>2026-03-07T12:08:32Z</time>
    <extensions>
     <gpxtpx:TrackPointExtension>
      <gpxtpx:hr>110</gpxtpx:hr>
      <gpxtpx:cad>0</gpxtpx:cad>
     </gpxtpx:TrackPointExtension>
    </extensions>
   </trkpt>
   <trkpt lat="47.8407110" lon="13.7770070">
    <ele>854.0</ele>
    <time>2026-03-07T12:08:40Z</time>
    <extensions>
     <gpxtpx:TrackPointExtension>
      <gpxtpx:hr>110</gpxtpx:hr>
      <gpxtpx:cad>0</gpxtpx:cad>
     </gpxtpx:TrackPointExtension>
    </extensions>
   </trkpt>
   <trkpt lat="47.8407030" lon="13.7769960">
    <ele>854.0</ele>
    <time>2026-03-07T12:08:47Z</time>
    <extensions>
     <gpxtpx:TrackPointExtension>
      <gpxtpx:hr>111</gpxtpx:hr>
      <gpxtpx:cad>0</gpxtpx:cad>
     </gpxtpx:TrackPointExtension>
    </extensions>
   </trkpt>
   <trkpt lat="47.8407010" lon="13.7769990">
    <ele>853.6</ele>
    <time>2026-03-07T12:08:52Z</time>
    <extensions>
     <gpxtpx:TrackPointExtension>
      <gpxtpx:hr>111</gpxtpx:hr>
      <gpxtpx:cad>0</gpxtpx:cad>
     </gpxtpx:TrackPointExtension>
    </extensions>
   </trkpt>
   <trkpt lat="47.8407090" lon="13.7770170">
    <ele>853.2</ele>
    <time>2026-03-07T12:08:55Z</time>
    <extensions>
     <gpxtpx:TrackPointExtension>
      <gpxtpx:hr>109</gpxtpx:hr>
      <gpxtpx:cad>0</gpxtpx:cad>
     </gpxtpx:TrackPointExtension>
    </extensions>
   </trkpt>
   <trkpt lat="47.8407140" lon="13.7770570">
    <ele>854.2</ele>
    <time>2026-03-07T12:09:02Z</time>
    <extensions>
     <gpxtpx:TrackPointExtension>
      <gpxtpx:hr>107</gpxtpx:hr>
      <gpxtpx:cad>0</gpxtpx:cad>
     </gpxtpx:TrackPointExtension>
    </extensions>
   </trkpt>
   <trkpt lat="47.8407140" lon="13.7770780">
    <ele>853.4</ele>
    <time>2026-03-07T12:09:09Z</time>
    <extensions>
     <gpxtpx:TrackPointExtension>
      <gpxtpx:hr>109</gpxtpx:hr>
      <gpxtpx:cad>0</gpxtpx:cad>
     </gpxtpx:TrackPointExtension>
    </extensions>
   </trkpt>
   <trkpt lat="47.8407140" lon="13.7770830">
    <ele>853.2</ele>
    <time>2026-03-07T12:09:14Z</time>
    <extensions>
     <gpxtpx:TrackPointExtension>
      <gpxtpx:hr>106</gpxtpx:hr>
      <gpxtpx:cad>0</gpxtpx:cad>
     </gpxtpx:TrackPointExtension>
    </extensions>
   </trkpt>
   <trkpt lat="47.8407120" lon="13.7770820">
    <ele>852.8</ele>
    <time>2026-03-07T12:09:17Z</time>
    <extensions>
     <gpxtpx:TrackPointExtension>
      <gpxtpx:hr>105</gpxtpx:hr>
      <gpxtpx:cad>0</gpxtpx:cad>
     </gpxtpx:TrackPointExtension>
    </extensions>
   </trkpt>
   <trkpt lat="47.8407070" lon="13.7770760">
    <ele>852.4</ele>
    <time>2026-03-07T12:09:21Z</time>
    <extensions>
     <gpxtpx:TrackPointExtension>
      <gpxtpx:hr>105</gpxtpx:hr>
      <gpxtpx:cad>0</gpxtpx:cad>
     </gpxtpx:TrackPointExtension>
    </extensions>
   </trkpt>
   <trkpt lat="47.8407040" lon="13.7770720">
    <ele>852.4</ele>
    <time>2026-03-07T12:09:23Z</time>
    <extensions>
     <gpxtpx:TrackPointExtension>
      <gpxtpx:hr>105</gpxtpx:hr>
      <gpxtpx:cad>0</gpxtpx:cad>
     </gpxtpx:TrackPointExtension>
    </extensions>
   </trkpt>
   <trkpt lat="47.8406990" lon="13.7770700">
    <ele>852.2</ele>
    <time>2026-03-07T12:09:27Z</time>
    <extensions>
     <gpxtpx:TrackPointExtension>
      <gpxtpx:hr>110</gpxtpx:hr>
      <gpxtpx:cad>0</gpxtpx:cad>
     </gpxtpx:TrackPointExtension>
    </extensions>
   </trkpt>
   <trkpt lat="47.8406940" lon="13.7770670">
    <ele>852.0</ele>
    <time>2026-03-07T12:09:29Z</time>
    <extensions>
     <gpxtpx:TrackPointExtension>
      <gpxtpx:hr>109</gpxtpx:hr>
      <gpxtpx:cad>0</gpxtpx:cad>
     </gpxtpx:TrackPointExtension>
    </extensions>
   </trkpt>
   <trkpt lat="47.8406760" lon="13.7770640">
    <ele>851.4</ele>
    <time>2026-03-07T12:09:34Z</time>
    <extensions>
     <gpxtpx:TrackPointExtension>
      <gpxtpx:hr>111</gpxtpx:hr>
      <gpxtpx:cad>0</gpxtpx:cad>
     </gpxtpx:TrackPointExtension>
    </extensions>
   </trkpt>
   <trkpt lat="47.8406730" lon="13.7770650">
    <ele>851.0</ele>
    <time>2026-03-07T12:09:36Z</time>
    <extensions>
     <gpxtpx:TrackPointExtension>
      <gpxtpx:hr>113</gpxtpx:hr>
      <gpxtpx:cad>0</gpxtpx:cad>
     </gpxtpx:TrackPointExtension>
    </extensions>
   </trkpt>
   <trkpt lat="47.8406550" lon="13.7770830">
    <ele>850.6</ele>
    <time>2026-03-07T12:09:47Z</time>
    <extensions>
     <gpxtpx:TrackPointExtension>
      <gpxtpx:hr>112</gpxtpx:hr>
      <gpxtpx:cad>0</gpxtpx:cad>
     </gpxtpx:TrackPointExtension>
    </extensions>
   </trkpt>
   <trkpt lat="47.8406540" lon="13.7770880">
    <ele>850.2</ele>
    <time>2026-03-07T12:09:52Z</time>
    <extensions>
     <gpxtpx:TrackPointExtension>
      <gpxtpx:hr>110</gpxtpx:hr>
      <gpxtpx:cad>0</gpxtpx:cad>
     </gpxtpx:TrackPointExtension>
    </extensions>
   </trkpt>
   <trkpt lat="47.8406530" lon="13.7770890">
    <ele>850.2</ele>
    <time>2026-03-07T12:09:55Z</time>
    <extensions>
     <gpxtpx:TrackPointExtension>
      <gpxtpx:hr>109</gpxtpx:hr>
      <gpxtpx:cad>0</gpxtpx:cad>
     </gpxtpx:TrackPointExtension>
    </extensions>
   </trkpt>
   <trkpt lat="47.8406540" lon="13.7770870">
    <ele>849.8</ele>
    <time>2026-03-07T12:10:03Z</time>
    <extensions>
     <gpxtpx:TrackPointExtension>
      <gpxtpx:hr>112</gpxtpx:hr>
      <gpxtpx:cad>0</gpxtpx:cad>
     </gpxtpx:TrackPointExtension>
    </extensions>
   </trkpt>
   <trkpt lat="47.8406540" lon="13.7770850">
    <ele>849.8</ele>
    <time>2026-03-07T12:10:06Z</time>
    <extensions>
     <gpxtpx:TrackPointExtension>
      <gpxtpx:hr>115</gpxtpx:hr>
      <gpxtpx:cad>0</gpxtpx:cad>
     </gpxtpx:TrackPointExtension>
    </extensions>
   </trkpt>
   <trkpt lat="47.8406540" lon="13.7770840">
    <ele>849.8</ele>
    <time>2026-03-07T12:10:07Z</time>
    <extensions>
     <gpxtpx:TrackPointExtension>
      <gpxtpx:hr>118</gpxtpx:hr>
      <gpxtpx:cad>0</gpxtpx:cad>
     </gpxtpx:TrackPointExtension>
    </extensions>
   </trkpt>
   <trkpt lat="47.8406540" lon="13.7770820">
    <ele>849.8</ele>
    <time>2026-03-07T12:10:09Z</time>
    <extensions>
     <gpxtpx:TrackPointExtension>
      <gpxtpx:hr>120</gpxtpx:hr>
      <gpxtpx:cad>0</gpxtpx:cad>
     </gpxtpx:TrackPointExtension>
    </extensions>
   </trkpt>
   <trkpt lat="47.8406550" lon="13.7770730">
    <ele>849.8</ele>
    <time>2026-03-07T12:10:16Z</time>
    <extensions>
     <gpxtpx:TrackPointExtension>
      <gpxtpx:hr>123</gpxtpx:hr>
      <gpxtpx:cad>0</gpxtpx:cad>
     </gpxtpx:TrackPointExtension>
    </extensions>
   </trkpt>
   <trkpt lat="47.8406560" lon="13.7770670">
    <ele>850.0</ele>
    <time>2026-03-07T12:10:21Z</time>
    <extensions>
     <gpxtpx:TrackPointExtension>
      <gpxtpx:hr>123</gpxtpx:hr>
      <gpxtpx:cad>0</gpxtpx:cad>
     </gpxtpx:TrackPointExtension>
    </extensions>
   </trkpt>
   <trkpt lat="47.8406550" lon="13.7770640">
    <ele>850.0</ele>
    <time>2026-03-07T12:10:28Z</time>
    <extensions>
     <gpxtpx:TrackPointExtension>
      <gpxtpx:hr>119</gpxtpx:hr>
      <gpxtpx:cad>0</gpxtpx:cad>
     </gpxtpx:TrackPointExtension>
    </extensions>
   </trkpt>
   <trkpt lat="47.8406560" lon="13.7770560">
    <ele>851.0</ele>
    <time>2026-03-07T12:10:37Z</time>
    <extensions>
     <gpxtpx:TrackPointExtension>
      <gpxtpx:hr>118</gpxtpx:hr>
      <gpxtpx:cad>0</gpxtpx:cad>
     </gpxtpx:TrackPointExtension>
    </extensions>
   </trkpt>
   <trkpt lat="47.8406570" lon="13.7770550">
    <ele>851.4</ele>
    <time>2026-03-07T12:10:39Z</time>
    <extensions>
     <gpxtpx:TrackPointExtension>
      <gpxtpx:hr>118</gpxtpx:hr>
      <gpxtpx:cad>0</gpxtpx:cad>
     </gpxtpx:TrackPointExtension>
    </extensions>
   </trkpt>
   <trkpt lat="47.8406570" lon="13.7770530">
    <ele>851.0</ele>
    <time>2026-03-07T12:10:44Z</time>
    <extensions>
     <gpxtpx:TrackPointExtension>
      <gpxtpx:hr>121</gpxtpx:hr>
      <gpxtpx:cad>0</gpxtpx:cad>
     </gpxtpx:TrackPointExtension>
    </extensions>
   </trkpt>
   <trkpt lat="47.8406560" lon="13.7770530">
    <ele>850.6</ele>
    <time>2026-03-07T12:10:51Z</time>
    <extensions>
     <gpxtpx:TrackPointExtension>
      <gpxtpx:hr>118</gpxtpx:hr>
      <gpxtpx:cad>0</gpxtpx:cad>
     </gpxtpx:TrackPointExtension>
    </extensions>
   </trkpt>
   <trkpt lat="47.8406550" lon="13.7770530">
    <ele>850.8</ele>
    <time>2026-03-07T12:10:52Z</time>
    <extensions>
     <gpxtpx:TrackPointExtension>
      <gpxtpx:hr>116</gpxtpx:hr>
      <gpxtpx:cad>0</gpxtpx:cad>
     </gpxtpx:TrackPointExtension>
    </extensions>
   </trkpt>
   <trkpt lat="47.8406520" lon="13.7770550">
    <ele>849.8</ele>
    <time>2026-03-07T12:10:56Z</time>
    <extensions>
     <gpxtpx:TrackPointExtension>
      <gpxtpx:hr>115</gpxtpx:hr>
      <gpxtpx:cad>0</gpxtpx:cad>
     </gpxtpx:TrackPointExtension>
    </extensions>
   </trkpt>
   <trkpt lat="47.8406500" lon="13.7770540">
    <ele>849.0</ele>
    <time>2026-03-07T12:10:59Z</time>
    <extensions>
     <gpxtpx:TrackPointExtension>
      <gpxtpx:hr>114</gpxtpx:hr>
      <gpxtpx:cad>0</gpxtpx:cad>
     </gpxtpx:TrackPointExtension>
    </extensions>
   </trkpt>
   <trkpt lat="47.8406270" lon="13.7769940">
    <ele>850.0</ele>
    <time>2026-03-07T12:11:07Z</time>
    <extensions>
     <gpxtpx:TrackPointExtension>
      <gpxtpx:hr>114</gpxtpx:hr>
      <gpxtpx:cad>0</gpxtpx:cad>
     </gpxtpx:TrackPointExtension>
    </extensions>
   </trkpt>
   <trkpt lat="47.8406130" lon="13.7769650">
    <ele>849.8</ele>
    <time>2026-03-07T12:11:13Z</time>
    <extensions>
     <gpxtpx:TrackPointExtension>
      <gpxtpx:hr>114</gpxtpx:hr>
      <gpxtpx:cad>0</gpxtpx:cad>
     </gpxtpx:TrackPointExtension>
    </extensions>
   </trkpt>
   <trkpt lat="47.8406180" lon="13.7769260">
    <ele>849.6</ele>
    <time>2026-03-07T12:11:20Z</time>
    <extensions>
     <gpxtpx:TrackPointExtension>
      <gpxtpx:hr>114</gpxtpx:hr>
      <gpxtpx:cad>0</gpxtpx:cad>
     </gpxtpx:TrackPointExtension>
    </extensions>
   </trkpt>
   <trkpt lat="47.8406180" lon="13.7769280">
    <ele>850.6</ele>
    <time>2026-03-07T12:11:29Z</time>
    <extensions>
     <gpxtpx:TrackPointExtension>
      <gpxtpx:hr>115</gpxtpx:hr>
      <gpxtpx:cad>0</gpxtpx:cad>
     </gpxtpx:TrackPointExtension>
    </extensions>
   </trkpt>
   <trkpt lat="47.8406180" lon="13.7769280">
    <ele>850.8</ele>
    <time>2026-03-07T12:11:30Z</time>
    <extensions>
     <gpxtpx:TrackPointExtension>
      <gpxtpx:hr>114</gpxtpx:hr>
      <gpxtpx:cad>0</gpxtpx:cad>
     </gpxtpx:TrackPointExtension>
    </extensions>
   </trkpt>
   <trkpt lat="47.8406180" lon="13.7769280">
    <ele>851.0</ele>
    <time>2026-03-07T12:11:31Z</time>
    <extensions>
     <gpxtpx:TrackPointExtension>
      <gpxtpx:hr>110</gpxtpx:hr>
      <gpxtpx:cad>0</gpxtpx:cad>
     </gpxtpx:TrackPointExtension>
    </extensions>
   </trkpt>
   <trkpt lat="47.8406170" lon="13.7769210">
    <ele>851.0</ele>
    <time>2026-03-07T12:11:42Z</time>
    <extensions>
     <gpxtpx:TrackPointExtension>
      <gpxtpx:hr>106</gpxtpx:hr>
      <gpxtpx:cad>0</gpxtpx:cad>
     </gpxtpx:TrackPointExtension>
    </extensions>
   </trkpt>
   <trkpt lat="47.8406170" lon="13.7769190">
    <ele>850.4</ele>
    <time>2026-03-07T12:11:44Z</time>
    <extensions>
     <gpxtpx:TrackPointExtension>
      <gpxtpx:hr>103</gpxtpx:hr>
      <gpxtpx:cad>0</gpxtpx:cad>
     </gpxtpx:TrackPointExtension>
    </extensions>
   </trkpt>
   <trkpt lat="47.8406170" lon="13.7769150">
    <ele>850.0</ele>
    <time>2026-03-07T12:11:45Z</time>
    <extensions>
     <gpxtpx:TrackPointExtension>
      <gpxtpx:hr>103</gpxtpx:hr>
      <gpxtpx:cad>0</gpxtpx:cad>
     </gpxtpx:TrackPointExtension>
    </extensions>
   </trkpt>
   <trkpt lat="47.8406180" lon="13.7769080">
    <ele>849.6</ele>
    <time>2026-03-07T12:11:46Z</time>
    <extensions>
     <gpxtpx:TrackPointExtension>
      <gpxtpx:hr>103</gpxtpx:hr>
      <gpxtpx:cad>0</gpxtpx:cad>
     </gpxtpx:TrackPointExtension>
    </extensions>
   </trkpt>
   <trkpt lat="47.8406140" lon="13.7768570">
    <ele>849.4</ele>
    <time>2026-03-07T12:11:52Z</time>
    <extensions>
     <gpxtpx:TrackPointExtension>
      <gpxtpx:hr>103</gpxtpx:hr>
      <gpxtpx:cad>0</gpxtpx:cad>
     </gpxtpx:TrackPointExtension>
    </extensions>
   </trkpt>
   <trkpt lat="47.8406060" lon="13.7768180">
    <ele>848.6</ele>
    <time>2026-03-07T12:11:56Z</time>
    <extensions>
     <gpxtpx:TrackPointExtension>
      <gpxtpx:hr>103</gpxtpx:hr>
      <gpxtpx:cad>66</gpxtpx:cad>
     </gpxtpx:TrackPointExtension>
    </extensions>
   </trkpt>
   <trkpt lat="47.8406090" lon="13.7768080">
    <ele>848.4</ele>
    <time>2026-03-07T12:11:58Z</time>
    <extensions>
     <gpxtpx:TrackPointExtension>
      <gpxtpx:hr>103</gpxtpx:hr>
      <gpxtpx:cad>64</gpxtpx:cad>
     </gpxtpx:TrackPointExtension>
    </extensions>
   </trkpt>
   <trkpt lat="47.8406010" lon="13.7767980">
    <ele>848.6</ele>
    <time>2026-03-07T12:12:04Z</time>
    <extensions>
     <gpxtpx:TrackPointExtension>
      <gpxtpx:hr>106</gpxtpx:hr>
      <gpxtpx:cad>0</gpxtpx:cad>
     </gpxtpx:TrackPointExtension>
    </extensions>
   </trkpt>
   <trkpt lat="47.8405980" lon="13.7767960">
    <ele>848.6</ele>
    <time>2026-03-07T12:12:06Z</time>
    <extensions>
     <gpxtpx:TrackPointExtension>
      <gpxtpx:hr>107</gpxtpx:hr>
      <gpxtpx:cad>0</gpxtpx:cad>
     </gpxtpx:TrackPointExtension>
    </extensions>
   </trkpt>
   <trkpt lat="47.8405950" lon="13.7767980">
    <ele>848.6</ele>
    <time>2026-03-07T12:12:14Z</time>
    <extensions>
     <gpxtpx:TrackPointExtension>
      <gpxtpx:hr>108</gpxtpx:hr>
      <gpxtpx:cad>0</gpxtpx:cad>
     </gpxtpx:TrackPointExtension>
    </extensions>
   </trkpt>
   <trkpt lat="47.8405980" lon="13.7767820">
    <ele>848.4</ele>
    <time>2026-03-07T12:12:22Z</time>
    <extensions>
     <gpxtpx:TrackPointExtension>
      <gpxtpx:hr>109</gpxtpx:hr>
      <gpxtpx:cad>0</gpxtpx:cad>
     </gpxtpx:TrackPointExtension>
    </extensions>
   </trkpt>
   <trkpt lat="47.8405960" lon="13.7767770">
    <ele>849.0</ele>
    <time>2026-03-07T12:12:30Z</time>
    <extensions>
     <gpxtpx:TrackPointExtension>
      <gpxtpx:hr>107</gpxtpx:hr>
      <gpxtpx:cad>0</gpxtpx:cad>
     </gpxtpx:TrackPointExtension>
    </extensions>
   </trkpt>
   <trkpt lat="47.8405980" lon="13.7767700">
    <ele>848.6</ele>
    <time>2026-03-07T12:12:37Z</time>
    <extensions>
     <gpxtpx:TrackPointExtension>
      <gpxtpx:hr>104</gpxtpx:hr>
      <gpxtpx:cad>0</gpxtpx:cad>
     </gpxtpx:TrackPointExtension>
    </extensions>
   </trkpt>
   <trkpt lat="47.8406040" lon="13.7767650">
    <ele>848.2</ele>
    <time>2026-03-07T12:12:41Z</time>
    <extensions>
     <gpxtpx:TrackPointExtension>
      <gpxtpx:hr>103</gpxtpx:hr>
      <gpxtpx:cad>0</gpxtpx:cad>
     </gpxtpx:TrackPointExtension>
    </extensions>
   </trkpt>
   <trkpt lat="47.8406130" lon="13.7767610">
    <ele>847.4</ele>
    <time>2026-03-07T12:12:45Z</time>
    <extensions>
     <gpxtpx:TrackPointExtension>
      <gpxtpx:hr>102</gpxtpx:hr>
      <gpxtpx:cad>0</gpxtpx:cad>
     </gpxtpx:TrackPointExtension>
    </extensions>
   </trkpt>
   <trkpt lat="47.8406380" lon="13.7767470">
    <ele>846.8</ele>
    <time>2026-03-07T12:12:49Z</time>
    <extensions>
     <gpxtpx:TrackPointExtension>
      <gpxtpx:hr>102</gpxtpx:hr>
      <gpxtpx:cad>0</gpxtpx:cad>
     </gpxtpx:TrackPointExtension>
    </extensions>
   </trkpt>
   <trkpt lat="47.8406470" lon="13.7767500">
    <ele>846.4</ele>
    <time>2026-03-07T12:12:52Z</time>
    <extensions>
     <gpxtpx:TrackPointExtension>
      <gpxtpx:hr>102</gpxtpx:hr>
      <gpxtpx:cad>54</gpxtpx:cad>
     </gpxtpx:TrackPointExtension>
    </extensions>
   </trkpt>
   <trkpt lat="47.8406600" lon="13.7767640">
    <ele>845.4</ele>
    <time>2026-03-07T12:12:57Z</time>
    <extensions>
     <gpxtpx:TrackPointExtension>
      <gpxtpx:hr>102</gpxtpx:hr>
      <gpxtpx:cad>59</gpxtpx:cad>
     </gpxtpx:TrackPointExtension>
    </extensions>
   </trkpt>
   <trkpt lat="47.8406620" lon="13.7767670">
    <ele>845.2</ele>
    <time>2026-03-07T12:12:58Z</time>
    <extensions>
     <gpxtpx:TrackPointExtension>
      <gpxtpx:hr>102</gpxtpx:hr>
      <gpxtpx:cad>59</gpxtpx:cad>
     </gpxtpx:TrackPointExtension>
    </extensions>
   </trkpt>
   <trkpt lat="47.8406960" lon="13.7767660">
    <ele>844.2</ele>
    <time>2026-03-07T12:13:03Z</time>
    <extensions>
     <gpxtpx:TrackPointExtension>
      <gpxtpx:hr>101</gpxtpx:hr>
      <gpxtpx:cad>0</gpxtpx:cad>
     </gpxtpx:TrackPointExtension>
    </extensions>
   </trkpt>
   <trkpt lat="47.8407140" lon="13.7767640">
    <ele>843.8</ele>
    <time>2026-03-07T12:13:05Z</time>
    <extensions>
     <gpxtpx:TrackPointExtension>
      <gpxtpx:hr>100</gpxtpx:hr>
      <gpxtpx:cad>0</gpxtpx:cad>
     </gpxtpx:TrackPointExtension>
    </extensions>
   </trkpt>
   <trkpt lat="47.8407350" lon="13.7767690">
    <ele>843.2</ele>
    <time>2026-03-07T12:13:08Z</time>
    <extensions>
     <gpxtpx:TrackPointExtension>
      <gpxtpx:hr>101</gpxtpx:hr>
      <gpxtpx:cad>0</gpxtpx:cad>
     </gpxtpx:TrackPointExtension>
    </extensions>
   </trkpt>
   <trkpt lat="47.8407780" lon="13.7767640">
    <ele>842.6</ele>
    <time>2026-03-07T12:13:13Z</time>
    <extensions>
     <gpxtpx:TrackPointExtension>
      <gpxtpx:hr>102</gpxtpx:hr>
      <gpxtpx:cad>0</gpxtpx:cad>
     </gpxtpx:TrackPointExtension>
    </extensions>
   </trkpt>
   <trkpt lat="47.8407970" lon="13.7767710">
    <ele>842.0</ele>
    <time>2026-03-07T12:13:15Z</time>
    <extensions>
     <gpxtpx:TrackPointExtension>
      <gpxtpx:hr>102</gpxtpx:hr>
      <gpxtpx:cad>0</gpxtpx:cad>
     </gpxtpx:TrackPointExtension>
    </extensions>
   </trkpt>
   <trkpt lat="47.8408270" lon="13.7767790">
    <ele>841.4</ele>
    <time>2026-03-07T12:13:19Z</time>
    <extensions>
     <gpxtpx:TrackPointExtension>
      <gpxtpx:hr>101</gpxtpx:hr>
      <gpxtpx:cad>66</gpxtpx:cad>
     </gpxtpx:TrackPointExtension>
    </extensions>
   </trkpt>
   <trkpt lat="47.8408330" lon="13.7767880">
    <ele>841.2</ele>
    <time>2026-03-07T12:13:22Z</time>
    <extensions>
     <gpxtpx:TrackPointExtension>
      <gpxtpx:hr>102</gpxtpx:hr>
      <gpxtpx:cad>53</gpxtpx:cad>
     </gpxtpx:TrackPointExtension>
    </extensions>
   </trkpt>
   <trkpt lat="47.8408350" lon="13.7767900">
    <ele>841.0</ele>
    <time>2026-03-07T12:13:23Z</time>
    <extensions>
     <gpxtpx:TrackPointExtension>
      <gpxtpx:hr>102</gpxtpx:hr>
      <gpxtpx:cad>53</gpxtpx:cad>
     </gpxtpx:TrackPointExtension>
    </extensions>
   </trkpt>
   <trkpt lat="47.8408410" lon="13.7767960">
    <ele>840.6</ele>
    <time>2026-03-07T12:13:25Z</time>
    <extensions>
     <gpxtpx:TrackPointExtension>
      <gpxtpx:hr>102</gpxtpx:hr>
      <gpxtpx:cad>0</gpxtpx:cad>
     </gpxtpx:TrackPointExtension>
    </extensions>
   </trkpt>
   <trkpt lat="47.8408160" lon="13.7767920">
    <ele>840.0</ele>
    <time>2026-03-07T12:13:32Z</time>
    <extensions>
     <gpxtpx:TrackPointExtension>
      <gpxtpx:hr>102</gpxtpx:hr>
      <gpxtpx:cad>44</gpxtpx:cad>
     </gpxtpx:TrackPointExtension>
    </extensions>
   </trkpt>
   <trkpt lat="47.8407970" lon="13.7767980">
    <ele>840.6</ele>
    <time>2026-03-07T12:13:39Z</time>
    <extensions>
     <gpxtpx:TrackPointExtension>
      <gpxtpx:hr>104</gpxtpx:hr>
      <gpxtpx:cad>44</gpxtpx:cad>
     </gpxtpx:TrackPointExtension>
    </extensions>
   </trkpt>
   <trkpt lat="47.8407940" lon="13.7767990">
    <ele>841.0</ele>
    <time>2026-03-07T12:13:41Z</time>
    <extensions>
     <gpxtpx:TrackPointExtension>
      <gpxtpx:hr>104</gpxtpx:hr>
      <gpxtpx:cad>0</gpxtpx:cad>
     </gpxtpx:TrackPointExtension>
    </extensions>
   </trkpt>
   <trkpt lat="47.8408030" lon="13.7767880">
    <ele>841.0</ele>
    <time>2026-03-07T12:13:51Z</time>
    <extensions>
     <gpxtpx:TrackPointExtension>
      <gpxtpx:hr>103</gpxtpx:hr>
      <gpxtpx:cad>0</gpxtpx:cad>
     </gpxtpx:TrackPointExtension>
    </extensions>
   </trkpt>
   <trkpt lat="47.8408080" lon="13.7767970">
    <ele>840.2</ele>
    <time>2026-03-07T12:13:57Z</time>
    <extensions>
     <gpxtpx:TrackPointExtension>
      <gpxtpx:hr>106</gpxtpx:hr>
      <gpxtpx:cad>0</gpxtpx:cad>
     </gpxtpx:TrackPointExtension>
    </extensions>
   </trkpt>
   <trkpt lat="47.8408100" lon="13.7767980">
    <ele>840.0</ele>
    <time>2026-03-07T12:13:58Z</time>
    <extensions>
     <gpxtpx:TrackPointExtension>
      <gpxtpx:hr>106</gpxtpx:hr>
      <gpxtpx:cad>0</gpxtpx:cad>
     </gpxtpx:TrackPointExtension>
    </extensions>
   </trkpt>
   <trkpt lat="47.8408140" lon="13.7768020">
    <ele>839.6</ele>
    <time>2026-03-07T12:14:00Z</time>
    <extensions>
     <gpxtpx:TrackPointExtension>
      <gpxtpx:hr>108</gpxtpx:hr>
      <gpxtpx:cad>0</gpxtpx:cad>
     </gpxtpx:TrackPointExtension>
    </extensions>
   </trkpt>
   <trkpt lat="47.8408420" lon="13.7768190">
    <ele>839.0</ele>
    <time>2026-03-07T12:14:06Z</time>
    <extensions>
     <gpxtpx:TrackPointExtension>
      <gpxtpx:hr>107</gpxtpx:hr>
      <gpxtpx:cad>0</gpxtpx:cad>
     </gpxtpx:TrackPointExtension>
    </extensions>
   </trkpt>
   <trkpt lat="47.8408560" lon="13.7768290">
    <ele>838.0</ele>
    <time>2026-03-07T12:14:08Z</time>
    <extensions>
     <gpxtpx:TrackPointExtension>
      <gpxtpx:hr>106</gpxtpx:hr>
      <gpxtpx:cad>0</gpxtpx:cad>
     </gpxtpx:TrackPointExtension>
    </extensions>
   </trkpt>
   <trkpt lat="47.8408820" lon="13.7768690">
    <ele>837.6</ele>
    <time>2026-03-07T12:14:11Z</time>
    <extensions>
     <gpxtpx:TrackPointExtension>
      <gpxtpx:hr>109</gpxtpx:hr>
      <gpxtpx:cad>0</gpxtpx:cad>
     </gpxtpx:TrackPointExtension>
    </extensions>
   </trkpt>
   <trkpt lat="47.8409010" lon="13.7768990">
    <ele>836.8</ele>
    <time>2026-03-07T12:14:13Z</time>
    <extensions>
     <gpxtpx:TrackPointExtension>
      <gpxtpx:hr>110</gpxtpx:hr>
      <gpxtpx:cad>0</gpxtpx:cad>
     </gpxtpx:TrackPointExtension>
    </extensions>
   </trkpt>
   <trkpt lat="47.8409210" lon="13.7769330">
    <ele>835.8</ele>
    <time>2026-03-07T12:14:16Z</time>
    <extensions>
     <gpxtpx:TrackPointExtension>
      <gpxtpx:hr>110</gpxtpx:hr>
      <gpxtpx:cad>0</gpxtpx:cad>
     </gpxtpx:TrackPointExtension>
    </extensions>
   </trkpt>
   <trkpt lat="47.8409340" lon="13.7769760">
    <ele>834.6</ele>
    <time>2026-03-07T12:14:21Z</time>
    <extensions>
     <gpxtpx:TrackPointExtension>
      <gpxtpx:hr>111</gpxtpx:hr>
      <gpxtpx:cad>70</gpxtpx:cad>
     </gpxtpx:TrackPointExtension>
    </extensions>
   </trkpt>
   <trkpt lat="47.8409460" lon="13.7770110">
    <ele>833.6</ele>
    <time>2026-03-07T12:14:25Z</time>
    <extensions>
     <gpxtpx:TrackPointExtension>
      <gpxtpx:hr>111</gpxtpx:hr>
      <gpxtpx:cad>48</gpxtpx:cad>
     </gpxtpx:TrackPointExtension>
    </extensions>
   </trkpt>
   <trkpt lat="47.8409510" lon="13.7770230">
    <ele>833.4</ele>
    <time>2026-03-07T12:14:26Z</time>
    <extensions>
     <gpxtpx:TrackPointExtension>
      <gpxtpx:hr>112</gpxtpx:hr>
      <gpxtpx:cad>48</gpxtpx:cad>
     </gpxtpx:TrackPointExtension>
    </extensions>
   </trkpt>
   <trkpt lat="47.8409760" lon="13.7770880">
    <ele>832.4</ele>
    <time>2026-03-07T12:14:31Z</time>
    <extensions>
     <gpxtpx:TrackPointExtension>
      <gpxtpx:hr>113</gpxtpx:hr>
      <gpxtpx:cad>65</gpxtpx:cad>
     </gpxtpx:TrackPointExtension>
    </extensions>
   </trkpt>
   <trkpt lat="47.8409850" lon="13.7771120">
    <ele>832.2</ele>
    <time>2026-03-07T12:14:33Z</time>
    <extensions>
     <gpxtpx:TrackPointExtension>
      <gpxtpx:hr>112</gpxtpx:hr>
      <gpxtpx:cad>62</gpxtpx:cad>
     </gpxtpx:TrackPointExtension>
    </extensions>
   </trkpt>
   <trkpt lat="47.8410010" lon="13.7771460">
    <ele>831.2</ele>
    <time>2026-03-07T12:14:36Z</time>
    <extensions>
     <gpxtpx:TrackPointExtension>
      <gpxtpx:hr>111</gpxtpx:hr>
      <gpxtpx:cad>0</gpxtpx:cad>
     </gpxtpx:TrackPointExtension>
    </extensions>
   </trkpt>
   <trkpt lat="47.8410280" lon="13.7771940">
    <ele>830.6</ele>
    <time>2026-03-07T12:14:41Z</time>
    <extensions>
     <gpxtpx:TrackPointExtension>
      <gpxtpx:hr>110</gpxtpx:hr>
      <gpxtpx:cad>0</gpxtpx:cad>
     </gpxtpx:TrackPointExtension>
    </extensions>
   </trkpt>
   <trkpt lat="47.8410390" lon="13.7772140">
    <ele>830.2</ele>
    <time>2026-03-07T12:14:43Z</time>
    <extensions>
     <gpxtpx:TrackPointExtension>
      <gpxtpx:hr>110</gpxtpx:hr>
      <gpxtpx:cad>0</gpxtpx:cad>
     </gpxtpx:TrackPointExtension>
    </extensions>
   </trkpt>
   <trkpt lat="47.8410520" lon="13.7772480">
    <ele>828.6</ele>
    <time>2026-03-07T12:14:46Z</time>
    <extensions>
     <gpxtpx:TrackPointExtension>
      <gpxtpx:hr>110</gpxtpx:hr>
      <gpxtpx:cad>0</gpxtpx:cad>
     </gpxtpx:TrackPointExtension>
    </extensions>
   </trkpt>
   <trkpt lat="47.8410620" lon="13.7772760">
    <ele>827.8</ele>
    <time>2026-03-07T12:14:48Z</time>
    <extensions>
     <gpxtpx:TrackPointExtension>
      <gpxtpx:hr>109</gpxtpx:hr>
      <gpxtpx:cad>68</gpxtpx:cad>
     </gpxtpx:TrackPointExtension>
    </extensions>
   </trkpt>
   <trkpt lat="47.8410690" lon="13.7772930">
    <ele>827.6</ele>
    <time>2026-03-07T12:14:49Z</time>
    <extensions>
     <gpxtpx:TrackPointExtension>
      <gpxtpx:hr>109</gpxtpx:hr>
      <gpxtpx:cad>68</gpxtpx:cad>
     </gpxtpx:TrackPointExtension>
    </extensions>
   </trkpt>
   <trkpt lat="47.8411080" lon="13.7773790">
    <ele>827.6</ele>
    <time>2026-03-07T12:14:56Z</time>
    <extensions>
     <gpxtpx:TrackPointExtension>
      <gpxtpx:hr>108</gpxtpx:hr>
      <gpxtpx:cad>62</gpxtpx:cad>
     </gpxtpx:TrackPointExtension>
    </extensions>
   </trkpt>
   <trkpt lat="47.8411250" lon="13.7774120">
    <ele>828.6</ele>
    <time>2026-03-07T12:14:59Z</time>
    <extensions>
     <gpxtpx:TrackPointExtension>
      <gpxtpx:hr>108</gpxtpx:hr>
      <gpxtpx:cad>53</gpxtpx:cad>
     </gpxtpx:TrackPointExtension>
    </extensions>
   </trkpt>
   <trkpt lat="47.8411470" lon="13.7774610">
    <ele>828.8</ele>
    <time>2026-03-07T12:15:03Z</time>
    <extensions>
     <gpxtpx:TrackPointExtension>
      <gpxtpx:hr>105</gpxtpx:hr>
      <gpxtpx:cad>50</gpxtpx:cad>
     </gpxtpx:TrackPointExtension>
    </extensions>
   </trkpt>
   <trkpt lat="47.8411520" lon="13.7774730">
    <ele>828.6</ele>
    <time>2026-03-07T12:15:04Z</time>
    <extensions>
     <gpxtpx:TrackPointExtension>
      <gpxtpx:hr>105</gpxtpx:hr>
      <gpxtpx:cad>50</gpxtpx:cad>
     </gpxtpx:TrackPointExtension>
    </extensions>
   </trkpt>
   <trkpt lat="47.8412000" lon="13.7775440">
    <ele>827.4</ele>
    <time>2026-03-07T12:15:10Z</time>
    <extensions>
     <gpxtpx:TrackPointExtension>
      <gpxtpx:hr>104</gpxtpx:hr>
      <gpxtpx:cad>60</gpxtpx:cad>
     </gpxtpx:TrackPointExtension>
    </extensions>
   </trkpt>
   <trkpt lat="47.8412360" lon="13.7775800">
    <ele>826.2</ele>
    <time>2026-03-07T12:15:14Z</time>
    <extensions>
     <gpxtpx:TrackPointExtension>
      <gpxtpx:hr>104</gpxtpx:hr>
      <gpxtpx:cad>60</gpxtpx:cad>
     </gpxtpx:TrackPointExtension>
    </extensions>
   </trkpt>
   <trkpt lat="47.8412830" lon="13.7776060">
    <ele>825.4</ele>
    <time>2026-03-07T12:15:19Z</time>
    <extensions>
     <gpxtpx:TrackPointExtension>
      <gpxtpx:hr>104</gpxtpx:hr>
      <gpxtpx:cad>0</gpxtpx:cad>
     </gpxtpx:TrackPointExtension>
    </extensions>
   </trkpt>
   <trkpt lat="47.8412910" lon="13.7776120">
    <ele>825.0</ele>
    <time>2026-03-07T12:15:20Z</time>
    <extensions>
     <gpxtpx:TrackPointExtension>
      <gpxtpx:hr>104</gpxtpx:hr>
      <gpxtpx:cad>60</gpxtpx:cad>
     </gpxtpx:TrackPointExtension>
    </extensions>
   </trkpt>
   <trkpt lat="47.8413390" lon="13.7776490">
    <ele>824.0</ele>
    <time>2026-03-07T12:15:25Z</time>
    <extensions>
     <gpxtpx:TrackPointExtension>
      <gpxtpx:hr>106</gpxtpx:hr>
      <gpxtpx:cad>63</gpxtpx:cad>
     </gpxtpx:TrackPointExtension>
    </extensions>
   </trkpt>
   <trkpt lat="47.8413990" lon="13.7776770">
    <ele>823.0</ele>
    <time>2026-03-07T12:15:31Z</time>
    <extensions>
     <gpxtpx:TrackPointExtension>
      <gpxtpx:hr>107</gpxtpx:hr>
      <gpxtpx:cad>65</gpxtpx:cad>
     </gpxtpx:TrackPointExtension>
    </extensions>
   </trkpt>
   <trkpt lat="47.8414070" lon="13.7776750">
    <ele>823.0</ele>
    <time>2026-03-07T12:15:32Z</time>
    <extensions>
     <gpxtpx:TrackPointExtension>
      <gpxtpx:hr>107</gpxtpx:hr>
      <gpxtpx:cad>62</gpxtpx:cad>
     </gpxtpx:TrackPointExtension>
    </extensions>
   </trkpt>
   <trkpt lat="47.8414420" lon="13.7776090">
    <ele>821.8</ele>
    <time>2026-03-07T12:15:39Z</time>
    <extensions>
     <gpxtpx:TrackPointExtension>
      <gpxtpx:hr>107</gpxtpx:hr>
      <gpxtpx:cad>0</gpxtpx:cad>
     </gpxtpx:TrackPointExtension>
    </extensions>
   </trkpt>
   <trkpt lat="47.8414370" lon="13.7775740">
    <ele>820.6</ele>
    <time>2026-03-07T12:15:42Z</time>
    <extensions>
     <gpxtpx:TrackPointExtension>
      <gpxtpx:hr>107</gpxtpx:hr>
      <gpxtpx:cad>64</gpxtpx:cad>
     </gpxtpx:TrackPointExtension>
    </extensions>
   </trkpt>
   <trkpt lat="47.8414360" lon="13.7775720">
    <ele>820.4</ele>
    <time>2026-03-07T12:15:43Z</time>
    <extensions>
     <gpxtpx:TrackPointExtension>
      <gpxtpx:hr>108</gpxtpx:hr>
      <gpxtpx:cad>64</gpxtpx:cad>
     </gpxtpx:TrackPointExtension>
    </extensions>
   </trkpt>
   <trkpt lat="47.8414540" lon="13.7775860">
    <ele>819.4</ele>
    <time>2026-03-07T12:15:49Z</time>
    <extensions>
     <gpxtpx:TrackPointExtension>
      <gpxtpx:hr>108</gpxtpx:hr>
      <gpxtpx:cad>51</gpxtpx:cad>
     </gpxtpx:TrackPointExtension>
    </extensions>
   </trkpt>
   <trkpt lat="47.8414630" lon="13.7775880">
    <ele>819.0</ele>
    <time>2026-03-07T12:15:51Z</time>
    <extensions>
     <gpxtpx:TrackPointExtension>
      <gpxtpx:hr>108</gpxtpx:hr>
      <gpxtpx:cad>53</gpxtpx:cad>
     </gpxtpx:TrackPointExtension>
    </extensions>
   </trkpt>
   <trkpt lat="47.8414740" lon="13.7775560">
    <ele>818.4</ele>
    <time>2026-03-07T12:15:55Z</time>
    <extensions>
     <gpxtpx:TrackPointExtension>
      <gpxtpx:hr>107</gpxtpx:hr>
      <gpxtpx:cad>59</gpxtpx:cad>
     </gpxtpx:TrackPointExtension>
    </extensions>
   </trkpt>
   <trkpt lat="47.8414750" lon="13.7775240">
    <ele>817.8</ele>
    <time>2026-03-07T12:15:58Z</time>
    <extensions>
     <gpxtpx:TrackPointExtension>
      <gpxtpx:hr>107</gpxtpx:hr>
      <gpxtpx:cad>59</gpxtpx:cad>
     </gpxtpx:TrackPointExtension>
    </extensions>
   </trkpt>
   <trkpt lat="47.8414750" lon="13.7775030">
    <ele>817.2</ele>
    <time>2026-03-07T12:16:00Z</time>
    <extensions>
     <gpxtpx:TrackPointExtension>
      <gpxtpx:hr>108</gpxtpx:hr>
      <gpxtpx:cad>54</gpxtpx:cad>
     </gpxtpx:TrackPointExtension>
    </extensions>
   </trkpt>
   <trkpt lat="47.8414850" lon="13.7774670">
    <ele>816.2</ele>
    <time>2026-03-07T12:16:04Z</time>
    <extensions>
     <gpxtpx:TrackPointExtension>
      <gpxtpx:hr>109</gpxtpx:hr>
      <gpxtpx:cad>62</gpxtpx:cad>
     </gpxtpx:TrackPointExtension>
    </extensions>
   </trkpt>
   <trkpt lat="47.8415030" lon="13.7774680">
    <ele>815.6</ele>
    <time>2026-03-07T12:16:07Z</time>
    <extensions>
     <gpxtpx:TrackPointExtension>
      <gpxtpx:hr>110</gpxtpx:hr>
      <gpxtpx:cad>62</gpxtpx:cad>
     </gpxtpx:TrackPointExtension>
    </extensions>
   </trkpt>
   <trkpt lat="47.8415200" lon="13.7774790">
    <ele>814.8</ele>
    <time>2026-03-07T12:16:09Z</time>
    <extensions>
     <gpxtpx:TrackPointExtension>
      <gpxtpx:hr>110</gpxtpx:hr>
      <gpxtpx:cad>62</gpxtpx:cad>
     </gpxtpx:TrackPointExtension>
    </extensions>
   </trkpt>
   <trkpt lat="47.8415590" lon="13.7774830">
    <ele>813.8</ele>
    <time>2026-03-07T12:16:13Z</time>
    <extensions>
     <gpxtpx:TrackPointExtension>
      <gpxtpx:hr>110</gpxtpx:hr>
      <gpxtpx:cad>62</gpxtpx:cad>
     </gpxtpx:TrackPointExtension>
    </extensions>
   </trkpt>
   <trkpt lat="47.8415680" lon="13.7774810">
    <ele>813.6</ele>
    <time>2026-03-07T12:16:14Z</time>
    <extensions>
     <gpxtpx:TrackPointExtension>
      <gpxtpx:hr>110</gpxtpx:hr>
      <gpxtpx:cad>62</gpxtpx:cad>
     </gpxtpx:TrackPointExtension>
    </extensions>
   </trkpt>
   <trkpt lat="47.8416110" lon="13.7774600">
    <ele>812.8</ele>
    <time>2026-03-07T12:16:18Z</time>
    <extensions>
     <gpxtpx:TrackPointExtension>
      <gpxtpx:hr>110</gpxtpx:hr>
      <gpxtpx:cad>60</gpxtpx:cad>
     </gpxtpx:TrackPointExtension>
    </extensions>
   </trkpt>
   <trkpt lat="47.8416490" lon="13.7774250">
    <ele>812.2</ele>
    <time>2026-03-07T12:16:22Z</time>
    <extensions>
     <gpxtpx:TrackPointExtension>
      <gpxtpx:hr>111</gpxtpx:hr>
      <gpxtpx:cad>59</gpxtpx:cad>
     </gpxtpx:TrackPointExtension>
    </extensions>
   </trkpt>
   <trkpt lat="47.8416580" lon="13.7774100">
    <ele>811.6</ele>
    <time>2026-03-07T12:16:24Z</time>
    <extensions>
     <gpxtpx:TrackPointExtension>
      <gpxtpx:hr>111</gpxtpx:hr>
      <gpxtpx:cad>59</gpxtpx:cad>
     </gpxtpx:TrackPointExtension>
    </extensions>
   </trkpt>
   <trkpt lat="47.8416680" lon="13.7773900">
    <ele>810.8</ele>
    <time>2026-03-07T12:16:28Z</time>
    <extensions>
     <gpxtpx:TrackPointExtension>
      <gpxtpx:hr>110</gpxtpx:hr>
      <gpxtpx:cad>59</gpxtpx:cad>
     </gpxtpx:TrackPointExtension>
    </extensions>
   </trkpt>
   <trkpt lat="47.8416700" lon="13.7773860">
    <ele>810.6</ele>
    <time>2026-03-07T12:16:29Z</time>
    <extensions>
     <gpxtpx:TrackPointExtension>
      <gpxtpx:hr>110</gpxtpx:hr>
      <gpxtpx:cad>59</gpxtpx:cad>
     </gpxtpx:TrackPointExtension>
    </extensions>
   </trkpt>
   <trkpt lat="47.8416770" lon="13.7773750">
    <ele>809.4</ele>
    <time>2026-03-07T12:16:37Z</time>
    <extensions>
     <gpxtpx:TrackPointExtension>
      <gpxtpx:hr>110</gpxtpx:hr>
      <gpxtpx:cad>0</gpxtpx:cad>
     </gpxtpx:TrackPointExtension>
    </extensions>
   </trkpt>
   <trkpt lat="47.8416780" lon="13.7773550">
    <ele>808.8</ele>
    <time>2026-03-07T12:16:41Z</time>
    <extensions>
     <gpxtpx:TrackPointExtension>
      <gpxtpx:hr>107</gpxtpx:hr>
      <gpxtpx:cad>0</gpxtpx:cad>
     </gpxtpx:TrackPointExtension>
    </extensions>
   </trkpt>
   <trkpt lat="47.8416800" lon="13.7773490">
    <ele>808.6</ele>
    <time>2026-03-07T12:16:44Z</time>
    <extensions>
     <gpxtpx:TrackPointExtension>
      <gpxtpx:hr>107</gpxtpx:hr>
      <gpxtpx:cad>0</gpxtpx:cad>
     </gpxtpx:TrackPointExtension>
    </extensions>
   </trkpt>
   <trkpt lat="47.8416810" lon="13.7773490">
    <ele>808.4</ele>
    <time>2026-03-07T12:16:45Z</time>
    <extensions>
     <gpxtpx:TrackPointExtension>
      <gpxtpx:hr>107</gpxtpx:hr>
      <gpxtpx:cad>0</gpxtpx:cad>
     </gpxtpx:TrackPointExtension>
    </extensions>
   </trkpt>
   <trkpt lat="47.8416990" lon="13.7773400">
    <ele>807.4</ele>
    <time>2026-03-07T12:16:53Z</time>
    <extensions>
     <gpxtpx:TrackPointExtension>
      <gpxtpx:hr>105</gpxtpx:hr>
      <gpxtpx:cad>0</gpxtpx:cad>
     </gpxtpx:TrackPointExtension>
    </extensions>
   </trkpt>
   <trkpt lat="47.8417110" lon="13.7773380">
    <ele>806.4</ele>
    <time>2026-03-07T12:17:00Z</time>
    <extensions>
     <gpxtpx:TrackPointExtension>
      <gpxtpx:hr>108</gpxtpx:hr>
      <gpxtpx:cad>0</gpxtpx:cad>
     </gpxtpx:TrackPointExtension>
    </extensions>
   </trkpt>
   <trkpt lat="47.8417130" lon="13.7773340">
    <ele>806.4</ele>
    <time>2026-03-07T12:17:01Z</time>
    <extensions>
     <gpxtpx:TrackPointExtension>
      <gpxtpx:hr>109</gpxtpx:hr>
      <gpxtpx:cad>0</gpxtpx:cad>
     </gpxtpx:TrackPointExtension>
    </extensions>
   </trkpt>
   <trkpt lat="47.8417150" lon="13.7773330">
    <ele>806.4</ele>
    <time>2026-03-07T12:17:02Z</time>
    <extensions>
     <gpxtpx:TrackPointExtension>
      <gpxtpx:hr>110</gpxtpx:hr>
      <gpxtpx:cad>0</gpxtpx:cad>
     </gpxtpx:TrackPointExtension>
    </extensions>
   </trkpt>
   <trkpt lat="47.8417240" lon="13.7773000">
    <ele>805.4</ele>
    <time>2026-03-07T12:17:07Z</time>
    <extensions>
     <gpxtpx:TrackPointExtension>
      <gpxtpx:hr>110</gpxtpx:hr>
      <gpxtpx:cad>0</gpxtpx:cad>
     </gpxtpx:TrackPointExtension>
    </extensions>
   </trkpt>
   <trkpt lat="47.8417230" lon="13.7772920">
    <ele>805.2</ele>
    <time>2026-03-07T12:17:08Z</time>
    <extensions>
     <gpxtpx:TrackPointExtension>
      <gpxtpx:hr>110</gpxtpx:hr>
      <gpxtpx:cad>0</gpxtpx:cad>
     </gpxtpx:TrackPointExtension>
    </extensions>
   </trkpt>
   <trkpt lat="47.8417030" lon="13.7772600">
    <ele>804.2</ele>
    <time>2026-03-07T12:17:14Z</time>
    <extensions>
     <gpxtpx:TrackPointExtension>
      <gpxtpx:hr>110</gpxtpx:hr>
      <gpxtpx:cad>0</gpxtpx:cad>
     </gpxtpx:TrackPointExtension>
    </extensions>
   </trkpt>
   <trkpt lat="47.8416920" lon="13.7772530">
    <ele>804.2</ele>
    <time>2026-03-07T12:17:16Z</time>
    <extensions>
     <gpxtpx:TrackPointExtension>
      <gpxtpx:hr>104</gpxtpx:hr>
      <gpxtpx:cad>0</gpxtpx:cad>
     </gpxtpx:TrackPointExtension>
    </extensions>
   </trkpt>
   <trkpt lat="47.8416850" lon="13.7772480">
    <ele>804.2</ele>
    <time>2026-03-07T12:17:17Z</time>
    <extensions>
     <gpxtpx:TrackPointExtension>
      <gpxtpx:hr>100</gpxtpx:hr>
      <gpxtpx:cad>0</gpxtpx:cad>
     </gpxtpx:TrackPointExtension>
    </extensions>
   </trkpt>
   <trkpt lat="47.8416740" lon="13.7772410">
    <ele>804.0</ele>
    <time>2026-03-07T12:17:19Z</time>
    <extensions>
     <gpxtpx:TrackPointExtension>
      <gpxtpx:hr>97</gpxtpx:hr>
      <gpxtpx:cad>0</gpxtpx:cad>
     </gpxtpx:TrackPointExtension>
    </extensions>
   </trkpt>
   <trkpt lat="47.8416650" lon="13.7772370">
    <ele>803.4</ele>
    <time>2026-03-07T12:17:21Z</time>
    <extensions>
     <gpxtpx:TrackPointExtension>
      <gpxtpx:hr>94</gpxtpx:hr>
      <gpxtpx:cad>0</gpxtpx:cad>
     </gpxtpx:TrackPointExtension>
    </extensions>
   </trkpt>
   <trkpt lat="47.8416620" lon="13.7772360">
    <ele>803.0</ele>
    <time>2026-03-07T12:17:22Z</time>
    <extensions>
     <gpxtpx:TrackPointExtension>
      <gpxtpx:hr>94</gpxtpx:hr>
      <gpxtpx:cad>59</gpxtpx:cad>
     </gpxtpx:TrackPointExtension>
    </extensions>
   </trkpt>
   <trkpt lat="47.8416630" lon="13.7772480">
    <ele>802.4</ele>
    <time>2026-03-07T12:17:27Z</time>
    <extensions>
     <gpxtpx:TrackPointExtension>
      <gpxtpx:hr>93</gpxtpx:hr>
      <gpxtpx:cad>0</gpxtpx:cad>
     </gpxtpx:TrackPointExtension>
    </extensions>
   </trkpt>
   <trkpt lat="47.8416630" lon="13.7772540">
    <ele>802.2</ele>
    <time>2026-03-07T12:17:33Z</time>
    <extensions>
     <gpxtpx:TrackPointExtension>
      <gpxtpx:hr>97</gpxtpx:hr>
      <gpxtpx:cad>0</gpxtpx:cad>
     </gpxtpx:TrackPointExtension>
    </extensions>
   </trkpt>
   <trkpt lat="47.8416630" lon="13.7772540">
    <ele>802.0</ele>
    <time>2026-03-07T12:17:34Z</time>
    <extensions>
     <gpxtpx:TrackPointExtension>
      <gpxtpx:hr>98</gpxtpx:hr>
      <gpxtpx:cad>0</gpxtpx:cad>
     </gpxtpx:TrackPointExtension>
    </extensions>
   </trkpt>
   <trkpt lat="47.8416660" lon="13.7772530">
    <ele>801.8</ele>
    <time>2026-03-07T12:17:36Z</time>
    <extensions>
     <gpxtpx:TrackPointExtension>
      <gpxtpx:hr>101</gpxtpx:hr>
      <gpxtpx:cad>0</gpxtpx:cad>
     </gpxtpx:TrackPointExtension>
    </extensions>
   </trkpt>
   <trkpt lat="47.8416730" lon="13.7772460">
    <ele>801.6</ele>
    <time>2026-03-07T12:17:39Z</time>
    <extensions>
     <gpxtpx:TrackPointExtension>
      <gpxtpx:hr>104</gpxtpx:hr>
      <gpxtpx:cad>0</gpxtpx:cad>
     </gpxtpx:TrackPointExtension>
    </extensions>
   </trkpt>
   <trkpt lat="47.8416980" lon="13.7772160">
    <ele>800.6</ele>
    <time>2026-03-07T12:17:44Z</time>
    <extensions>
     <gpxtpx:TrackPointExtension>
      <gpxtpx:hr>104</gpxtpx:hr>
      <gpxtpx:cad>0</gpxtpx:cad>
     </gpxtpx:TrackPointExtension>
    </extensions>
   </trkpt>
   <trkpt lat="47.8417180" lon="13.7771970">
    <ele>799.6</ele>
    <time>2026-03-07T12:17:47Z</time>
    <extensions>
     <gpxtpx:TrackPointExtension>
      <gpxtpx:hr>105</gpxtpx:hr>
      <gpxtpx:cad>0</gpxtpx:cad>
     </gpxtpx:TrackPointExtension>
    </extensions>
   </trkpt>
   <trkpt lat="47.8417510" lon="13.7771630">
    <ele>798.4</ele>
    <time>2026-03-07T12:17:51Z</time>
    <extensions>
     <gpxtpx:TrackPointExtension>
      <gpxtpx:hr>103</gpxtpx:hr>
      <gpxtpx:cad>72</gpxtpx:cad>
     </gpxtpx:TrackPointExtension>
    </extensions>
   </trkpt>
   <trkpt lat="47.8417660" lon="13.7771500">
    <ele>797.8</ele>
    <time>2026-03-07T12:17:53Z</time>
    <extensions>
     <gpxtpx:TrackPointExtension>
      <gpxtpx:hr>101</gpxtpx:hr>
      <gpxtpx:cad>72</gpxtpx:cad>
     </gpxtpx:TrackPointExtension>
    </extensions>
   </trkpt>
   <trkpt lat="47.8417840" lon="13.7771320">
    <ele>797.2</ele>
    <time>2026-03-07T12:17:56Z</time>
    <extensions>
     <gpxtpx:TrackPointExtension>
      <gpxtpx:hr>99</gpxtpx:hr>
      <gpxtpx:cad>64</gpxtpx:cad>
     </gpxtpx:TrackPointExtension>
    </extensions>
   </trkpt>
   <trkpt lat="47.8418010" lon="13.7770940">
    <ele>796.2</ele>
    <time>2026-03-07T12:18:02Z</time>
    <extensions>
     <gpxtpx:TrackPointExtension>
      <gpxtpx:hr>98</gpxtpx:hr>
      <gpxtpx:cad>59</gpxtpx:cad>
     </gpxtpx:TrackPointExtension>
    </extensions>
   </trkpt>
   <trkpt lat="47.8417870" lon="13.7770630">
    <ele>795.0</ele>
    <time>2026-03-07T12:18:07Z</time>
    <extensions>
     <gpxtpx:TrackPointExtension>
      <gpxtpx:hr>99</gpxtpx:hr>
      <gpxtpx:cad>59</gpxtpx:cad>
     </gpxtpx:TrackPointExtension>
    </extensions>
   </trkpt>
   <trkpt lat="47.8417840" lon="13.7770580">
    <ele>795.0</ele>
    <time>2026-03-07T12:18:08Z</time>
    <extensions>
     <gpxtpx:TrackPointExtension>
      <gpxtpx:hr>98</gpxtpx:hr>
      <gpxtpx:cad>71</gpxtpx:cad>
     </gpxtpx:TrackPointExtension>
    </extensions>
   </trkpt>
   <trkpt lat="47.8417800" lon="13.7770530">
    <ele>794.8</ele>
    <time>2026-03-07T12:18:09Z</time>
    <extensions>
     <gpxtpx:TrackPointExtension>
      <gpxtpx:hr>99</gpxtpx:hr>
      <gpxtpx:cad>71</gpxtpx:cad>
     </gpxtpx:TrackPointExtension>
    </extensions>
   </trkpt>
   <trkpt lat="47.8417560" lon="13.7770290">
    <ele>793.8</ele>
    <time>2026-03-07T12:18:14Z</time>
    <extensions>
     <gpxtpx:TrackPointExtension>
      <gpxtpx:hr>101</gpxtpx:hr>
      <gpxtpx:cad>0</gpxtpx:cad>
     </gpxtpx:TrackPointExtension>
    </extensions>
   </trkpt>
   <trkpt lat="47.8417540" lon="13.7770290">
    <ele>793.6</ele>
    <time>2026-03-07T12:18:15Z</time>
    <extensions>
     <gpxtpx:TrackPointExtension>
      <gpxtpx:hr>102</gpxtpx:hr>
      <gpxtpx:cad>56</gpxtpx:cad>
     </gpxtpx:TrackPointExtension>
    </extensions>
   </trkpt>
   <trkpt lat="47.8417500" lon="13.7770210">
    <ele>793.0</ele>
    <time>2026-03-07T12:18:23Z</time>
    <extensions>
     <gpxtpx:TrackPointExtension>
      <gpxtpx:hr>101</gpxtpx:hr>
      <gpxtpx:cad>0</gpxtpx:cad>
     </gpxtpx:TrackPointExtension>
    </extensions>
   </trkpt>
   <trkpt lat="47.8417480" lon="13.7770180">
    <ele>792.8</ele>
    <time>2026-03-07T12:18:24Z</time>
    <extensions>
     <gpxtpx:TrackPointExtension>
      <gpxtpx:hr>100</gpxtpx:hr>
      <gpxtpx:cad>0</gpxtpx:cad>
     </gpxtpx:TrackPointExtension>
    </extensions>
   </trkpt>
   <trkpt lat="47.8417650" lon="13.7770110">
    <ele>791.8</ele>
    <time>2026-03-07T12:18:29Z</time>
    <extensions>
     <gpxtpx:TrackPointExtension>
      <gpxtpx:hr>98</gpxtpx:hr>
      <gpxtpx:cad>0</gpxtpx:cad>
     </gpxtpx:TrackPointExtension>
    </extensions>
   </trkpt>
   <trkpt lat="47.8417810" lon="13.7770060">
    <ele>791.2</ele>
    <time>2026-03-07T12:18:31Z</time>
    <extensions>
     <gpxtpx:TrackPointExtension>
      <gpxtpx:hr>99</gpxtpx:hr>
      <gpxtpx:cad>0</gpxtpx:cad>
     </gpxtpx:TrackPointExtension>
    </extensions>
   </trkpt>
   <trkpt lat="47.8417940" lon="13.7770010">
    <ele>790.2</ele>
    <time>2026-03-07T12:18:33Z</time>
    <extensions>
     <gpxtpx:TrackPointExtension>
      <gpxtpx:hr>99</gpxtpx:hr>
      <gpxtpx:cad>0</gpxtpx:cad>
     </gpxtpx:TrackPointExtension>
    </extensions>
   </trkpt>
   <trkpt lat="47.8418050" lon="13.7770070">
    <ele>789.2</ele>
    <time>2026-03-07T12:18:36Z</time>
    <extensions>
     <gpxtpx:TrackPointExtension>
      <gpxtpx:hr>99</gpxtpx:hr>
      <gpxtpx:cad>66</gpxtpx:cad>
     </gpxtpx:TrackPointExtension>
    </extensions>
   </trkpt>
   <trkpt lat="47.8418120" lon="13.7770120">
    <ele>789.2</ele>
    <time>2026-03-07T12:18:39Z</time>
    <extensions>
     <gpxtpx:TrackPointExtension>
      <gpxtpx:hr>100</gpxtpx:hr>
      <gpxtpx:cad>0</gpxtpx:cad>
     </gpxtpx:TrackPointExtension>
    </extensions>
   </trkpt>
   <trkpt lat="47.8418380" lon="13.7769930">
    <ele>788.4</ele>
    <time>2026-03-07T12:18:47Z</time>
    <extensions>
     <gpxtpx:TrackPointExtension>
      <gpxtpx:hr>102</gpxtpx:hr>
      <gpxtpx:cad>0</gpxtpx:cad>
     </gpxtpx:TrackPointExtension>
    </extensions>
   </trkpt>
   <trkpt lat="47.8418500" lon="13.7769980">
    <ele>788.0</ele>
    <time>2026-03-07T12:18:49Z</time>
    <extensions>
     <gpxtpx:TrackPointExtension>
      <gpxtpx:hr>101</gpxtpx:hr>
      <gpxtpx:cad>0</gpxtpx:cad>
     </gpxtpx:TrackPointExtension>
    </extensions>
   </trkpt>
   <trkpt lat="47.8418840" lon="13.7769900">
    <ele>788.0</ele>
    <time>2026-03-07T12:18:55Z</time>
    <extensions>
     <gpxtpx:TrackPointExtension>
      <gpxtpx:hr>103</gpxtpx:hr>
      <gpxtpx:cad>0</gpxtpx:cad>
     </gpxtpx:TrackPointExtension>
    </extensions>
   </trkpt>
   <trkpt lat="47.8419030" lon="13.7769450">
    <ele>786.8</ele>
    <time>2026-03-07T12:19:01Z</time>
    <extensions>
     <gpxtpx:TrackPointExtension>
      <gpxtpx:hr>102</gpxtpx:hr>
      <gpxtpx:cad>0</gpxtpx:cad>
     </gpxtpx:TrackPointExtension>
    </extensions>
   </trkpt>
   <trkpt lat="47.8419010" lon="13.7769290">
    <ele>786.4</ele>
    <time>2026-03-07T12:19:03Z</time>
    <extensions>
     <gpxtpx:TrackPointExtension>
      <gpxtpx:hr>101</gpxtpx:hr>
      <gpxtpx:cad>0</gpxtpx:cad>
     </gpxtpx:TrackPointExtension>
    </extensions>
   </trkpt>
   <trkpt lat="47.8418880" lon="13.7769100">
    <ele>785.6</ele>
    <time>2026-03-07T12:19:07Z</time>
    <extensions>
     <gpxtpx:TrackPointExtension>
      <gpxtpx:hr>101</gpxtpx:hr>
      <gpxtpx:cad>0</gpxtpx:cad>
     </gpxtpx:TrackPointExtension>
    </extensions>
   </trkpt>
   <trkpt lat="47.8418770" lon="13.7768970">
    <ele>784.8</ele>
    <time>2026-03-07T12:19:11Z</time>
    <extensions>
     <gpxtpx:TrackPointExtension>
      <gpxtpx:hr>104</gpxtpx:hr>
      <gpxtpx:cad>0</gpxtpx:cad>
     </gpxtpx:TrackPointExtension>
    </extensions>
   </trkpt>
   <trkpt lat="47.8418730" lon="13.7768920">
    <ele>784.6</ele>
    <time>2026-03-07T12:19:12Z</time>
    <extensions>
     <gpxtpx:TrackPointExtension>
      <gpxtpx:hr>104</gpxtpx:hr>
      <gpxtpx:cad>44</gpxtpx:cad>
     </gpxtpx:TrackPointExtension>
    </extensions>
   </trkpt>
   <trkpt lat="47.8418630" lon="13.7768580">
    <ele>783.6</ele>
    <time>2026-03-07T12:19:18Z</time>
    <extensions>
     <gpxtpx:TrackPointExtension>
      <gpxtpx:hr>103</gpxtpx:hr>
      <gpxtpx:cad>43</gpxtpx:cad>
     </gpxtpx:TrackPointExtension>
    </extensions>
   </trkpt>
   <trkpt lat="47.8418680" lon="13.7768560">
    <ele>782.8</ele>
    <time>2026-03-07T12:19:21Z</time>
    <extensions>
     <gpxtpx:TrackPointExtension>
      <gpxtpx:hr>101</gpxtpx:hr>
      <gpxtpx:cad>0</gpxtpx:cad>
     </gpxtpx:TrackPointExtension>
    </extensions>
   </trkpt>
   <trkpt lat="47.8418690" lon="13.7768530">
    <ele>782.4</ele>
    <time>2026-03-07T12:19:22Z</time>
    <extensions>
     <gpxtpx:TrackPointExtension>
      <gpxtpx:hr>102</gpxtpx:hr>
      <gpxtpx:cad>0</gpxtpx:cad>
     </gpxtpx:TrackPointExtension>
    </extensions>
   </trkpt>
   <trkpt lat="47.8418690" lon="13.7768310">
    <ele>781.4</ele>
    <time>2026-03-07T12:19:28Z</time>
    <extensions>
     <gpxtpx:TrackPointExtension>
      <gpxtpx:hr>104</gpxtpx:hr>
      <gpxtpx:cad>44</gpxtpx:cad>
     </gpxtpx:TrackPointExtension>
    </extensions>
   </trkpt>
   <trkpt lat="47.8418660" lon="13.7768270">
    <ele>781.2</ele>
    <time>2026-03-07T12:19:29Z</time>
    <extensions>
     <gpxtpx:TrackPointExtension>
      <gpxtpx:hr>104</gpxtpx:hr>
      <gpxtpx:cad>44</gpxtpx:cad>
     </gpxtpx:TrackPointExtension>
    </extensions>
   </trkpt>
   <trkpt lat="47.8418720" lon="13.7768240">
    <ele>779.8</ele>
    <time>2026-03-07T12:19:34Z</time>
    <extensions>
     <gpxtpx:TrackPointExtension>
      <gpxtpx:hr>105</gpxtpx:hr>
      <gpxtpx:cad>0</gpxtpx:cad>
     </gpxtpx:TrackPointExtension>
    </extensions>
   </trkpt>
   <trkpt lat="47.8418920" lon="13.7768260">
    <ele>778.8</ele>
    <time>2026-03-07T12:19:38Z</time>
    <extensions>
     <gpxtpx:TrackPointExtension>
      <gpxtpx:hr>105</gpxtpx:hr>
      <gpxtpx:cad>67</gpxtpx:cad>
     </gpxtpx:TrackPointExtension>
    </extensions>
   </trkpt>
   <trkpt lat="47.8419050" lon="13.7768220">
    <ele>778.0</ele>
    <time>2026-03-07T12:19:42Z</time>
    <extensions>
     <gpxtpx:TrackPointExtension>
      <gpxtpx:hr>105</gpxtpx:hr>
      <gpxtpx:cad>64</gpxtpx:cad>
     </gpxtpx:TrackPointExtension>
    </extensions>
   </trkpt>
   <trkpt lat="47.8419070" lon="13.7768210">
    <ele>777.6</ele>
    <time>2026-03-07T12:19:44Z</time>
    <extensions>
     <gpxtpx:TrackPointExtension>
      <gpxtpx:hr>104</gpxtpx:hr>
      <gpxtpx:cad>64</gpxtpx:cad>
     </gpxtpx:TrackPointExtension>
    </extensions>
   </trkpt>
   <trkpt lat="47.8419180" lon="13.7767960">
    <ele>777.8</ele>
    <time>2026-03-07T12:19:49Z</time>
    <extensions>
     <gpxtpx:TrackPointExtension>
      <gpxtpx:hr>103</gpxtpx:hr>
      <gpxtpx:cad>64</gpxtpx:cad>
     </gpxtpx:TrackPointExtension>
    </extensions>
   </trkpt>
   <trkpt lat="47.8419160" lon="13.7767740">
    <ele>776.4</ele>
    <time>2026-03-07T12:19:53Z</time>
    <extensions>
     <gpxtpx:TrackPointExtension>
      <gpxtpx:hr>102</gpxtpx:hr>
      <gpxtpx:cad>64</gpxtpx:cad>
     </gpxtpx:TrackPointExtension>
    </extensions>
   </trkpt>
   <trkpt lat="47.8419160" lon="13.7767690">
    <ele>775.8</ele>
    <time>2026-03-07T12:19:55Z</time>
    <extensions>
     <gpxtpx:TrackPointExtension>
      <gpxtpx:hr>101</gpxtpx:hr>
      <gpxtpx:cad>0</gpxtpx:cad>
     </gpxtpx:TrackPointExtension>
    </extensions>
   </trkpt>
   <trkpt lat="47.8419150" lon="13.7767610">
    <ele>775.4</ele>
    <time>2026-03-07T12:19:57Z</time>
    <extensions>
     <gpxtpx:TrackPointExtension>
      <gpxtpx:hr>102</gpxtpx:hr>
      <gpxtpx:cad>0</gpxtpx:cad>
     </gpxtpx:TrackPointExtension>
    </extensions>
   </trkpt>
   <trkpt lat="47.8419130" lon="13.7767480">
    <ele>775.0</ele>
    <time>2026-03-07T12:20:02Z</time>
    <extensions>
     <gpxtpx:TrackPointExtension>
      <gpxtpx:hr>102</gpxtpx:hr>
      <gpxtpx:cad>0</gpxtpx:cad>
     </gpxtpx:TrackPointExtension>
    </extensions>
   </trkpt>
   <trkpt lat="47.8419120" lon="13.7767210">
    <ele>774.2</ele>
    <time>2026-03-07T12:20:10Z</time>
    <extensions>
     <gpxtpx:TrackPointExtension>
      <gpxtpx:hr>101</gpxtpx:hr>
      <gpxtpx:cad>61</gpxtpx:cad>
     </gpxtpx:TrackPointExtension>
    </extensions>
   </trkpt>
   <trkpt lat="47.8419100" lon="13.7767010">
    <ele>773.0</ele>
    <time>2026-03-07T12:20:14Z</time>
    <extensions>
     <gpxtpx:TrackPointExtension>
      <gpxtpx:hr>100</gpxtpx:hr>
      <gpxtpx:cad>0</gpxtpx:cad>
     </gpxtpx:TrackPointExtension>
    </extensions>
   </trkpt>
   <trkpt lat="47.8419200" lon="13.7767020">
    <ele>772.2</ele>
    <time>2026-03-07T12:20:17Z</time>
    <extensions>
     <gpxtpx:TrackPointExtension>
      <gpxtpx:hr>101</gpxtpx:hr>
      <gpxtpx:cad>0</gpxtpx:cad>
     </gpxtpx:TrackPointExtension>
    </extensions>
   </trkpt>
   <trkpt lat="47.8419240" lon="13.7767070">
    <ele>772.0</ele>
    <time>2026-03-07T12:20:18Z</time>
    <extensions>
     <gpxtpx:TrackPointExtension>
      <gpxtpx:hr>101</gpxtpx:hr>
      <gpxtpx:cad>0</gpxtpx:cad>
     </gpxtpx:TrackPointExtension>
    </extensions>
   </trkpt>
   <trkpt lat="47.8419390" lon="13.7767110">
    <ele>771.2</ele>
    <time>2026-03-07T12:20:21Z</time>
    <extensions>
     <gpxtpx:TrackPointExtension>
      <gpxtpx:hr>104</gpxtpx:hr>
      <gpxtpx:cad>0</gpxtpx:cad>
     </gpxtpx:TrackPointExtension>
    </extensions>
   </trkpt>
   <trkpt lat="47.8419430" lon="13.7767080">
    <ele>771.0</ele>
    <time>2026-03-07T12:20:22Z</time>
    <extensions>
     <gpxtpx:TrackPointExtension>
      <gpxtpx:hr>105</gpxtpx:hr>
      <gpxtpx:cad>0</gpxtpx:cad>
     </gpxtpx:TrackPointExtension>
    </extensions>
   </trkpt>
   <trkpt lat="47.8419470" lon="13.7766900">
    <ele>770.8</ele>
    <time>2026-03-07T12:20:24Z</time>
    <extensions>
     <gpxtpx:TrackPointExtension>
      <gpxtpx:hr>106</gpxtpx:hr>
      <gpxtpx:cad>62</gpxtpx:cad>
     </gpxtpx:TrackPointExtension>
    </extensions>
   </trkpt>
   <trkpt lat="47.8419500" lon="13.7766480">
    <ele>770.0</ele>
    <time>2026-03-07T12:20:28Z</time>
    <extensions>
     <gpxtpx:TrackPointExtension>
      <gpxtpx:hr>106</gpxtpx:hr>
      <gpxtpx:cad>54</gpxtpx:cad>
     </gpxtpx:TrackPointExtension>
    </extensions>
   </trkpt>
   <trkpt lat="47.8419510" lon="13.7766410">
    <ele>769.8</ele>
    <time>2026-03-07T12:20:30Z</time>
    <extensions>
     <gpxtpx:TrackPointExtension>
      <gpxtpx:hr>106</gpxtpx:hr>
      <gpxtpx:cad>50</gpxtpx:cad>
     </gpxtpx:TrackPointExtension>
    </extensions>
   </trkpt>
   <trkpt lat="47.8419510" lon="13.7766260">
    <ele>768.6</ele>
    <time>2026-03-07T12:20:36Z</time>
    <extensions>
     <gpxtpx:TrackPointExtension>
      <gpxtpx:hr>106</gpxtpx:hr>
      <gpxtpx:cad>47</gpxtpx:cad>
     </gpxtpx:TrackPointExtension>
    </extensions>
   </trkpt>
   <trkpt lat="47.8419560" lon="13.7766120">
    <ele>767.4</ele>
    <time>2026-03-07T12:20:40Z</time>
    <extensions>
     <gpxtpx:TrackPointExtension>
      <gpxtpx:hr>105</gpxtpx:hr>
      <gpxtpx:cad>47</gpxtpx:cad>
     </gpxtpx:TrackPointExtension>
    </extensions>
   </trkpt>
   <trkpt lat="47.8419570" lon="13.7766090">
    <ele>766.8</ele>
    <time>2026-03-07T12:20:42Z</time>
    <extensions>
     <gpxtpx:TrackPointExtension>
      <gpxtpx:hr>105</gpxtpx:hr>
      <gpxtpx:cad>47</gpxtpx:cad>
     </gpxtpx:TrackPointExtension>
    </extensions>
   </trkpt>
   <trkpt lat="47.8419620" lon="13.7766060">
    <ele>766.4</ele>
    <time>2026-03-07T12:20:44Z</time>
    <extensions>
     <gpxtpx:TrackPointExtension>
      <gpxtpx:hr>105</gpxtpx:hr>
      <gpxtpx:cad>47</gpxtpx:cad>
     </gpxtpx:TrackPointExtension>
    </extensions>
   </trkpt>
   <trkpt lat="47.8419820" lon="13.7765950">
    <ele>765.2</ele>
    <time>2026-03-07T12:20:49Z</time>
    <extensions>
     <gpxtpx:TrackPointExtension>
      <gpxtpx:hr>104</gpxtpx:hr>
      <gpxtpx:cad>0</gpxtpx:cad>
     </gpxtpx:TrackPointExtension>
    </extensions>
   </trkpt>
   <trkpt lat="47.8419870" lon="13.7765920">
    <ele>764.8</ele>
    <time>2026-03-07T12:20:50Z</time>
    <extensions>
     <gpxtpx:TrackPointExtension>
      <gpxtpx:hr>105</gpxtpx:hr>
      <gpxtpx:cad>0</gpxtpx:cad>
     </gpxtpx:TrackPointExtension>
    </extensions>
   </trkpt>
   <trkpt lat="47.8419950" lon="13.7765820">
    <ele>764.0</ele>
    <time>2026-03-07T12:20:52Z</time>
    <extensions>
     <gpxtpx:TrackPointExtension>
      <gpxtpx:hr>106</gpxtpx:hr>
      <gpxtpx:cad>0</gpxtpx:cad>
     </gpxtpx:TrackPointExtension>
    </extensions>
   </trkpt>
   <trkpt lat="47.8420060" lon="13.7765520">
    <ele>763.0</ele>
    <time>2026-03-07T12:20:57Z</time>
    <extensions>
     <gpxtpx:TrackPointExtension>
      <gpxtpx:hr>108</gpxtpx:hr>
      <gpxtpx:cad>57</gpxtpx:cad>
     </gpxtpx:TrackPointExtension>
    </extensions>
   </trkpt>
   <trkpt lat="47.8420050" lon="13.7765460">
    <ele>763.0</ele>
    <time>2026-03-07T12:20:58Z</time>
    <extensions>
     <gpxtpx:TrackPointExtension>
      <gpxtpx:hr>108</gpxtpx:hr>
      <gpxtpx:cad>57</gpxtpx:cad>
     </gpxtpx:TrackPointExtension>
    </extensions>
   </trkpt>
   <trkpt lat="47.8419980" lon="13.7765180">
    <ele>762.0</ele>
    <time>2026-03-07T12:21:03Z</time>
    <extensions>
     <gpxtpx:TrackPointExtension>
      <gpxtpx:hr>106</gpxtpx:hr>
      <gpxtpx:cad>0</gpxtpx:cad>
     </gpxtpx:TrackPointExtension>
    </extensions>
   </trkpt>
   <trkpt lat="47.8419880" lon="13.7765160">
    <ele>760.8</ele>
    <time>2026-03-07T12:21:08Z</time>
    <extensions>
     <gpxtpx:TrackPointExtension>
      <gpxtpx:hr>107</gpxtpx:hr>
      <gpxtpx:cad>53</gpxtpx:cad>
     </gpxtpx:TrackPointExtension>
    </extensions>
   </trkpt>
   <trkpt lat="47.8419890" lon="13.7765220">
    <ele>760.6</ele>
    <time>2026-03-07T12:21:09Z</time>
    <extensions>
     <gpxtpx:TrackPointExtension>
      <gpxtpx:hr>107</gpxtpx:hr>
      <gpxtpx:cad>53</gpxtpx:cad>
     </gpxtpx:TrackPointExtension>
    </extensions>
   </trkpt>
   <trkpt lat="47.8420010" lon="13.7765460">
    <ele>759.6</ele>
    <time>2026-03-07T12:21:13Z</time>
    <extensions>
     <gpxtpx:TrackPointExtension>
      <gpxtpx:hr>107</gpxtpx:hr>
      <gpxtpx:cad>52</gpxtpx:cad>
     </gpxtpx:TrackPointExtension>
    </extensions>
   </trkpt>
   <trkpt lat="47.8420130" lon="13.7765650">
    <ele>758.8</ele>
    <time>2026-03-07T12:21:17Z</time>
    <extensions>
     <gpxtpx:TrackPointExtension>
      <gpxtpx:hr>107</gpxtpx:hr>
      <gpxtpx:cad>0</gpxtpx:cad>
     </gpxtpx:TrackPointExtension>
    </extensions>
   </trkpt>
   <trkpt lat="47.8420400" lon="13.7765580">
    <ele>758.6</ele>
    <time>2026-03-07T12:21:23Z</time>
    <extensions>
     <gpxtpx:TrackPointExtension>
      <gpxtpx:hr>106</gpxtpx:hr>
      <gpxtpx:cad>0</gpxtpx:cad>
     </gpxtpx:TrackPointExtension>
    </extensions>
   </trkpt>
   <trkpt lat="47.8420530" lon="13.7765490">
    <ele>758.0</ele>
    <time>2026-03-07T12:21:25Z</time>
    <extensions>
     <gpxtpx:TrackPointExtension>
      <gpxtpx:hr>105</gpxtpx:hr>
      <gpxtpx:cad>0</gpxtpx:cad>
     </gpxtpx:TrackPointExtension>
    </extensions>
   </trkpt>
   <trkpt lat="47.8420700" lon="13.7765400">
    <ele>757.4</ele>
    <time>2026-03-07T12:21:27Z</time>
    <extensions>
     <gpxtpx:TrackPointExtension>
      <gpxtpx:hr>105</gpxtpx:hr>
      <gpxtpx:cad>0</gpxtpx:cad>
     </gpxtpx:TrackPointExtension>
    </extensions>
   </trkpt>
   <trkpt lat="47.8421070" lon="13.7765190">
    <ele>756.4</ele>
    <time>2026-03-07T12:21:32Z</time>
    <extensions>
     <gpxtpx:TrackPointExtension>
      <gpxtpx:hr>103</gpxtpx:hr>
      <gpxtpx:cad>57</gpxtpx:cad>
     </gpxtpx:TrackPointExtension>
    </extensions>
   </trkpt>
   <trkpt lat="47.8421140" lon="13.7765160">
    <ele>756.4</ele>
    <time>2026-03-07T12:21:33Z</time>
    <extensions>
     <gpxtpx:TrackPointExtension>
      <gpxtpx:hr>104</gpxtpx:hr>
      <gpxtpx:cad>57</gpxtpx:cad>
     </gpxtpx:TrackPointExtension>
    </extensions>
   </trkpt>
   <trkpt lat="47.8421450" lon="13.7765050">
    <ele>755.2</ele>
    <time>2026-03-07T12:21:38Z</time>
    <extensions>
     <gpxtpx:TrackPointExtension>
      <gpxtpx:hr>103</gpxtpx:hr>
      <gpxtpx:cad>59</gpxtpx:cad>
     </gpxtpx:TrackPointExtension>
    </extensions>
   </trkpt>
   <trkpt lat="47.8421600" lon="13.7764940">
    <ele>754.8</ele>
    <time>2026-03-07T12:21:40Z</time>
    <extensions>
     <gpxtpx:TrackPointExtension>
      <gpxtpx:hr>104</gpxtpx:hr>
      <gpxtpx:cad>0</gpxtpx:cad>
     </gpxtpx:TrackPointExtension>
    </extensions>
   </trkpt>
   <trkpt lat="47.8421830" lon="13.7764630">
    <ele>754.6</ele>
    <time>2026-03-07T12:21:48Z</time>
    <extensions>
     <gpxtpx:TrackPointExtension>
      <gpxtpx:hr>105</gpxtpx:hr>
      <gpxtpx:cad>0</gpxtpx:cad>
     </gpxtpx:TrackPointExtension>
    </extensions>
   </trkpt>
   <trkpt lat="47.8421810" lon="13.7764640">
    <ele>754.0</ele>
    <time>2026-03-07T12:21:51Z</time>
    <extensions>
     <gpxtpx:TrackPointExtension>
      <gpxtpx:hr>105</gpxtpx:hr>
      <gpxtpx:cad>0</gpxtpx:cad>
     </gpxtpx:TrackPointExtension>
    </extensions>
   </trkpt>
   <trkpt lat="47.8421820" lon="13.7764790">
    <ele>753.0</ele>
    <time>2026-03-07T12:21:55Z</time>
    <extensions>
     <gpxtpx:TrackPointExtension>
      <gpxtpx:hr>106</gpxtpx:hr>
      <gpxtpx:cad>0</gpxtpx:cad>
     </gpxtpx:TrackPointExtension>
    </extensions>
   </trkpt>
   <trkpt lat="47.8421880" lon="13.7764780">
    <ele>752.6</ele>
    <time>2026-03-07T12:21:57Z</time>
    <extensions>
     <gpxtpx:TrackPointExtension>
      <gpxtpx:hr>106</gpxtpx:hr>
      <gpxtpx:cad>0</gpxtpx:cad>
     </gpxtpx:TrackPointExtension>
    </extensions>
   </trkpt>
   <trkpt lat="47.8421980" lon="13.7764670">
    <ele>751.8</ele>
    <time>2026-03-07T12:22:00Z</time>
    <extensions>
     <gpxtpx:TrackPointExtension>
      <gpxtpx:hr>106</gpxtpx:hr>
      <gpxtpx:cad>0</gpxtpx:cad>
     </gpxtpx:TrackPointExtension>
    </extensions>
   </trkpt>
   <trkpt lat="47.8422110" lon="13.7764470">
    <ele>750.8</ele>
    <time>2026-03-07T12:22:04Z</time>
    <extensions>
     <gpxtpx:TrackPointExtension>
      <gpxtpx:hr>106</gpxtpx:hr>
      <gpxtpx:cad>62</gpxtpx:cad>
     </gpxtpx:TrackPointExtension>
    </extensions>
   </trkpt>
   <trkpt lat="47.8422180" lon="13.7764260">
    <ele>750.2</ele>
    <time>2026-03-07T12:22:07Z</time>
    <extensions>
     <gpxtpx:TrackPointExtension>
      <gpxtpx:hr>106</gpxtpx:hr>
      <gpxtpx:cad>48</gpxtpx:cad>
     </gpxtpx:TrackPointExtension>
    </extensions>
   </trkpt>
   <trkpt lat="47.8422220" lon="13.7764170">
    <ele>749.8</ele>
    <time>2026-03-07T12:22:09Z</time>
    <extensions>
     <gpxtpx:TrackPointExtension>
      <gpxtpx:hr>106</gpxtpx:hr>
      <gpxtpx:cad>64</gpxtpx:cad>
     </gpxtpx:TrackPointExtension>
    </extensions>
   </trkpt>
   <trkpt lat="47.8422250" lon="13.7763930">
    <ele>748.6</ele>
    <time>2026-03-07T12:22:14Z</time>
    <extensions>
     <gpxtpx:TrackPointExtension>
      <gpxtpx:hr>106</gpxtpx:hr>
      <gpxtpx:cad>0</gpxtpx:cad>
     </gpxtpx:TrackPointExtension>
    </extensions>
   </trkpt>
   <trkpt lat="47.8422230" lon="13.7763870">
    <ele>748.6</ele>
    <time>2026-03-07T12:22:15Z</time>
    <extensions>
     <gpxtpx:TrackPointExtension>
      <gpxtpx:hr>106</gpxtpx:hr>
      <gpxtpx:cad>0</gpxtpx:cad>
     </gpxtpx:TrackPointExtension>
    </extensions>
   </trkpt>
   <trkpt lat="47.8422180" lon="13.7763490">
    <ele>747.2</ele>
    <time>2026-03-07T12:22:20Z</time>
    <extensions>
     <gpxtpx:TrackPointExtension>
      <gpxtpx:hr>105</gpxtpx:hr>
      <gpxtpx:cad>69</gpxtpx:cad>
     </gpxtpx:TrackPointExtension>
    </extensions>
   </trkpt>
   <trkpt lat="47.8422160" lon="13.7763400">
    <ele>746.6</ele>
    <time>2026-03-07T12:22:22Z</time>
    <extensions>
     <gpxtpx:TrackPointExtension>
      <gpxtpx:hr>106</gpxtpx:hr>
      <gpxtpx:cad>69</gpxtpx:cad>
     </gpxtpx:TrackPointExtension>
    </extensions>
   </trkpt>
   <trkpt lat="47.8422140" lon="13.7763360">
    <ele>746.2</ele>
    <time>2026-03-07T12:22:23Z</time>
    <extensions>
     <gpxtpx:TrackPointExtension>
      <gpxtpx:hr>106</gpxtpx:hr>
      <gpxtpx:cad>69</gpxtpx:cad>
     </gpxtpx:TrackPointExtension>
    </extensions>
   </trkpt>
   <trkpt lat="47.8422080" lon="13.7763340">
    <ele>745.2</ele>
    <time>2026-03-07T12:22:28Z</time>
    <extensions>
     <gpxtpx:TrackPointExtension>
      <gpxtpx:hr>108</gpxtpx:hr>
      <gpxtpx:cad>60</gpxtpx:cad>
     </gpxtpx:TrackPointExtension>
    </extensions>
   </trkpt>
   <trkpt lat="47.8422100" lon="13.7763440">
    <ele>744.6</ele>
    <time>2026-03-07T12:22:30Z</time>
    <extensions>
     <gpxtpx:TrackPointExtension>
      <gpxtpx:hr>110</gpxtpx:hr>
      <gpxtpx:cad>52</gpxtpx:cad>
     </gpxtpx:TrackPointExtension>
    </extensions>
   </trkpt>
   <trkpt lat="47.8422220" lon="13.7763500">
    <ele>744.0</ele>
    <time>2026-03-07T12:22:33Z</time>
    <extensions>
     <gpxtpx:TrackPointExtension>
      <gpxtpx:hr>111</gpxtpx:hr>
      <gpxtpx:cad>0</gpxtpx:cad>
     </gpxtpx:TrackPointExtension>
    </extensions>
   </trkpt>
   <trkpt lat="47.8422490" lon="13.7763570">
    <ele>743.0</ele>
    <time>2026-03-07T12:22:39Z</time>
    <extensions>
     <gpxtpx:TrackPointExtension>
      <gpxtpx:hr>113</gpxtpx:hr>
      <gpxtpx:cad>55</gpxtpx:cad>
     </gpxtpx:TrackPointExtension>
    </extensions>
   </trkpt>
   <trkpt lat="47.8422510" lon="13.7763610">
    <ele>742.8</ele>
    <time>2026-03-07T12:22:40Z</time>
    <extensions>
     <gpxtpx:TrackPointExtension>
      <gpxtpx:hr>113</gpxtpx:hr>
      <gpxtpx:cad>55</gpxtpx:cad>
     </gpxtpx:TrackPointExtension>
    </extensions>
   </trkpt>
   <trkpt lat="47.8422550" lon="13.7763780">
    <ele>741.8</ele>
    <time>2026-03-07T12:22:45Z</time>
    <extensions>
     <gpxtpx:TrackPointExtension>
      <gpxtpx:hr>114</gpxtpx:hr>
      <gpxtpx:cad>0</gpxtpx:cad>
     </gpxtpx:TrackPointExtension>
    </extensions>
   </trkpt>
   <trkpt lat="47.8422620" lon="13.7763820">
    <ele>741.8</ele>
    <time>2026-03-07T12:22:47Z</time>
    <extensions>
     <gpxtpx:TrackPointExtension>
      <gpxtpx:hr>112</gpxtpx:hr>
      <gpxtpx:cad>0</gpxtpx:cad>
     </gpxtpx:TrackPointExtension>
    </extensions>
   </trkpt>
   <trkpt lat="47.8422780" lon="13.7763770">
    <ele>742.0</ele>
    <time>2026-03-07T12:22:49Z</time>
    <extensions>
     <gpxtpx:TrackPointExtension>
      <gpxtpx:hr>108</gpxtpx:hr>
      <gpxtpx:cad>0</gpxtpx:cad>
     </gpxtpx:TrackPointExtension>
    </extensions>
   </trkpt>
   <trkpt lat="47.8422950" lon="13.7763670">
    <ele>742.2</ele>
    <time>2026-03-07T12:22:51Z</time>
    <extensions>
     <gpxtpx:TrackPointExtension>
      <gpxtpx:hr>105</gpxtpx:hr>
      <gpxtpx:cad>0</gpxtpx:cad>
     </gpxtpx:TrackPointExtension>
    </extensions>
   </trkpt>
   <trkpt lat="47.8423130" lon="13.7763550">
    <ele>741.0</ele>
    <time>2026-03-07T12:22:54Z</time>
    <extensions>
     <gpxtpx:TrackPointExtension>
      <gpxtpx:hr>105</gpxtpx:hr>
      <gpxtpx:cad>0</gpxtpx:cad>
     </gpxtpx:TrackPointExtension>
    </extensions>
   </trkpt>
   <trkpt lat="47.8423160" lon="13.7763520">
    <ele>740.4</ele>
    <time>2026-03-07T12:22:55Z</time>
    <extensions>
     <gpxtpx:TrackPointExtension>
      <gpxtpx:hr>105</gpxtpx:hr>
      <gpxtpx:cad>0</gpxtpx:cad>
     </gpxtpx:TrackPointExtension>
    </extensions>
   </trkpt>
   <trkpt lat="47.8423270" lon="13.7763450">
    <ele>739.4</ele>
    <time>2026-03-07T12:22:59Z</time>
    <extensions>
     <gpxtpx:TrackPointExtension>
      <gpxtpx:hr>106</gpxtpx:hr>
      <gpxtpx:cad>59</gpxtpx:cad>
     </gpxtpx:TrackPointExtension>
    </extensions>
   </trkpt>
   <trkpt lat="47.8423460" lon="13.7763260">
    <ele>738.8</ele>
    <time>2026-03-07T12:23:03Z</time>
    <extensions>
     <gpxtpx:TrackPointExtension>
      <gpxtpx:hr>106</gpxtpx:hr>
      <gpxtpx:cad>0</gpxtpx:cad>
     </gpxtpx:TrackPointExtension>
    </extensions>
   </trkpt>
   <trkpt lat="47.8423500" lon="13.7763170">
    <ele>738.4</ele>
    <time>2026-03-07T12:23:05Z</time>
    <extensions>
     <gpxtpx:TrackPointExtension>
      <gpxtpx:hr>106</gpxtpx:hr>
      <gpxtpx:cad>0</gpxtpx:cad>
     </gpxtpx:TrackPointExtension>
    </extensions>
   </trkpt>
   <trkpt lat="47.8423600" lon="13.7763120">
    <ele>737.4</ele>
    <time>2026-03-07T12:23:09Z</time>
    <extensions>
     <gpxtpx:TrackPointExtension>
      <gpxtpx:hr>107</gpxtpx:hr>
      <gpxtpx:cad>42</gpxtpx:cad>
     </gpxtpx:TrackPointExtension>
    </extensions>
   </trkpt>
   <trkpt lat="47.8423570" lon="13.7763330">
    <ele>736.8</ele>
    <time>2026-03-07T12:23:19Z</time>
    <extensions>
     <gpxtpx:TrackPointExtension>
      <gpxtpx:hr>104</gpxtpx:hr>
      <gpxtpx:cad>0</gpxtpx:cad>
     </gpxtpx:TrackPointExtension>
    </extensions>
   </trkpt>
   <trkpt lat="47.8423560" lon="13.7763340">
    <ele>736.8</ele>
    <time>2026-03-07T12:23:20Z</time>
    <extensions>
     <gpxtpx:TrackPointExtension>
      <gpxtpx:hr>103</gpxtpx:hr>
      <gpxtpx:cad>0</gpxtpx:cad>
     </gpxtpx:TrackPointExtension>
    </extensions>
   </trkpt>
   <trkpt lat="47.8423460" lon="13.7763490">
    <ele>736.8</ele>
    <time>2026-03-07T12:23:29Z</time>
    <extensions>
     <gpxtpx:TrackPointExtension>
      <gpxtpx:hr>100</gpxtpx:hr>
      <gpxtpx:cad>0</gpxtpx:cad>
     </gpxtpx:TrackPointExtension>
    </extensions>
   </trkpt>
   <trkpt lat="47.8423490" lon="13.7763580">
    <ele>736.8</ele>
    <time>2026-03-07T12:23:33Z</time>
    <extensions>
     <gpxtpx:TrackPointExtension>
      <gpxtpx:hr>105</gpxtpx:hr>
      <gpxtpx:cad>0</gpxtpx:cad>
     </gpxtpx:TrackPointExtension>
    </extensions>
   </trkpt>
   <trkpt lat="47.8423570" lon="13.7763480">
    <ele>736.4</ele>
    <time>2026-03-07T12:23:36Z</time>
    <extensions>
     <gpxtpx:TrackPointExtension>
      <gpxtpx:hr>105</gpxtpx:hr>
      <gpxtpx:cad>0</gpxtpx:cad>
     </gpxtpx:TrackPointExtension>
    </extensions>
   </trkpt>
   <trkpt lat="47.8423620" lon="13.7763400">
    <ele>736.2</ele>
    <time>2026-03-07T12:23:37Z</time>
    <extensions>
     <gpxtpx:TrackPointExtension>
      <gpxtpx:hr>104</gpxtpx:hr>
      <gpxtpx:cad>0</gpxtpx:cad>
     </gpxtpx:TrackPointExtension>
    </extensions>
   </trkpt>
   <trkpt lat="47.8423690" lon="13.7763300">
    <ele>735.8</ele>
    <time>2026-03-07T12:23:40Z</time>
    <extensions>
     <gpxtpx:TrackPointExtension>
      <gpxtpx:hr>101</gpxtpx:hr>
      <gpxtpx:cad>0</gpxtpx:cad>
     </gpxtpx:TrackPointExtension>
    </extensions>
   </trkpt>
   <trkpt lat="47.8423730" lon="13.7763280">
    <ele>735.4</ele>
    <time>2026-03-07T12:23:42Z</time>
    <extensions>
     <gpxtpx:TrackPointExtension>
      <gpxtpx:hr>101</gpxtpx:hr>
      <gpxtpx:cad>0</gpxtpx:cad>
     </gpxtpx:TrackPointExtension>
    </extensions>
   </trkpt>
   <trkpt lat="47.8423760" lon="13.7763280">
    <ele>735.2</ele>
    <time>2026-03-07T12:23:43Z</time>
    <extensions>
     <gpxtpx:TrackPointExtension>
      <gpxtpx:hr>102</gpxtpx:hr>
      <gpxtpx:cad>0</gpxtpx:cad>
     </gpxtpx:TrackPointExtension>
    </extensions>
   </trkpt>
   <trkpt lat="47.8423970" lon="13.7763050">
    <ele>734.0</ele>
    <time>2026-03-07T12:23:50Z</time>
    <extensions>
     <gpxtpx:TrackPointExtension>
      <gpxtpx:hr>102</gpxtpx:hr>
      <gpxtpx:cad>0</gpxtpx:cad>
     </gpxtpx:TrackPointExtension>
    </extensions>
   </trkpt>
   <trkpt lat="47.8424030" lon="13.7762900">
    <ele>734.0</ele>
    <time>2026-03-07T12:23:54Z</time>
    <extensions>
     <gpxtpx:TrackPointExtension>
      <gpxtpx:hr>105</gpxtpx:hr>
      <gpxtpx:cad>0</gpxtpx:cad>
     </gpxtpx:TrackPointExtension>
    </extensions>
   </trkpt>
   <trkpt lat="47.8424080" lon="13.7762830">
    <ele>735.2</ele>
    <time>2026-03-07T12:23:57Z</time>
    <extensions>
     <gpxtpx:TrackPointExtension>
      <gpxtpx:hr>106</gpxtpx:hr>
      <gpxtpx:cad>0</gpxtpx:cad>
     </gpxtpx:TrackPointExtension>
    </extensions>
   </trkpt>
   <trkpt lat="47.8424130" lon="13.7762800">
    <ele>734.4</ele>
    <time>2026-03-07T12:23:59Z</time>
    <extensions>
     <gpxtpx:TrackPointExtension>
      <gpxtpx:hr>107</gpxtpx:hr>
      <gpxtpx:cad>0</gpxtpx:cad>
     </gpxtpx:TrackPointExtension>
    </extensions>
   </trkpt>
   <trkpt lat="47.8424210" lon="13.7762650">
    <ele>733.2</ele>
    <time>2026-03-07T12:24:02Z</time>
    <extensions>
     <gpxtpx:TrackPointExtension>
      <gpxtpx:hr>106</gpxtpx:hr>
      <gpxtpx:cad>0</gpxtpx:cad>
     </gpxtpx:TrackPointExtension>
    </extensions>
   </trkpt>
   <trkpt lat="47.8424210" lon="13.7762630">
    <ele>732.2</ele>
    <time>2026-03-07T12:24:03Z</time>
    <extensions>
     <gpxtpx:TrackPointExtension>
      <gpxtpx:hr>105</gpxtpx:hr>
      <gpxtpx:cad>0</gpxtpx:cad>
     </gpxtpx:TrackPointExtension>
    </extensions>
   </trkpt>
   <trkpt lat="47.8424200" lon="13.7762540">
    <ele>732.0</ele>
    <time>2026-03-07T12:24:05Z</time>
    <extensions>
     <gpxtpx:TrackPointExtension>
      <gpxtpx:hr>101</gpxtpx:hr>
      <gpxtpx:cad>0</gpxtpx:cad>
     </gpxtpx:TrackPointExtension>
    </extensions>
   </trkpt>
   <trkpt lat="47.8424260" lon="13.7762400">
    <ele>731.8</ele>
    <time>2026-03-07T12:24:07Z</time>
    <extensions>
     <gpxtpx:TrackPointExtension>
      <gpxtpx:hr>99</gpxtpx:hr>
      <gpxtpx:cad>52</gpxtpx:cad>
     </gpxtpx:TrackPointExtension>
    </extensions>
   </trkpt>
   <trkpt lat="47.8424300" lon="13.7762260">
    <ele>731.0</ele>
    <time>2026-03-07T12:24:10Z</time>
    <extensions>
     <gpxtpx:TrackPointExtension>
      <gpxtpx:hr>100</gpxtpx:hr>
      <gpxtpx:cad>53</gpxtpx:cad>
     </gpxtpx:TrackPointExtension>
    </extensions>
   </trkpt>
   <trkpt lat="47.8424260" lon="13.7762120">
    <ele>730.6</ele>
    <time>2026-03-07T12:24:13Z</time>
    <extensions>
     <gpxtpx:TrackPointExtension>
      <gpxtpx:hr>100</gpxtpx:hr>
      <gpxtpx:cad>53</gpxtpx:cad>
     </gpxtpx:TrackPointExtension>
    </extensions>
   </trkpt>
   <trkpt lat="47.8424270" lon="13.7761990">
    <ele>730.0</ele>
    <time>2026-03-07T12:24:16Z</time>
    <extensions>
     <gpxtpx:TrackPointExtension>
      <gpxtpx:hr>100</gpxtpx:hr>
      <gpxtpx:cad>53</gpxtpx:cad>
     </gpxtpx:TrackPointExtension>
    </extensions>
   </trkpt>
   <trkpt lat="47.8424440" lon="13.7761950">
    <ele>729.2</ele>
    <time>2026-03-07T12:24:22Z</time>
    <extensions>
     <gpxtpx:TrackPointExtension>
      <gpxtpx:hr>101</gpxtpx:hr>
      <gpxtpx:cad>0</gpxtpx:cad>
     </gpxtpx:TrackPointExtension>
    </extensions>
   </trkpt>
   <trkpt lat="47.8424470" lon="13.7761960">
    <ele>728.8</ele>
    <time>2026-03-07T12:24:23Z</time>
    <extensions>
     <gpxtpx:TrackPointExtension>
      <gpxtpx:hr>101</gpxtpx:hr>
      <gpxtpx:cad>0</gpxtpx:cad>
     </gpxtpx:TrackPointExtension>
    </extensions>
   </trkpt>
   <trkpt lat="47.8424620" lon="13.7762000">
    <ele>727.6</ele>
    <time>2026-03-07T12:24:27Z</time>
    <extensions>
     <gpxtpx:TrackPointExtension>
      <gpxtpx:hr>101</gpxtpx:hr>
      <gpxtpx:cad>57</gpxtpx:cad>
     </gpxtpx:TrackPointExtension>
    </extensions>
   </trkpt>
   <trkpt lat="47.8424720" lon="13.7761920">
    <ele>727.2</ele>
    <time>2026-03-07T12:24:30Z</time>
    <extensions>
     <gpxtpx:TrackPointExtension>
      <gpxtpx:hr>101</gpxtpx:hr>
      <gpxtpx:cad>57</gpxtpx:cad>
     </gpxtpx:TrackPointExtension>
    </extensions>
   </trkpt>
   <trkpt lat="47.8424800" lon="13.7761540">
    <ele>726.4</ele>
    <time>2026-03-07T12:24:35Z</time>
    <extensions>
     <gpxtpx:TrackPointExtension>
      <gpxtpx:hr>101</gpxtpx:hr>
      <gpxtpx:cad>51</gpxtpx:cad>
     </gpxtpx:TrackPointExtension>
    </extensions>
   </trkpt>
   <trkpt lat="47.8424770" lon="13.7761510">
    <ele>726.2</ele>
    <time>2026-03-07T12:24:36Z</time>
    <extensions>
     <gpxtpx:TrackPointExtension>
      <gpxtpx:hr>101</gpxtpx:hr>
      <gpxtpx:cad>51</gpxtpx:cad>
     </gpxtpx:TrackPointExtension>
    </extensions>
   </trkpt>
   <trkpt lat="47.8424820" lon="13.7761390">
    <ele>725.2</ele>
    <time>2026-03-07T12:24:44Z</time>
    <extensions>
     <gpxtpx:TrackPointExtension>
      <gpxtpx:hr>101</gpxtpx:hr>
      <gpxtpx:cad>0</gpxtpx:cad>
     </gpxtpx:TrackPointExtension>
    </extensions>
   </trkpt>
   <trkpt lat="47.8424730" lon="13.7761090">
    <ele>724.0</ele>
    <time>2026-03-07T12:24:49Z</time>
    <extensions>
     <gpxtpx:TrackPointExtension>
      <gpxtpx:hr>102</gpxtpx:hr>
      <gpxtpx:cad>0</gpxtpx:cad>
     </gpxtpx:TrackPointExtension>
    </extensions>
   </trkpt>
   <trkpt lat="47.8424710" lon="13.7760900">
    <ele>723.0</ele>
    <time>2026-03-07T12:24:52Z</time>
    <extensions>
     <gpxtpx:TrackPointExtension>
      <gpxtpx:hr>103</gpxtpx:hr>
      <gpxtpx:cad>55</gpxtpx:cad>
     </gpxtpx:TrackPointExtension>
    </extensions>
   </trkpt>
   <trkpt lat="47.8424710" lon="13.7760860">
    <ele>722.8</ele>
    <time>2026-03-07T12:24:53Z</time>
    <extensions>
     <gpxtpx:TrackPointExtension>
      <gpxtpx:hr>102</gpxtpx:hr>
      <gpxtpx:cad>55</gpxtpx:cad>
     </gpxtpx:TrackPointExtension>
    </extensions>
   </trkpt>
   <trkpt lat="47.8424730" lon="13.7760800">
    <ele>721.6</ele>
    <time>2026-03-07T12:24:58Z</time>
    <extensions>
     <gpxtpx:TrackPointExtension>
      <gpxtpx:hr>102</gpxtpx:hr>
      <gpxtpx:cad>62</gpxtpx:cad>
     </gpxtpx:TrackPointExtension>
    </extensions>
   </trkpt>
   <trkpt lat="47.8424730" lon="13.7760860">
    <ele>721.0</ele>
    <time>2026-03-07T12:25:00Z</time>
    <extensions>
     <gpxtpx:TrackPointExtension>
      <gpxtpx:hr>101</gpxtpx:hr>
      <gpxtpx:cad>0</gpxtpx:cad>
     </gpxtpx:TrackPointExtension>
    </extensions>
   </trkpt>
   <trkpt lat="47.8424780" lon="13.7760970">
    <ele>720.6</ele>
    <time>2026-03-07T12:25:04Z</time>
    <extensions>
     <gpxtpx:TrackPointExtension>
      <gpxtpx:hr>104</gpxtpx:hr>
      <gpxtpx:cad>0</gpxtpx:cad>
     </gpxtpx:TrackPointExtension>
    </extensions>
   </trkpt>
   <trkpt lat="47.8424890" lon="13.7761000">
    <ele>720.2</ele>
    <time>2026-03-07T12:25:07Z</time>
    <extensions>
     <gpxtpx:TrackPointExtension>
      <gpxtpx:hr>107</gpxtpx:hr>
      <gpxtpx:cad>0</gpxtpx:cad>
     </gpxtpx:TrackPointExtension>
    </extensions>
   </trkpt>
   <trkpt lat="47.8424980" lon="13.7761010">
    <ele>719.8</ele>
    <time>2026-03-07T12:25:09Z</time>
    <extensions>
     <gpxtpx:TrackPointExtension>
      <gpxtpx:hr>109</gpxtpx:hr>
      <gpxtpx:cad>0</gpxtpx:cad>
     </gpxtpx:TrackPointExtension>
    </extensions>
   </trkpt>
   <trkpt lat="47.8425000" lon="13.7761040">
    <ele>719.6</ele>
    <time>2026-03-07T12:25:10Z</time>
    <extensions>
     <gpxtpx:TrackPointExtension>
      <gpxtpx:hr>109</gpxtpx:hr>
      <gpxtpx:cad>0</gpxtpx:cad>
     </gpxtpx:TrackPointExtension>
    </extensions>
   </trkpt>
   <trkpt lat="47.8425130" lon="13.7761140">
    <ele>718.4</ele>
    <time>2026-03-07T12:25:16Z</time>
    <extensions>
     <gpxtpx:TrackPointExtension>
      <gpxtpx:hr>107</gpxtpx:hr>
      <gpxtpx:cad>0</gpxtpx:cad>
     </gpxtpx:TrackPointExtension>
    </extensions>
   </trkpt>
   <trkpt lat="47.8425180" lon="13.7761150">
    <ele>718.4</ele>
    <time>2026-03-07T12:25:17Z</time>
    <extensions>
     <gpxtpx:TrackPointExtension>
      <gpxtpx:hr>106</gpxtpx:hr>
      <gpxtpx:cad>0</gpxtpx:cad>
     </gpxtpx:TrackPointExtension>
    </extensions>
   </trkpt>
   <trkpt lat="47.8425660" lon="13.7761130">
    <ele>717.4</ele>
    <time>2026-03-07T12:25:25Z</time>
    <extensions>
     <gpxtpx:TrackPointExtension>
      <gpxtpx:hr>106</gpxtpx:hr>
      <gpxtpx:cad>0</gpxtpx:cad>
     </gpxtpx:TrackPointExtension>
    </extensions>
   </trkpt>
   <trkpt lat="47.8425820" lon="13.7761110">
    <ele>717.4</ele>
    <time>2026-03-07T12:25:27Z</time>
    <extensions>
     <gpxtpx:TrackPointExtension>
      <gpxtpx:hr>106</gpxtpx:hr>
      <gpxtpx:cad>58</gpxtpx:cad>
     </gpxtpx:TrackPointExtension>
    </extensions>
   </trkpt>
   <trkpt lat="47.8425960" lon="13.7761080">
    <ele>716.8</ele>
    <time>2026-03-07T12:25:30Z</time>
    <extensions>
     <gpxtpx:TrackPointExtension>
      <gpxtpx:hr>105</gpxtpx:hr>
      <gpxtpx:cad>58</gpxtpx:cad>
     </gpxtpx:TrackPointExtension>
    </extensions>
   </trkpt>
   <trkpt lat="47.8426040" lon="13.7761070">
    <ele>716.0</ele>
    <time>2026-03-07T12:25:32Z</time>
    <extensions>
     <gpxtpx:TrackPointExtension>
      <gpxtpx:hr>105</gpxtpx:hr>
      <gpxtpx:cad>58</gpxtpx:cad>
     </gpxtpx:TrackPointExtension>
    </extensions>
   </trkpt>
   <trkpt lat="47.8426170" lon="13.7761050">
    <ele>715.0</ele>
    <time>2026-03-07T12:25:36Z</time>
    <extensions>
     <gpxtpx:TrackPointExtension>
      <gpxtpx:hr>109</gpxtpx:hr>
      <gpxtpx:cad>0</gpxtpx:cad>
     </gpxtpx:TrackPointExtension>
    </extensions>
   </trkpt>
   <trkpt lat="47.8426240" lon="13.7761070">
    <ele>714.8</ele>
    <time>2026-03-07T12:25:39Z</time>
    <extensions>
     <gpxtpx:TrackPointExtension>
      <gpxtpx:hr>111</gpxtpx:hr>
      <gpxtpx:cad>0</gpxtpx:cad>
     </gpxtpx:TrackPointExtension>
    </extensions>
   </trkpt>
   <trkpt lat="47.8426390" lon="13.7761010">
    <ele>714.4</ele>
    <time>2026-03-07T12:25:46Z</time>
    <extensions>
     <gpxtpx:TrackPointExtension>
      <gpxtpx:hr>110</gpxtpx:hr>
      <gpxtpx:cad>0</gpxtpx:cad>
     </gpxtpx:TrackPointExtension>
    </extensions>
   </trkpt>
   <trkpt lat="47.8426410" lon="13.7760850">
    <ele>714.0</ele>
    <time>2026-03-07T12:25:49Z</time>
    <extensions>
     <gpxtpx:TrackPointExtension>
      <gpxtpx:hr>109</gpxtpx:hr>
      <gpxtpx:cad>0</gpxtpx:cad>
     </gpxtpx:TrackPointExtension>
    </extensions>
   </trkpt>
   <trkpt lat="47.8426390" lon="13.7760620">
    <ele>713.2</ele>
    <time>2026-03-07T12:25:52Z</time>
    <extensions>
     <gpxtpx:TrackPointExtension>
      <gpxtpx:hr>108</gpxtpx:hr>
      <gpxtpx:cad>0</gpxtpx:cad>
     </gpxtpx:TrackPointExtension>
    </extensions>
   </trkpt>
   <trkpt lat="47.8426350" lon="13.7760510">
    <ele>712.8</ele>
    <time>2026-03-07T12:25:54Z</time>
    <extensions>
     <gpxtpx:TrackPointExtension>
      <gpxtpx:hr>107</gpxtpx:hr>
      <gpxtpx:cad>0</gpxtpx:cad>
     </gpxtpx:TrackPointExtension>
    </extensions>
   </trkpt>
   <trkpt lat="47.8426210" lon="13.7760330">
    <ele>711.8</ele>
    <time>2026-03-07T12:25:59Z</time>
    <extensions>
     <gpxtpx:TrackPointExtension>
      <gpxtpx:hr>109</gpxtpx:hr>
      <gpxtpx:cad>0</gpxtpx:cad>
     </gpxtpx:TrackPointExtension>
    </extensions>
   </trkpt>
   <trkpt lat="47.8426210" lon="13.7760290">
    <ele>711.4</ele>
    <time>2026-03-07T12:26:02Z</time>
    <extensions>
     <gpxtpx:TrackPointExtension>
      <gpxtpx:hr>113</gpxtpx:hr>
      <gpxtpx:cad>0</gpxtpx:cad>
     </gpxtpx:TrackPointExtension>
    </extensions>
   </trkpt>
   <trkpt lat="47.8426370" lon="13.7760260">
    <ele>710.6</ele>
    <time>2026-03-07T12:26:09Z</time>
    <extensions>
     <gpxtpx:TrackPointExtension>
      <gpxtpx:hr>114</gpxtpx:hr>
      <gpxtpx:cad>0</gpxtpx:cad>
     </gpxtpx:TrackPointExtension>
    </extensions>
   </trkpt>
   <trkpt lat="47.8426670" lon="13.7760380">
    <ele>709.6</ele>
    <time>2026-03-07T12:26:14Z</time>
    <extensions>
     <gpxtpx:TrackPointExtension>
      <gpxtpx:hr>114</gpxtpx:hr>
      <gpxtpx:cad>51</gpxtpx:cad>
     </gpxtpx:TrackPointExtension>
    </extensions>
   </trkpt>
   <trkpt lat="47.8426830" lon="13.7760340">
    <ele>709.0</ele>
    <time>2026-03-07T12:26:17Z</time>
    <extensions>
     <gpxtpx:TrackPointExtension>
      <gpxtpx:hr>114</gpxtpx:hr>
      <gpxtpx:cad>56</gpxtpx:cad>
     </gpxtpx:TrackPointExtension>
    </extensions>
   </trkpt>
   <trkpt lat="47.8426910" lon="13.7760350">
    <ele>708.6</ele>
    <time>2026-03-07T12:26:19Z</time>
    <extensions>
     <gpxtpx:TrackPointExtension>
      <gpxtpx:hr>114</gpxtpx:hr>
      <gpxtpx:cad>56</gpxtpx:cad>
     </gpxtpx:TrackPointExtension>
    </extensions>
   </trkpt>
   <trkpt lat="47.8427160" lon="13.7760370">
    <ele>707.8</ele>
    <time>2026-03-07T12:26:24Z</time>
    <extensions>
     <gpxtpx:TrackPointExtension>
      <gpxtpx:hr>114</gpxtpx:hr>
      <gpxtpx:cad>0</gpxtpx:cad>
     </gpxtpx:TrackPointExtension>
    </extensions>
   </trkpt>
   <trkpt lat="47.8427230" lon="13.7760370">
    <ele>707.6</ele>
    <time>2026-03-07T12:26:27Z</time>
    <extensions>
     <gpxtpx:TrackPointExtension>
      <gpxtpx:hr>113</gpxtpx:hr>
      <gpxtpx:cad>0</gpxtpx:cad>
     </gpxtpx:TrackPointExtension>
    </extensions>
   </trkpt>
   <trkpt lat="47.8427210" lon="13.7760310">
    <ele>707.2</ele>
    <time>2026-03-07T12:26:33Z</time>
    <extensions>
     <gpxtpx:TrackPointExtension>
      <gpxtpx:hr>110</gpxtpx:hr>
      <gpxtpx:cad>0</gpxtpx:cad>
     </gpxtpx:TrackPointExtension>
    </extensions>
   </trkpt>
   <trkpt lat="47.8427140" lon="13.7759840">
    <ele>706.4</ele>
    <time>2026-03-07T12:26:38Z</time>
    <extensions>
     <gpxtpx:TrackPointExtension>
      <gpxtpx:hr>107</gpxtpx:hr>
      <gpxtpx:cad>0</gpxtpx:cad>
     </gpxtpx:TrackPointExtension>
    </extensions>
   </trkpt>
   <trkpt lat="47.8427090" lon="13.7759730">
    <ele>706.0</ele>
    <time>2026-03-07T12:26:39Z</time>
    <extensions>
     <gpxtpx:TrackPointExtension>
      <gpxtpx:hr>107</gpxtpx:hr>
      <gpxtpx:cad>0</gpxtpx:cad>
     </gpxtpx:TrackPointExtension>
    </extensions>
   </trkpt>
   <trkpt lat="47.8426990" lon="13.7759520">
    <ele>705.4</ele>
    <time>2026-03-07T12:26:42Z</time>
    <extensions>
     <gpxtpx:TrackPointExtension>
      <gpxtpx:hr>107</gpxtpx:hr>
      <gpxtpx:cad>0</gpxtpx:cad>
     </gpxtpx:TrackPointExtension>
    </extensions>
   </trkpt>
   <trkpt lat="47.8426930" lon="13.7759270">
    <ele>705.0</ele>
    <time>2026-03-07T12:26:45Z</time>
    <extensions>
     <gpxtpx:TrackPointExtension>
      <gpxtpx:hr>107</gpxtpx:hr>
      <gpxtpx:cad>58</gpxtpx:cad>
     </gpxtpx:TrackPointExtension>
    </extensions>
   </trkpt>
   <trkpt lat="47.8426890" lon="13.7759090">
    <ele>704.4</ele>
    <time>2026-03-07T12:26:52Z</time>
    <extensions>
     <gpxtpx:TrackPointExtension>
      <gpxtpx:hr>107</gpxtpx:hr>
      <gpxtpx:cad>0</gpxtpx:cad>
     </gpxtpx:TrackPointExtension>
    </extensions>
   </trkpt>
   <trkpt lat="47.8426910" lon="13.7759070">
    <ele>704.4</ele>
    <time>2026-03-07T12:26:53Z</time>
    <extensions>
     <gpxtpx:TrackPointExtension>
      <gpxtpx:hr>107</gpxtpx:hr>
      <gpxtpx:cad>0</gpxtpx:cad>
     </gpxtpx:TrackPointExtension>
    </extensions>
   </trkpt>
   <trkpt lat="47.8426900" lon="13.7759130">
    <ele>703.4</ele>
    <time>2026-03-07T12:27:00Z</time>
    <extensions>
     <gpxtpx:TrackPointExtension>
      <gpxtpx:hr>109</gpxtpx:hr>
      <gpxtpx:cad>0</gpxtpx:cad>
     </gpxtpx:TrackPointExtension>
    </extensions>
   </trkpt>
   <trkpt lat="47.8426930" lon="13.7759140">
    <ele>703.2</ele>
    <time>2026-03-07T12:27:01Z</time>
    <extensions>
     <gpxtpx:TrackPointExtension>
      <gpxtpx:hr>110</gpxtpx:hr>
      <gpxtpx:cad>0</gpxtpx:cad>
     </gpxtpx:TrackPointExtension>
    </extensions>
   </trkpt>
   <trkpt lat="47.8427140" lon="13.7759050">
    <ele>702.6</ele>
    <time>2026-03-07T12:27:06Z</time>
    <extensions>
     <gpxtpx:TrackPointExtension>
      <gpxtpx:hr>111</gpxtpx:hr>
      <gpxtpx:cad>0</gpxtpx:cad>
     </gpxtpx:TrackPointExtension>
    </extensions>
   </trkpt>
   <trkpt lat="47.8427160" lon="13.7759040">
    <ele>702.2</ele>
    <time>2026-03-07T12:27:08Z</time>
    <extensions>
     <gpxtpx:TrackPointExtension>
      <gpxtpx:hr>111</gpxtpx:hr>
      <gpxtpx:cad>0</gpxtpx:cad>
     </gpxtpx:TrackPointExtension>
    </extensions>
   </trkpt>
   <trkpt lat="47.8427200" lon="13.7759160">
    <ele>701.6</ele>
    <time>2026-03-07T12:27:14Z</time>
    <extensions>
     <gpxtpx:TrackPointExtension>
      <gpxtpx:hr>110</gpxtpx:hr>
      <gpxtpx:cad>0</gpxtpx:cad>
     </gpxtpx:TrackPointExtension>
    </extensions>
   </trkpt>
   <trkpt lat="47.8427280" lon="13.7759200">
    <ele>701.0</ele>
    <time>2026-03-07T12:27:17Z</time>
    <extensions>
     <gpxtpx:TrackPointExtension>
      <gpxtpx:hr>110</gpxtpx:hr>
      <gpxtpx:cad>47</gpxtpx:cad>
     </gpxtpx:TrackPointExtension>
    </extensions>
   </trkpt>
   <trkpt lat="47.8427400" lon="13.7759270">
    <ele>700.6</ele>
    <time>2026-03-07T12:27:21Z</time>
    <extensions>
     <gpxtpx:TrackPointExtension>
      <gpxtpx:hr>109</gpxtpx:hr>
      <gpxtpx:cad>0</gpxtpx:cad>
     </gpxtpx:TrackPointExtension>
    </extensions>
   </trkpt>
   <trkpt lat="47.8427630" lon="13.7759370">
    <ele>700.0</ele>
    <time>2026-03-07T12:27:25Z</time>
    <extensions>
     <gpxtpx:TrackPointExtension>
      <gpxtpx:hr>110</gpxtpx:hr>
      <gpxtpx:cad>0</gpxtpx:cad>
     </gpxtpx:TrackPointExtension>
    </extensions>
   </trkpt>
   <trkpt lat="47.8427920" lon="13.7759500">
    <ele>699.4</ele>
    <time>2026-03-07T12:27:30Z</time>
    <extensions>
     <gpxtpx:TrackPointExtension>
      <gpxtpx:hr>108</gpxtpx:hr>
      <gpxtpx:cad>0</gpxtpx:cad>
     </gpxtpx:TrackPointExtension>
    </extensions>
   </trkpt>
   <trkpt lat="47.8427970" lon="13.7759460">
    <ele>698.8</ele>
    <time>2026-03-07T12:27:32Z</time>
    <extensions>
     <gpxtpx:TrackPointExtension>
      <gpxtpx:hr>108</gpxtpx:hr>
      <gpxtpx:cad>0</gpxtpx:cad>
     </gpxtpx:TrackPointExtension>
    </extensions>
   </trkpt>
   <trkpt lat="47.8428110" lon="13.7759450">
    <ele>698.2</ele>
    <time>2026-03-07T12:27:37Z</time>
    <extensions>
     <gpxtpx:TrackPointExtension>
      <gpxtpx:hr>111</gpxtpx:hr>
      <gpxtpx:cad>0</gpxtpx:cad>
     </gpxtpx:TrackPointExtension>
    </extensions>
   </trkpt>
   <trkpt lat="47.8428160" lon="13.7759430">
    <ele>698.2</ele>
    <time>2026-03-07T12:27:38Z</time>
    <extensions>
     <gpxtpx:TrackPointExtension>
      <gpxtpx:hr>111</gpxtpx:hr>
      <gpxtpx:cad>0</gpxtpx:cad>
     </gpxtpx:TrackPointExtension>
    </extensions>
   </trkpt>
   <trkpt lat="47.8428280" lon="13.7759440">
    <ele>697.8</ele>
    <time>2026-03-07T12:27:41Z</time>
    <extensions>
     <gpxtpx:TrackPointExtension>
      <gpxtpx:hr>110</gpxtpx:hr>
      <gpxtpx:cad>0</gpxtpx:cad>
     </gpxtpx:TrackPointExtension>
    </extensions>
   </trkpt>
   <trkpt lat="47.8428380" lon="13.7759340">
    <ele>697.4</ele>
    <time>2026-03-07T12:27:46Z</time>
    <extensions>
     <gpxtpx:TrackPointExtension>
      <gpxtpx:hr>110</gpxtpx:hr>
      <gpxtpx:cad>0</gpxtpx:cad>
     </gpxtpx:TrackPointExtension>
    </extensions>
   </trkpt>
   <trkpt lat="47.8428480" lon="13.7759020">
    <ele>696.8</ele>
    <time>2026-03-07T12:27:55Z</time>
    <extensions>
     <gpxtpx:TrackPointExtension>
      <gpxtpx:hr>110</gpxtpx:hr>
      <gpxtpx:cad>0</gpxtpx:cad>
     </gpxtpx:TrackPointExtension>
    </extensions>
   </trkpt>
   <trkpt lat="47.8428470" lon="13.7758930">
    <ele>696.6</ele>
    <time>2026-03-07T12:27:56Z</time>
    <extensions>
     <gpxtpx:TrackPointExtension>
      <gpxtpx:hr>110</gpxtpx:hr>
      <gpxtpx:cad>0</gpxtpx:cad>
     </gpxtpx:TrackPointExtension>
    </extensions>
   </trkpt>
   <trkpt lat="47.8428390" lon="13.7758680">
    <ele>696.0</ele>
    <time>2026-03-07T12:28:00Z</time>
    <extensions>
     <gpxtpx:TrackPointExtension>
      <gpxtpx:hr>110</gpxtpx:hr>
      <gpxtpx:cad>0</gpxtpx:cad>
     </gpxtpx:TrackPointExtension>
    </extensions>
   </trkpt>
   <trkpt lat="47.8428340" lon="13.7758540">
    <ele>695.6</ele>
    <time>2026-03-07T12:28:03Z</time>
    <extensions>
     <gpxtpx:TrackPointExtension>
      <gpxtpx:hr>111</gpxtpx:hr>
      <gpxtpx:cad>0</gpxtpx:cad>
     </gpxtpx:TrackPointExtension>
    </extensions>
   </trkpt>
   <trkpt lat="47.8428270" lon="13.7758480">
    <ele>695.4</ele>
    <time>2026-03-07T12:28:07Z</time>
    <extensions>
     <gpxtpx:TrackPointExtension>
      <gpxtpx:hr>110</gpxtpx:hr>
      <gpxtpx:cad>0</gpxtpx:cad>
     </gpxtpx:TrackPointExtension>
    </extensions>
   </trkpt>
   <trkpt lat="47.8428270" lon="13.7758290">
    <ele>694.4</ele>
    <time>2026-03-07T12:28:11Z</time>
    <extensions>
     <gpxtpx:TrackPointExtension>
      <gpxtpx:hr>109</gpxtpx:hr>
      <gpxtpx:cad>0</gpxtpx:cad>
     </gpxtpx:TrackPointExtension>
    </extensions>
   </trkpt>
   <trkpt lat="47.8428270" lon="13.7758110">
    <ele>693.6</ele>
    <time>2026-03-07T12:28:15Z</time>
    <extensions>
     <gpxtpx:TrackPointExtension>
      <gpxtpx:hr>109</gpxtpx:hr>
      <gpxtpx:cad>0</gpxtpx:cad>
     </gpxtpx:TrackPointExtension>
    </extensions>
   </trkpt>
   <trkpt lat="47.8428310" lon="13.7758060">
    <ele>693.4</ele>
    <time>2026-03-07T12:28:18Z</time>
    <extensions>
     <gpxtpx:TrackPointExtension>
      <gpxtpx:hr>109</gpxtpx:hr>
      <gpxtpx:cad>0</gpxtpx:cad>
     </gpxtpx:TrackPointExtension>
    </extensions>
   </trkpt>
   <trkpt lat="47.8428390" lon="13.7758020">
    <ele>692.0</ele>
    <time>2026-03-07T12:28:22Z</time>
    <extensions>
     <gpxtpx:TrackPointExtension>
      <gpxtpx:hr>108</gpxtpx:hr>
      <gpxtpx:cad>0</gpxtpx:cad>
     </gpxtpx:TrackPointExtension>
    </extensions>
   </trkpt>
   <trkpt lat="47.8428550" lon="13.7758160">
    <ele>691.0</ele>
    <time>2026-03-07T12:28:26Z</time>
    <extensions>
     <gpxtpx:TrackPointExtension>
      <gpxtpx:hr>109</gpxtpx:hr>
      <gpxtpx:cad>0</gpxtpx:cad>
     </gpxtpx:TrackPointExtension>
    </extensions>
   </trkpt>
   <trkpt lat="47.8428670" lon="13.7758240">
    <ele>690.8</ele>
    <time>2026-03-07T12:28:29Z</time>
    <extensions>
     <gpxtpx:TrackPointExtension>
      <gpxtpx:hr>110</gpxtpx:hr>
      <gpxtpx:cad>0</gpxtpx:cad>
     </gpxtpx:TrackPointExtension>
    </extensions>
   </trkpt>
   <trkpt lat="47.8428850" lon="13.7758410">
    <ele>690.2</ele>
    <time>2026-03-07T12:28:35Z</time>
    <extensions>
     <gpxtpx:TrackPointExtension>
      <gpxtpx:hr>107</gpxtpx:hr>
      <gpxtpx:cad>0</gpxtpx:cad>
     </gpxtpx:TrackPointExtension>
    </extensions>
   </trkpt>
   <trkpt lat="47.8428920" lon="13.7758440">
    <ele>690.0</ele>
    <time>2026-03-07T12:28:37Z</time>
    <extensions>
     <gpxtpx:TrackPointExtension>
      <gpxtpx:hr>106</gpxtpx:hr>
      <gpxtpx:cad>0</gpxtpx:cad>
     </gpxtpx:TrackPointExtension>
    </extensions>
   </trkpt>
   <trkpt lat="47.8428930" lon="13.7758470">
    <ele>689.8</ele>
    <time>2026-03-07T12:28:39Z</time>
    <extensions>
     <gpxtpx:TrackPointExtension>
      <gpxtpx:hr>105</gpxtpx:hr>
      <gpxtpx:cad>0</gpxtpx:cad>
     </gpxtpx:TrackPointExtension>
    </extensions>
   </trkpt>
   <trkpt lat="47.8429200" lon="13.7758570">
    <ele>689.2</ele>
    <time>2026-03-07T12:28:46Z</time>
    <extensions>
     <gpxtpx:TrackPointExtension>
      <gpxtpx:hr>105</gpxtpx:hr>
      <gpxtpx:cad>0</gpxtpx:cad>
     </gpxtpx:TrackPointExtension>
    </extensions>
   </trkpt>
   <trkpt lat="47.8429300" lon="13.7758640">
    <ele>688.8</ele>
    <time>2026-03-07T12:28:48Z</time>
    <extensions>
     <gpxtpx:TrackPointExtension>
      <gpxtpx:hr>105</gpxtpx:hr>
      <gpxtpx:cad>0</gpxtpx:cad>
     </gpxtpx:TrackPointExtension>
    </extensions>
   </trkpt>
   <trkpt lat="47.8429490" lon="13.7758760">
    <ele>687.6</ele>
    <time>2026-03-07T12:28:52Z</time>
    <extensions>
     <gpxtpx:TrackPointExtension>
      <gpxtpx:hr>106</gpxtpx:hr>
      <gpxtpx:cad>0</gpxtpx:cad>
     </gpxtpx:TrackPointExtension>
    </extensions>
   </trkpt>
   <trkpt lat="47.8429500" lon="13.7758770">
    <ele>687.4</ele>
    <time>2026-03-07T12:28:53Z</time>
    <extensions>
     <gpxtpx:TrackPointExtension>
      <gpxtpx:hr>106</gpxtpx:hr>
      <gpxtpx:cad>0</gpxtpx:cad>
     </gpxtpx:TrackPointExtension>
    </extensions>
   </trkpt>
   <trkpt lat="47.8429710" lon="13.7758990">
    <ele>686.6</ele>
    <time>2026-03-07T12:29:02Z</time>
    <extensions>
     <gpxtpx:TrackPointExtension>
      <gpxtpx:hr>107</gpxtpx:hr>
      <gpxtpx:cad>60</gpxtpx:cad>
     </gpxtpx:TrackPointExtension>
    </extensions>
   </trkpt>
   <trkpt lat="47.8429800" lon="13.7759060">
    <ele>685.4</ele>
    <time>2026-03-07T12:29:05Z</time>
    <extensions>
     <gpxtpx:TrackPointExtension>
      <gpxtpx:hr>106</gpxtpx:hr>
      <gpxtpx:cad>60</gpxtpx:cad>
     </gpxtpx:TrackPointExtension>
    </extensions>
   </trkpt>
   <trkpt lat="47.8429980" lon="13.7759070">
    <ele>684.4</ele>
    <time>2026-03-07T12:29:10Z</time>
    <extensions>
     <gpxtpx:TrackPointExtension>
      <gpxtpx:hr>105</gpxtpx:hr>
      <gpxtpx:cad>60</gpxtpx:cad>
     </gpxtpx:TrackPointExtension>
    </extensions>
   </trkpt>
   <trkpt lat="47.8430010" lon="13.7759060">
    <ele>684.2</ele>
    <time>2026-03-07T12:29:11Z</time>
    <extensions>
     <gpxtpx:TrackPointExtension>
      <gpxtpx:hr>105</gpxtpx:hr>
      <gpxtpx:cad>60</gpxtpx:cad>
     </gpxtpx:TrackPointExtension>
    </extensions>
   </trkpt>
   <trkpt lat="47.8430170" lon="13.7758930">
    <ele>683.4</ele>
    <time>2026-03-07T12:29:18Z</time>
    <extensions>
     <gpxtpx:TrackPointExtension>
      <gpxtpx:hr>104</gpxtpx:hr>
      <gpxtpx:cad>0</gpxtpx:cad>
     </gpxtpx:TrackPointExtension>
    </extensions>
   </trkpt>
   <trkpt lat="47.8430200" lon="13.7758890">
    <ele>683.2</ele>
    <time>2026-03-07T12:29:19Z</time>
    <extensions>
     <gpxtpx:TrackPointExtension>
      <gpxtpx:hr>105</gpxtpx:hr>
      <gpxtpx:cad>0</gpxtpx:cad>
     </gpxtpx:TrackPointExtension>
    </extensions>
   </trkpt>
   <trkpt lat="47.8430210" lon="13.7758640">
    <ele>682.2</ele>
    <time>2026-03-07T12:29:23Z</time>
    <extensions>
     <gpxtpx:TrackPointExtension>
      <gpxtpx:hr>110</gpxtpx:hr>
      <gpxtpx:cad>0</gpxtpx:cad>
     </gpxtpx:TrackPointExtension>
    </extensions>
   </trkpt>
   <trkpt lat="47.8430220" lon="13.7758590">
    <ele>682.2</ele>
    <time>2026-03-07T12:29:24Z</time>
    <extensions>
     <gpxtpx:TrackPointExtension>
      <gpxtpx:hr>109</gpxtpx:hr>
      <gpxtpx:cad>0</gpxtpx:cad>
     </gpxtpx:TrackPointExtension>
    </extensions>
   </trkpt>
   <trkpt lat="47.8430240" lon="13.7758530">
    <ele>682.0</ele>
    <time>2026-03-07T12:29:25Z</time>
    <extensions>
     <gpxtpx:TrackPointExtension>
      <gpxtpx:hr>109</gpxtpx:hr>
      <gpxtpx:cad>0</gpxtpx:cad>
     </gpxtpx:TrackPointExtension>
    </extensions>
   </trkpt>
   <trkpt lat="47.8430330" lon="13.7758790">
    <ele>681.0</ele>
    <time>2026-03-07T12:29:31Z</time>
    <extensions>
     <gpxtpx:TrackPointExtension>
      <gpxtpx:hr>108</gpxtpx:hr>
      <gpxtpx:cad>0</gpxtpx:cad>
     </gpxtpx:TrackPointExtension>
    </extensions>
   </trkpt>
   <trkpt lat="47.8430390" lon="13.7758840">
    <ele>680.8</ele>
    <time>2026-03-07T12:29:33Z</time>
    <extensions>
     <gpxtpx:TrackPointExtension>
      <gpxtpx:hr>108</gpxtpx:hr>
      <gpxtpx:cad>0</gpxtpx:cad>
     </gpxtpx:TrackPointExtension>
    </extensions>
   </trkpt>
   <trkpt lat="47.8430550" lon="13.7758900">
    <ele>679.8</ele>
    <time>2026-03-07T12:29:38Z</time>
    <extensions>
     <gpxtpx:TrackPointExtension>
      <gpxtpx:hr>108</gpxtpx:hr>
      <gpxtpx:cad>0</gpxtpx:cad>
     </gpxtpx:TrackPointExtension>
    </extensions>
   </trkpt>
   <trkpt lat="47.8430600" lon="13.7758910">
    <ele>679.4</ele>
    <time>2026-03-07T12:29:40Z</time>
    <extensions>
     <gpxtpx:TrackPointExtension>
      <gpxtpx:hr>108</gpxtpx:hr>
      <gpxtpx:cad>0</gpxtpx:cad>
     </gpxtpx:TrackPointExtension>
    </extensions>
   </trkpt>
   <trkpt lat="47.8430820" lon="13.7758570">
    <ele>679.2</ele>
    <time>2026-03-07T12:29:50Z</time>
    <extensions>
     <gpxtpx:TrackPointExtension>
      <gpxtpx:hr>105</gpxtpx:hr>
      <gpxtpx:cad>0</gpxtpx:cad>
     </gpxtpx:TrackPointExtension>
    </extensions>
   </trkpt>
   <trkpt lat="47.8430830" lon="13.7758380">
    <ele>678.6</ele>
    <time>2026-03-07T12:29:52Z</time>
    <extensions>
     <gpxtpx:TrackPointExtension>
      <gpxtpx:hr>105</gpxtpx:hr>
      <gpxtpx:cad>0</gpxtpx:cad>
     </gpxtpx:TrackPointExtension>
    </extensions>
   </trkpt>
   <trkpt lat="47.8430830" lon="13.7757770">
    <ele>677.6</ele>
    <time>2026-03-07T12:29:58Z</time>
    <extensions>
     <gpxtpx:TrackPointExtension>
      <gpxtpx:hr>104</gpxtpx:hr>
      <gpxtpx:cad>0</gpxtpx:cad>
     </gpxtpx:TrackPointExtension>
    </extensions>
   </trkpt>
   <trkpt lat="47.8430830" lon="13.7757650">
    <ele>677.4</ele>
    <time>2026-03-07T12:29:59Z</time>
    <extensions>
     <gpxtpx:TrackPointExtension>
      <gpxtpx:hr>104</gpxtpx:hr>
      <gpxtpx:cad>0</gpxtpx:cad>
     </gpxtpx:TrackPointExtension>
    </extensions>
   </trkpt>
   <trkpt lat="47.8430830" lon="13.7757300">
    <ele>676.4</ele>
    <time>2026-03-07T12:30:03Z</time>
    <extensions>
     <gpxtpx:TrackPointExtension>
      <gpxtpx:hr>104</gpxtpx:hr>
      <gpxtpx:cad>53</gpxtpx:cad>
     </gpxtpx:TrackPointExtension>
    </extensions>
   </trkpt>
   <trkpt lat="47.8430790" lon="13.7757090">
    <ele>675.8</ele>
    <time>2026-03-07T12:30:06Z</time>
    <extensions>
     <gpxtpx:TrackPointExtension>
      <gpxtpx:hr>105</gpxtpx:hr>
      <gpxtpx:cad>51</gpxtpx:cad>
     </gpxtpx:TrackPointExtension>
    </extensions>
   </trkpt>
   <trkpt lat="47.8430720" lon="13.7756910">
    <ele>675.2</ele>
    <time>2026-03-07T12:30:11Z</time>
    <extensions>
     <gpxtpx:TrackPointExtension>
      <gpxtpx:hr>106</gpxtpx:hr>
      <gpxtpx:cad>0</gpxtpx:cad>
     </gpxtpx:TrackPointExtension>
    </extensions>
   </trkpt>
   <trkpt lat="47.8430700" lon="13.7756910">
    <ele>675.0</ele>
    <time>2026-03-07T12:30:13Z</time>
    <extensions>
     <gpxtpx:TrackPointExtension>
      <gpxtpx:hr>105</gpxtpx:hr>
      <gpxtpx:cad>0</gpxtpx:cad>
     </gpxtpx:TrackPointExtension>
    </extensions>
   </trkpt>
   <trkpt lat="47.8430740" lon="13.7756890">
    <ele>674.6</ele>
    <time>2026-03-07T12:30:18Z</time>
    <extensions>
     <gpxtpx:TrackPointExtension>
      <gpxtpx:hr>96</gpxtpx:hr>
      <gpxtpx:cad>0</gpxtpx:cad>
     </gpxtpx:TrackPointExtension>
    </extensions>
   </trkpt>
   <trkpt lat="47.8430760" lon="13.7756940">
    <ele>674.2</ele>
    <time>2026-03-07T12:30:21Z</time>
    <extensions>
     <gpxtpx:TrackPointExtension>
      <gpxtpx:hr>93</gpxtpx:hr>
      <gpxtpx:cad>0</gpxtpx:cad>
     </gpxtpx:TrackPointExtension>
    </extensions>
   </trkpt>
   <trkpt lat="47.8430780" lon="13.7756940">
    <ele>674.2</ele>
    <time>2026-03-07T12:30:22Z</time>
    <extensions>
     <gpxtpx:TrackPointExtension>
      <gpxtpx:hr>92</gpxtpx:hr>
      <gpxtpx:cad>0</gpxtpx:cad>
     </gpxtpx:TrackPointExtension>
    </extensions>
   </trkpt>
   <trkpt lat="47.8430830" lon="13.7756910">
    <ele>673.6</ele>
    <time>2026-03-07T12:30:29Z</time>
    <extensions>
     <gpxtpx:TrackPointExtension>
      <gpxtpx:hr>98</gpxtpx:hr>
      <gpxtpx:cad>0</gpxtpx:cad>
     </gpxtpx:TrackPointExtension>
    </extensions>
   </trkpt>
   <trkpt lat="47.8430870" lon="13.7756890">
    <ele>673.4</ele>
    <time>2026-03-07T12:30:31Z</time>
    <extensions>
     <gpxtpx:TrackPointExtension>
      <gpxtpx:hr>100</gpxtpx:hr>
      <gpxtpx:cad>0</gpxtpx:cad>
     </gpxtpx:TrackPointExtension>
    </extensions>
   </trkpt>
   <trkpt lat="47.8430960" lon="13.7756810">
    <ele>673.2</ele>
    <time>2026-03-07T12:30:40Z</time>
    <extensions>
     <gpxtpx:TrackPointExtension>
      <gpxtpx:hr>101</gpxtpx:hr>
      <gpxtpx:cad>0</gpxtpx:cad>
     </gpxtpx:TrackPointExtension>
    </extensions>
   </trkpt>
   <trkpt lat="47.8430970" lon="13.7756770">
    <ele>673.0</ele>
    <time>2026-03-07T12:30:41Z</time>
    <extensions>
     <gpxtpx:TrackPointExtension>
      <gpxtpx:hr>98</gpxtpx:hr>
      <gpxtpx:cad>0</gpxtpx:cad>
     </gpxtpx:TrackPointExtension>
    </extensions>
   </trkpt>
   <trkpt lat="47.8431030" lon="13.7756780">
    <ele>671.8</ele>
    <time>2026-03-07T12:30:45Z</time>
    <extensions>
     <gpxtpx:TrackPointExtension>
      <gpxtpx:hr>96</gpxtpx:hr>
      <gpxtpx:cad>0</gpxtpx:cad>
     </gpxtpx:TrackPointExtension>
    </extensions>
   </trkpt>
   <trkpt lat="47.8431060" lon="13.7756740">
    <ele>671.6</ele>
    <time>2026-03-07T12:30:46Z</time>
    <extensions>
     <gpxtpx:TrackPointExtension>
      <gpxtpx:hr>97</gpxtpx:hr>
      <gpxtpx:cad>0</gpxtpx:cad>
     </gpxtpx:TrackPointExtension>
    </extensions>
   </trkpt>
   <trkpt lat="47.8431120" lon="13.7756710">
    <ele>670.8</ele>
    <time>2026-03-07T12:30:51Z</time>
    <extensions>
     <gpxtpx:TrackPointExtension>
      <gpxtpx:hr>98</gpxtpx:hr>
      <gpxtpx:cad>0</gpxtpx:cad>
     </gpxtpx:TrackPointExtension>
    </extensions>
   </trkpt>
   <trkpt lat="47.8431170" lon="13.7756900">
    <ele>670.0</ele>
    <time>2026-03-07T12:30:54Z</time>
    <extensions>
     <gpxtpx:TrackPointExtension>
      <gpxtpx:hr>102</gpxtpx:hr>
      <gpxtpx:cad>0</gpxtpx:cad>
     </gpxtpx:TrackPointExtension>
    </extensions>
   </trkpt>
   <trkpt lat="47.8431210" lon="13.7756990">
    <ele>669.8</ele>
    <time>2026-03-07T12:30:55Z</time>
    <extensions>
     <gpxtpx:TrackPointExtension>
      <gpxtpx:hr>104</gpxtpx:hr>
      <gpxtpx:cad>0</gpxtpx:cad>
     </gpxtpx:TrackPointExtension>
    </extensions>
   </trkpt>
   <trkpt lat="47.8431270" lon="13.7757080">
    <ele>669.6</ele>
    <time>2026-03-07T12:30:56Z</time>
    <extensions>
     <gpxtpx:TrackPointExtension>
      <gpxtpx:hr>107</gpxtpx:hr>
      <gpxtpx:cad>0</gpxtpx:cad>
     </gpxtpx:TrackPointExtension>
    </extensions>
   </trkpt>
   <trkpt lat="47.8431370" lon="13.7757290">
    <ele>669.2</ele>
    <time>2026-03-07T12:30:58Z</time>
    <extensions>
     <gpxtpx:TrackPointExtension>
      <gpxtpx:hr>110</gpxtpx:hr>
      <gpxtpx:cad>55</gpxtpx:cad>
     </gpxtpx:TrackPointExtension>
    </extensions>
   </trkpt>
   <trkpt lat="47.8431490" lon="13.7757520">
    <ele>668.6</ele>
    <time>2026-03-07T12:31:01Z</time>
    <extensions>
     <gpxtpx:TrackPointExtension>
      <gpxtpx:hr>112</gpxtpx:hr>
      <gpxtpx:cad>55</gpxtpx:cad>
     </gpxtpx:TrackPointExtension>
    </extensions>
   </trkpt>
   <trkpt lat="47.8431550" lon="13.7757620">
    <ele>668.4</ele>
    <time>2026-03-07T12:31:03Z</time>
    <extensions>
     <gpxtpx:TrackPointExtension>
      <gpxtpx:hr>113</gpxtpx:hr>
      <gpxtpx:cad>59</gpxtpx:cad>
     </gpxtpx:TrackPointExtension>
    </extensions>
   </trkpt>
   <trkpt lat="47.8431800" lon="13.7757870">
    <ele>667.6</ele>
    <time>2026-03-07T12:31:09Z</time>
    <extensions>
     <gpxtpx:TrackPointExtension>
      <gpxtpx:hr>113</gpxtpx:hr>
      <gpxtpx:cad>0</gpxtpx:cad>
     </gpxtpx:TrackPointExtension>
    </extensions>
   </trkpt>
   <trkpt lat="47.8431850" lon="13.7757950">
    <ele>667.4</ele>
    <time>2026-03-07T12:31:10Z</time>
    <extensions>
     <gpxtpx:TrackPointExtension>
      <gpxtpx:hr>114</gpxtpx:hr>
      <gpxtpx:cad>0</gpxtpx:cad>
     </gpxtpx:TrackPointExtension>
    </extensions>
   </trkpt>
   <trkpt lat="47.8432040" lon="13.7758290">
    <ele>666.8</ele>
    <time>2026-03-07T12:31:15Z</time>
    <extensions>
     <gpxtpx:TrackPointExtension>
      <gpxtpx:hr>114</gpxtpx:hr>
      <gpxtpx:cad>60</gpxtpx:cad>
     </gpxtpx:TrackPointExtension>
    </extensions>
   </trkpt>
   <trkpt lat="47.8432090" lon="13.7758340">
    <ele>666.6</ele>
    <time>2026-03-07T12:31:16Z</time>
    <extensions>
     <gpxtpx:TrackPointExtension>
      <gpxtpx:hr>114</gpxtpx:hr>
      <gpxtpx:cad>60</gpxtpx:cad>
     </gpxtpx:TrackPointExtension>
    </extensions>
   </trkpt>
   <trkpt lat="47.8432340" lon="13.7758610">
    <ele>665.6</ele>
    <time>2026-03-07T12:31:21Z</time>
    <extensions>
     <gpxtpx:TrackPointExtension>
      <gpxtpx:hr>111</gpxtpx:hr>
      <gpxtpx:cad>0</gpxtpx:cad>
     </gpxtpx:TrackPointExtension>
    </extensions>
   </trkpt>
   <trkpt lat="47.8432380" lon="13.7758630">
    <ele>665.6</ele>
    <time>2026-03-07T12:31:22Z</time>
    <extensions>
     <gpxtpx:TrackPointExtension>
      <gpxtpx:hr>111</gpxtpx:hr>
      <gpxtpx:cad>0</gpxtpx:cad>
     </gpxtpx:TrackPointExtension>
    </extensions>
   </trkpt>
   <trkpt lat="47.8432410" lon="13.7758640">
    <ele>665.4</ele>
    <time>2026-03-07T12:31:23Z</time>
    <extensions>
     <gpxtpx:TrackPointExtension>
      <gpxtpx:hr>110</gpxtpx:hr>
      <gpxtpx:cad>0</gpxtpx:cad>
     </gpxtpx:TrackPointExtension>
    </extensions>
   </trkpt>
   <trkpt lat="47.8432520" lon="13.7758670">
    <ele>664.8</ele>
    <time>2026-03-07T12:31:27Z</time>
    <extensions>
     <gpxtpx:TrackPointExtension>
      <gpxtpx:hr>107</gpxtpx:hr>
      <gpxtpx:cad>0</gpxtpx:cad>
     </gpxtpx:TrackPointExtension>
    </extensions>
   </trkpt>
   <trkpt lat="47.8432600" lon="13.7758530">
    <ele>664.4</ele>
    <time>2026-03-07T12:31:30Z</time>
    <extensions>
     <gpxtpx:TrackPointExtension>
      <gpxtpx:hr>107</gpxtpx:hr>
      <gpxtpx:cad>0</gpxtpx:cad>
     </gpxtpx:TrackPointExtension>
    </extensions>
   </trkpt>
   <trkpt lat="47.8432670" lon="13.7758100">
    <ele>663.6</ele>
    <time>2026-03-07T12:31:35Z</time>
    <extensions>
     <gpxtpx:TrackPointExtension>
      <gpxtpx:hr>106</gpxtpx:hr>
      <gpxtpx:cad>0</gpxtpx:cad>
     </gpxtpx:TrackPointExtension>
    </extensions>
   </trkpt>
   <trkpt lat="47.8432720" lon="13.7757960">
    <ele>663.4</ele>
    <time>2026-03-07T12:31:37Z</time>
    <extensions>
     <gpxtpx:TrackPointExtension>
      <gpxtpx:hr>105</gpxtpx:hr>
      <gpxtpx:cad>0</gpxtpx:cad>
     </gpxtpx:TrackPointExtension>
    </extensions>
   </trkpt>
   <trkpt lat="47.8432820" lon="13.7757760">
    <ele>662.2</ele>
    <time>2026-03-07T12:31:42Z</time>
    <extensions>
     <gpxtpx:TrackPointExtension>
      <gpxtpx:hr>105</gpxtpx:hr>
      <gpxtpx:cad>0</gpxtpx:cad>
     </gpxtpx:TrackPointExtension>
    </extensions>
   </trkpt>
   <trkpt lat="47.8432880" lon="13.7757860">
    <ele>661.8</ele>
    <time>2026-03-07T12:31:49Z</time>
    <extensions>
     <gpxtpx:TrackPointExtension>
      <gpxtpx:hr>105</gpxtpx:hr>
      <gpxtpx:cad>0</gpxtpx:cad>
     </gpxtpx:TrackPointExtension>
    </extensions>
   </trkpt>
   <trkpt lat="47.8432950" lon="13.7757830">
    <ele>662.4</ele>
    <time>2026-03-07T12:31:59Z</time>
    <extensions>
     <gpxtpx:TrackPointExtension>
      <gpxtpx:hr>104</gpxtpx:hr>
      <gpxtpx:cad>0</gpxtpx:cad>
     </gpxtpx:TrackPointExtension>
    </extensions>
   </trkpt>
   <trkpt lat="47.8432980" lon="13.7757720">
    <ele>662.6</ele>
    <time>2026-03-07T12:32:01Z</time>
    <extensions>
     <gpxtpx:TrackPointExtension>
      <gpxtpx:hr>101</gpxtpx:hr>
      <gpxtpx:cad>0</gpxtpx:cad>
     </gpxtpx:TrackPointExtension>
    </extensions>
   </trkpt>
   <trkpt lat="47.8433000" lon="13.7757460">
    <ele>660.8</ele>
    <time>2026-03-07T12:32:03Z</time>
    <extensions>
     <gpxtpx:TrackPointExtension>
      <gpxtpx:hr>100</gpxtpx:hr>
      <gpxtpx:cad>0</gpxtpx:cad>
     </gpxtpx:TrackPointExtension>
    </extensions>
   </trkpt>
   <trkpt lat="47.8433040" lon="13.7757130">
    <ele>660.2</ele>
    <time>2026-03-07T12:32:05Z</time>
    <extensions>
     <gpxtpx:TrackPointExtension>
      <gpxtpx:hr>100</gpxtpx:hr>
      <gpxtpx:cad>0</gpxtpx:cad>
     </gpxtpx:TrackPointExtension>
    </extensions>
   </trkpt>
   <trkpt lat="47.8433070" lon="13.7756980">
    <ele>659.8</ele>
    <time>2026-03-07T12:32:06Z</time>
    <extensions>
     <gpxtpx:TrackPointExtension>
      <gpxtpx:hr>101</gpxtpx:hr>
      <gpxtpx:cad>0</gpxtpx:cad>
     </gpxtpx:TrackPointExtension>
    </extensions>
   </trkpt>
   <trkpt lat="47.8433150" lon="13.7756690">
    <ele>658.8</ele>
    <time>2026-03-07T12:32:08Z</time>
    <extensions>
     <gpxtpx:TrackPointExtension>
      <gpxtpx:hr>104</gpxtpx:hr>
      <gpxtpx:cad>0</gpxtpx:cad>
     </gpxtpx:TrackPointExtension>
    </extensions>
   </trkpt>
   <trkpt lat="47.8433190" lon="13.7756570">
    <ele>658.4</ele>
    <time>2026-03-07T12:32:09Z</time>
    <extensions>
     <gpxtpx:TrackPointExtension>
      <gpxtpx:hr>104</gpxtpx:hr>
      <gpxtpx:cad>51</gpxtpx:cad>
     </gpxtpx:TrackPointExtension>
    </extensions>
   </trkpt>
   <trkpt lat="47.8433320" lon="13.7756280">
    <ele>657.6</ele>
    <time>2026-03-07T12:32:12Z</time>
    <extensions>
     <gpxtpx:TrackPointExtension>
      <gpxtpx:hr>105</gpxtpx:hr>
      <gpxtpx:cad>55</gpxtpx:cad>
     </gpxtpx:TrackPointExtension>
    </extensions>
   </trkpt>
   <trkpt lat="47.8433360" lon="13.7756210">
    <ele>657.4</ele>
    <time>2026-03-07T12:32:13Z</time>
    <extensions>
     <gpxtpx:TrackPointExtension>
      <gpxtpx:hr>105</gpxtpx:hr>
      <gpxtpx:cad>55</gpxtpx:cad>
     </gpxtpx:TrackPointExtension>
    </extensions>
   </trkpt>
   <trkpt lat="47.8433570" lon="13.7755900">
    <ele>656.6</ele>
    <time>2026-03-07T12:32:19Z</time>
    <extensions>
     <gpxtpx:TrackPointExtension>
      <gpxtpx:hr>103</gpxtpx:hr>
      <gpxtpx:cad>55</gpxtpx:cad>
     </gpxtpx:TrackPointExtension>
    </extensions>
   </trkpt>
   <trkpt lat="47.8433600" lon="13.7755940">
    <ele>656.4</ele>
    <time>2026-03-07T12:32:23Z</time>
    <extensions>
     <gpxtpx:TrackPointExtension>
      <gpxtpx:hr>102</gpxtpx:hr>
      <gpxtpx:cad>0</gpxtpx:cad>
     </gpxtpx:TrackPointExtension>
    </extensions>
   </trkpt>
   <trkpt lat="47.8433660" lon="13.7755890">
    <ele>656.2</ele>
    <time>2026-03-07T12:32:25Z</time>
    <extensions>
     <gpxtpx:TrackPointExtension>
      <gpxtpx:hr>101</gpxtpx:hr>
      <gpxtpx:cad>0</gpxtpx:cad>
     </gpxtpx:TrackPointExtension>
    </extensions>
   </trkpt>
   <trkpt lat="47.8433670" lon="13.7755870">
    <ele>656.0</ele>
    <time>2026-03-07T12:32:26Z</time>
    <extensions>
     <gpxtpx:TrackPointExtension>
      <gpxtpx:hr>101</gpxtpx:hr>
      <gpxtpx:cad>0</gpxtpx:cad>
     </gpxtpx:TrackPointExtension>
    </extensions>
   </trkpt>
   <trkpt lat="47.8433850" lon="13.7755710">
    <ele>655.0</ele>
    <time>2026-03-07T12:32:33Z</time>
    <extensions>
     <gpxtpx:TrackPointExtension>
      <gpxtpx:hr>103</gpxtpx:hr>
      <gpxtpx:cad>0</gpxtpx:cad>
     </gpxtpx:TrackPointExtension>
    </extensions>
   </trkpt>
   <trkpt lat="47.8434010" lon="13.7755840">
    <ele>654.0</ele>
    <time>2026-03-07T12:32:36Z</time>
    <extensions>
     <gpxtpx:TrackPointExtension>
      <gpxtpx:hr>105</gpxtpx:hr>
      <gpxtpx:cad>52</gpxtpx:cad>
     </gpxtpx:TrackPointExtension>
    </extensions>
   </trkpt>
   <trkpt lat="47.8434200" lon="13.7756020">
    <ele>653.2</ele>
    <time>2026-03-07T12:32:39Z</time>
    <extensions>
     <gpxtpx:TrackPointExtension>
      <gpxtpx:hr>105</gpxtpx:hr>
      <gpxtpx:cad>0</gpxtpx:cad>
     </gpxtpx:TrackPointExtension>
    </extensions>
   </trkpt>
   <trkpt lat="47.8434260" lon="13.7756100">
    <ele>653.0</ele>
    <time>2026-03-07T12:32:40Z</time>
    <extensions>
     <gpxtpx:TrackPointExtension>
      <gpxtpx:hr>106</gpxtpx:hr>
      <gpxtpx:cad>0</gpxtpx:cad>
     </gpxtpx:TrackPointExtension>
    </extensions>
   </trkpt>
   <trkpt lat="47.8434510" lon="13.7756520">
    <ele>652.0</ele>
    <time>2026-03-07T12:32:45Z</time>
    <extensions>
     <gpxtpx:TrackPointExtension>
      <gpxtpx:hr>107</gpxtpx:hr>
      <gpxtpx:cad>55</gpxtpx:cad>
     </gpxtpx:TrackPointExtension>
    </extensions>
   </trkpt>
   <trkpt lat="47.8434550" lon="13.7756600">
    <ele>651.8</ele>
    <time>2026-03-07T12:32:46Z</time>
    <extensions>
     <gpxtpx:TrackPointExtension>
      <gpxtpx:hr>107</gpxtpx:hr>
      <gpxtpx:cad>55</gpxtpx:cad>
     </gpxtpx:TrackPointExtension>
    </extensions>
   </trkpt>
   <trkpt lat="47.8434800" lon="13.7757110">
    <ele>650.8</ele>
    <time>2026-03-07T12:32:51Z</time>
    <extensions>
     <gpxtpx:TrackPointExtension>
      <gpxtpx:hr>108</gpxtpx:hr>
      <gpxtpx:cad>56</gpxtpx:cad>
     </gpxtpx:TrackPointExtension>
    </extensions>
   </trkpt>
   <trkpt lat="47.8434890" lon="13.7757350">
    <ele>650.2</ele>
    <time>2026-03-07T12:32:53Z</time>
    <extensions>
     <gpxtpx:TrackPointExtension>
      <gpxtpx:hr>108</gpxtpx:hr>
      <gpxtpx:cad>56</gpxtpx:cad>
     </gpxtpx:TrackPointExtension>
    </extensions>
   </trkpt>
   <trkpt lat="47.8434950" lon="13.7757550">
    <ele>649.8</ele>
    <time>2026-03-07T12:32:55Z</time>
    <extensions>
     <gpxtpx:TrackPointExtension>
      <gpxtpx:hr>107</gpxtpx:hr>
      <gpxtpx:cad>60</gpxtpx:cad>
     </gpxtpx:TrackPointExtension>
    </extensions>
   </trkpt>
   <trkpt lat="47.8435060" lon="13.7757820">
    <ele>649.0</ele>
    <time>2026-03-07T12:33:01Z</time>
    <extensions>
     <gpxtpx:TrackPointExtension>
      <gpxtpx:hr>108</gpxtpx:hr>
      <gpxtpx:cad>60</gpxtpx:cad>
     </gpxtpx:TrackPointExtension>
    </extensions>
   </trkpt>
   <trkpt lat="47.8435050" lon="13.7757810">
    <ele>648.8</ele>
    <time>2026-03-07T12:33:02Z</time>
    <extensions>
     <gpxtpx:TrackPointExtension>
      <gpxtpx:hr>108</gpxtpx:hr>
      <gpxtpx:cad>0</gpxtpx:cad>
     </gpxtpx:TrackPointExtension>
    </extensions>
   </trkpt>
   <trkpt lat="47.8435050" lon="13.7757810">
    <ele>648.8</ele>
    <time>2026-03-07T12:33:03Z</time>
    <extensions>
     <gpxtpx:TrackPointExtension>
      <gpxtpx:hr>107</gpxtpx:hr>
      <gpxtpx:cad>0</gpxtpx:cad>
     </gpxtpx:TrackPointExtension>
    </extensions>
   </trkpt>
   <trkpt lat="47.8435060" lon="13.7757810">
    <ele>648.6</ele>
    <time>2026-03-07T12:33:04Z</time>
    <extensions>
     <gpxtpx:TrackPointExtension>
      <gpxtpx:hr>104</gpxtpx:hr>
      <gpxtpx:cad>0</gpxtpx:cad>
     </gpxtpx:TrackPointExtension>
    </extensions>
   </trkpt>
   <trkpt lat="47.8435070" lon="13.7757830">
    <ele>648.4</ele>
    <time>2026-03-07T12:33:05Z</time>
    <extensions>
     <gpxtpx:TrackPointExtension>
      <gpxtpx:hr>99</gpxtpx:hr>
      <gpxtpx:cad>0</gpxtpx:cad>
     </gpxtpx:TrackPointExtension>
    </extensions>
   </trkpt>
   <trkpt lat="47.8435140" lon="13.7757920">
    <ele>648.6</ele>
    <time>2026-03-07T12:33:07Z</time>
    <extensions>
     <gpxtpx:TrackPointExtension>
      <gpxtpx:hr>96</gpxtpx:hr>
      <gpxtpx:cad>0</gpxtpx:cad>
     </gpxtpx:TrackPointExtension>
    </extensions>
   </trkpt>
   <trkpt lat="47.8435210" lon="13.7757980">
    <ele>648.4</ele>
    <time>2026-03-07T12:33:08Z</time>
    <extensions>
     <gpxtpx:TrackPointExtension>
      <gpxtpx:hr>95</gpxtpx:hr>
      <gpxtpx:cad>0</gpxtpx:cad>
     </gpxtpx:TrackPointExtension>
    </extensions>
   </trkpt>
   <trkpt lat="47.8435330" lon="13.7757960">
    <ele>647.8</ele>
    <time>2026-03-07T12:33:11Z</time>
    <extensions>
     <gpxtpx:TrackPointExtension>
      <gpxtpx:hr>96</gpxtpx:hr>
      <gpxtpx:cad>0</gpxtpx:cad>
     </gpxtpx:TrackPointExtension>
    </extensions>
   </trkpt>
   <trkpt lat="47.8435420" lon="13.7758050">
    <ele>647.0</ele>
    <time>2026-03-07T12:33:13Z</time>
    <extensions>
     <gpxtpx:TrackPointExtension>
      <gpxtpx:hr>99</gpxtpx:hr>
      <gpxtpx:cad>0</gpxtpx:cad>
     </gpxtpx:TrackPointExtension>
    </extensions>
   </trkpt>
   <trkpt lat="47.8435490" lon="13.7758160">
    <ele>646.6</ele>
    <time>2026-03-07T12:33:15Z</time>
    <extensions>
     <gpxtpx:TrackPointExtension>
      <gpxtpx:hr>101</gpxtpx:hr>
      <gpxtpx:cad>0</gpxtpx:cad>
     </gpxtpx:TrackPointExtension>
    </extensions>
   </trkpt>
   <trkpt lat="47.8435600" lon="13.7758360">
    <ele>646.2</ele>
    <time>2026-03-07T12:33:18Z</time>
    <extensions>
     <gpxtpx:TrackPointExtension>
      <gpxtpx:hr>104</gpxtpx:hr>
      <gpxtpx:cad>56</gpxtpx:cad>
     </gpxtpx:TrackPointExtension>
    </extensions>
   </trkpt>
   <trkpt lat="47.8435760" lon="13.7758410">
    <ele>645.4</ele>
    <time>2026-03-07T12:33:21Z</time>
    <extensions>
     <gpxtpx:TrackPointExtension>
      <gpxtpx:hr>106</gpxtpx:hr>
      <gpxtpx:cad>79</gpxtpx:cad>
     </gpxtpx:TrackPointExtension>
    </extensions>
   </trkpt>
   <trkpt lat="47.8435790" lon="13.7758380">
    <ele>645.2</ele>
    <time>2026-03-07T12:33:22Z</time>
    <extensions>
     <gpxtpx:TrackPointExtension>
      <gpxtpx:hr>106</gpxtpx:hr>
      <gpxtpx:cad>79</gpxtpx:cad>
     </gpxtpx:TrackPointExtension>
    </extensions>
   </trkpt>
   <trkpt lat="47.8435920" lon="13.7758180">
    <ele>644.4</ele>
    <time>2026-03-07T12:33:26Z</time>
    <extensions>
     <gpxtpx:TrackPointExtension>
      <gpxtpx:hr>107</gpxtpx:hr>
      <gpxtpx:cad>79</gpxtpx:cad>
     </gpxtpx:TrackPointExtension>
    </extensions>
   </trkpt>
   <trkpt lat="47.8435940" lon="13.7758100">
    <ele>644.2</ele>
    <time>2026-03-07T12:33:27Z</time>
    <extensions>
     <gpxtpx:TrackPointExtension>
      <gpxtpx:hr>107</gpxtpx:hr>
      <gpxtpx:cad>79</gpxtpx:cad>
     </gpxtpx:TrackPointExtension>
    </extensions>
   </trkpt>
   <trkpt lat="47.8435950" lon="13.7758040">
    <ele>644.0</ele>
    <time>2026-03-07T12:33:28Z</time>
    <extensions>
     <gpxtpx:TrackPointExtension>
      <gpxtpx:hr>107</gpxtpx:hr>
      <gpxtpx:cad>79</gpxtpx:cad>
     </gpxtpx:TrackPointExtension>
    </extensions>
   </trkpt>
   <trkpt lat="47.8435980" lon="13.7757750">
    <ele>643.2</ele>
    <time>2026-03-07T12:33:32Z</time>
    <extensions>
     <gpxtpx:TrackPointExtension>
      <gpxtpx:hr>107</gpxtpx:hr>
      <gpxtpx:cad>0</gpxtpx:cad>
     </gpxtpx:TrackPointExtension>
    </extensions>
   </trkpt>
   <trkpt lat="47.8435970" lon="13.7757660">
    <ele>642.6</ele>
    <time>2026-03-07T12:33:36Z</time>
    <extensions>
     <gpxtpx:TrackPointExtension>
      <gpxtpx:hr>108</gpxtpx:hr>
      <gpxtpx:cad>0</gpxtpx:cad>
     </gpxtpx:TrackPointExtension>
    </extensions>
   </trkpt>
   <trkpt lat="47.8436130" lon="13.7757850">
    <ele>642.6</ele>
    <time>2026-03-07T12:33:44Z</time>
    <extensions>
     <gpxtpx:TrackPointExtension>
      <gpxtpx:hr>108</gpxtpx:hr>
      <gpxtpx:cad>0</gpxtpx:cad>
     </gpxtpx:TrackPointExtension>
    </extensions>
   </trkpt>
   <trkpt lat="47.8436410" lon="13.7757740">
    <ele>642.0</ele>
    <time>2026-03-07T12:33:47Z</time>
    <extensions>
     <gpxtpx:TrackPointExtension>
      <gpxtpx:hr>107</gpxtpx:hr>
      <gpxtpx:cad>0</gpxtpx:cad>
     </gpxtpx:TrackPointExtension>
    </extensions>
   </trkpt>
   <trkpt lat="47.8436680" lon="13.7757500">
    <ele>640.8</ele>
    <time>2026-03-07T12:33:50Z</time>
    <extensions>
     <gpxtpx:TrackPointExtension>
      <gpxtpx:hr>107</gpxtpx:hr>
      <gpxtpx:cad>0</gpxtpx:cad>
     </gpxtpx:TrackPointExtension>
    </extensions>
   </trkpt>
   <trkpt lat="47.8436770" lon="13.7757450">
    <ele>640.6</ele>
    <time>2026-03-07T12:33:51Z</time>
    <extensions>
     <gpxtpx:TrackPointExtension>
      <gpxtpx:hr>107</gpxtpx:hr>
      <gpxtpx:cad>0</gpxtpx:cad>
     </gpxtpx:TrackPointExtension>
    </extensions>
   </trkpt>
   <trkpt lat="47.8436960" lon="13.7757170">
    <ele>640.0</ele>
    <time>2026-03-07T12:33:57Z</time>
    <extensions>
     <gpxtpx:TrackPointExtension>
      <gpxtpx:hr>110</gpxtpx:hr>
      <gpxtpx:cad>0</gpxtpx:cad>
     </gpxtpx:TrackPointExtension>
    </extensions>
   </trkpt>
   <trkpt lat="47.8436980" lon="13.7757160">
    <ele>639.8</ele>
    <time>2026-03-07T12:33:58Z</time>
    <extensions>
     <gpxtpx:TrackPointExtension>
      <gpxtpx:hr>109</gpxtpx:hr>
      <gpxtpx:cad>0</gpxtpx:cad>
     </gpxtpx:TrackPointExtension>
    </extensions>
   </trkpt>
   <trkpt lat="47.8436950" lon="13.7757220">
    <ele>639.4</ele>
    <time>2026-03-07T12:34:00Z</time>
    <extensions>
     <gpxtpx:TrackPointExtension>
      <gpxtpx:hr>109</gpxtpx:hr>
      <gpxtpx:cad>0</gpxtpx:cad>
     </gpxtpx:TrackPointExtension>
    </extensions>
   </trkpt>
   <trkpt lat="47.8436910" lon="13.7757280">
    <ele>638.8</ele>
    <time>2026-03-07T12:34:02Z</time>
    <extensions>
     <gpxtpx:TrackPointExtension>
      <gpxtpx:hr>109</gpxtpx:hr>
      <gpxtpx:cad>0</gpxtpx:cad>
     </gpxtpx:TrackPointExtension>
    </extensions>
   </trkpt>
   <trkpt lat="47.8436920" lon="13.7757460">
    <ele>637.8</ele>
    <time>2026-03-07T12:34:07Z</time>
    <extensions>
     <gpxtpx:TrackPointExtension>
      <gpxtpx:hr>110</gpxtpx:hr>
      <gpxtpx:cad>0</gpxtpx:cad>
     </gpxtpx:TrackPointExtension>
    </extensions>
   </trkpt>
   <trkpt lat="47.8437070" lon="13.7757630">
    <ele>637.2</ele>
    <time>2026-03-07T12:34:13Z</time>
    <extensions>
     <gpxtpx:TrackPointExtension>
      <gpxtpx:hr>111</gpxtpx:hr>
      <gpxtpx:cad>62</gpxtpx:cad>
     </gpxtpx:TrackPointExtension>
    </extensions>
   </trkpt>
   <trkpt lat="47.8437150" lon="13.7757540">
    <ele>636.6</ele>
    <time>2026-03-07T12:34:16Z</time>
    <extensions>
     <gpxtpx:TrackPointExtension>
      <gpxtpx:hr>111</gpxtpx:hr>
      <gpxtpx:cad>0</gpxtpx:cad>
     </gpxtpx:TrackPointExtension>
    </extensions>
   </trkpt>
   <trkpt lat="47.8437310" lon="13.7757490">
    <ele>635.6</ele>
    <time>2026-03-07T12:34:21Z</time>
    <extensions>
     <gpxtpx:TrackPointExtension>
      <gpxtpx:hr>112</gpxtpx:hr>
      <gpxtpx:cad>45</gpxtpx:cad>
     </gpxtpx:TrackPointExtension>
    </extensions>
   </trkpt>
   <trkpt lat="47.8437500" lon="13.7757400">
    <ele>634.4</ele>
    <time>2026-03-07T12:34:27Z</time>
    <extensions>
     <gpxtpx:TrackPointExtension>
      <gpxtpx:hr>113</gpxtpx:hr>
      <gpxtpx:cad>0</gpxtpx:cad>
     </gpxtpx:TrackPointExtension>
    </extensions>
   </trkpt>
   <trkpt lat="47.8437520" lon="13.7757550">
    <ele>633.4</ele>
    <time>2026-03-07T12:34:32Z</time>
    <extensions>
     <gpxtpx:TrackPointExtension>
      <gpxtpx:hr>112</gpxtpx:hr>
      <gpxtpx:cad>0</gpxtpx:cad>
     </gpxtpx:TrackPointExtension>
    </extensions>
   </trkpt>
   <trkpt lat="47.8437530" lon="13.7757570">
    <ele>633.2</ele>
    <time>2026-03-07T12:34:33Z</time>
    <extensions>
     <gpxtpx:TrackPointExtension>
      <gpxtpx:hr>112</gpxtpx:hr>
      <gpxtpx:cad>0</gpxtpx:cad>
     </gpxtpx:TrackPointExtension>
    </extensions>
   </trkpt>
   <trkpt lat="47.8437650" lon="13.7757710">
    <ele>632.8</ele>
    <time>2026-03-07T12:34:40Z</time>
    <extensions>
     <gpxtpx:TrackPointExtension>
      <gpxtpx:hr>115</gpxtpx:hr>
      <gpxtpx:cad>0</gpxtpx:cad>
     </gpxtpx:TrackPointExtension>
    </extensions>
   </trkpt>
   <trkpt lat="47.8437750" lon="13.7757660">
    <ele>632.6</ele>
    <time>2026-03-07T12:34:42Z</time>
    <extensions>
     <gpxtpx:TrackPointExtension>
      <gpxtpx:hr>116</gpxtpx:hr>
      <gpxtpx:cad>0</gpxtpx:cad>
     </gpxtpx:TrackPointExtension>
    </extensions>
   </trkpt>
   <trkpt lat="47.8437890" lon="13.7757540">
    <ele>632.0</ele>
    <time>2026-03-07T12:34:44Z</time>
    <extensions>
     <gpxtpx:TrackPointExtension>
      <gpxtpx:hr>118</gpxtpx:hr>
      <gpxtpx:cad>0</gpxtpx:cad>
     </gpxtpx:TrackPointExtension>
    </extensions>
   </trkpt>
   <trkpt lat="47.8437990" lon="13.7757330">
    <ele>631.0</ele>
    <time>2026-03-07T12:34:47Z</time>
    <extensions>
     <gpxtpx:TrackPointExtension>
      <gpxtpx:hr>121</gpxtpx:hr>
      <gpxtpx:cad>0</gpxtpx:cad>
     </gpxtpx:TrackPointExtension>
    </extensions>
   </trkpt>
   <trkpt lat="47.8438000" lon="13.7757250">
    <ele>630.8</ele>
    <time>2026-03-07T12:34:48Z</time>
    <extensions>
     <gpxtpx:TrackPointExtension>
      <gpxtpx:hr>121</gpxtpx:hr>
      <gpxtpx:cad>0</gpxtpx:cad>
     </gpxtpx:TrackPointExtension>
    </extensions>
   </trkpt>
   <trkpt lat="47.8438100" lon="13.7756900">
    <ele>630.0</ele>
    <time>2026-03-07T12:34:55Z</time>
    <extensions>
     <gpxtpx:TrackPointExtension>
      <gpxtpx:hr>122</gpxtpx:hr>
      <gpxtpx:cad>0</gpxtpx:cad>
     </gpxtpx:TrackPointExtension>
    </extensions>
   </trkpt>
   <trkpt lat="47.8438180" lon="13.7756720">
    <ele>629.6</ele>
    <time>2026-03-07T12:34:58Z</time>
    <extensions>
     <gpxtpx:TrackPointExtension>
      <gpxtpx:hr>121</gpxtpx:hr>
      <gpxtpx:cad>0</gpxtpx:cad>
     </gpxtpx:TrackPointExtension>
    </extensions>
   </trkpt>
   <trkpt lat="47.8438250" lon="13.7756440">
    <ele>628.6</ele>
    <time>2026-03-07T12:35:02Z</time>
    <extensions>
     <gpxtpx:TrackPointExtension>
      <gpxtpx:hr>122</gpxtpx:hr>
      <gpxtpx:cad>0</gpxtpx:cad>
     </gpxtpx:TrackPointExtension>
    </extensions>
   </trkpt>
   <trkpt lat="47.8438260" lon="13.7756300">
    <ele>627.6</ele>
    <time>2026-03-07T12:35:07Z</time>
    <extensions>
     <gpxtpx:TrackPointExtension>
      <gpxtpx:hr>121</gpxtpx:hr>
      <gpxtpx:cad>54</gpxtpx:cad>
     </gpxtpx:TrackPointExtension>
    </extensions>
   </trkpt>
   <trkpt lat="47.8438360" lon="13.7756390">
    <ele>627.2</ele>
    <time>2026-03-07T12:35:11Z</time>
    <extensions>
     <gpxtpx:TrackPointExtension>
      <gpxtpx:hr>121</gpxtpx:hr>
      <gpxtpx:cad>0</gpxtpx:cad>
     </gpxtpx:TrackPointExtension>
    </extensions>
   </trkpt>
   <trkpt lat="47.8438450" lon="13.7756540">
    <ele>626.6</ele>
    <time>2026-03-07T12:35:15Z</time>
    <extensions>
     <gpxtpx:TrackPointExtension>
      <gpxtpx:hr>118</gpxtpx:hr>
      <gpxtpx:cad>0</gpxtpx:cad>
     </gpxtpx:TrackPointExtension>
    </extensions>
   </trkpt>
   <trkpt lat="47.8438500" lon="13.7756600">
    <ele>626.2</ele>
    <time>2026-03-07T12:35:18Z</time>
    <extensions>
     <gpxtpx:TrackPointExtension>
      <gpxtpx:hr>115</gpxtpx:hr>
      <gpxtpx:cad>0</gpxtpx:cad>
     </gpxtpx:TrackPointExtension>
    </extensions>
   </trkpt>
   <trkpt lat="47.8438640" lon="13.7756510">
    <ele>625.4</ele>
    <time>2026-03-07T12:35:22Z</time>
    <extensions>
     <gpxtpx:TrackPointExtension>
      <gpxtpx:hr>112</gpxtpx:hr>
      <gpxtpx:cad>50</gpxtpx:cad>
     </gpxtpx:TrackPointExtension>
    </extensions>
   </trkpt>
   <trkpt lat="47.8438750" lon="13.7756240">
    <ele>624.6</ele>
    <time>2026-03-07T12:35:25Z</time>
    <extensions>
     <gpxtpx:TrackPointExtension>
      <gpxtpx:hr>112</gpxtpx:hr>
      <gpxtpx:cad>0</gpxtpx:cad>
     </gpxtpx:TrackPointExtension>
    </extensions>
   </trkpt>
   <trkpt lat="47.8438790" lon="13.7756150">
    <ele>624.4</ele>
    <time>2026-03-07T12:35:26Z</time>
    <extensions>
     <gpxtpx:TrackPointExtension>
      <gpxtpx:hr>112</gpxtpx:hr>
      <gpxtpx:cad>0</gpxtpx:cad>
     </gpxtpx:TrackPointExtension>
    </extensions>
   </trkpt>
   <trkpt lat="47.8438910" lon="13.7756000">
    <ele>623.6</ele>
    <time>2026-03-07T12:35:32Z</time>
    <extensions>
     <gpxtpx:TrackPointExtension>
      <gpxtpx:hr>113</gpxtpx:hr>
      <gpxtpx:cad>55</gpxtpx:cad>
     </gpxtpx:TrackPointExtension>
    </extensions>
   </trkpt>
   <trkpt lat="47.8438960" lon="13.7756110">
    <ele>623.2</ele>
    <time>2026-03-07T12:35:34Z</time>
    <extensions>
     <gpxtpx:TrackPointExtension>
      <gpxtpx:hr>113</gpxtpx:hr>
      <gpxtpx:cad>55</gpxtpx:cad>
     </gpxtpx:TrackPointExtension>
    </extensions>
   </trkpt>
   <trkpt lat="47.8439180" lon="13.7756190">
    <ele>622.6</ele>
    <time>2026-03-07T12:35:39Z</time>
    <extensions>
     <gpxtpx:TrackPointExtension>
      <gpxtpx:hr>113</gpxtpx:hr>
      <gpxtpx:cad>0</gpxtpx:cad>
     </gpxtpx:TrackPointExtension>
    </extensions>
   </trkpt>
   <trkpt lat="47.8439220" lon="13.7756080">
    <ele>622.0</ele>
    <time>2026-03-07T12:35:41Z</time>
    <extensions>
     <gpxtpx:TrackPointExtension>
      <gpxtpx:hr>113</gpxtpx:hr>
      <gpxtpx:cad>0</gpxtpx:cad>
     </gpxtpx:TrackPointExtension>
    </extensions>
   </trkpt>
   <trkpt lat="47.8439250" lon="13.7755760">
    <ele>620.8</ele>
    <time>2026-03-07T12:35:45Z</time>
    <extensions>
     <gpxtpx:TrackPointExtension>
      <gpxtpx:hr>112</gpxtpx:hr>
      <gpxtpx:cad>0</gpxtpx:cad>
     </gpxtpx:TrackPointExtension>
    </extensions>
   </trkpt>
   <trkpt lat="47.8439340" lon="13.7755440">
    <ele>619.6</ele>
    <time>2026-03-07T12:35:52Z</time>
    <extensions>
     <gpxtpx:TrackPointExtension>
      <gpxtpx:hr>112</gpxtpx:hr>
      <gpxtpx:cad>0</gpxtpx:cad>
     </gpxtpx:TrackPointExtension>
    </extensions>
   </trkpt>
   <trkpt lat="47.8439520" lon="13.7755810">
    <ele>618.4</ele>
    <time>2026-03-07T12:35:58Z</time>
    <extensions>
     <gpxtpx:TrackPointExtension>
      <gpxtpx:hr>113</gpxtpx:hr>
      <gpxtpx:cad>0</gpxtpx:cad>
     </gpxtpx:TrackPointExtension>
    </extensions>
   </trkpt>
   <trkpt lat="47.8439740" lon="13.7755860">
    <ele>617.4</ele>
    <time>2026-03-07T12:36:04Z</time>
    <extensions>
     <gpxtpx:TrackPointExtension>
      <gpxtpx:hr>113</gpxtpx:hr>
      <gpxtpx:cad>0</gpxtpx:cad>
     </gpxtpx:TrackPointExtension>
    </extensions>
   </trkpt>
   <trkpt lat="47.8439750" lon="13.7755720">
    <ele>617.2</ele>
    <time>2026-03-07T12:36:06Z</time>
    <extensions>
     <gpxtpx:TrackPointExtension>
      <gpxtpx:hr>112</gpxtpx:hr>
      <gpxtpx:cad>0</gpxtpx:cad>
     </gpxtpx:TrackPointExtension>
    </extensions>
   </trkpt>
   <trkpt lat="47.8439840" lon="13.7755330">
    <ele>616.2</ele>
    <time>2026-03-07T12:36:11Z</time>
    <extensions>
     <gpxtpx:TrackPointExtension>
      <gpxtpx:hr>106</gpxtpx:hr>
      <gpxtpx:cad>43</gpxtpx:cad>
     </gpxtpx:TrackPointExtension>
    </extensions>
   </trkpt>
   <trkpt lat="47.8439890" lon="13.7755220">
    <ele>615.8</ele>
    <time>2026-03-07T12:36:13Z</time>
    <extensions>
     <gpxtpx:TrackPointExtension>
      <gpxtpx:hr>105</gpxtpx:hr>
      <gpxtpx:cad>43</gpxtpx:cad>
     </gpxtpx:TrackPointExtension>
    </extensions>
   </trkpt>
   <trkpt lat="47.8440000" lon="13.7754970">
    <ele>615.2</ele>
    <time>2026-03-07T12:36:17Z</time>
    <extensions>
     <gpxtpx:TrackPointExtension>
      <gpxtpx:hr>104</gpxtpx:hr>
      <gpxtpx:cad>57</gpxtpx:cad>
     </gpxtpx:TrackPointExtension>
    </extensions>
   </trkpt>
   <trkpt lat="47.8440040" lon="13.7755110">
    <ele>614.8</ele>
    <time>2026-03-07T12:36:19Z</time>
    <extensions>
     <gpxtpx:TrackPointExtension>
      <gpxtpx:hr>104</gpxtpx:hr>
      <gpxtpx:cad>55</gpxtpx:cad>
     </gpxtpx:TrackPointExtension>
    </extensions>
   </trkpt>
   <trkpt lat="47.8440070" lon="13.7755200">
    <ele>614.4</ele>
    <time>2026-03-07T12:36:22Z</time>
    <extensions>
     <gpxtpx:TrackPointExtension>
      <gpxtpx:hr>103</gpxtpx:hr>
      <gpxtpx:cad>57</gpxtpx:cad>
     </gpxtpx:TrackPointExtension>
    </extensions>
   </trkpt>
   <trkpt lat="47.8440060" lon="13.7755280">
    <ele>614.0</ele>
    <time>2026-03-07T12:36:25Z</time>
    <extensions>
     <gpxtpx:TrackPointExtension>
      <gpxtpx:hr>104</gpxtpx:hr>
      <gpxtpx:cad>0</gpxtpx:cad>
     </gpxtpx:TrackPointExtension>
    </extensions>
   </trkpt>
   <trkpt lat="47.8440050" lon="13.7755330">
    <ele>614.0</ele>
    <time>2026-03-07T12:36:27Z</time>
    <extensions>
     <gpxtpx:TrackPointExtension>
      <gpxtpx:hr>104</gpxtpx:hr>
      <gpxtpx:cad>0</gpxtpx:cad>
     </gpxtpx:TrackPointExtension>
    </extensions>
   </trkpt>
   <trkpt lat="47.8440310" lon="13.7755730">
    <ele>613.0</ele>
    <time>2026-03-07T12:36:33Z</time>
    <extensions>
     <gpxtpx:TrackPointExtension>
      <gpxtpx:hr>104</gpxtpx:hr>
      <gpxtpx:cad>0</gpxtpx:cad>
     </gpxtpx:TrackPointExtension>
    </extensions>
   </trkpt>
   <trkpt lat="47.8440430" lon="13.7756050">
    <ele>611.8</ele>
    <time>2026-03-07T12:36:37Z</time>
    <extensions>
     <gpxtpx:TrackPointExtension>
      <gpxtpx:hr>105</gpxtpx:hr>
      <gpxtpx:cad>65</gpxtpx:cad>
     </gpxtpx:TrackPointExtension>
    </extensions>
   </trkpt>
   <trkpt lat="47.8440720" lon="13.7756450">
    <ele>611.0</ele>
    <time>2026-03-07T12:36:42Z</time>
    <extensions>
     <gpxtpx:TrackPointExtension>
      <gpxtpx:hr>107</gpxtpx:hr>
      <gpxtpx:cad>61</gpxtpx:cad>
     </gpxtpx:TrackPointExtension>
    </extensions>
   </trkpt>
   <trkpt lat="47.8440880" lon="13.7756530">
    <ele>610.6</ele>
    <time>2026-03-07T12:36:44Z</time>
    <extensions>
     <gpxtpx:TrackPointExtension>
      <gpxtpx:hr>108</gpxtpx:hr>
      <gpxtpx:cad>61</gpxtpx:cad>
     </gpxtpx:TrackPointExtension>
    </extensions>
   </trkpt>
   <trkpt lat="47.8441160" lon="13.7756770">
    <ele>609.6</ele>
    <time>2026-03-07T12:36:48Z</time>
    <extensions>
     <gpxtpx:TrackPointExtension>
      <gpxtpx:hr>108</gpxtpx:hr>
      <gpxtpx:cad>61</gpxtpx:cad>
     </gpxtpx:TrackPointExtension>
    </extensions>
   </trkpt>
   <trkpt lat="47.8441290" lon="13.7756890">
    <ele>608.8</ele>
    <time>2026-03-07T12:36:50Z</time>
    <extensions>
     <gpxtpx:TrackPointExtension>
      <gpxtpx:hr>107</gpxtpx:hr>
      <gpxtpx:cad>63</gpxtpx:cad>
     </gpxtpx:TrackPointExtension>
    </extensions>
   </trkpt>
   <trkpt lat="47.8441360" lon="13.7756930">
    <ele>608.4</ele>
    <time>2026-03-07T12:36:51Z</time>
    <extensions>
     <gpxtpx:TrackPointExtension>
      <gpxtpx:hr>106</gpxtpx:hr>
      <gpxtpx:cad>63</gpxtpx:cad>
     </gpxtpx:TrackPointExtension>
    </extensions>
   </trkpt>
   <trkpt lat="47.8441790" lon="13.7757170">
    <ele>607.4</ele>
    <time>2026-03-07T12:36:57Z</time>
    <extensions>
     <gpxtpx:TrackPointExtension>
      <gpxtpx:hr>106</gpxtpx:hr>
      <gpxtpx:cad>63</gpxtpx:cad>
     </gpxtpx:TrackPointExtension>
    </extensions>
   </trkpt>
   <trkpt lat="47.8442050" lon="13.7757400">
    <ele>607.0</ele>
    <time>2026-03-07T12:37:01Z</time>
    <extensions>
     <gpxtpx:TrackPointExtension>
      <gpxtpx:hr>105</gpxtpx:hr>
      <gpxtpx:cad>0</gpxtpx:cad>
     </gpxtpx:TrackPointExtension>
    </extensions>
   </trkpt>
   <trkpt lat="47.8442180" lon="13.7757570">
    <ele>606.2</ele>
    <time>2026-03-07T12:37:04Z</time>
    <extensions>
     <gpxtpx:TrackPointExtension>
      <gpxtpx:hr>105</gpxtpx:hr>
      <gpxtpx:cad>51</gpxtpx:cad>
     </gpxtpx:TrackPointExtension>
    </extensions>
   </trkpt>
   <trkpt lat="47.8442300" lon="13.7757810">
    <ele>605.4</ele>
    <time>2026-03-07T12:37:09Z</time>
    <extensions>
     <gpxtpx:TrackPointExtension>
      <gpxtpx:hr>104</gpxtpx:hr>
      <gpxtpx:cad>54</gpxtpx:cad>
     </gpxtpx:TrackPointExtension>
    </extensions>
   </trkpt>
   <trkpt lat="47.8442290" lon="13.7757810">
    <ele>605.2</ele>
    <time>2026-03-07T12:37:10Z</time>
    <extensions>
     <gpxtpx:TrackPointExtension>
      <gpxtpx:hr>105</gpxtpx:hr>
      <gpxtpx:cad>0</gpxtpx:cad>
     </gpxtpx:TrackPointExtension>
    </extensions>
   </trkpt>
   <trkpt lat="47.8442300" lon="13.7757940">
    <ele>605.4</ele>
    <time>2026-03-07T12:37:17Z</time>
    <extensions>
     <gpxtpx:TrackPointExtension>
      <gpxtpx:hr>102</gpxtpx:hr>
      <gpxtpx:cad>0</gpxtpx:cad>
     </gpxtpx:TrackPointExtension>
    </extensions>
   </trkpt>
   <trkpt lat="47.8442330" lon="13.7758000">
    <ele>606.2</ele>
    <time>2026-03-07T12:37:19Z</time>
    <extensions>
     <gpxtpx:TrackPointExtension>
      <gpxtpx:hr>103</gpxtpx:hr>
      <gpxtpx:cad>0</gpxtpx:cad>
     </gpxtpx:TrackPointExtension>
    </extensions>
   </trkpt>
   <trkpt lat="47.8442370" lon="13.7758040">
    <ele>606.6</ele>
    <time>2026-03-07T12:37:21Z</time>
    <extensions>
     <gpxtpx:TrackPointExtension>
      <gpxtpx:hr>104</gpxtpx:hr>
      <gpxtpx:cad>0</gpxtpx:cad>
     </gpxtpx:TrackPointExtension>
    </extensions>
   </trkpt>
   <trkpt lat="47.8442480" lon="13.7758120">
    <ele>606.2</ele>
    <time>2026-03-07T12:37:28Z</time>
    <extensions>
     <gpxtpx:TrackPointExtension>
      <gpxtpx:hr>100</gpxtpx:hr>
      <gpxtpx:cad>0</gpxtpx:cad>
     </gpxtpx:TrackPointExtension>
    </extensions>
   </trkpt>
   <trkpt lat="47.8442820" lon="13.7758420">
    <ele>605.0</ele>
    <time>2026-03-07T12:37:31Z</time>
    <extensions>
     <gpxtpx:TrackPointExtension>
      <gpxtpx:hr>99</gpxtpx:hr>
      <gpxtpx:cad>0</gpxtpx:cad>
     </gpxtpx:TrackPointExtension>
    </extensions>
   </trkpt>
   <trkpt lat="47.8442960" lon="13.7758540">
    <ele>604.4</ele>
    <time>2026-03-07T12:37:32Z</time>
    <extensions>
     <gpxtpx:TrackPointExtension>
      <gpxtpx:hr>98</gpxtpx:hr>
      <gpxtpx:cad>0</gpxtpx:cad>
     </gpxtpx:TrackPointExtension>
    </extensions>
   </trkpt>
   <trkpt lat="47.8443100" lon="13.7758640">
    <ele>604.0</ele>
    <time>2026-03-07T12:37:33Z</time>
    <extensions>
     <gpxtpx:TrackPointExtension>
      <gpxtpx:hr>98</gpxtpx:hr>
      <gpxtpx:cad>0</gpxtpx:cad>
     </gpxtpx:TrackPointExtension>
    </extensions>
   </trkpt>
   <trkpt lat="47.8443670" lon="13.7759100">
    <ele>603.2</ele>
    <time>2026-03-07T12:37:38Z</time>
    <extensions>
     <gpxtpx:TrackPointExtension>
      <gpxtpx:hr>100</gpxtpx:hr>
      <gpxtpx:cad>66</gpxtpx:cad>
     </gpxtpx:TrackPointExtension>
    </extensions>
   </trkpt>
   <trkpt lat="47.8443810" lon="13.7759210">
    <ele>603.0</ele>
    <time>2026-03-07T12:37:39Z</time>
    <extensions>
     <gpxtpx:TrackPointExtension>
      <gpxtpx:hr>100</gpxtpx:hr>
      <gpxtpx:cad>66</gpxtpx:cad>
     </gpxtpx:TrackPointExtension>
    </extensions>
   </trkpt>
   <trkpt lat="47.8444220" lon="13.7759540">
    <ele>601.4</ele>
    <time>2026-03-07T12:37:42Z</time>
    <extensions>
     <gpxtpx:TrackPointExtension>
      <gpxtpx:hr>100</gpxtpx:hr>
      <gpxtpx:cad>67</gpxtpx:cad>
     </gpxtpx:TrackPointExtension>
    </extensions>
   </trkpt>
   <trkpt lat="47.8444700" lon="13.7760010">
    <ele>600.6</ele>
    <time>2026-03-07T12:37:46Z</time>
    <extensions>
     <gpxtpx:TrackPointExtension>
      <gpxtpx:hr>104</gpxtpx:hr>
      <gpxtpx:cad>64</gpxtpx:cad>
     </gpxtpx:TrackPointExtension>
    </extensions>
   </trkpt>
   <trkpt lat="47.8444790" lon="13.7760100">
    <ele>600.4</ele>
    <time>2026-03-07T12:37:47Z</time>
    <extensions>
     <gpxtpx:TrackPointExtension>
      <gpxtpx:hr>106</gpxtpx:hr>
      <gpxtpx:cad>63</gpxtpx:cad>
     </gpxtpx:TrackPointExtension>
    </extensions>
   </trkpt>
   <trkpt lat="47.8444890" lon="13.7760200">
    <ele>600.4</ele>
    <time>2026-03-07T12:37:48Z</time>
    <extensions>
     <gpxtpx:TrackPointExtension>
      <gpxtpx:hr>107</gpxtpx:hr>
      <gpxtpx:cad>62</gpxtpx:cad>
     </gpxtpx:TrackPointExtension>
    </extensions>
   </trkpt>
   <trkpt lat="47.8445660" lon="13.7760600">
    <ele>599.4</ele>
    <time>2026-03-07T12:37:54Z</time>
    <extensions>
     <gpxtpx:TrackPointExtension>
      <gpxtpx:hr>107</gpxtpx:hr>
      <gpxtpx:cad>59</gpxtpx:cad>
     </gpxtpx:TrackPointExtension>
    </extensions>
   </trkpt>
   <trkpt lat="47.8445800" lon="13.7760600">
    <ele>599.2</ele>
    <time>2026-03-07T12:37:55Z</time>
    <extensions>
     <gpxtpx:TrackPointExtension>
      <gpxtpx:hr>108</gpxtpx:hr>
      <gpxtpx:cad>59</gpxtpx:cad>
     </gpxtpx:TrackPointExtension>
    </extensions>
   </trkpt>
   <trkpt lat="47.8446460" lon="13.7760500">
    <ele>598.0</ele>
    <time>2026-03-07T12:38:00Z</time>
    <extensions>
     <gpxtpx:TrackPointExtension>
      <gpxtpx:hr>108</gpxtpx:hr>
      <gpxtpx:cad>60</gpxtpx:cad>
     </gpxtpx:TrackPointExtension>
    </extensions>
   </trkpt>
   <trkpt lat="47.8446590" lon="13.7760490">
    <ele>597.8</ele>
    <time>2026-03-07T12:38:01Z</time>
    <extensions>
     <gpxtpx:TrackPointExtension>
      <gpxtpx:hr>108</gpxtpx:hr>
      <gpxtpx:cad>60</gpxtpx:cad>
     </gpxtpx:TrackPointExtension>
    </extensions>
   </trkpt>
   <trkpt lat="47.8447070" lon="13.7760570">
    <ele>596.6</ele>
    <time>2026-03-07T12:38:06Z</time>
    <extensions>
     <gpxtpx:TrackPointExtension>
      <gpxtpx:hr>107</gpxtpx:hr>
      <gpxtpx:cad>62</gpxtpx:cad>
     </gpxtpx:TrackPointExtension>
    </extensions>
   </trkpt>
   <trkpt lat="47.8447260" lon="13.7760620">
    <ele>596.2</ele>
    <time>2026-03-07T12:38:08Z</time>
    <extensions>
     <gpxtpx:TrackPointExtension>
      <gpxtpx:hr>107</gpxtpx:hr>
      <gpxtpx:cad>61</gpxtpx:cad>
     </gpxtpx:TrackPointExtension>
    </extensions>
   </trkpt>
   <trkpt lat="47.8447390" lon="13.7760600">
    <ele>596.0</ele>
    <time>2026-03-07T12:38:09Z</time>
    <extensions>
     <gpxtpx:TrackPointExtension>
      <gpxtpx:hr>107</gpxtpx:hr>
      <gpxtpx:cad>61</gpxtpx:cad>
     </gpxtpx:TrackPointExtension>
    </extensions>
   </trkpt>
   <trkpt lat="47.8447620" lon="13.7760500">
    <ele>595.4</ele>
    <time>2026-03-07T12:38:11Z</time>
    <extensions>
     <gpxtpx:TrackPointExtension>
      <gpxtpx:hr>108</gpxtpx:hr>
      <gpxtpx:cad>59</gpxtpx:cad>
     </gpxtpx:TrackPointExtension>
    </extensions>
   </trkpt>
   <trkpt lat="47.8447910" lon="13.7760190">
    <ele>594.8</ele>
    <time>2026-03-07T12:38:14Z</time>
    <extensions>
     <gpxtpx:TrackPointExtension>
      <gpxtpx:hr>107</gpxtpx:hr>
      <gpxtpx:cad>59</gpxtpx:cad>
     </gpxtpx:TrackPointExtension>
    </extensions>
   </trkpt>
   <trkpt lat="47.8448120" lon="13.7759960">
    <ele>594.2</ele>
    <time>2026-03-07T12:38:17Z</time>
    <extensions>
     <gpxtpx:TrackPointExtension>
      <gpxtpx:hr>107</gpxtpx:hr>
      <gpxtpx:cad>64</gpxtpx:cad>
     </gpxtpx:TrackPointExtension>
    </extensions>
   </trkpt>
   <trkpt lat="47.8448280" lon="13.7759760">
    <ele>593.0</ele>
    <time>2026-03-07T12:38:21Z</time>
    <extensions>
     <gpxtpx:TrackPointExtension>
      <gpxtpx:hr>108</gpxtpx:hr>
      <gpxtpx:cad>64</gpxtpx:cad>
     </gpxtpx:TrackPointExtension>
    </extensions>
   </trkpt>
   <trkpt lat="47.8448500" lon="13.7759580">
    <ele>592.0</ele>
    <time>2026-03-07T12:38:26Z</time>
    <extensions>
     <gpxtpx:TrackPointExtension>
      <gpxtpx:hr>107</gpxtpx:hr>
      <gpxtpx:cad>60</gpxtpx:cad>
     </gpxtpx:TrackPointExtension>
    </extensions>
   </trkpt>
   <trkpt lat="47.8448540" lon="13.7759610">
    <ele>591.6</ele>
    <time>2026-03-07T12:38:27Z</time>
    <extensions>
     <gpxtpx:TrackPointExtension>
      <gpxtpx:hr>107</gpxtpx:hr>
      <gpxtpx:cad>59</gpxtpx:cad>
     </gpxtpx:TrackPointExtension>
    </extensions>
   </trkpt>
   <trkpt lat="47.8448600" lon="13.7759640">
    <ele>591.4</ele>
    <time>2026-03-07T12:38:28Z</time>
    <extensions>
     <gpxtpx:TrackPointExtension>
      <gpxtpx:hr>107</gpxtpx:hr>
      <gpxtpx:cad>59</gpxtpx:cad>
     </gpxtpx:TrackPointExtension>
    </extensions>
   </trkpt>
   <trkpt lat="47.8448800" lon="13.7759850">
    <ele>590.4</ele>
    <time>2026-03-07T12:38:32Z</time>
    <extensions>
     <gpxtpx:TrackPointExtension>
      <gpxtpx:hr>106</gpxtpx:hr>
      <gpxtpx:cad>52</gpxtpx:cad>
     </gpxtpx:TrackPointExtension>
    </extensions>
   </trkpt>
   <trkpt lat="47.8448950" lon="13.7760090">
    <ele>589.4</ele>
    <time>2026-03-07T12:38:36Z</time>
    <extensions>
     <gpxtpx:TrackPointExtension>
      <gpxtpx:hr>105</gpxtpx:hr>
      <gpxtpx:cad>52</gpxtpx:cad>
     </gpxtpx:TrackPointExtension>
    </extensions>
   </trkpt>
   <trkpt lat="47.8449000" lon="13.7760140">
    <ele>589.4</ele>
    <time>2026-03-07T12:38:37Z</time>
    <extensions>
     <gpxtpx:TrackPointExtension>
      <gpxtpx:hr>104</gpxtpx:hr>
      <gpxtpx:cad>52</gpxtpx:cad>
     </gpxtpx:TrackPointExtension>
    </extensions>
   </trkpt>
   <trkpt lat="47.8449370" lon="13.7760100">
    <ele>588.4</ele>
    <time>2026-03-07T12:38:43Z</time>
    <extensions>
     <gpxtpx:TrackPointExtension>
      <gpxtpx:hr>104</gpxtpx:hr>
      <gpxtpx:cad>57</gpxtpx:cad>
     </gpxtpx:TrackPointExtension>
    </extensions>
   </trkpt>
   <trkpt lat="47.8449720" lon="13.7759370">
    <ele>587.2</ele>
    <time>2026-03-07T12:38:49Z</time>
    <extensions>
     <gpxtpx:TrackPointExtension>
      <gpxtpx:hr>104</gpxtpx:hr>
      <gpxtpx:cad>63</gpxtpx:cad>
     </gpxtpx:TrackPointExtension>
    </extensions>
   </trkpt>
   <trkpt lat="47.8449760" lon="13.7759230">
    <ele>587.0</ele>
    <time>2026-03-07T12:38:50Z</time>
    <extensions>
     <gpxtpx:TrackPointExtension>
      <gpxtpx:hr>104</gpxtpx:hr>
      <gpxtpx:cad>63</gpxtpx:cad>
     </gpxtpx:TrackPointExtension>
    </extensions>
   </trkpt>
   <trkpt lat="47.8449850" lon="13.7758980">
    <ele>586.4</ele>
    <time>2026-03-07T12:38:52Z</time>
    <extensions>
     <gpxtpx:TrackPointExtension>
      <gpxtpx:hr>107</gpxtpx:hr>
      <gpxtpx:cad>62</gpxtpx:cad>
     </gpxtpx:TrackPointExtension>
    </extensions>
   </trkpt>
   <trkpt lat="47.8449890" lon="13.7758860">
    <ele>586.2</ele>
    <time>2026-03-07T12:38:53Z</time>
    <extensions>
     <gpxtpx:TrackPointExtension>
      <gpxtpx:hr>107</gpxtpx:hr>
      <gpxtpx:cad>62</gpxtpx:cad>
     </gpxtpx:TrackPointExtension>
    </extensions>
   </trkpt>
   <trkpt lat="47.8450000" lon="13.7758500">
    <ele>585.4</ele>
    <time>2026-03-07T12:38:57Z</time>
    <extensions>
     <gpxtpx:TrackPointExtension>
      <gpxtpx:hr>105</gpxtpx:hr>
      <gpxtpx:cad>61</gpxtpx:cad>
     </gpxtpx:TrackPointExtension>
    </extensions>
   </trkpt>
   <trkpt lat="47.8450010" lon="13.7758440">
    <ele>585.2</ele>
    <time>2026-03-07T12:38:58Z</time>
    <extensions>
     <gpxtpx:TrackPointExtension>
      <gpxtpx:hr>106</gpxtpx:hr>
      <gpxtpx:cad>62</gpxtpx:cad>
     </gpxtpx:TrackPointExtension>
    </extensions>
   </trkpt>
   <trkpt lat="47.8450040" lon="13.7758230">
    <ele>584.2</ele>
    <time>2026-03-07T12:39:02Z</time>
    <extensions>
     <gpxtpx:TrackPointExtension>
      <gpxtpx:hr>106</gpxtpx:hr>
      <gpxtpx:cad>59</gpxtpx:cad>
     </gpxtpx:TrackPointExtension>
    </extensions>
   </trkpt>
   <trkpt lat="47.8450070" lon="13.7758190">
    <ele>583.8</ele>
    <time>2026-03-07T12:39:03Z</time>
    <extensions>
     <gpxtpx:TrackPointExtension>
      <gpxtpx:hr>106</gpxtpx:hr>
      <gpxtpx:cad>59</gpxtpx:cad>
     </gpxtpx:TrackPointExtension>
    </extensions>
   </trkpt>
   <trkpt lat="47.8450130" lon="13.7758250">
    <ele>583.0</ele>
    <time>2026-03-07T12:39:05Z</time>
    <extensions>
     <gpxtpx:TrackPointExtension>
      <gpxtpx:hr>106</gpxtpx:hr>
      <gpxtpx:cad>62</gpxtpx:cad>
     </gpxtpx:TrackPointExtension>
    </extensions>
   </trkpt>
   <trkpt lat="47.8450160" lon="13.7758330">
    <ele>582.6</ele>
    <time>2026-03-07T12:39:06Z</time>
    <extensions>
     <gpxtpx:TrackPointExtension>
      <gpxtpx:hr>107</gpxtpx:hr>
      <gpxtpx:cad>62</gpxtpx:cad>
     </gpxtpx:TrackPointExtension>
    </extensions>
   </trkpt>
   <trkpt lat="47.8450430" lon="13.7758750">
    <ele>581.4</ele>
    <time>2026-03-07T12:39:11Z</time>
    <extensions>
     <gpxtpx:TrackPointExtension>
      <gpxtpx:hr>107</gpxtpx:hr>
      <gpxtpx:cad>0</gpxtpx:cad>
     </gpxtpx:TrackPointExtension>
    </extensions>
   </trkpt>
   <trkpt lat="47.8450480" lon="13.7758800">
    <ele>581.2</ele>
    <time>2026-03-07T12:39:12Z</time>
    <extensions>
     <gpxtpx:TrackPointExtension>
      <gpxtpx:hr>106</gpxtpx:hr>
      <gpxtpx:cad>0</gpxtpx:cad>
     </gpxtpx:TrackPointExtension>
    </extensions>
   </trkpt>
   <trkpt lat="47.8450780" lon="13.7759020">
    <ele>580.4</ele>
    <time>2026-03-07T12:39:16Z</time>
    <extensions>
     <gpxtpx:TrackPointExtension>
      <gpxtpx:hr>106</gpxtpx:hr>
      <gpxtpx:cad>63</gpxtpx:cad>
     </gpxtpx:TrackPointExtension>
    </extensions>
   </trkpt>
   <trkpt lat="47.8451040" lon="13.7759200">
    <ele>579.6</ele>
    <time>2026-03-07T12:39:20Z</time>
    <extensions>
     <gpxtpx:TrackPointExtension>
      <gpxtpx:hr>105</gpxtpx:hr>
      <gpxtpx:cad>57</gpxtpx:cad>
     </gpxtpx:TrackPointExtension>
    </extensions>
   </trkpt>
   <trkpt lat="47.8451100" lon="13.7759250">
    <ele>579.2</ele>
    <time>2026-03-07T12:39:21Z</time>
    <extensions>
     <gpxtpx:TrackPointExtension>
      <gpxtpx:hr>105</gpxtpx:hr>
      <gpxtpx:cad>57</gpxtpx:cad>
     </gpxtpx:TrackPointExtension>
    </extensions>
   </trkpt>
   <trkpt lat="47.8451410" lon="13.7759570">
    <ele>578.0</ele>
    <time>2026-03-07T12:39:26Z</time>
    <extensions>
     <gpxtpx:TrackPointExtension>
      <gpxtpx:hr>104</gpxtpx:hr>
      <gpxtpx:cad>61</gpxtpx:cad>
     </gpxtpx:TrackPointExtension>
    </extensions>
   </trkpt>
   <trkpt lat="47.8451460" lon="13.7759630">
    <ele>577.8</ele>
    <time>2026-03-07T12:39:27Z</time>
    <extensions>
     <gpxtpx:TrackPointExtension>
      <gpxtpx:hr>104</gpxtpx:hr>
      <gpxtpx:cad>62</gpxtpx:cad>
     </gpxtpx:TrackPointExtension>
    </extensions>
   </trkpt>
   <trkpt lat="47.8451610" lon="13.7759320">
    <ele>576.8</ele>
    <time>2026-03-07T12:39:31Z</time>
    <extensions>
     <gpxtpx:TrackPointExtension>
      <gpxtpx:hr>104</gpxtpx:hr>
      <gpxtpx:cad>66</gpxtpx:cad>
     </gpxtpx:TrackPointExtension>
    </extensions>
   </trkpt>
   <trkpt lat="47.8451640" lon="13.7759150">
    <ele>576.6</ele>
    <time>2026-03-07T12:39:32Z</time>
    <extensions>
     <gpxtpx:TrackPointExtension>
      <gpxtpx:hr>103</gpxtpx:hr>
      <gpxtpx:cad>65</gpxtpx:cad>
     </gpxtpx:TrackPointExtension>
    </extensions>
   </trkpt>
   <trkpt lat="47.8451760" lon="13.7758420">
    <ele>575.6</ele>
    <time>2026-03-07T12:39:36Z</time>
    <extensions>
     <gpxtpx:TrackPointExtension>
      <gpxtpx:hr>104</gpxtpx:hr>
      <gpxtpx:cad>63</gpxtpx:cad>
     </gpxtpx:TrackPointExtension>
    </extensions>
   </trkpt>
   <trkpt lat="47.8451790" lon="13.7757720">
    <ele>574.6</ele>
    <time>2026-03-07T12:39:40Z</time>
    <extensions>
     <gpxtpx:TrackPointExtension>
      <gpxtpx:hr>104</gpxtpx:hr>
      <gpxtpx:cad>65</gpxtpx:cad>
     </gpxtpx:TrackPointExtension>
    </extensions>
   </trkpt>
   <trkpt lat="47.8451740" lon="13.7757020">
    <ele>573.4</ele>
    <time>2026-03-07T12:39:45Z</time>
    <extensions>
     <gpxtpx:TrackPointExtension>
      <gpxtpx:hr>103</gpxtpx:hr>
      <gpxtpx:cad>62</gpxtpx:cad>
     </gpxtpx:TrackPointExtension>
    </extensions>
   </trkpt>
   <trkpt lat="47.8451710" lon="13.7756870">
    <ele>573.0</ele>
    <time>2026-03-07T12:39:47Z</time>
    <extensions>
     <gpxtpx:TrackPointExtension>
      <gpxtpx:hr>104</gpxtpx:hr>
      <gpxtpx:cad>62</gpxtpx:cad>
     </gpxtpx:TrackPointExtension>
    </extensions>
   </trkpt>
   <trkpt lat="47.8451720" lon="13.7756800">
    <ele>572.4</ele>
    <time>2026-03-07T12:39:49Z</time>
    <extensions>
     <gpxtpx:TrackPointExtension>
      <gpxtpx:hr>104</gpxtpx:hr>
      <gpxtpx:cad>64</gpxtpx:cad>
     </gpxtpx:TrackPointExtension>
    </extensions>
   </trkpt>
   <trkpt lat="47.8451820" lon="13.7756820">
    <ele>571.6</ele>
    <time>2026-03-07T12:39:52Z</time>
    <extensions>
     <gpxtpx:TrackPointExtension>
      <gpxtpx:hr>104</gpxtpx:hr>
      <gpxtpx:cad>62</gpxtpx:cad>
     </gpxtpx:TrackPointExtension>
    </extensions>
   </trkpt>
   <trkpt lat="47.8451880" lon="13.7756880">
    <ele>571.4</ele>
    <time>2026-03-07T12:39:53Z</time>
    <extensions>
     <gpxtpx:TrackPointExtension>
      <gpxtpx:hr>104</gpxtpx:hr>
      <gpxtpx:cad>62</gpxtpx:cad>
     </gpxtpx:TrackPointExtension>
    </extensions>
   </trkpt>
   <trkpt lat="47.8451960" lon="13.7756960">
    <ele>571.2</ele>
    <time>2026-03-07T12:39:54Z</time>
    <extensions>
     <gpxtpx:TrackPointExtension>
      <gpxtpx:hr>103</gpxtpx:hr>
      <gpxtpx:cad>65</gpxtpx:cad>
     </gpxtpx:TrackPointExtension>
    </extensions>
   </trkpt>
   <trkpt lat="47.8452230" lon="13.7757180">
    <ele>570.2</ele>
    <time>2026-03-07T12:39:57Z</time>
    <extensions>
     <gpxtpx:TrackPointExtension>
      <gpxtpx:hr>102</gpxtpx:hr>
      <gpxtpx:cad>62</gpxtpx:cad>
     </gpxtpx:TrackPointExtension>
    </extensions>
   </trkpt>
   <trkpt lat="47.8452700" lon="13.7757450">
    <ele>569.6</ele>
    <time>2026-03-07T12:40:02Z</time>
    <extensions>
     <gpxtpx:TrackPointExtension>
      <gpxtpx:hr>101</gpxtpx:hr>
      <gpxtpx:cad>62</gpxtpx:cad>
     </gpxtpx:TrackPointExtension>
    </extensions>
   </trkpt>
   <trkpt lat="47.8452880" lon="13.7757530">
    <ele>569.2</ele>
    <time>2026-03-07T12:40:04Z</time>
    <extensions>
     <gpxtpx:TrackPointExtension>
      <gpxtpx:hr>100</gpxtpx:hr>
      <gpxtpx:cad>62</gpxtpx:cad>
     </gpxtpx:TrackPointExtension>
    </extensions>
   </trkpt>
   <trkpt lat="47.8453250" lon="13.7757620">
    <ele>568.0</ele>
    <time>2026-03-07T12:40:08Z</time>
    <extensions>
     <gpxtpx:TrackPointExtension>
      <gpxtpx:hr>101</gpxtpx:hr>
      <gpxtpx:cad>62</gpxtpx:cad>
     </gpxtpx:TrackPointExtension>
    </extensions>
   </trkpt>
   <trkpt lat="47.8453740" lon="13.7757640">
    <ele>566.8</ele>
    <time>2026-03-07T12:40:15Z</time>
    <extensions>
     <gpxtpx:TrackPointExtension>
      <gpxtpx:hr>102</gpxtpx:hr>
      <gpxtpx:cad>58</gpxtpx:cad>
     </gpxtpx:TrackPointExtension>
    </extensions>
   </trkpt>
   <trkpt lat="47.8454120" lon="13.7757320">
    <ele>565.6</ele>
    <time>2026-03-07T12:40:20Z</time>
    <extensions>
     <gpxtpx:TrackPointExtension>
      <gpxtpx:hr>103</gpxtpx:hr>
      <gpxtpx:cad>0</gpxtpx:cad>
     </gpxtpx:TrackPointExtension>
    </extensions>
   </trkpt>
   <trkpt lat="47.8454180" lon="13.7757020">
    <ele>564.8</ele>
    <time>2026-03-07T12:40:23Z</time>
    <extensions>
     <gpxtpx:TrackPointExtension>
      <gpxtpx:hr>103</gpxtpx:hr>
      <gpxtpx:cad>0</gpxtpx:cad>
     </gpxtpx:TrackPointExtension>
    </extensions>
   </trkpt>
   <trkpt lat="47.8454180" lon="13.7756930">
    <ele>564.4</ele>
    <time>2026-03-07T12:40:24Z</time>
    <extensions>
     <gpxtpx:TrackPointExtension>
      <gpxtpx:hr>103</gpxtpx:hr>
      <gpxtpx:cad>55</gpxtpx:cad>
     </gpxtpx:TrackPointExtension>
    </extensions>
   </trkpt>
   <trkpt lat="47.8454160" lon="13.7756650">
    <ele>563.4</ele>
    <time>2026-03-07T12:40:30Z</time>
    <extensions>
     <gpxtpx:TrackPointExtension>
      <gpxtpx:hr>104</gpxtpx:hr>
      <gpxtpx:cad>0</gpxtpx:cad>
     </gpxtpx:TrackPointExtension>
    </extensions>
   </trkpt>
   <trkpt lat="47.8454110" lon="13.7756610">
    <ele>563.2</ele>
    <time>2026-03-07T12:40:33Z</time>
    <extensions>
     <gpxtpx:TrackPointExtension>
      <gpxtpx:hr>104</gpxtpx:hr>
      <gpxtpx:cad>0</gpxtpx:cad>
     </gpxtpx:TrackPointExtension>
    </extensions>
   </trkpt>
   <trkpt lat="47.8454030" lon="13.7756450">
    <ele>562.6</ele>
    <time>2026-03-07T12:40:36Z</time>
    <extensions>
     <gpxtpx:TrackPointExtension>
      <gpxtpx:hr>104</gpxtpx:hr>
      <gpxtpx:cad>0</gpxtpx:cad>
     </gpxtpx:TrackPointExtension>
    </extensions>
   </trkpt>
   <trkpt lat="47.8453960" lon="13.7756110">
    <ele>562.2</ele>
    <time>2026-03-07T12:40:38Z</time>
    <extensions>
     <gpxtpx:TrackPointExtension>
      <gpxtpx:hr>103</gpxtpx:hr>
      <gpxtpx:cad>0</gpxtpx:cad>
     </gpxtpx:TrackPointExtension>
    </extensions>
   </trkpt>
   <trkpt lat="47.8453810" lon="13.7755400">
    <ele>562.2</ele>
    <time>2026-03-07T12:40:42Z</time>
    <extensions>
     <gpxtpx:TrackPointExtension>
      <gpxtpx:hr>101</gpxtpx:hr>
      <gpxtpx:cad>60</gpxtpx:cad>
     </gpxtpx:TrackPointExtension>
    </extensions>
   </trkpt>
   <trkpt lat="47.8453860" lon="13.7754630">
    <ele>562.0</ele>
    <time>2026-03-07T12:40:47Z</time>
    <extensions>
     <gpxtpx:TrackPointExtension>
      <gpxtpx:hr>101</gpxtpx:hr>
      <gpxtpx:cad>59</gpxtpx:cad>
     </gpxtpx:TrackPointExtension>
    </extensions>
   </trkpt>
   <trkpt lat="47.8454270" lon="13.7753460">
    <ele>561.2</ele>
    <time>2026-03-07T12:40:53Z</time>
    <extensions>
     <gpxtpx:TrackPointExtension>
      <gpxtpx:hr>100</gpxtpx:hr>
      <gpxtpx:cad>62</gpxtpx:cad>
     </gpxtpx:TrackPointExtension>
    </extensions>
   </trkpt>
   <trkpt lat="47.8454460" lon="13.7752690">
    <ele>560.6</ele>
    <time>2026-03-07T12:40:57Z</time>
    <extensions>
     <gpxtpx:TrackPointExtension>
      <gpxtpx:hr>100</gpxtpx:hr>
      <gpxtpx:cad>63</gpxtpx:cad>
     </gpxtpx:TrackPointExtension>
    </extensions>
   </trkpt>
   <trkpt lat="47.8454600" lon="13.7751960">
    <ele>560.0</ele>
    <time>2026-03-07T12:41:01Z</time>
    <extensions>
     <gpxtpx:TrackPointExtension>
      <gpxtpx:hr>100</gpxtpx:hr>
      <gpxtpx:cad>63</gpxtpx:cad>
     </gpxtpx:TrackPointExtension>
    </extensions>
   </trkpt>
   <trkpt lat="47.8454960" lon="13.7750960">
    <ele>559.0</ele>
    <time>2026-03-07T12:41:07Z</time>
    <extensions>
     <gpxtpx:TrackPointExtension>
      <gpxtpx:hr>102</gpxtpx:hr>
      <gpxtpx:cad>64</gpxtpx:cad>
     </gpxtpx:TrackPointExtension>
    </extensions>
   </trkpt>
   <trkpt lat="47.8455030" lon="13.7750760">
    <ele>559.0</ele>
    <time>2026-03-07T12:41:08Z</time>
    <extensions>
     <gpxtpx:TrackPointExtension>
      <gpxtpx:hr>101</gpxtpx:hr>
      <gpxtpx:cad>64</gpxtpx:cad>
     </gpxtpx:TrackPointExtension>
    </extensions>
   </trkpt>
   <trkpt lat="47.8455710" lon="13.7749390">
    <ele>558.0</ele>
    <time>2026-03-07T12:41:16Z</time>
    <extensions>
     <gpxtpx:TrackPointExtension>
      <gpxtpx:hr>101</gpxtpx:hr>
      <gpxtpx:cad>65</gpxtpx:cad>
     </gpxtpx:TrackPointExtension>
    </extensions>
   </trkpt>
   <trkpt lat="47.8455830" lon="13.7749240">
    <ele>557.8</ele>
    <time>2026-03-07T12:41:17Z</time>
    <extensions>
     <gpxtpx:TrackPointExtension>
      <gpxtpx:hr>102</gpxtpx:hr>
      <gpxtpx:cad>65</gpxtpx:cad>
     </gpxtpx:TrackPointExtension>
    </extensions>
   </trkpt>
   <trkpt lat="47.8456520" lon="13.7748360">
    <ele>557.0</ele>
    <time>2026-03-07T12:41:24Z</time>
    <extensions>
     <gpxtpx:TrackPointExtension>
      <gpxtpx:hr>102</gpxtpx:hr>
      <gpxtpx:cad>62</gpxtpx:cad>
     </gpxtpx:TrackPointExtension>
    </extensions>
   </trkpt>
   <trkpt lat="47.8456620" lon="13.7748240">
    <ele>556.6</ele>
    <time>2026-03-07T12:41:25Z</time>
    <extensions>
     <gpxtpx:TrackPointExtension>
      <gpxtpx:hr>102</gpxtpx:hr>
      <gpxtpx:cad>62</gpxtpx:cad>
     </gpxtpx:TrackPointExtension>
    </extensions>
   </trkpt>
   <trkpt lat="47.8457300" lon="13.7747580">
    <ele>555.6</ele>
    <time>2026-03-07T12:41:31Z</time>
    <extensions>
     <gpxtpx:TrackPointExtension>
      <gpxtpx:hr>102</gpxtpx:hr>
      <gpxtpx:cad>64</gpxtpx:cad>
     </gpxtpx:TrackPointExtension>
    </extensions>
   </trkpt>
   <trkpt lat="47.8457420" lon="13.7747450">
    <ele>555.4</ele>
    <time>2026-03-07T12:41:32Z</time>
    <extensions>
     <gpxtpx:TrackPointExtension>
      <gpxtpx:hr>101</gpxtpx:hr>
      <gpxtpx:cad>64</gpxtpx:cad>
     </gpxtpx:TrackPointExtension>
    </extensions>
   </trkpt>
   <trkpt lat="47.8458160" lon="13.7746830">
    <ele>554.4</ele>
    <time>2026-03-07T12:41:38Z</time>
    <extensions>
     <gpxtpx:TrackPointExtension>
      <gpxtpx:hr>98</gpxtpx:hr>
      <gpxtpx:cad>63</gpxtpx:cad>
     </gpxtpx:TrackPointExtension>
    </extensions>
   </trkpt>
   <trkpt lat="47.8458520" lon="13.7746490">
    <ele>553.8</ele>
    <time>2026-03-07T12:41:41Z</time>
    <extensions>
     <gpxtpx:TrackPointExtension>
      <gpxtpx:hr>97</gpxtpx:hr>
      <gpxtpx:cad>64</gpxtpx:cad>
     </gpxtpx:TrackPointExtension>
    </extensions>
   </trkpt>
   <trkpt lat="47.8458850" lon="13.7746140">
    <ele>553.2</ele>
    <time>2026-03-07T12:41:44Z</time>
    <extensions>
     <gpxtpx:TrackPointExtension>
      <gpxtpx:hr>98</gpxtpx:hr>
      <gpxtpx:cad>65</gpxtpx:cad>
     </gpxtpx:TrackPointExtension>
    </extensions>
   </trkpt>
   <trkpt lat="47.8459470" lon="13.7745330">
    <ele>552.6</ele>
    <time>2026-03-07T12:41:50Z</time>
    <extensions>
     <gpxtpx:TrackPointExtension>
      <gpxtpx:hr>98</gpxtpx:hr>
      <gpxtpx:cad>64</gpxtpx:cad>
     </gpxtpx:TrackPointExtension>
    </extensions>
   </trkpt>
   <trkpt lat="47.8459760" lon="13.7744900">
    <ele>552.2</ele>
    <time>2026-03-07T12:41:53Z</time>
    <extensions>
     <gpxtpx:TrackPointExtension>
      <gpxtpx:hr>97</gpxtpx:hr>
      <gpxtpx:cad>64</gpxtpx:cad>
     </gpxtpx:TrackPointExtension>
    </extensions>
   </trkpt>
   <trkpt lat="47.8460160" lon="13.7744080">
    <ele>551.4</ele>
    <time>2026-03-07T12:41:58Z</time>
    <extensions>
     <gpxtpx:TrackPointExtension>
      <gpxtpx:hr>95</gpxtpx:hr>
      <gpxtpx:cad>62</gpxtpx:cad>
     </gpxtpx:TrackPointExtension>
    </extensions>
   </trkpt>
   <trkpt lat="47.8460400" lon="13.7743570">
    <ele>551.2</ele>
    <time>2026-03-07T12:42:01Z</time>
    <extensions>
     <gpxtpx:TrackPointExtension>
      <gpxtpx:hr>95</gpxtpx:hr>
      <gpxtpx:cad>62</gpxtpx:cad>
     </gpxtpx:TrackPointExtension>
    </extensions>
   </trkpt>
   <trkpt lat="47.8460740" lon="13.7742930">
    <ele>550.6</ele>
    <time>2026-03-07T12:42:05Z</time>
    <extensions>
     <gpxtpx:TrackPointExtension>
      <gpxtpx:hr>95</gpxtpx:hr>
      <gpxtpx:cad>63</gpxtpx:cad>
     </gpxtpx:TrackPointExtension>
    </extensions>
   </trkpt>
   <trkpt lat="47.8461140" lon="13.7742360">
    <ele>550.0</ele>
    <time>2026-03-07T12:42:09Z</time>
    <extensions>
     <gpxtpx:TrackPointExtension>
      <gpxtpx:hr>94</gpxtpx:hr>
      <gpxtpx:cad>63</gpxtpx:cad>
     </gpxtpx:TrackPointExtension>
    </extensions>
   </trkpt>
   <trkpt lat="47.8461620" lon="13.7741710">
    <ele>549.4</ele>
    <time>2026-03-07T12:42:14Z</time>
    <extensions>
     <gpxtpx:TrackPointExtension>
      <gpxtpx:hr>92</gpxtpx:hr>
      <gpxtpx:cad>63</gpxtpx:cad>
     </gpxtpx:TrackPointExtension>
    </extensions>
   </trkpt>
   <trkpt lat="47.8461980" lon="13.7741220">
    <ele>548.8</ele>
    <time>2026-03-07T12:42:18Z</time>
    <extensions>
     <gpxtpx:TrackPointExtension>
      <gpxtpx:hr>92</gpxtpx:hr>
      <gpxtpx:cad>62</gpxtpx:cad>
     </gpxtpx:TrackPointExtension>
    </extensions>
   </trkpt>
   <trkpt lat="47.8462510" lon="13.7740800">
    <ele>548.0</ele>
    <time>2026-03-07T12:42:23Z</time>
    <extensions>
     <gpxtpx:TrackPointExtension>
      <gpxtpx:hr>93</gpxtpx:hr>
      <gpxtpx:cad>64</gpxtpx:cad>
     </gpxtpx:TrackPointExtension>
    </extensions>
   </trkpt>
   <trkpt lat="47.8462760" lon="13.7740650">
    <ele>547.6</ele>
    <time>2026-03-07T12:42:25Z</time>
    <extensions>
     <gpxtpx:TrackPointExtension>
      <gpxtpx:hr>94</gpxtpx:hr>
      <gpxtpx:cad>63</gpxtpx:cad>
     </gpxtpx:TrackPointExtension>
    </extensions>
   </trkpt>
   <trkpt lat="47.8463740" lon="13.7740490">
    <ele>546.6</ele>
    <time>2026-03-07T12:42:32Z</time>
    <extensions>
     <gpxtpx:TrackPointExtension>
      <gpxtpx:hr>94</gpxtpx:hr>
      <gpxtpx:cad>62</gpxtpx:cad>
     </gpxtpx:TrackPointExtension>
    </extensions>
   </trkpt>
   <trkpt lat="47.8464520" lon="13.7740540">
    <ele>545.4</ele>
    <time>2026-03-07T12:42:38Z</time>
    <extensions>
     <gpxtpx:TrackPointExtension>
      <gpxtpx:hr>96</gpxtpx:hr>
      <gpxtpx:cad>64</gpxtpx:cad>
     </gpxtpx:TrackPointExtension>
    </extensions>
   </trkpt>
   <trkpt lat="47.8464900" lon="13.7740640">
    <ele>545.0</ele>
    <time>2026-03-07T12:42:41Z</time>
    <extensions>
     <gpxtpx:TrackPointExtension>
      <gpxtpx:hr>98</gpxtpx:hr>
      <gpxtpx:cad>64</gpxtpx:cad>
     </gpxtpx:TrackPointExtension>
    </extensions>
   </trkpt>
   <trkpt lat="47.8466020" lon="13.7740960">
    <ele>545.0</ele>
    <time>2026-03-07T12:42:50Z</time>
    <extensions>
     <gpxtpx:TrackPointExtension>
      <gpxtpx:hr>98</gpxtpx:hr>
      <gpxtpx:cad>62</gpxtpx:cad>
     </gpxtpx:TrackPointExtension>
    </extensions>
   </trkpt>
   <trkpt lat="47.8466330" lon="13.7741040">
    <ele>544.4</ele>
    <time>2026-03-07T12:42:53Z</time>
    <extensions>
     <gpxtpx:TrackPointExtension>
      <gpxtpx:hr>98</gpxtpx:hr>
      <gpxtpx:cad>62</gpxtpx:cad>
     </gpxtpx:TrackPointExtension>
    </extensions>
   </trkpt>
   <trkpt lat="47.8466520" lon="13.7741080">
    <ele>543.8</ele>
    <time>2026-03-07T12:42:56Z</time>
    <extensions>
     <gpxtpx:TrackPointExtension>
      <gpxtpx:hr>95</gpxtpx:hr>
      <gpxtpx:cad>61</gpxtpx:cad>
     </gpxtpx:TrackPointExtension>
    </extensions>
   </trkpt>
   <trkpt lat="47.8466540" lon="13.7741070">
    <ele>544.0</ele>
    <time>2026-03-07T12:42:59Z</time>
    <extensions>
     <gpxtpx:TrackPointExtension>
      <gpxtpx:hr>93</gpxtpx:hr>
      <gpxtpx:cad>0</gpxtpx:cad>
     </gpxtpx:TrackPointExtension>
    </extensions>
   </trkpt>
   <trkpt lat="47.8466540" lon="13.7741050">
    <ele>543.4</ele>
    <time>2026-03-07T12:43:06Z</time>
    <extensions>
     <gpxtpx:TrackPointExtension>
      <gpxtpx:hr>93</gpxtpx:hr>
      <gpxtpx:cad>0</gpxtpx:cad>
     </gpxtpx:TrackPointExtension>
    </extensions>
   </trkpt>
   <trkpt lat="47.8466620" lon="13.7741030">
    <ele>542.2</ele>
    <time>2026-03-07T12:43:09Z</time>
    <extensions>
     <gpxtpx:TrackPointExtension>
      <gpxtpx:hr>93</gpxtpx:hr>
      <gpxtpx:cad>0</gpxtpx:cad>
     </gpxtpx:TrackPointExtension>
    </extensions>
   </trkpt>
   <trkpt lat="47.8466860" lon="13.7740970">
    <ele>541.8</ele>
    <time>2026-03-07T12:43:11Z</time>
    <extensions>
     <gpxtpx:TrackPointExtension>
      <gpxtpx:hr>95</gpxtpx:hr>
      <gpxtpx:cad>0</gpxtpx:cad>
     </gpxtpx:TrackPointExtension>
    </extensions>
   </trkpt>
   <trkpt lat="47.8467710" lon="13.7740920">
    <ele>541.2</ele>
    <time>2026-03-07T12:43:17Z</time>
    <extensions>
     <gpxtpx:TrackPointExtension>
      <gpxtpx:hr>91</gpxtpx:hr>
      <gpxtpx:cad>64</gpxtpx:cad>
     </gpxtpx:TrackPointExtension>
    </extensions>
   </trkpt>
   <trkpt lat="47.8467860" lon="13.7740910">
    <ele>541.0</ele>
    <time>2026-03-07T12:43:18Z</time>
    <extensions>
     <gpxtpx:TrackPointExtension>
      <gpxtpx:hr>90</gpxtpx:hr>
      <gpxtpx:cad>64</gpxtpx:cad>
     </gpxtpx:TrackPointExtension>
    </extensions>
   </trkpt>
   <trkpt lat="47.8468000" lon="13.7740900">
    <ele>540.8</ele>
    <time>2026-03-07T12:43:19Z</time>
    <extensions>
     <gpxtpx:TrackPointExtension>
      <gpxtpx:hr>90</gpxtpx:hr>
      <gpxtpx:cad>63</gpxtpx:cad>
     </gpxtpx:TrackPointExtension>
    </extensions>
   </trkpt>
   <trkpt lat="47.8468540" lon="13.7740700">
    <ele>540.0</ele>
    <time>2026-03-07T12:43:23Z</time>
    <extensions>
     <gpxtpx:TrackPointExtension>
      <gpxtpx:hr>92</gpxtpx:hr>
      <gpxtpx:cad>64</gpxtpx:cad>
     </gpxtpx:TrackPointExtension>
    </extensions>
   </trkpt>
   <trkpt lat="47.8468970" lon="13.7740310">
    <ele>539.4</ele>
    <time>2026-03-07T12:43:27Z</time>
    <extensions>
     <gpxtpx:TrackPointExtension>
      <gpxtpx:hr>92</gpxtpx:hr>
      <gpxtpx:cad>63</gpxtpx:cad>
     </gpxtpx:TrackPointExtension>
    </extensions>
   </trkpt>
   <trkpt lat="47.8469320" lon="13.7739950">
    <ele>539.0</ele>
    <time>2026-03-07T12:43:30Z</time>
    <extensions>
     <gpxtpx:TrackPointExtension>
      <gpxtpx:hr>91</gpxtpx:hr>
      <gpxtpx:cad>63</gpxtpx:cad>
     </gpxtpx:TrackPointExtension>
    </extensions>
   </trkpt>
   <trkpt lat="47.8469870" lon="13.7739020">
    <ele>537.8</ele>
    <time>2026-03-07T12:43:36Z</time>
    <extensions>
     <gpxtpx:TrackPointExtension>
      <gpxtpx:hr>93</gpxtpx:hr>
      <gpxtpx:cad>64</gpxtpx:cad>
     </gpxtpx:TrackPointExtension>
    </extensions>
   </trkpt>
   <trkpt lat="47.8470460" lon="13.7737580">
    <ele>536.8</ele>
    <time>2026-03-07T12:43:44Z</time>
    <extensions>
     <gpxtpx:TrackPointExtension>
      <gpxtpx:hr>92</gpxtpx:hr>
      <gpxtpx:cad>62</gpxtpx:cad>
     </gpxtpx:TrackPointExtension>
    </extensions>
   </trkpt>
   <trkpt lat="47.8470560" lon="13.7737200">
    <ele>536.4</ele>
    <time>2026-03-07T12:43:46Z</time>
    <extensions>
     <gpxtpx:TrackPointExtension>
      <gpxtpx:hr>91</gpxtpx:hr>
      <gpxtpx:cad>63</gpxtpx:cad>
     </gpxtpx:TrackPointExtension>
    </extensions>
   </trkpt>
   <trkpt lat="47.8470750" lon="13.7736240">
    <ele>535.8</ele>
    <time>2026-03-07T12:43:51Z</time>
    <extensions>
     <gpxtpx:TrackPointExtension>
      <gpxtpx:hr>92</gpxtpx:hr>
      <gpxtpx:cad>63</gpxtpx:cad>
     </gpxtpx:TrackPointExtension>
    </extensions>
   </trkpt>
   <trkpt lat="47.8470880" lon="13.7735260">
    <ele>535.0</ele>
    <time>2026-03-07T12:43:56Z</time>
    <extensions>
     <gpxtpx:TrackPointExtension>
      <gpxtpx:hr>89</gpxtpx:hr>
      <gpxtpx:cad>62</gpxtpx:cad>
     </gpxtpx:TrackPointExtension>
    </extensions>
   </trkpt>
   <trkpt lat="47.8470900" lon="13.7735080">
    <ele>535.0</ele>
    <time>2026-03-07T12:43:57Z</time>
    <extensions>
     <gpxtpx:TrackPointExtension>
      <gpxtpx:hr>89</gpxtpx:hr>
      <gpxtpx:cad>63</gpxtpx:cad>
     </gpxtpx:TrackPointExtension>
    </extensions>
   </trkpt>
   <trkpt lat="47.8470910" lon="13.7733830">
    <ele>534.6</ele>
    <time>2026-03-07T12:44:03Z</time>
    <extensions>
     <gpxtpx:TrackPointExtension>
      <gpxtpx:hr>88</gpxtpx:hr>
      <gpxtpx:cad>60</gpxtpx:cad>
     </gpxtpx:TrackPointExtension>
    </extensions>
   </trkpt>
   <trkpt lat="47.8470920" lon="13.7733370">
    <ele>533.6</ele>
    <time>2026-03-07T12:44:05Z</time>
    <extensions>
     <gpxtpx:TrackPointExtension>
      <gpxtpx:hr>88</gpxtpx:hr>
      <gpxtpx:cad>63</gpxtpx:cad>
     </gpxtpx:TrackPointExtension>
    </extensions>
   </trkpt>
   <trkpt lat="47.8470910" lon="13.7733140">
    <ele>533.4</ele>
    <time>2026-03-07T12:44:06Z</time>
    <extensions>
     <gpxtpx:TrackPointExtension>
      <gpxtpx:hr>88</gpxtpx:hr>
      <gpxtpx:cad>63</gpxtpx:cad>
     </gpxtpx:TrackPointExtension>
    </extensions>
   </trkpt>
   <trkpt lat="47.8470800" lon="13.7731650">
    <ele>532.6</ele>
    <time>2026-03-07T12:44:13Z</time>
    <extensions>
     <gpxtpx:TrackPointExtension>
      <gpxtpx:hr>89</gpxtpx:hr>
      <gpxtpx:cad>64</gpxtpx:cad>
     </gpxtpx:TrackPointExtension>
    </extensions>
   </trkpt>
   <trkpt lat="47.8470780" lon="13.7731210">
    <ele>532.2</ele>
    <time>2026-03-07T12:44:15Z</time>
    <extensions>
     <gpxtpx:TrackPointExtension>
      <gpxtpx:hr>89</gpxtpx:hr>
      <gpxtpx:cad>64</gpxtpx:cad>
     </gpxtpx:TrackPointExtension>
    </extensions>
   </trkpt>
   <trkpt lat="47.8470700" lon="13.7729750">
    <ele>531.2</ele>
    <time>2026-03-07T12:44:22Z</time>
    <extensions>
     <gpxtpx:TrackPointExtension>
      <gpxtpx:hr>89</gpxtpx:hr>
      <gpxtpx:cad>64</gpxtpx:cad>
     </gpxtpx:TrackPointExtension>
    </extensions>
   </trkpt>
   <trkpt lat="47.8470780" lon="13.7728290">
    <ele>530.2</ele>
    <time>2026-03-07T12:44:29Z</time>
    <extensions>
     <gpxtpx:TrackPointExtension>
      <gpxtpx:hr>89</gpxtpx:hr>
      <gpxtpx:cad>64</gpxtpx:cad>
     </gpxtpx:TrackPointExtension>
    </extensions>
   </trkpt>
   <trkpt lat="47.8470830" lon="13.7727760">
    <ele>529.6</ele>
    <time>2026-03-07T12:44:32Z</time>
    <extensions>
     <gpxtpx:TrackPointExtension>
      <gpxtpx:hr>88</gpxtpx:hr>
      <gpxtpx:cad>64</gpxtpx:cad>
     </gpxtpx:TrackPointExtension>
    </extensions>
   </trkpt>
   <trkpt lat="47.8470800" lon="13.7727510">
    <ele>529.4</ele>
    <time>2026-03-07T12:44:34Z</time>
    <extensions>
     <gpxtpx:TrackPointExtension>
      <gpxtpx:hr>88</gpxtpx:hr>
      <gpxtpx:cad>63</gpxtpx:cad>
     </gpxtpx:TrackPointExtension>
    </extensions>
   </trkpt>
   <trkpt lat="47.8470650" lon="13.7727610">
    <ele>529.8</ele>
    <time>2026-03-07T12:44:37Z</time>
    <extensions>
     <gpxtpx:TrackPointExtension>
      <gpxtpx:hr>90</gpxtpx:hr>
      <gpxtpx:cad>64</gpxtpx:cad>
     </gpxtpx:TrackPointExtension>
    </extensions>
   </trkpt>
   <trkpt lat="47.8470650" lon="13.7727680">
    <ele>531.2</ele>
    <time>2026-03-07T12:44:41Z</time>
    <extensions>
     <gpxtpx:TrackPointExtension>
      <gpxtpx:hr>91</gpxtpx:hr>
      <gpxtpx:cad>0</gpxtpx:cad>
     </gpxtpx:TrackPointExtension>
    </extensions>
   </trkpt>
   <trkpt lat="47.8470700" lon="13.7727640">
    <ele>531.4</ele>
    <time>2026-03-07T12:44:42Z</time>
    <extensions>
     <gpxtpx:TrackPointExtension>
      <gpxtpx:hr>91</gpxtpx:hr>
      <gpxtpx:cad>0</gpxtpx:cad>
     </gpxtpx:TrackPointExtension>
    </extensions>
   </trkpt>
   <trkpt lat="47.8470770" lon="13.7727570">
    <ele>531.2</ele>
    <time>2026-03-07T12:44:43Z</time>
    <extensions>
     <gpxtpx:TrackPointExtension>
      <gpxtpx:hr>91</gpxtpx:hr>
      <gpxtpx:cad>0</gpxtpx:cad>
     </gpxtpx:TrackPointExtension>
    </extensions>
   </trkpt>
   <trkpt lat="47.8470940" lon="13.7727370">
    <ele>530.4</ele>
    <time>2026-03-07T12:44:45Z</time>
    <extensions>
     <gpxtpx:TrackPointExtension>
      <gpxtpx:hr>88</gpxtpx:hr>
      <gpxtpx:cad>0</gpxtpx:cad>
     </gpxtpx:TrackPointExtension>
    </extensions>
   </trkpt>
   <trkpt lat="47.8471060" lon="13.7727210">
    <ele>530.0</ele>
    <time>2026-03-07T12:44:46Z</time>
    <extensions>
     <gpxtpx:TrackPointExtension>
      <gpxtpx:hr>86</gpxtpx:hr>
      <gpxtpx:cad>0</gpxtpx:cad>
     </gpxtpx:TrackPointExtension>
    </extensions>
   </trkpt>
   <trkpt lat="47.8471290" lon="13.7726880">
    <ele>529.0</ele>
    <time>2026-03-07T12:44:48Z</time>
    <extensions>
     <gpxtpx:TrackPointExtension>
      <gpxtpx:hr>86</gpxtpx:hr>
      <gpxtpx:cad>62</gpxtpx:cad>
     </gpxtpx:TrackPointExtension>
    </extensions>
   </trkpt>
   <trkpt lat="47.8471410" lon="13.7726700">
    <ele>528.6</ele>
    <time>2026-03-07T12:44:49Z</time>
    <extensions>
     <gpxtpx:TrackPointExtension>
      <gpxtpx:hr>86</gpxtpx:hr>
      <gpxtpx:cad>65</gpxtpx:cad>
     </gpxtpx:TrackPointExtension>
    </extensions>
   </trkpt>
   <trkpt lat="47.8471990" lon="13.7725770">
    <ele>528.0</ele>
    <time>2026-03-07T12:44:55Z</time>
    <extensions>
     <gpxtpx:TrackPointExtension>
      <gpxtpx:hr>89</gpxtpx:hr>
      <gpxtpx:cad>67</gpxtpx:cad>
     </gpxtpx:TrackPointExtension>
    </extensions>
   </trkpt>
   <trkpt lat="47.8472100" lon="13.7725600">
    <ele>527.8</ele>
    <time>2026-03-07T12:44:56Z</time>
    <extensions>
     <gpxtpx:TrackPointExtension>
      <gpxtpx:hr>90</gpxtpx:hr>
      <gpxtpx:cad>66</gpxtpx:cad>
     </gpxtpx:TrackPointExtension>
    </extensions>
   </trkpt>
   <trkpt lat="47.8472210" lon="13.7725440">
    <ele>527.6</ele>
    <time>2026-03-07T12:44:57Z</time>
    <extensions>
     <gpxtpx:TrackPointExtension>
      <gpxtpx:hr>90</gpxtpx:hr>
      <gpxtpx:cad>66</gpxtpx:cad>
     </gpxtpx:TrackPointExtension>
    </extensions>
   </trkpt>
   <trkpt lat="47.8472730" lon="13.7724740">
    <ele>526.6</ele>
    <time>2026-03-07T12:45:02Z</time>
    <extensions>
     <gpxtpx:TrackPointExtension>
      <gpxtpx:hr>91</gpxtpx:hr>
      <gpxtpx:cad>67</gpxtpx:cad>
     </gpxtpx:TrackPointExtension>
    </extensions>
   </trkpt>
   <trkpt lat="47.8473110" lon="13.7724320">
    <ele>526.2</ele>
    <time>2026-03-07T12:45:05Z</time>
    <extensions>
     <gpxtpx:TrackPointExtension>
      <gpxtpx:hr>91</gpxtpx:hr>
      <gpxtpx:cad>68</gpxtpx:cad>
     </gpxtpx:TrackPointExtension>
    </extensions>
   </trkpt>
   <trkpt lat="47.8473640" lon="13.7723770">
    <ele>525.4</ele>
    <time>2026-03-07T12:45:09Z</time>
    <extensions>
     <gpxtpx:TrackPointExtension>
      <gpxtpx:hr>90</gpxtpx:hr>
      <gpxtpx:cad>66</gpxtpx:cad>
     </gpxtpx:TrackPointExtension>
    </extensions>
   </trkpt>
   <trkpt lat="47.8474320" lon="13.7723180">
    <ele>524.4</ele>
    <time>2026-03-07T12:45:14Z</time>
    <extensions>
     <gpxtpx:TrackPointExtension>
      <gpxtpx:hr>89</gpxtpx:hr>
      <gpxtpx:cad>67</gpxtpx:cad>
     </gpxtpx:TrackPointExtension>
    </extensions>
   </trkpt>
   <trkpt lat="47.8475230" lon="13.7722420">
    <ele>523.2</ele>
    <time>2026-03-07T12:45:21Z</time>
    <extensions>
     <gpxtpx:TrackPointExtension>
      <gpxtpx:hr>89</gpxtpx:hr>
      <gpxtpx:cad>68</gpxtpx:cad>
     </gpxtpx:TrackPointExtension>
    </extensions>
   </trkpt>
   <trkpt lat="47.8475480" lon="13.7722200">
    <ele>522.8</ele>
    <time>2026-03-07T12:45:23Z</time>
    <extensions>
     <gpxtpx:TrackPointExtension>
      <gpxtpx:hr>89</gpxtpx:hr>
      <gpxtpx:cad>67</gpxtpx:cad>
     </gpxtpx:TrackPointExtension>
    </extensions>
   </trkpt>
   <trkpt lat="47.8475610" lon="13.7722090">
    <ele>522.6</ele>
    <time>2026-03-07T12:45:24Z</time>
    <extensions>
     <gpxtpx:TrackPointExtension>
      <gpxtpx:hr>94</gpxtpx:hr>
      <gpxtpx:cad>66</gpxtpx:cad>
     </gpxtpx:TrackPointExtension>
    </extensions>
   </trkpt>
   <trkpt lat="47.8475870" lon="13.7721870">
    <ele>522.4</ele>
    <time>2026-03-07T12:45:26Z</time>
    <extensions>
     <gpxtpx:TrackPointExtension>
      <gpxtpx:hr>98</gpxtpx:hr>
      <gpxtpx:cad>66</gpxtpx:cad>
     </gpxtpx:TrackPointExtension>
    </extensions>
   </trkpt>
   <trkpt lat="47.8475990" lon="13.7721760">
    <ele>522.2</ele>
    <time>2026-03-07T12:45:27Z</time>
    <extensions>
     <gpxtpx:TrackPointExtension>
      <gpxtpx:hr>98</gpxtpx:hr>
      <gpxtpx:cad>66</gpxtpx:cad>
     </gpxtpx:TrackPointExtension>
    </extensions>
   </trkpt>
   <trkpt lat="47.8477030" lon="13.7720790">
    <ele>521.2</ele>
    <time>2026-03-07T12:45:35Z</time>
    <extensions>
     <gpxtpx:TrackPointExtension>
      <gpxtpx:hr>97</gpxtpx:hr>
      <gpxtpx:cad>67</gpxtpx:cad>
     </gpxtpx:TrackPointExtension>
    </extensions>
   </trkpt>
   <trkpt lat="47.8477860" lon="13.7719880">
    <ele>520.2</ele>
    <time>2026-03-07T12:45:42Z</time>
    <extensions>
     <gpxtpx:TrackPointExtension>
      <gpxtpx:hr>97</gpxtpx:hr>
      <gpxtpx:cad>67</gpxtpx:cad>
     </gpxtpx:TrackPointExtension>
    </extensions>
   </trkpt>
   <trkpt lat="47.8478200" lon="13.7719450">
    <ele>519.4</ele>
    <time>2026-03-07T12:45:45Z</time>
    <extensions>
     <gpxtpx:TrackPointExtension>
      <gpxtpx:hr>98</gpxtpx:hr>
      <gpxtpx:cad>66</gpxtpx:cad>
     </gpxtpx:TrackPointExtension>
    </extensions>
   </trkpt>
   <trkpt lat="47.8478580" lon="13.7719050">
    <ele>519.0</ele>
    <time>2026-03-07T12:45:48Z</time>
    <extensions>
     <gpxtpx:TrackPointExtension>
      <gpxtpx:hr>98</gpxtpx:hr>
      <gpxtpx:cad>66</gpxtpx:cad>
     </gpxtpx:TrackPointExtension>
    </extensions>
   </trkpt>
   <trkpt lat="47.8479220" lon="13.7718560">
    <ele>518.2</ele>
    <time>2026-03-07T12:45:53Z</time>
    <extensions>
     <gpxtpx:TrackPointExtension>
      <gpxtpx:hr>99</gpxtpx:hr>
      <gpxtpx:cad>66</gpxtpx:cad>
     </gpxtpx:TrackPointExtension>
    </extensions>
   </trkpt>
   <trkpt lat="47.8479470" lon="13.7718480">
    <ele>518.0</ele>
    <time>2026-03-07T12:45:55Z</time>
    <extensions>
     <gpxtpx:TrackPointExtension>
      <gpxtpx:hr>99</gpxtpx:hr>
      <gpxtpx:cad>66</gpxtpx:cad>
     </gpxtpx:TrackPointExtension>
    </extensions>
   </trkpt>
   <trkpt lat="47.8480020" lon="13.7718970">
    <ele>517.4</ele>
    <time>2026-03-07T12:46:01Z</time>
    <extensions>
     <gpxtpx:TrackPointExtension>
      <gpxtpx:hr>100</gpxtpx:hr>
      <gpxtpx:cad>66</gpxtpx:cad>
     </gpxtpx:TrackPointExtension>
    </extensions>
   </trkpt>
   <trkpt lat="47.8479980" lon="13.7720050">
    <ele>516.8</ele>
    <time>2026-03-07T12:46:06Z</time>
    <extensions>
     <gpxtpx:TrackPointExtension>
      <gpxtpx:hr>99</gpxtpx:hr>
      <gpxtpx:cad>67</gpxtpx:cad>
     </gpxtpx:TrackPointExtension>
    </extensions>
   </trkpt>
   <trkpt lat="47.8479910" lon="13.7720280">
    <ele>516.8</ele>
    <time>2026-03-07T12:46:07Z</time>
    <extensions>
     <gpxtpx:TrackPointExtension>
      <gpxtpx:hr>99</gpxtpx:hr>
      <gpxtpx:cad>67</gpxtpx:cad>
     </gpxtpx:TrackPointExtension>
    </extensions>
   </trkpt>
   <trkpt lat="47.8479460" lon="13.7721290">
    <ele>516.0</ele>
    <time>2026-03-07T12:46:12Z</time>
    <extensions>
     <gpxtpx:TrackPointExtension>
      <gpxtpx:hr>96</gpxtpx:hr>
      <gpxtpx:cad>68</gpxtpx:cad>
     </gpxtpx:TrackPointExtension>
    </extensions>
   </trkpt>
   <trkpt lat="47.8479360" lon="13.7721480">
    <ele>515.8</ele>
    <time>2026-03-07T12:46:13Z</time>
    <extensions>
     <gpxtpx:TrackPointExtension>
      <gpxtpx:hr>95</gpxtpx:hr>
      <gpxtpx:cad>68</gpxtpx:cad>
     </gpxtpx:TrackPointExtension>
    </extensions>
   </trkpt>
   <trkpt lat="47.8479180" lon="13.7721850">
    <ele>515.4</ele>
    <time>2026-03-07T12:46:15Z</time>
    <extensions>
     <gpxtpx:TrackPointExtension>
      <gpxtpx:hr>95</gpxtpx:hr>
      <gpxtpx:cad>67</gpxtpx:cad>
     </gpxtpx:TrackPointExtension>
    </extensions>
   </trkpt>
   <trkpt lat="47.8478690" lon="13.7722760">
    <ele>514.6</ele>
    <time>2026-03-07T12:46:20Z</time>
    <extensions>
     <gpxtpx:TrackPointExtension>
      <gpxtpx:hr>97</gpxtpx:hr>
      <gpxtpx:cad>67</gpxtpx:cad>
     </gpxtpx:TrackPointExtension>
    </extensions>
   </trkpt>
   <trkpt lat="47.8478320" lon="13.7723550">
    <ele>514.0</ele>
    <time>2026-03-07T12:46:24Z</time>
    <extensions>
     <gpxtpx:TrackPointExtension>
      <gpxtpx:hr>96</gpxtpx:hr>
      <gpxtpx:cad>68</gpxtpx:cad>
     </gpxtpx:TrackPointExtension>
    </extensions>
   </trkpt>
   <trkpt lat="47.8477860" lon="13.7724400">
    <ele>513.4</ele>
    <time>2026-03-07T12:46:29Z</time>
    <extensions>
     <gpxtpx:TrackPointExtension>
      <gpxtpx:hr>96</gpxtpx:hr>
      <gpxtpx:cad>66</gpxtpx:cad>
     </gpxtpx:TrackPointExtension>
    </extensions>
   </trkpt>
   <trkpt lat="47.8477530" lon="13.7725120">
    <ele>512.8</ele>
    <time>2026-03-07T12:46:33Z</time>
    <extensions>
     <gpxtpx:TrackPointExtension>
      <gpxtpx:hr>95</gpxtpx:hr>
      <gpxtpx:cad>66</gpxtpx:cad>
     </gpxtpx:TrackPointExtension>
    </extensions>
   </trkpt>
   <trkpt lat="47.8477090" lon="13.7726030">
    <ele>512.2</ele>
    <time>2026-03-07T12:46:38Z</time>
    <extensions>
     <gpxtpx:TrackPointExtension>
      <gpxtpx:hr>95</gpxtpx:hr>
      <gpxtpx:cad>67</gpxtpx:cad>
     </gpxtpx:TrackPointExtension>
    </extensions>
   </trkpt>
   <trkpt lat="47.8476640" lon="13.7727180">
    <ele>511.6</ele>
    <time>2026-03-07T12:46:44Z</time>
    <extensions>
     <gpxtpx:TrackPointExtension>
      <gpxtpx:hr>94</gpxtpx:hr>
      <gpxtpx:cad>66</gpxtpx:cad>
     </gpxtpx:TrackPointExtension>
    </extensions>
   </trkpt>
   <trkpt lat="47.8476570" lon="13.7727650">
    <ele>511.2</ele>
    <time>2026-03-07T12:46:46Z</time>
    <extensions>
     <gpxtpx:TrackPointExtension>
      <gpxtpx:hr>95</gpxtpx:hr>
      <gpxtpx:cad>67</gpxtpx:cad>
     </gpxtpx:TrackPointExtension>
    </extensions>
   </trkpt>
   <trkpt lat="47.8476590" lon="13.7728080">
    <ele>511.0</ele>
    <time>2026-03-07T12:46:48Z</time>
    <extensions>
     <gpxtpx:TrackPointExtension>
      <gpxtpx:hr>98</gpxtpx:hr>
      <gpxtpx:cad>67</gpxtpx:cad>
     </gpxtpx:TrackPointExtension>
    </extensions>
   </trkpt>
   <trkpt lat="47.8476650" lon="13.7728280">
    <ele>510.8</ele>
    <time>2026-03-07T12:46:49Z</time>
    <extensions>
     <gpxtpx:TrackPointExtension>
      <gpxtpx:hr>98</gpxtpx:hr>
      <gpxtpx:cad>66</gpxtpx:cad>
     </gpxtpx:TrackPointExtension>
    </extensions>
   </trkpt>
   <trkpt lat="47.8476720" lon="13.7728470">
    <ele>510.6</ele>
    <time>2026-03-07T12:46:50Z</time>
    <extensions>
     <gpxtpx:TrackPointExtension>
      <gpxtpx:hr>98</gpxtpx:hr>
      <gpxtpx:cad>66</gpxtpx:cad>
     </gpxtpx:TrackPointExtension>
    </extensions>
   </trkpt>
   <trkpt lat="47.8476860" lon="13.7728750">
    <ele>510.0</ele>
    <time>2026-03-07T12:46:53Z</time>
    <extensions>
     <gpxtpx:TrackPointExtension>
      <gpxtpx:hr>98</gpxtpx:hr>
      <gpxtpx:cad>63</gpxtpx:cad>
     </gpxtpx:TrackPointExtension>
    </extensions>
   </trkpt>
   <trkpt lat="47.8476850" lon="13.7728810">
    <ele>509.8</ele>
    <time>2026-03-07T12:46:56Z</time>
    <extensions>
     <gpxtpx:TrackPointExtension>
      <gpxtpx:hr>99</gpxtpx:hr>
      <gpxtpx:cad>61</gpxtpx:cad>
     </gpxtpx:TrackPointExtension>
    </extensions>
   </trkpt>
   <trkpt lat="47.8476880" lon="13.7728820">
    <ele>510.0</ele>
    <time>2026-03-07T12:47:02Z</time>
    <extensions>
     <gpxtpx:TrackPointExtension>
      <gpxtpx:hr>98</gpxtpx:hr>
      <gpxtpx:cad>0</gpxtpx:cad>
     </gpxtpx:TrackPointExtension>
    </extensions>
   </trkpt>
   <trkpt lat="47.8476830" lon="13.7728760">
    <ele>509.8</ele>
    <time>2026-03-07T12:47:12Z</time>
    <extensions>
     <gpxtpx:TrackPointExtension>
      <gpxtpx:hr>97</gpxtpx:hr>
      <gpxtpx:cad>0</gpxtpx:cad>
     </gpxtpx:TrackPointExtension>
    </extensions>
   </trkpt>
   <trkpt lat="47.8476770" lon="13.7728770">
    <ele>510.0</ele>
    <time>2026-03-07T12:47:17Z</time>
    <extensions>
     <gpxtpx:TrackPointExtension>
      <gpxtpx:hr>97</gpxtpx:hr>
      <gpxtpx:cad>0</gpxtpx:cad>
     </gpxtpx:TrackPointExtension>
    </extensions>
   </trkpt>
   <trkpt lat="47.8476820" lon="13.7729320">
    <ele>510.0</ele>
    <time>2026-03-07T12:47:21Z</time>
    <extensions>
     <gpxtpx:TrackPointExtension>
      <gpxtpx:hr>97</gpxtpx:hr>
      <gpxtpx:cad>0</gpxtpx:cad>
     </gpxtpx:TrackPointExtension>
    </extensions>
   </trkpt>
   <trkpt lat="47.8477320" lon="13.7729420">
    <ele>509.2</ele>
    <time>2026-03-07T12:47:25Z</time>
    <extensions>
     <gpxtpx:TrackPointExtension>
      <gpxtpx:hr>97</gpxtpx:hr>
      <gpxtpx:cad>65</gpxtpx:cad>
     </gpxtpx:TrackPointExtension>
    </extensions>
   </trkpt>
   <trkpt lat="47.8477460" lon="13.7729290">
    <ele>509.0</ele>
    <time>2026-03-07T12:47:26Z</time>
    <extensions>
     <gpxtpx:TrackPointExtension>
      <gpxtpx:hr>97</gpxtpx:hr>
      <gpxtpx:cad>65</gpxtpx:cad>
     </gpxtpx:TrackPointExtension>
    </extensions>
   </trkpt>
   <trkpt lat="47.8478200" lon="13.7728600">
    <ele>507.8</ele>
    <time>2026-03-07T12:47:31Z</time>
    <extensions>
     <gpxtpx:TrackPointExtension>
      <gpxtpx:hr>98</gpxtpx:hr>
      <gpxtpx:cad>70</gpxtpx:cad>
     </gpxtpx:TrackPointExtension>
    </extensions>
   </trkpt>
   <trkpt lat="47.8479130" lon="13.7727980">
    <ele>507.0</ele>
    <time>2026-03-07T12:47:37Z</time>
    <extensions>
     <gpxtpx:TrackPointExtension>
      <gpxtpx:hr>101</gpxtpx:hr>
      <gpxtpx:cad>70</gpxtpx:cad>
     </gpxtpx:TrackPointExtension>
    </extensions>
   </trkpt>
   <trkpt lat="47.8479290" lon="13.7727900">
    <ele>506.8</ele>
    <time>2026-03-07T12:47:38Z</time>
    <extensions>
     <gpxtpx:TrackPointExtension>
      <gpxtpx:hr>104</gpxtpx:hr>
      <gpxtpx:cad>70</gpxtpx:cad>
     </gpxtpx:TrackPointExtension>
    </extensions>
   </trkpt>
   <trkpt lat="47.8479450" lon="13.7727810">
    <ele>506.6</ele>
    <time>2026-03-07T12:47:39Z</time>
    <extensions>
     <gpxtpx:TrackPointExtension>
      <gpxtpx:hr>105</gpxtpx:hr>
      <gpxtpx:cad>70</gpxtpx:cad>
     </gpxtpx:TrackPointExtension>
    </extensions>
   </trkpt>
   <trkpt lat="47.8480050" lon="13.7727460">
    <ele>505.8</ele>
    <time>2026-03-07T12:47:43Z</time>
    <extensions>
     <gpxtpx:TrackPointExtension>
      <gpxtpx:hr>107</gpxtpx:hr>
      <gpxtpx:cad>68</gpxtpx:cad>
     </gpxtpx:TrackPointExtension>
    </extensions>
   </trkpt>
   <trkpt lat="47.8480480" lon="13.7727230">
    <ele>505.2</ele>
    <time>2026-03-07T12:47:46Z</time>
    <extensions>
     <gpxtpx:TrackPointExtension>
      <gpxtpx:hr>108</gpxtpx:hr>
      <gpxtpx:cad>66</gpxtpx:cad>
     </gpxtpx:TrackPointExtension>
    </extensions>
   </trkpt>
   <trkpt lat="47.8480770" lon="13.7727120">
    <ele>504.8</ele>
    <time>2026-03-07T12:47:48Z</time>
    <extensions>
     <gpxtpx:TrackPointExtension>
      <gpxtpx:hr>107</gpxtpx:hr>
      <gpxtpx:cad>67</gpxtpx:cad>
     </gpxtpx:TrackPointExtension>
    </extensions>
   </trkpt>
   <trkpt lat="47.8481520" lon="13.7726760">
    <ele>503.6</ele>
    <time>2026-03-07T12:47:53Z</time>
    <extensions>
     <gpxtpx:TrackPointExtension>
      <gpxtpx:hr>107</gpxtpx:hr>
      <gpxtpx:cad>66</gpxtpx:cad>
     </gpxtpx:TrackPointExtension>
    </extensions>
   </trkpt>
   <trkpt lat="47.8481760" lon="13.7726620">
    <ele>503.2</ele>
    <time>2026-03-07T12:47:55Z</time>
    <extensions>
     <gpxtpx:TrackPointExtension>
      <gpxtpx:hr>105</gpxtpx:hr>
      <gpxtpx:cad>66</gpxtpx:cad>
     </gpxtpx:TrackPointExtension>
    </extensions>
   </trkpt>
   <trkpt lat="47.8482460" lon="13.7726410">
    <ele>502.6</ele>
    <time>2026-03-07T12:48:00Z</time>
    <extensions>
     <gpxtpx:TrackPointExtension>
      <gpxtpx:hr>103</gpxtpx:hr>
      <gpxtpx:cad>66</gpxtpx:cad>
     </gpxtpx:TrackPointExtension>
    </extensions>
   </trkpt>
   <trkpt lat="47.8483100" lon="13.7726330">
    <ele>501.8</ele>
    <time>2026-03-07T12:48:05Z</time>
    <extensions>
     <gpxtpx:TrackPointExtension>
      <gpxtpx:hr>100</gpxtpx:hr>
      <gpxtpx:cad>65</gpxtpx:cad>
     </gpxtpx:TrackPointExtension>
    </extensions>
   </trkpt>
   <trkpt lat="47.8483620" lon="13.7726520">
    <ele>501.4</ele>
    <time>2026-03-07T12:48:09Z</time>
    <extensions>
     <gpxtpx:TrackPointExtension>
      <gpxtpx:hr>100</gpxtpx:hr>
      <gpxtpx:cad>65</gpxtpx:cad>
     </gpxtpx:TrackPointExtension>
    </extensions>
   </trkpt>
   <trkpt lat="47.8484350" lon="13.7726880">
    <ele>500.2</ele>
    <time>2026-03-07T12:48:14Z</time>
    <extensions>
     <gpxtpx:TrackPointExtension>
      <gpxtpx:hr>98</gpxtpx:hr>
      <gpxtpx:cad>64</gpxtpx:cad>
     </gpxtpx:TrackPointExtension>
    </extensions>
   </trkpt>
   <trkpt lat="47.8485490" lon="13.7727410">
    <ele>499.2</ele>
    <time>2026-03-07T12:48:22Z</time>
    <extensions>
     <gpxtpx:TrackPointExtension>
      <gpxtpx:hr>97</gpxtpx:hr>
      <gpxtpx:cad>65</gpxtpx:cad>
     </gpxtpx:TrackPointExtension>
    </extensions>
   </trkpt>
   <trkpt lat="47.8486530" lon="13.7728310">
    <ele>498.2</ele>
    <time>2026-03-07T12:48:30Z</time>
    <extensions>
     <gpxtpx:TrackPointExtension>
      <gpxtpx:hr>97</gpxtpx:hr>
      <gpxtpx:cad>66</gpxtpx:cad>
     </gpxtpx:TrackPointExtension>
    </extensions>
   </trkpt>
   <trkpt lat="47.8487420" lon="13.7729440">
    <ele>497.2</ele>
    <time>2026-03-07T12:48:38Z</time>
    <extensions>
     <gpxtpx:TrackPointExtension>
      <gpxtpx:hr>98</gpxtpx:hr>
      <gpxtpx:cad>65</gpxtpx:cad>
     </gpxtpx:TrackPointExtension>
    </extensions>
   </trkpt>
   <trkpt lat="47.8487530" lon="13.7729590">
    <ele>497.2</ele>
    <time>2026-03-07T12:48:39Z</time>
    <extensions>
     <gpxtpx:TrackPointExtension>
      <gpxtpx:hr>97</gpxtpx:hr>
      <gpxtpx:cad>64</gpxtpx:cad>
     </gpxtpx:TrackPointExtension>
    </extensions>
   </trkpt>
   <trkpt lat="47.8488070" lon="13.7730600">
    <ele>497.0</ele>
    <time>2026-03-07T12:48:46Z</time>
    <extensions>
     <gpxtpx:TrackPointExtension>
      <gpxtpx:hr>97</gpxtpx:hr>
      <gpxtpx:cad>64</gpxtpx:cad>
     </gpxtpx:TrackPointExtension>
    </extensions>
   </trkpt>
   <trkpt lat="47.8488610" lon="13.7731980">
    <ele>496.2</ele>
    <time>2026-03-07T12:48:54Z</time>
    <extensions>
     <gpxtpx:TrackPointExtension>
      <gpxtpx:hr>101</gpxtpx:hr>
      <gpxtpx:cad>64</gpxtpx:cad>
     </gpxtpx:TrackPointExtension>
    </extensions>
   </trkpt>
   <trkpt lat="47.8488690" lon="13.7732170">
    <ele>496.0</ele>
    <time>2026-03-07T12:48:55Z</time>
    <extensions>
     <gpxtpx:TrackPointExtension>
      <gpxtpx:hr>102</gpxtpx:hr>
      <gpxtpx:cad>65</gpxtpx:cad>
     </gpxtpx:TrackPointExtension>
    </extensions>
   </trkpt>
   <trkpt lat="47.8488770" lon="13.7732340">
    <ele>495.8</ele>
    <time>2026-03-07T12:48:56Z</time>
    <extensions>
     <gpxtpx:TrackPointExtension>
      <gpxtpx:hr>102</gpxtpx:hr>
      <gpxtpx:cad>65</gpxtpx:cad>
     </gpxtpx:TrackPointExtension>
    </extensions>
   </trkpt>
   <trkpt lat="47.8489140" lon="13.7733150">
    <ele>495.0</ele>
    <time>2026-03-07T12:49:01Z</time>
    <extensions>
     <gpxtpx:TrackPointExtension>
      <gpxtpx:hr>99</gpxtpx:hr>
      <gpxtpx:cad>66</gpxtpx:cad>
     </gpxtpx:TrackPointExtension>
    </extensions>
   </trkpt>
   <trkpt lat="47.8489260" lon="13.7733450">
    <ele>494.6</ele>
    <time>2026-03-07T12:49:03Z</time>
    <extensions>
     <gpxtpx:TrackPointExtension>
      <gpxtpx:hr>96</gpxtpx:hr>
      <gpxtpx:cad>65</gpxtpx:cad>
     </gpxtpx:TrackPointExtension>
    </extensions>
   </trkpt>
   <trkpt lat="47.8489310" lon="13.7733590">
    <ele>494.6</ele>
    <time>2026-03-07T12:49:04Z</time>
    <extensions>
     <gpxtpx:TrackPointExtension>
      <gpxtpx:hr>95</gpxtpx:hr>
      <gpxtpx:cad>65</gpxtpx:cad>
     </gpxtpx:TrackPointExtension>
    </extensions>
   </trkpt>
   <trkpt lat="47.8489600" lon="13.7734630">
    <ele>493.8</ele>
    <time>2026-03-07T12:49:10Z</time>
    <extensions>
     <gpxtpx:TrackPointExtension>
      <gpxtpx:hr>93</gpxtpx:hr>
      <gpxtpx:cad>63</gpxtpx:cad>
     </gpxtpx:TrackPointExtension>
    </extensions>
   </trkpt>
   <trkpt lat="47.8489740" lon="13.7735020">
    <ele>492.4</ele>
    <time>2026-03-07T12:49:12Z</time>
    <extensions>
     <gpxtpx:TrackPointExtension>
      <gpxtpx:hr>94</gpxtpx:hr>
      <gpxtpx:cad>64</gpxtpx:cad>
     </gpxtpx:TrackPointExtension>
    </extensions>
   </trkpt>
   <trkpt lat="47.8489860" lon="13.7735450">
    <ele>491.6</ele>
    <time>2026-03-07T12:49:14Z</time>
    <extensions>
     <gpxtpx:TrackPointExtension>
      <gpxtpx:hr>95</gpxtpx:hr>
      <gpxtpx:cad>64</gpxtpx:cad>
     </gpxtpx:TrackPointExtension>
    </extensions>
   </trkpt>
   <trkpt lat="47.8489970" lon="13.7735860">
    <ele>491.4</ele>
    <time>2026-03-07T12:49:16Z</time>
    <extensions>
     <gpxtpx:TrackPointExtension>
      <gpxtpx:hr>97</gpxtpx:hr>
      <gpxtpx:cad>66</gpxtpx:cad>
     </gpxtpx:TrackPointExtension>
    </extensions>
   </trkpt>
   <trkpt lat="47.8490240" lon="13.7736750">
    <ele>491.4</ele>
    <time>2026-03-07T12:49:21Z</time>
    <extensions>
     <gpxtpx:TrackPointExtension>
      <gpxtpx:hr>96</gpxtpx:hr>
      <gpxtpx:cad>65</gpxtpx:cad>
     </gpxtpx:TrackPointExtension>
    </extensions>
   </trkpt>
   <trkpt lat="47.8490490" lon="13.7737580">
    <ele>490.4</ele>
    <time>2026-03-07T12:49:25Z</time>
    <extensions>
     <gpxtpx:TrackPointExtension>
      <gpxtpx:hr>96</gpxtpx:hr>
      <gpxtpx:cad>63</gpxtpx:cad>
     </gpxtpx:TrackPointExtension>
    </extensions>
   </trkpt>
   <trkpt lat="47.8490690" lon="13.7738140">
    <ele>490.0</ele>
    <time>2026-03-07T12:49:28Z</time>
    <extensions>
     <gpxtpx:TrackPointExtension>
      <gpxtpx:hr>94</gpxtpx:hr>
      <gpxtpx:cad>64</gpxtpx:cad>
     </gpxtpx:TrackPointExtension>
    </extensions>
   </trkpt>
   <trkpt lat="47.8491060" lon="13.7739050">
    <ele>489.2</ele>
    <time>2026-03-07T12:49:33Z</time>
    <extensions>
     <gpxtpx:TrackPointExtension>
      <gpxtpx:hr>95</gpxtpx:hr>
      <gpxtpx:cad>63</gpxtpx:cad>
     </gpxtpx:TrackPointExtension>
    </extensions>
   </trkpt>
   <trkpt lat="47.8491160" lon="13.7739240">
    <ele>489.0</ele>
    <time>2026-03-07T12:49:34Z</time>
    <extensions>
     <gpxtpx:TrackPointExtension>
      <gpxtpx:hr>95</gpxtpx:hr>
      <gpxtpx:cad>63</gpxtpx:cad>
     </gpxtpx:TrackPointExtension>
    </extensions>
   </trkpt>
   <trkpt lat="47.8491440" lon="13.7739820">
    <ele>488.2</ele>
    <time>2026-03-07T12:49:37Z</time>
    <extensions>
     <gpxtpx:TrackPointExtension>
      <gpxtpx:hr>93</gpxtpx:hr>
      <gpxtpx:cad>63</gpxtpx:cad>
     </gpxtpx:TrackPointExtension>
    </extensions>
   </trkpt>
   <trkpt lat="47.8491820" lon="13.7740460">
    <ele>487.6</ele>
    <time>2026-03-07T12:49:41Z</time>
    <extensions>
     <gpxtpx:TrackPointExtension>
      <gpxtpx:hr>93</gpxtpx:hr>
      <gpxtpx:cad>64</gpxtpx:cad>
     </gpxtpx:TrackPointExtension>
    </extensions>
   </trkpt>
   <trkpt lat="47.8492200" lon="13.7741000">
    <ele>487.0</ele>
    <time>2026-03-07T12:49:45Z</time>
    <extensions>
     <gpxtpx:TrackPointExtension>
      <gpxtpx:hr>93</gpxtpx:hr>
      <gpxtpx:cad>64</gpxtpx:cad>
     </gpxtpx:TrackPointExtension>
    </extensions>
   </trkpt>
   <trkpt lat="47.8492640" lon="13.7741580">
    <ele>486.4</ele>
    <time>2026-03-07T12:49:49Z</time>
    <extensions>
     <gpxtpx:TrackPointExtension>
      <gpxtpx:hr>93</gpxtpx:hr>
      <gpxtpx:cad>64</gpxtpx:cad>
     </gpxtpx:TrackPointExtension>
    </extensions>
   </trkpt>
   <trkpt lat="47.8493010" lon="13.7742010">
    <ele>486.0</ele>
    <time>2026-03-07T12:49:52Z</time>
    <extensions>
     <gpxtpx:TrackPointExtension>
      <gpxtpx:hr>92</gpxtpx:hr>
      <gpxtpx:cad>65</gpxtpx:cad>
     </gpxtpx:TrackPointExtension>
    </extensions>
   </trkpt>
   <trkpt lat="47.8493500" lon="13.7742450">
    <ele>485.2</ele>
    <time>2026-03-07T12:49:56Z</time>
    <extensions>
     <gpxtpx:TrackPointExtension>
      <gpxtpx:hr>93</gpxtpx:hr>
      <gpxtpx:cad>64</gpxtpx:cad>
     </gpxtpx:TrackPointExtension>
    </extensions>
   </trkpt>
   <trkpt lat="47.8493860" lon="13.7742680">
    <ele>484.8</ele>
    <time>2026-03-07T12:49:59Z</time>
    <extensions>
     <gpxtpx:TrackPointExtension>
      <gpxtpx:hr>92</gpxtpx:hr>
      <gpxtpx:cad>63</gpxtpx:cad>
     </gpxtpx:TrackPointExtension>
    </extensions>
   </trkpt>
   <trkpt lat="47.8494410" lon="13.7742950">
    <ele>484.4</ele>
    <time>2026-03-07T12:50:03Z</time>
    <extensions>
     <gpxtpx:TrackPointExtension>
      <gpxtpx:hr>92</gpxtpx:hr>
      <gpxtpx:cad>64</gpxtpx:cad>
     </gpxtpx:TrackPointExtension>
    </extensions>
   </trkpt>
   <trkpt lat="47.8494990" lon="13.7743060">
    <ele>483.8</ele>
    <time>2026-03-07T12:50:07Z</time>
    <extensions>
     <gpxtpx:TrackPointExtension>
      <gpxtpx:hr>92</gpxtpx:hr>
      <gpxtpx:cad>63</gpxtpx:cad>
     </gpxtpx:TrackPointExtension>
    </extensions>
   </trkpt>
   <trkpt lat="47.8495790" lon="13.7742870">
    <ele>483.4</ele>
    <time>2026-03-07T12:50:12Z</time>
    <extensions>
     <gpxtpx:TrackPointExtension>
      <gpxtpx:hr>92</gpxtpx:hr>
      <gpxtpx:cad>64</gpxtpx:cad>
     </gpxtpx:TrackPointExtension>
    </extensions>
   </trkpt>
   <trkpt lat="47.8496840" lon="13.7741940">
    <ele>482.8</ele>
    <time>2026-03-07T12:50:20Z</time>
    <extensions>
     <gpxtpx:TrackPointExtension>
      <gpxtpx:hr>92</gpxtpx:hr>
      <gpxtpx:cad>65</gpxtpx:cad>
     </gpxtpx:TrackPointExtension>
    </extensions>
   </trkpt>
   <trkpt lat="47.8496950" lon="13.7741810">
    <ele>482.6</ele>
    <time>2026-03-07T12:50:21Z</time>
    <extensions>
     <gpxtpx:TrackPointExtension>
      <gpxtpx:hr>93</gpxtpx:hr>
      <gpxtpx:cad>65</gpxtpx:cad>
     </gpxtpx:TrackPointExtension>
    </extensions>
   </trkpt>
   <trkpt lat="47.8497770" lon="13.7740880">
    <ele>482.4</ele>
    <time>2026-03-07T12:50:28Z</time>
    <extensions>
     <gpxtpx:TrackPointExtension>
      <gpxtpx:hr>92</gpxtpx:hr>
      <gpxtpx:cad>63</gpxtpx:cad>
     </gpxtpx:TrackPointExtension>
    </extensions>
   </trkpt>
   <trkpt lat="47.8498590" lon="13.7739980">
    <ele>481.6</ele>
    <time>2026-03-07T12:50:35Z</time>
    <extensions>
     <gpxtpx:TrackPointExtension>
      <gpxtpx:hr>92</gpxtpx:hr>
      <gpxtpx:cad>64</gpxtpx:cad>
     </gpxtpx:TrackPointExtension>
    </extensions>
   </trkpt>
   <trkpt lat="47.8498830" lon="13.7739750">
    <ele>481.6</ele>
    <time>2026-03-07T12:50:37Z</time>
    <extensions>
     <gpxtpx:TrackPointExtension>
      <gpxtpx:hr>92</gpxtpx:hr>
      <gpxtpx:cad>64</gpxtpx:cad>
     </gpxtpx:TrackPointExtension>
    </extensions>
   </trkpt>
   <trkpt lat="47.8499690" lon="13.7738660">
    <ele>481.2</ele>
    <time>2026-03-07T12:50:45Z</time>
    <extensions>
     <gpxtpx:TrackPointExtension>
      <gpxtpx:hr>95</gpxtpx:hr>
      <gpxtpx:cad>65</gpxtpx:cad>
     </gpxtpx:TrackPointExtension>
    </extensions>
   </trkpt>
   <trkpt lat="47.8499790" lon="13.7738500">
    <ele>481.0</ele>
    <time>2026-03-07T12:50:46Z</time>
    <extensions>
     <gpxtpx:TrackPointExtension>
      <gpxtpx:hr>95</gpxtpx:hr>
      <gpxtpx:cad>65</gpxtpx:cad>
     </gpxtpx:TrackPointExtension>
    </extensions>
   </trkpt>
   <trkpt lat="47.8500070" lon="13.7737930">
    <ele>480.6</ele>
    <time>2026-03-07T12:50:49Z</time>
    <extensions>
     <gpxtpx:TrackPointExtension>
      <gpxtpx:hr>95</gpxtpx:hr>
      <gpxtpx:cad>64</gpxtpx:cad>
     </gpxtpx:TrackPointExtension>
    </extensions>
   </trkpt>
   <trkpt lat="47.8500390" lon="13.7737180">
    <ele>480.4</ele>
    <time>2026-03-07T12:50:53Z</time>
    <extensions>
     <gpxtpx:TrackPointExtension>
      <gpxtpx:hr>96</gpxtpx:hr>
      <gpxtpx:cad>63</gpxtpx:cad>
     </gpxtpx:TrackPointExtension>
    </extensions>
   </trkpt>
   <trkpt lat="47.8500780" lon="13.7735840">
    <ele>479.6</ele>
    <time>2026-03-07T12:50:59Z</time>
    <extensions>
     <gpxtpx:TrackPointExtension>
      <gpxtpx:hr>96</gpxtpx:hr>
      <gpxtpx:cad>64</gpxtpx:cad>
     </gpxtpx:TrackPointExtension>
    </extensions>
   </trkpt>
   <trkpt lat="47.8500910" lon="13.7735180">
    <ele>479.2</ele>
    <time>2026-03-07T12:51:02Z</time>
    <extensions>
     <gpxtpx:TrackPointExtension>
      <gpxtpx:hr>97</gpxtpx:hr>
      <gpxtpx:cad>65</gpxtpx:cad>
     </gpxtpx:TrackPointExtension>
    </extensions>
   </trkpt>
   <trkpt lat="47.8501250" lon="13.7733650">
    <ele>478.6</ele>
    <time>2026-03-07T12:51:10Z</time>
    <extensions>
     <gpxtpx:TrackPointExtension>
      <gpxtpx:hr>97</gpxtpx:hr>
      <gpxtpx:cad>64</gpxtpx:cad>
     </gpxtpx:TrackPointExtension>
    </extensions>
   </trkpt>
   <trkpt lat="47.8501330" lon="13.7733050">
    <ele>478.0</ele>
    <time>2026-03-07T12:51:13Z</time>
    <extensions>
     <gpxtpx:TrackPointExtension>
      <gpxtpx:hr>94</gpxtpx:hr>
      <gpxtpx:cad>63</gpxtpx:cad>
     </gpxtpx:TrackPointExtension>
    </extensions>
   </trkpt>
   <trkpt lat="47.8501480" lon="13.7731860">
    <ele>477.4</ele>
    <time>2026-03-07T12:51:19Z</time>
    <extensions>
     <gpxtpx:TrackPointExtension>
      <gpxtpx:hr>94</gpxtpx:hr>
      <gpxtpx:cad>64</gpxtpx:cad>
     </gpxtpx:TrackPointExtension>
    </extensions>
   </trkpt>
   <trkpt lat="47.8501720" lon="13.7730480">
    <ele>476.4</ele>
    <time>2026-03-07T12:51:26Z</time>
    <extensions>
     <gpxtpx:TrackPointExtension>
      <gpxtpx:hr>94</gpxtpx:hr>
      <gpxtpx:cad>64</gpxtpx:cad>
     </gpxtpx:TrackPointExtension>
    </extensions>
   </trkpt>
   <trkpt lat="47.8501810" lon="13.7730060">
    <ele>476.0</ele>
    <time>2026-03-07T12:51:28Z</time>
    <extensions>
     <gpxtpx:TrackPointExtension>
      <gpxtpx:hr>94</gpxtpx:hr>
      <gpxtpx:cad>64</gpxtpx:cad>
     </gpxtpx:TrackPointExtension>
    </extensions>
   </trkpt>
   <trkpt lat="47.8501970" lon="13.7728540">
    <ele>475.2</ele>
    <time>2026-03-07T12:51:35Z</time>
    <extensions>
     <gpxtpx:TrackPointExtension>
      <gpxtpx:hr>94</gpxtpx:hr>
      <gpxtpx:cad>65</gpxtpx:cad>
     </gpxtpx:TrackPointExtension>
    </extensions>
   </trkpt>
   <trkpt lat="47.8502020" lon="13.7728130">
    <ele>475.0</ele>
    <time>2026-03-07T12:51:37Z</time>
    <extensions>
     <gpxtpx:TrackPointExtension>
      <gpxtpx:hr>93</gpxtpx:hr>
      <gpxtpx:cad>64</gpxtpx:cad>
     </gpxtpx:TrackPointExtension>
    </extensions>
   </trkpt>
   <trkpt lat="47.8502130" lon="13.7727230">
    <ele>474.2</ele>
    <time>2026-03-07T12:51:42Z</time>
    <extensions>
     <gpxtpx:TrackPointExtension>
      <gpxtpx:hr>95</gpxtpx:hr>
      <gpxtpx:cad>62</gpxtpx:cad>
     </gpxtpx:TrackPointExtension>
    </extensions>
   </trkpt>
   <trkpt lat="47.8502180" lon="13.7726860">
    <ele>474.0</ele>
    <time>2026-03-07T12:51:44Z</time>
    <extensions>
     <gpxtpx:TrackPointExtension>
      <gpxtpx:hr>97</gpxtpx:hr>
      <gpxtpx:cad>62</gpxtpx:cad>
     </gpxtpx:TrackPointExtension>
    </extensions>
   </trkpt>
   <trkpt lat="47.8502490" lon="13.7725700">
    <ele>473.2</ele>
    <time>2026-03-07T12:51:51Z</time>
    <extensions>
     <gpxtpx:TrackPointExtension>
      <gpxtpx:hr>95</gpxtpx:hr>
      <gpxtpx:cad>62</gpxtpx:cad>
     </gpxtpx:TrackPointExtension>
    </extensions>
   </trkpt>
   <trkpt lat="47.8502600" lon="13.7725430">
    <ele>472.8</ele>
    <time>2026-03-07T12:51:53Z</time>
    <extensions>
     <gpxtpx:TrackPointExtension>
      <gpxtpx:hr>95</gpxtpx:hr>
      <gpxtpx:cad>64</gpxtpx:cad>
     </gpxtpx:TrackPointExtension>
    </extensions>
   </trkpt>
   <trkpt lat="47.8503030" lon="13.7724960">
    <ele>471.8</ele>
    <time>2026-03-07T12:51:59Z</time>
    <extensions>
     <gpxtpx:TrackPointExtension>
      <gpxtpx:hr>95</gpxtpx:hr>
      <gpxtpx:cad>64</gpxtpx:cad>
     </gpxtpx:TrackPointExtension>
    </extensions>
   </trkpt>
   <trkpt lat="47.8503190" lon="13.7724930">
    <ele>471.6</ele>
    <time>2026-03-07T12:52:01Z</time>
    <extensions>
     <gpxtpx:TrackPointExtension>
      <gpxtpx:hr>95</gpxtpx:hr>
      <gpxtpx:cad>64</gpxtpx:cad>
     </gpxtpx:TrackPointExtension>
    </extensions>
   </trkpt>
   <trkpt lat="47.8504190" lon="13.7725200">
    <ele>471.0</ele>
    <time>2026-03-07T12:52:09Z</time>
    <extensions>
     <gpxtpx:TrackPointExtension>
      <gpxtpx:hr>97</gpxtpx:hr>
      <gpxtpx:cad>62</gpxtpx:cad>
     </gpxtpx:TrackPointExtension>
    </extensions>
   </trkpt>
   <trkpt lat="47.8504490" lon="13.7725330">
    <ele>470.8</ele>
    <time>2026-03-07T12:52:11Z</time>
    <extensions>
     <gpxtpx:TrackPointExtension>
      <gpxtpx:hr>97</gpxtpx:hr>
      <gpxtpx:cad>62</gpxtpx:cad>
     </gpxtpx:TrackPointExtension>
    </extensions>
   </trkpt>
   <trkpt lat="47.8505540" lon="13.7725680">
    <ele>470.4</ele>
    <time>2026-03-07T12:52:18Z</time>
    <extensions>
     <gpxtpx:TrackPointExtension>
      <gpxtpx:hr>97</gpxtpx:hr>
      <gpxtpx:cad>63</gpxtpx:cad>
     </gpxtpx:TrackPointExtension>
    </extensions>
   </trkpt>
   <trkpt lat="47.8506860" lon="13.7725380">
    <ele>470.4</ele>
    <time>2026-03-07T12:52:27Z</time>
    <extensions>
     <gpxtpx:TrackPointExtension>
      <gpxtpx:hr>96</gpxtpx:hr>
      <gpxtpx:cad>63</gpxtpx:cad>
     </gpxtpx:TrackPointExtension>
    </extensions>
   </trkpt>
   <trkpt lat="47.8507460" lon="13.7724800">
    <ele>470.2</ele>
    <time>2026-03-07T12:52:32Z</time>
    <extensions>
     <gpxtpx:TrackPointExtension>
      <gpxtpx:hr>92</gpxtpx:hr>
      <gpxtpx:cad>63</gpxtpx:cad>
     </gpxtpx:TrackPointExtension>
    </extensions>
   </trkpt>
   <trkpt lat="47.8507670" lon="13.7724440">
    <ele>470.0</ele>
    <time>2026-03-07T12:52:34Z</time>
    <extensions>
     <gpxtpx:TrackPointExtension>
      <gpxtpx:hr>90</gpxtpx:hr>
      <gpxtpx:cad>63</gpxtpx:cad>
     </gpxtpx:TrackPointExtension>
    </extensions>
   </trkpt>
   <trkpt lat="47.8508200" lon="13.7723360">
    <ele>469.8</ele>
    <time>2026-03-07T12:52:40Z</time>
    <extensions>
     <gpxtpx:TrackPointExtension>
      <gpxtpx:hr>90</gpxtpx:hr>
      <gpxtpx:cad>63</gpxtpx:cad>
     </gpxtpx:TrackPointExtension>
    </extensions>
   </trkpt>
   <trkpt lat="47.8509150" lon="13.7722490">
    <ele>469.2</ele>
    <time>2026-03-07T12:52:49Z</time>
    <extensions>
     <gpxtpx:TrackPointExtension>
      <gpxtpx:hr>90</gpxtpx:hr>
      <gpxtpx:cad>63</gpxtpx:cad>
     </gpxtpx:TrackPointExtension>
    </extensions>
   </trkpt>
   <trkpt lat="47.8509620" lon="13.7722990">
    <ele>468.8</ele>
    <time>2026-03-07T12:52:54Z</time>
    <extensions>
     <gpxtpx:TrackPointExtension>
      <gpxtpx:hr>90</gpxtpx:hr>
      <gpxtpx:cad>63</gpxtpx:cad>
     </gpxtpx:TrackPointExtension>
    </extensions>
   </trkpt>
   <trkpt lat="47.8509740" lon="13.7723250">
    <ele>468.6</ele>
    <time>2026-03-07T12:52:56Z</time>
    <extensions>
     <gpxtpx:TrackPointExtension>
      <gpxtpx:hr>90</gpxtpx:hr>
      <gpxtpx:cad>64</gpxtpx:cad>
     </gpxtpx:TrackPointExtension>
    </extensions>
   </trkpt>
   <trkpt lat="47.8509770" lon="13.7724330">
    <ele>468.4</ele>
    <time>2026-03-07T12:53:02Z</time>
    <extensions>
     <gpxtpx:TrackPointExtension>
      <gpxtpx:hr>92</gpxtpx:hr>
      <gpxtpx:cad>62</gpxtpx:cad>
     </gpxtpx:TrackPointExtension>
    </extensions>
   </trkpt>
   <trkpt lat="47.8509580" lon="13.7724980">
    <ele>467.8</ele>
    <time>2026-03-07T12:53:06Z</time>
    <extensions>
     <gpxtpx:TrackPointExtension>
      <gpxtpx:hr>91</gpxtpx:hr>
      <gpxtpx:cad>64</gpxtpx:cad>
     </gpxtpx:TrackPointExtension>
    </extensions>
   </trkpt>
   <trkpt lat="47.8509400" lon="13.7725410">
    <ele>467.4</ele>
    <time>2026-03-07T12:53:09Z</time>
    <extensions>
     <gpxtpx:TrackPointExtension>
      <gpxtpx:hr>92</gpxtpx:hr>
      <gpxtpx:cad>62</gpxtpx:cad>
     </gpxtpx:TrackPointExtension>
    </extensions>
   </trkpt>
   <trkpt lat="47.8509280" lon="13.7725580">
    <ele>467.4</ele>
    <time>2026-03-07T12:53:14Z</time>
    <extensions>
     <gpxtpx:TrackPointExtension>
      <gpxtpx:hr>91</gpxtpx:hr>
      <gpxtpx:cad>0</gpxtpx:cad>
     </gpxtpx:TrackPointExtension>
    </extensions>
   </trkpt>
   <trkpt lat="47.8508870" lon="13.7726400">
    <ele>467.2</ele>
    <time>2026-03-07T12:53:19Z</time>
    <extensions>
     <gpxtpx:TrackPointExtension>
      <gpxtpx:hr>93</gpxtpx:hr>
      <gpxtpx:cad>0</gpxtpx:cad>
     </gpxtpx:TrackPointExtension>
    </extensions>
   </trkpt>
   <trkpt lat="47.8508470" lon="13.7727080">
    <ele>466.6</ele>
    <time>2026-03-07T12:53:23Z</time>
    <extensions>
     <gpxtpx:TrackPointExtension>
      <gpxtpx:hr>94</gpxtpx:hr>
      <gpxtpx:cad>63</gpxtpx:cad>
     </gpxtpx:TrackPointExtension>
    </extensions>
   </trkpt>
   <trkpt lat="47.8508070" lon="13.7727900">
    <ele>465.8</ele>
    <time>2026-03-07T12:53:28Z</time>
    <extensions>
     <gpxtpx:TrackPointExtension>
      <gpxtpx:hr>93</gpxtpx:hr>
      <gpxtpx:cad>64</gpxtpx:cad>
     </gpxtpx:TrackPointExtension>
    </extensions>
   </trkpt>
   <trkpt lat="47.8508000" lon="13.7728070">
    <ele>465.6</ele>
    <time>2026-03-07T12:53:29Z</time>
    <extensions>
     <gpxtpx:TrackPointExtension>
      <gpxtpx:hr>93</gpxtpx:hr>
      <gpxtpx:cad>64</gpxtpx:cad>
     </gpxtpx:TrackPointExtension>
    </extensions>
   </trkpt>
   <trkpt lat="47.8507630" lon="13.7729210">
    <ele>465.0</ele>
    <time>2026-03-07T12:53:36Z</time>
    <extensions>
     <gpxtpx:TrackPointExtension>
      <gpxtpx:hr>96</gpxtpx:hr>
      <gpxtpx:cad>63</gpxtpx:cad>
     </gpxtpx:TrackPointExtension>
    </extensions>
   </trkpt>
   <trkpt lat="47.8507470" lon="13.7729800">
    <ele>464.6</ele>
    <time>2026-03-07T12:53:39Z</time>
    <extensions>
     <gpxtpx:TrackPointExtension>
      <gpxtpx:hr>96</gpxtpx:hr>
      <gpxtpx:cad>62</gpxtpx:cad>
     </gpxtpx:TrackPointExtension>
    </extensions>
   </trkpt>
   <trkpt lat="47.8507380" lon="13.7730230">
    <ele>464.2</ele>
    <time>2026-03-07T12:53:41Z</time>
    <extensions>
     <gpxtpx:TrackPointExtension>
      <gpxtpx:hr>95</gpxtpx:hr>
      <gpxtpx:cad>62</gpxtpx:cad>
     </gpxtpx:TrackPointExtension>
    </extensions>
   </trkpt>
   <trkpt lat="47.8507300" lon="13.7731450">
    <ele>463.6</ele>
    <time>2026-03-07T12:53:48Z</time>
    <extensions>
     <gpxtpx:TrackPointExtension>
      <gpxtpx:hr>95</gpxtpx:hr>
      <gpxtpx:cad>62</gpxtpx:cad>
     </gpxtpx:TrackPointExtension>
    </extensions>
   </trkpt>
   <trkpt lat="47.8507320" lon="13.7731560">
    <ele>463.6</ele>
    <time>2026-03-07T12:53:51Z</time>
    <extensions>
     <gpxtpx:TrackPointExtension>
      <gpxtpx:hr>95</gpxtpx:hr>
      <gpxtpx:cad>0</gpxtpx:cad>
     </gpxtpx:TrackPointExtension>
    </extensions>
   </trkpt>
   <trkpt lat="47.8507240" lon="13.7731920">
    <ele>463.4</ele>
    <time>2026-03-07T12:53:56Z</time>
    <extensions>
     <gpxtpx:TrackPointExtension>
      <gpxtpx:hr>93</gpxtpx:hr>
      <gpxtpx:cad>0</gpxtpx:cad>
     </gpxtpx:TrackPointExtension>
    </extensions>
   </trkpt>
   <trkpt lat="47.8507340" lon="13.7733600">
    <ele>462.4</ele>
    <time>2026-03-07T12:54:04Z</time>
    <extensions>
     <gpxtpx:TrackPointExtension>
      <gpxtpx:hr>93</gpxtpx:hr>
      <gpxtpx:cad>67</gpxtpx:cad>
     </gpxtpx:TrackPointExtension>
    </extensions>
   </trkpt>
   <trkpt lat="47.8507680" lon="13.7735000">
    <ele>461.4</ele>
    <time>2026-03-07T12:54:11Z</time>
    <extensions>
     <gpxtpx:TrackPointExtension>
      <gpxtpx:hr>93</gpxtpx:hr>
      <gpxtpx:cad>66</gpxtpx:cad>
     </gpxtpx:TrackPointExtension>
    </extensions>
   </trkpt>
   <trkpt lat="47.8507900" lon="13.7736490">
    <ele>460.2</ele>
    <time>2026-03-07T12:54:19Z</time>
    <extensions>
     <gpxtpx:TrackPointExtension>
      <gpxtpx:hr>91</gpxtpx:hr>
      <gpxtpx:cad>63</gpxtpx:cad>
     </gpxtpx:TrackPointExtension>
    </extensions>
   </trkpt>
   <trkpt lat="47.8507920" lon="13.7736700">
    <ele>460.2</ele>
    <time>2026-03-07T12:54:20Z</time>
    <extensions>
     <gpxtpx:TrackPointExtension>
      <gpxtpx:hr>92</gpxtpx:hr>
      <gpxtpx:cad>63</gpxtpx:cad>
     </gpxtpx:TrackPointExtension>
    </extensions>
   </trkpt>
   <trkpt lat="47.8508050" lon="13.7738050">
    <ele>460.0</ele>
    <time>2026-03-07T12:54:27Z</time>
    <extensions>
     <gpxtpx:TrackPointExtension>
      <gpxtpx:hr>91</gpxtpx:hr>
      <gpxtpx:cad>61</gpxtpx:cad>
     </gpxtpx:TrackPointExtension>
    </extensions>
   </trkpt>
   <trkpt lat="47.8508100" lon="13.7739470">
    <ele>459.2</ele>
    <time>2026-03-07T12:54:35Z</time>
    <extensions>
     <gpxtpx:TrackPointExtension>
      <gpxtpx:hr>93</gpxtpx:hr>
      <gpxtpx:cad>65</gpxtpx:cad>
     </gpxtpx:TrackPointExtension>
    </extensions>
   </trkpt>
   <trkpt lat="47.8508100" lon="13.7739650">
    <ele>458.8</ele>
    <time>2026-03-07T12:54:36Z</time>
    <extensions>
     <gpxtpx:TrackPointExtension>
      <gpxtpx:hr>93</gpxtpx:hr>
      <gpxtpx:cad>64</gpxtpx:cad>
     </gpxtpx:TrackPointExtension>
    </extensions>
   </trkpt>
   <trkpt lat="47.8508090" lon="13.7740010">
    <ele>458.0</ele>
    <time>2026-03-07T12:54:38Z</time>
    <extensions>
     <gpxtpx:TrackPointExtension>
      <gpxtpx:hr>93</gpxtpx:hr>
      <gpxtpx:cad>63</gpxtpx:cad>
     </gpxtpx:TrackPointExtension>
    </extensions>
   </trkpt>
   <trkpt lat="47.8508090" lon="13.7741120">
    <ele>457.4</ele>
    <time>2026-03-07T12:54:44Z</time>
    <extensions>
     <gpxtpx:TrackPointExtension>
      <gpxtpx:hr>91</gpxtpx:hr>
      <gpxtpx:cad>63</gpxtpx:cad>
     </gpxtpx:TrackPointExtension>
    </extensions>
   </trkpt>
   <trkpt lat="47.8508080" lon="13.7741720">
    <ele>456.8</ele>
    <time>2026-03-07T12:54:47Z</time>
    <extensions>
     <gpxtpx:TrackPointExtension>
      <gpxtpx:hr>92</gpxtpx:hr>
      <gpxtpx:cad>63</gpxtpx:cad>
     </gpxtpx:TrackPointExtension>
    </extensions>
   </trkpt>
   <trkpt lat="47.8508110" lon="13.7743200">
    <ele>456.0</ele>
    <time>2026-03-07T12:54:54Z</time>
    <extensions>
     <gpxtpx:TrackPointExtension>
      <gpxtpx:hr>91</gpxtpx:hr>
      <gpxtpx:cad>63</gpxtpx:cad>
     </gpxtpx:TrackPointExtension>
    </extensions>
   </trkpt>
   <trkpt lat="47.8508140" lon="13.7743600">
    <ele>455.8</ele>
    <time>2026-03-07T12:54:56Z</time>
    <extensions>
     <gpxtpx:TrackPointExtension>
      <gpxtpx:hr>91</gpxtpx:hr>
      <gpxtpx:cad>62</gpxtpx:cad>
     </gpxtpx:TrackPointExtension>
    </extensions>
   </trkpt>
   <trkpt lat="47.8508390" lon="13.7745060">
    <ele>454.8</ele>
    <time>2026-03-07T12:55:03Z</time>
    <extensions>
     <gpxtpx:TrackPointExtension>
      <gpxtpx:hr>90</gpxtpx:hr>
      <gpxtpx:cad>63</gpxtpx:cad>
     </gpxtpx:TrackPointExtension>
    </extensions>
   </trkpt>
   <trkpt lat="47.8508440" lon="13.7745250">
    <ele>454.8</ele>
    <time>2026-03-07T12:55:04Z</time>
    <extensions>
     <gpxtpx:TrackPointExtension>
      <gpxtpx:hr>90</gpxtpx:hr>
      <gpxtpx:cad>63</gpxtpx:cad>
     </gpxtpx:TrackPointExtension>
    </extensions>
   </trkpt>
   <trkpt lat="47.8508680" lon="13.7746390">
    <ele>454.0</ele>
    <time>2026-03-07T12:55:10Z</time>
    <extensions>
     <gpxtpx:TrackPointExtension>
      <gpxtpx:hr>91</gpxtpx:hr>
      <gpxtpx:cad>62</gpxtpx:cad>
     </gpxtpx:TrackPointExtension>
    </extensions>
   </trkpt>
   <trkpt lat="47.8508770" lon="13.7746780">
    <ele>453.8</ele>
    <time>2026-03-07T12:55:12Z</time>
    <extensions>
     <gpxtpx:TrackPointExtension>
      <gpxtpx:hr>91</gpxtpx:hr>
      <gpxtpx:cad>62</gpxtpx:cad>
     </gpxtpx:TrackPointExtension>
    </extensions>
   </trkpt>
   <trkpt lat="47.8509000" lon="13.7747880">
    <ele>452.8</ele>
    <time>2026-03-07T12:55:18Z</time>
    <extensions>
     <gpxtpx:TrackPointExtension>
      <gpxtpx:hr>92</gpxtpx:hr>
      <gpxtpx:cad>63</gpxtpx:cad>
     </gpxtpx:TrackPointExtension>
    </extensions>
   </trkpt>
   <trkpt lat="47.8509030" lon="13.7748060">
    <ele>452.6</ele>
    <time>2026-03-07T12:55:19Z</time>
    <extensions>
     <gpxtpx:TrackPointExtension>
      <gpxtpx:hr>92</gpxtpx:hr>
      <gpxtpx:cad>63</gpxtpx:cad>
     </gpxtpx:TrackPointExtension>
    </extensions>
   </trkpt>
   <trkpt lat="47.8509170" lon="13.7748910">
    <ele>451.8</ele>
    <time>2026-03-07T12:55:24Z</time>
    <extensions>
     <gpxtpx:TrackPointExtension>
      <gpxtpx:hr>93</gpxtpx:hr>
      <gpxtpx:cad>64</gpxtpx:cad>
     </gpxtpx:TrackPointExtension>
    </extensions>
   </trkpt>
   <trkpt lat="47.8509180" lon="13.7749080">
    <ele>451.6</ele>
    <time>2026-03-07T12:55:25Z</time>
    <extensions>
     <gpxtpx:TrackPointExtension>
      <gpxtpx:hr>93</gpxtpx:hr>
      <gpxtpx:cad>64</gpxtpx:cad>
     </gpxtpx:TrackPointExtension>
    </extensions>
   </trkpt>
   <trkpt lat="47.8509240" lon="13.7750390">
    <ele>450.8</ele>
    <time>2026-03-07T12:55:32Z</time>
    <extensions>
     <gpxtpx:TrackPointExtension>
      <gpxtpx:hr>92</gpxtpx:hr>
      <gpxtpx:cad>63</gpxtpx:cad>
     </gpxtpx:TrackPointExtension>
    </extensions>
   </trkpt>
   <trkpt lat="47.8509240" lon="13.7750560">
    <ele>450.4</ele>
    <time>2026-03-07T12:55:33Z</time>
    <extensions>
     <gpxtpx:TrackPointExtension>
      <gpxtpx:hr>92</gpxtpx:hr>
      <gpxtpx:cad>63</gpxtpx:cad>
     </gpxtpx:TrackPointExtension>
    </extensions>
   </trkpt>
   <trkpt lat="47.8509220" lon="13.7751590">
    <ele>449.4</ele>
    <time>2026-03-07T12:55:40Z</time>
    <extensions>
     <gpxtpx:TrackPointExtension>
      <gpxtpx:hr>92</gpxtpx:hr>
      <gpxtpx:cad>65</gpxtpx:cad>
     </gpxtpx:TrackPointExtension>
    </extensions>
   </trkpt>
   <trkpt lat="47.8509410" lon="13.7753520">
    <ele>448.6</ele>
    <time>2026-03-07T12:55:48Z</time>
    <extensions>
     <gpxtpx:TrackPointExtension>
      <gpxtpx:hr>90</gpxtpx:hr>
      <gpxtpx:cad>63</gpxtpx:cad>
     </gpxtpx:TrackPointExtension>
    </extensions>
   </trkpt>
   <trkpt lat="47.8509480" lon="13.7754320">
    <ele>448.4</ele>
    <time>2026-03-07T12:55:51Z</time>
    <extensions>
     <gpxtpx:TrackPointExtension>
      <gpxtpx:hr>91</gpxtpx:hr>
      <gpxtpx:cad>63</gpxtpx:cad>
     </gpxtpx:TrackPointExtension>
    </extensions>
   </trkpt>
   <trkpt lat="47.8509520" lon="13.7754940">
    <ele>448.2</ele>
    <time>2026-03-07T12:55:54Z</time>
    <extensions>
     <gpxtpx:TrackPointExtension>
      <gpxtpx:hr>90</gpxtpx:hr>
      <gpxtpx:cad>63</gpxtpx:cad>
     </gpxtpx:TrackPointExtension>
    </extensions>
   </trkpt>
   <trkpt lat="47.8509600" lon="13.7756450">
    <ele>447.6</ele>
    <time>2026-03-07T12:56:02Z</time>
    <extensions>
     <gpxtpx:TrackPointExtension>
      <gpxtpx:hr>89</gpxtpx:hr>
      <gpxtpx:cad>63</gpxtpx:cad>
     </gpxtpx:TrackPointExtension>
    </extensions>
   </trkpt>
   <trkpt lat="47.8509690" lon="13.7757260">
    <ele>447.4</ele>
    <time>2026-03-07T12:56:06Z</time>
    <extensions>
     <gpxtpx:TrackPointExtension>
      <gpxtpx:hr>89</gpxtpx:hr>
      <gpxtpx:cad>63</gpxtpx:cad>
     </gpxtpx:TrackPointExtension>
    </extensions>
   </trkpt>
   <trkpt lat="47.8509870" lon="13.7758690">
    <ele>447.0</ele>
    <time>2026-03-07T12:56:13Z</time>
    <extensions>
     <gpxtpx:TrackPointExtension>
      <gpxtpx:hr>90</gpxtpx:hr>
      <gpxtpx:cad>62</gpxtpx:cad>
     </gpxtpx:TrackPointExtension>
    </extensions>
   </trkpt>
   <trkpt lat="47.8510040" lon="13.7759730">
    <ele>446.4</ele>
    <time>2026-03-07T12:56:18Z</time>
    <extensions>
     <gpxtpx:TrackPointExtension>
      <gpxtpx:hr>90</gpxtpx:hr>
      <gpxtpx:cad>62</gpxtpx:cad>
     </gpxtpx:TrackPointExtension>
    </extensions>
   </trkpt>
   <trkpt lat="47.8510140" lon="13.7760310">
    <ele>446.0</ele>
    <time>2026-03-07T12:56:21Z</time>
    <extensions>
     <gpxtpx:TrackPointExtension>
      <gpxtpx:hr>90</gpxtpx:hr>
      <gpxtpx:cad>64</gpxtpx:cad>
     </gpxtpx:TrackPointExtension>
    </extensions>
   </trkpt>
   <trkpt lat="47.8510210" lon="13.7761390">
    <ele>445.4</ele>
    <time>2026-03-07T12:56:26Z</time>
    <extensions>
     <gpxtpx:TrackPointExtension>
      <gpxtpx:hr>93</gpxtpx:hr>
      <gpxtpx:cad>64</gpxtpx:cad>
     </gpxtpx:TrackPointExtension>
    </extensions>
   </trkpt>
   <trkpt lat="47.8510220" lon="13.7761600">
    <ele>445.2</ele>
    <time>2026-03-07T12:56:27Z</time>
    <extensions>
     <gpxtpx:TrackPointExtension>
      <gpxtpx:hr>93</gpxtpx:hr>
      <gpxtpx:cad>64</gpxtpx:cad>
     </gpxtpx:TrackPointExtension>
    </extensions>
   </trkpt>
   <trkpt lat="47.8510220" lon="13.7762120">
    <ele>444.6</ele>
    <time>2026-03-07T12:56:30Z</time>
    <extensions>
     <gpxtpx:TrackPointExtension>
      <gpxtpx:hr>94</gpxtpx:hr>
      <gpxtpx:cad>63</gpxtpx:cad>
     </gpxtpx:TrackPointExtension>
    </extensions>
   </trkpt>
   <trkpt lat="47.8510220" lon="13.7762490">
    <ele>444.2</ele>
    <time>2026-03-07T12:56:32Z</time>
    <extensions>
     <gpxtpx:TrackPointExtension>
      <gpxtpx:hr>94</gpxtpx:hr>
      <gpxtpx:cad>63</gpxtpx:cad>
     </gpxtpx:TrackPointExtension>
    </extensions>
   </trkpt>
   <trkpt lat="47.8510270" lon="13.7763840">
    <ele>443.4</ele>
    <time>2026-03-07T12:56:39Z</time>
    <extensions>
     <gpxtpx:TrackPointExtension>
      <gpxtpx:hr>94</gpxtpx:hr>
      <gpxtpx:cad>63</gpxtpx:cad>
     </gpxtpx:TrackPointExtension>
    </extensions>
   </trkpt>
   <trkpt lat="47.8510280" lon="13.7764070">
    <ele>443.2</ele>
    <time>2026-03-07T12:56:40Z</time>
    <extensions>
     <gpxtpx:TrackPointExtension>
      <gpxtpx:hr>94</gpxtpx:hr>
      <gpxtpx:cad>63</gpxtpx:cad>
     </gpxtpx:TrackPointExtension>
    </extensions>
   </trkpt>
   <trkpt lat="47.8510390" lon="13.7765150">
    <ele>443.0</ele>
    <time>2026-03-07T12:56:46Z</time>
    <extensions>
     <gpxtpx:TrackPointExtension>
      <gpxtpx:hr>94</gpxtpx:hr>
      <gpxtpx:cad>0</gpxtpx:cad>
     </gpxtpx:TrackPointExtension>
    </extensions>
   </trkpt>
   <trkpt lat="47.8510530" lon="13.7766050">
    <ele>442.0</ele>
    <time>2026-03-07T12:56:51Z</time>
    <extensions>
     <gpxtpx:TrackPointExtension>
      <gpxtpx:hr>91</gpxtpx:hr>
      <gpxtpx:cad>0</gpxtpx:cad>
     </gpxtpx:TrackPointExtension>
    </extensions>
   </trkpt>
   <trkpt lat="47.8510540" lon="13.7766250">
    <ele>441.6</ele>
    <time>2026-03-07T12:56:52Z</time>
    <extensions>
     <gpxtpx:TrackPointExtension>
      <gpxtpx:hr>91</gpxtpx:hr>
      <gpxtpx:cad>0</gpxtpx:cad>
     </gpxtpx:TrackPointExtension>
    </extensions>
   </trkpt>
   <trkpt lat="47.8510610" lon="13.7766880">
    <ele>440.8</ele>
    <time>2026-03-07T12:56:55Z</time>
    <extensions>
     <gpxtpx:TrackPointExtension>
      <gpxtpx:hr>91</gpxtpx:hr>
      <gpxtpx:cad>63</gpxtpx:cad>
     </gpxtpx:TrackPointExtension>
    </extensions>
   </trkpt>
   <trkpt lat="47.8510760" lon="13.7768300">
    <ele>440.0</ele>
    <time>2026-03-07T12:57:02Z</time>
    <extensions>
     <gpxtpx:TrackPointExtension>
      <gpxtpx:hr>90</gpxtpx:hr>
      <gpxtpx:cad>64</gpxtpx:cad>
     </gpxtpx:TrackPointExtension>
    </extensions>
   </trkpt>
   <trkpt lat="47.8510810" lon="13.7768680">
    <ele>439.8</ele>
    <time>2026-03-07T12:57:04Z</time>
    <extensions>
     <gpxtpx:TrackPointExtension>
      <gpxtpx:hr>89</gpxtpx:hr>
      <gpxtpx:cad>63</gpxtpx:cad>
     </gpxtpx:TrackPointExtension>
    </extensions>
   </trkpt>
   <trkpt lat="47.8511110" lon="13.7770340">
    <ele>439.0</ele>
    <time>2026-03-07T12:57:12Z</time>
    <extensions>
     <gpxtpx:TrackPointExtension>
      <gpxtpx:hr>89</gpxtpx:hr>
      <gpxtpx:cad>62</gpxtpx:cad>
     </gpxtpx:TrackPointExtension>
    </extensions>
   </trkpt>
   <trkpt lat="47.8511170" lon="13.7770630">
    <ele>438.8</ele>
    <time>2026-03-07T12:57:14Z</time>
    <extensions>
     <gpxtpx:TrackPointExtension>
      <gpxtpx:hr>88</gpxtpx:hr>
      <gpxtpx:cad>64</gpxtpx:cad>
     </gpxtpx:TrackPointExtension>
    </extensions>
   </trkpt>
   <trkpt lat="47.8511360" lon="13.7771230">
    <ele>438.6</ele>
    <time>2026-03-07T12:57:18Z</time>
    <extensions>
     <gpxtpx:TrackPointExtension>
      <gpxtpx:hr>88</gpxtpx:hr>
      <gpxtpx:cad>61</gpxtpx:cad>
     </gpxtpx:TrackPointExtension>
    </extensions>
   </trkpt>
   <trkpt lat="47.8511970" lon="13.7771830">
    <ele>438.2</ele>
    <time>2026-03-07T12:57:24Z</time>
    <extensions>
     <gpxtpx:TrackPointExtension>
      <gpxtpx:hr>88</gpxtpx:hr>
      <gpxtpx:cad>68</gpxtpx:cad>
     </gpxtpx:TrackPointExtension>
    </extensions>
   </trkpt>
   <trkpt lat="47.8512840" lon="13.7771840">
    <ele>438.4</ele>
    <time>2026-03-07T12:57:31Z</time>
    <extensions>
     <gpxtpx:TrackPointExtension>
      <gpxtpx:hr>89</gpxtpx:hr>
      <gpxtpx:cad>65</gpxtpx:cad>
     </gpxtpx:TrackPointExtension>
    </extensions>
   </trkpt>
   <trkpt lat="47.8514280" lon="13.7772100">
    <ele>437.8</ele>
    <time>2026-03-07T12:57:40Z</time>
    <extensions>
     <gpxtpx:TrackPointExtension>
      <gpxtpx:hr>89</gpxtpx:hr>
      <gpxtpx:cad>65</gpxtpx:cad>
     </gpxtpx:TrackPointExtension>
    </extensions>
   </trkpt>
   <trkpt lat="47.8514440" lon="13.7772120">
    <ele>437.6</ele>
    <time>2026-03-07T12:57:41Z</time>
    <extensions>
     <gpxtpx:TrackPointExtension>
      <gpxtpx:hr>89</gpxtpx:hr>
      <gpxtpx:cad>65</gpxtpx:cad>
     </gpxtpx:TrackPointExtension>
    </extensions>
   </trkpt>
   <trkpt lat="47.8515450" lon="13.7772280">
    <ele>437.2</ele>
    <time>2026-03-07T12:57:47Z</time>
    <extensions>
     <gpxtpx:TrackPointExtension>
      <gpxtpx:hr>88</gpxtpx:hr>
      <gpxtpx:cad>65</gpxtpx:cad>
     </gpxtpx:TrackPointExtension>
    </extensions>
   </trkpt>
   <trkpt lat="47.8516830" lon="13.7772650">
    <ele>436.8</ele>
    <time>2026-03-07T12:57:57Z</time>
    <extensions>
     <gpxtpx:TrackPointExtension>
      <gpxtpx:hr>86</gpxtpx:hr>
      <gpxtpx:cad>65</gpxtpx:cad>
     </gpxtpx:TrackPointExtension>
    </extensions>
   </trkpt>
   <trkpt lat="47.8517180" lon="13.7772760">
    <ele>436.6</ele>
    <time>2026-03-07T12:58:00Z</time>
    <extensions>
     <gpxtpx:TrackPointExtension>
      <gpxtpx:hr>87</gpxtpx:hr>
      <gpxtpx:cad>65</gpxtpx:cad>
     </gpxtpx:TrackPointExtension>
    </extensions>
   </trkpt>
   <trkpt lat="47.8517530" lon="13.7772840">
    <ele>436.4</ele>
    <time>2026-03-07T12:58:03Z</time>
    <extensions>
     <gpxtpx:TrackPointExtension>
      <gpxtpx:hr>87</gpxtpx:hr>
      <gpxtpx:cad>64</gpxtpx:cad>
     </gpxtpx:TrackPointExtension>
    </extensions>
   </trkpt>
   <trkpt lat="47.8518360" lon="13.7773250">
    <ele>436.6</ele>
    <time>2026-03-07T12:58:09Z</time>
    <extensions>
     <gpxtpx:TrackPointExtension>
      <gpxtpx:hr>87</gpxtpx:hr>
      <gpxtpx:cad>61</gpxtpx:cad>
     </gpxtpx:TrackPointExtension>
    </extensions>
   </trkpt>
   <trkpt lat="47.8519500" lon="13.7774180">
    <ele>436.6</ele>
    <time>2026-03-07T12:58:18Z</time>
    <extensions>
     <gpxtpx:TrackPointExtension>
      <gpxtpx:hr>88</gpxtpx:hr>
      <gpxtpx:cad>64</gpxtpx:cad>
     </gpxtpx:TrackPointExtension>
    </extensions>
   </trkpt>
   <trkpt lat="47.8520650" lon="13.7775410">
    <ele>436.6</ele>
    <time>2026-03-07T12:58:28Z</time>
    <extensions>
     <gpxtpx:TrackPointExtension>
      <gpxtpx:hr>89</gpxtpx:hr>
      <gpxtpx:cad>65</gpxtpx:cad>
     </gpxtpx:TrackPointExtension>
    </extensions>
   </trkpt>
   <trkpt lat="47.8521110" lon="13.7775920">
    <ele>436.2</ele>
    <time>2026-03-07T12:58:32Z</time>
    <extensions>
     <gpxtpx:TrackPointExtension>
      <gpxtpx:hr>95</gpxtpx:hr>
      <gpxtpx:cad>65</gpxtpx:cad>
     </gpxtpx:TrackPointExtension>
    </extensions>
   </trkpt>
   <trkpt lat="47.8521210" lon="13.7776060">
    <ele>436.2</ele>
    <time>2026-03-07T12:58:33Z</time>
    <extensions>
     <gpxtpx:TrackPointExtension>
      <gpxtpx:hr>100</gpxtpx:hr>
      <gpxtpx:cad>65</gpxtpx:cad>
     </gpxtpx:TrackPointExtension>
    </extensions>
   </trkpt>
   <trkpt lat="47.8521410" lon="13.7776330">
    <ele>436.2</ele>
    <time>2026-03-07T12:58:35Z</time>
    <extensions>
     <gpxtpx:TrackPointExtension>
      <gpxtpx:hr>103</gpxtpx:hr>
      <gpxtpx:cad>65</gpxtpx:cad>
     </gpxtpx:TrackPointExtension>
    </extensions>
   </trkpt>
   <trkpt lat="47.8521600" lon="13.7776650">
    <ele>436.2</ele>
    <time>2026-03-07T12:58:37Z</time>
    <extensions>
     <gpxtpx:TrackPointExtension>
      <gpxtpx:hr>104</gpxtpx:hr>
      <gpxtpx:cad>65</gpxtpx:cad>
     </gpxtpx:TrackPointExtension>
    </extensions>
   </trkpt>
   <trkpt lat="47.8522500" lon="13.7778150">
    <ele>436.2</ele>
    <time>2026-03-07T12:58:47Z</time>
    <extensions>
     <gpxtpx:TrackPointExtension>
      <gpxtpx:hr>104</gpxtpx:hr>
      <gpxtpx:cad>64</gpxtpx:cad>
     </gpxtpx:TrackPointExtension>
    </extensions>
   </trkpt>
   <trkpt lat="47.8522450" lon="13.7778220">
    <ele>436.6</ele>
    <time>2026-03-07T12:58:49Z</time>
    <extensions>
     <gpxtpx:TrackPointExtension>
      <gpxtpx:hr>104</gpxtpx:hr>
      <gpxtpx:cad>64</gpxtpx:cad>
     </gpxtpx:TrackPointExtension>
    </extensions>
   </trkpt>
   <trkpt lat="47.8522390" lon="13.7778240">
    <ele>437.0</ele>
    <time>2026-03-07T12:58:51Z</time>
    <extensions>
     <gpxtpx:TrackPointExtension>
      <gpxtpx:hr>104</gpxtpx:hr>
      <gpxtpx:cad>0</gpxtpx:cad>
     </gpxtpx:TrackPointExtension>
    </extensions>
   </trkpt>
   <trkpt lat="47.8522360" lon="13.7778250">
    <ele>437.6</ele>
    <time>2026-03-07T12:58:53Z</time>
    <extensions>
     <gpxtpx:TrackPointExtension>
      <gpxtpx:hr>104</gpxtpx:hr>
      <gpxtpx:cad>0</gpxtpx:cad>
     </gpxtpx:TrackPointExtension>
    </extensions>
   </trkpt>
   <trkpt lat="47.8522360" lon="13.7778260">
    <ele>438.0</ele>
    <time>2026-03-07T12:58:59Z</time>
    <extensions>
     <gpxtpx:TrackPointExtension>
      <gpxtpx:hr>101</gpxtpx:hr>
      <gpxtpx:cad>0</gpxtpx:cad>
     </gpxtpx:TrackPointExtension>
    </extensions>
   </trkpt>
   <trkpt lat="47.8522360" lon="13.7778260">
    <ele>438.0</ele>
    <time>2026-03-07T12:59:00Z</time>
    <extensions>
     <gpxtpx:TrackPointExtension>
      <gpxtpx:hr>96</gpxtpx:hr>
      <gpxtpx:cad>0</gpxtpx:cad>
     </gpxtpx:TrackPointExtension>
    </extensions>
   </trkpt>
   <trkpt lat="47.8522360" lon="13.7778260">
    <ele>438.0</ele>
    <time>2026-03-07T12:59:01Z</time>
    <extensions>
     <gpxtpx:TrackPointExtension>
      <gpxtpx:hr>93</gpxtpx:hr>
      <gpxtpx:cad>0</gpxtpx:cad>
     </gpxtpx:TrackPointExtension>
    </extensions>
   </trkpt>
   <trkpt lat="47.8522360" lon="13.7778260">
    <ele>438.0</ele>
    <time>2026-03-07T12:59:03Z</time>
    <extensions>
     <gpxtpx:TrackPointExtension>
      <gpxtpx:hr>92</gpxtpx:hr>
      <gpxtpx:cad>0</gpxtpx:cad>
     </gpxtpx:TrackPointExtension>
    </extensions>
   </trkpt>
   <trkpt lat="47.8522610" lon="13.7778540">
    <ele>436.2</ele>
    <time>2026-03-07T12:59:12Z</time>
    <extensions>
     <gpxtpx:TrackPointExtension>
      <gpxtpx:hr>90</gpxtpx:hr>
      <gpxtpx:cad>0</gpxtpx:cad>
     </gpxtpx:TrackPointExtension>
    </extensions>
   </trkpt>
   <trkpt lat="47.8522700" lon="13.7778700">
    <ele>436.0</ele>
    <time>2026-03-07T12:59:13Z</time>
    <extensions>
     <gpxtpx:TrackPointExtension>
      <gpxtpx:hr>89</gpxtpx:hr>
      <gpxtpx:cad>0</gpxtpx:cad>
     </gpxtpx:TrackPointExtension>
    </extensions>
   </trkpt>
   <trkpt lat="47.8523110" lon="13.7779520">
    <ele>435.6</ele>
    <time>2026-03-07T12:59:18Z</time>
    <extensions>
     <gpxtpx:TrackPointExtension>
      <gpxtpx:hr>92</gpxtpx:hr>
      <gpxtpx:cad>62</gpxtpx:cad>
     </gpxtpx:TrackPointExtension>
    </extensions>
   </trkpt>
   <trkpt lat="47.8523930" lon="13.7781800">
    <ele>435.6</ele>
    <time>2026-03-07T12:59:30Z</time>
    <extensions>
     <gpxtpx:TrackPointExtension>
      <gpxtpx:hr>93</gpxtpx:hr>
      <gpxtpx:cad>64</gpxtpx:cad>
     </gpxtpx:TrackPointExtension>
    </extensions>
   </trkpt>
   <trkpt lat="47.8524350" lon="13.7782650">
    <ele>435.4</ele>
    <time>2026-03-07T12:59:35Z</time>
    <extensions>
     <gpxtpx:TrackPointExtension>
      <gpxtpx:hr>97</gpxtpx:hr>
      <gpxtpx:cad>62</gpxtpx:cad>
     </gpxtpx:TrackPointExtension>
    </extensions>
   </trkpt>
   <trkpt lat="47.8524670" lon="13.7783290">
    <ele>435.4</ele>
    <time>2026-03-07T12:59:39Z</time>
    <extensions>
     <gpxtpx:TrackPointExtension>
      <gpxtpx:hr>97</gpxtpx:hr>
      <gpxtpx:cad>64</gpxtpx:cad>
     </gpxtpx:TrackPointExtension>
    </extensions>
   </trkpt>
   <trkpt lat="47.8525520" lon="13.7784630">
    <ele>435.4</ele>
    <time>2026-03-07T12:59:48Z</time>
    <extensions>
     <gpxtpx:TrackPointExtension>
      <gpxtpx:hr>96</gpxtpx:hr>
      <gpxtpx:cad>62</gpxtpx:cad>
     </gpxtpx:TrackPointExtension>
    </extensions>
   </trkpt>
   <trkpt lat="47.8526440" lon="13.7785840">
    <ele>435.4</ele>
    <time>2026-03-07T12:59:57Z</time>
    <extensions>
     <gpxtpx:TrackPointExtension>
      <gpxtpx:hr>96</gpxtpx:hr>
      <gpxtpx:cad>64</gpxtpx:cad>
     </gpxtpx:TrackPointExtension>
    </extensions>
   </trkpt>
   <trkpt lat="47.8527050" lon="13.7786530">
    <ele>435.8</ele>
    <time>2026-03-07T13:00:03Z</time>
    <extensions>
     <gpxtpx:TrackPointExtension>
      <gpxtpx:hr>97</gpxtpx:hr>
      <gpxtpx:cad>64</gpxtpx:cad>
     </gpxtpx:TrackPointExtension>
    </extensions>
   </trkpt>
   <trkpt lat="47.8527930" lon="13.7787480">
    <ele>435.6</ele>
    <time>2026-03-07T13:00:11Z</time>
    <extensions>
     <gpxtpx:TrackPointExtension>
      <gpxtpx:hr>98</gpxtpx:hr>
      <gpxtpx:cad>62</gpxtpx:cad>
     </gpxtpx:TrackPointExtension>
    </extensions>
   </trkpt>
   <trkpt lat="47.8528850" lon="13.7787990">
    <ele>436.0</ele>
    <time>2026-03-07T13:00:19Z</time>
    <extensions>
     <gpxtpx:TrackPointExtension>
      <gpxtpx:hr>101</gpxtpx:hr>
      <gpxtpx:cad>61</gpxtpx:cad>
     </gpxtpx:TrackPointExtension>
    </extensions>
   </trkpt>
   <trkpt lat="47.8529070" lon="13.7787980">
    <ele>435.4</ele>
    <time>2026-03-07T13:00:24Z</time>
    <extensions>
     <gpxtpx:TrackPointExtension>
      <gpxtpx:hr>102</gpxtpx:hr>
      <gpxtpx:cad>0</gpxtpx:cad>
     </gpxtpx:TrackPointExtension>
    </extensions>
   </trkpt>
   <trkpt lat="47.8529090" lon="13.7787980">
    <ele>435.2</ele>
    <time>2026-03-07T13:00:25Z</time>
    <extensions>
     <gpxtpx:TrackPointExtension>
      <gpxtpx:hr>101</gpxtpx:hr>
      <gpxtpx:cad>0</gpxtpx:cad>
     </gpxtpx:TrackPointExtension>
    </extensions>
   </trkpt>
   <trkpt lat="47.8529510" lon="13.7787530">
    <ele>435.0</ele>
    <time>2026-03-07T13:00:33Z</time>
    <extensions>
     <gpxtpx:TrackPointExtension>
      <gpxtpx:hr>101</gpxtpx:hr>
      <gpxtpx:cad>61</gpxtpx:cad>
     </gpxtpx:TrackPointExtension>
    </extensions>
   </trkpt>
   <trkpt lat="47.8529940" lon="13.7786970">
    <ele>434.8</ele>
    <time>2026-03-07T13:00:38Z</time>
    <extensions>
     <gpxtpx:TrackPointExtension>
      <gpxtpx:hr>100</gpxtpx:hr>
      <gpxtpx:cad>69</gpxtpx:cad>
     </gpxtpx:TrackPointExtension>
    </extensions>
   </trkpt>
   <trkpt lat="47.8530630" lon="13.7786010">
    <ele>435.0</ele>
    <time>2026-03-07T13:00:45Z</time>
    <extensions>
     <gpxtpx:TrackPointExtension>
      <gpxtpx:hr>100</gpxtpx:hr>
      <gpxtpx:cad>61</gpxtpx:cad>
     </gpxtpx:TrackPointExtension>
    </extensions>
   </trkpt>
   <trkpt lat="47.8531130" lon="13.7784210">
    <ele>435.2</ele>
    <time>2026-03-07T13:00:53Z</time>
    <extensions>
     <gpxtpx:TrackPointExtension>
      <gpxtpx:hr>100</gpxtpx:hr>
      <gpxtpx:cad>67</gpxtpx:cad>
     </gpxtpx:TrackPointExtension>
    </extensions>
   </trkpt>
   <trkpt lat="47.8531620" lon="13.7782330">
    <ele>435.6</ele>
    <time>2026-03-07T13:01:03Z</time>
    <extensions>
     <gpxtpx:TrackPointExtension>
      <gpxtpx:hr>101</gpxtpx:hr>
      <gpxtpx:cad>62</gpxtpx:cad>
     </gpxtpx:TrackPointExtension>
    </extensions>
   </trkpt>
   <trkpt lat="47.8531750" lon="13.7781520">
    <ele>436.0</ele>
    <time>2026-03-07T13:01:08Z</time>
    <extensions>
     <gpxtpx:TrackPointExtension>
      <gpxtpx:hr>98</gpxtpx:hr>
      <gpxtpx:cad>61</gpxtpx:cad>
     </gpxtpx:TrackPointExtension>
    </extensions>
   </trkpt>
   <trkpt lat="47.8531770" lon="13.7781160">
    <ele>436.4</ele>
    <time>2026-03-07T13:01:10Z</time>
    <extensions>
     <gpxtpx:TrackPointExtension>
      <gpxtpx:hr>96</gpxtpx:hr>
      <gpxtpx:cad>61</gpxtpx:cad>
     </gpxtpx:TrackPointExtension>
    </extensions>
   </trkpt>
   <trkpt lat="47.8531770" lon="13.7780800">
    <ele>436.6</ele>
    <time>2026-03-07T13:01:12Z</time>
    <extensions>
     <gpxtpx:TrackPointExtension>
      <gpxtpx:hr>95</gpxtpx:hr>
      <gpxtpx:cad>60</gpxtpx:cad>
     </gpxtpx:TrackPointExtension>
    </extensions>
   </trkpt>
   <trkpt lat="47.8531840" lon="13.7779940">
    <ele>437.0</ele>
    <time>2026-03-07T13:01:17Z</time>
    <extensions>
     <gpxtpx:TrackPointExtension>
      <gpxtpx:hr>97</gpxtpx:hr>
      <gpxtpx:cad>59</gpxtpx:cad>
     </gpxtpx:TrackPointExtension>
    </extensions>
   </trkpt>
   <trkpt lat="47.8532100" lon="13.7778940">
    <ele>437.4</ele>
    <time>2026-03-07T13:01:23Z</time>
    <extensions>
     <gpxtpx:TrackPointExtension>
      <gpxtpx:hr>97</gpxtpx:hr>
      <gpxtpx:cad>59</gpxtpx:cad>
     </gpxtpx:TrackPointExtension>
    </extensions>
   </trkpt>
   <trkpt lat="47.8532190" lon="13.7778620">
    <ele>437.4</ele>
    <time>2026-03-07T13:01:25Z</time>
    <extensions>
     <gpxtpx:TrackPointExtension>
      <gpxtpx:hr>98</gpxtpx:hr>
      <gpxtpx:cad>59</gpxtpx:cad>
     </gpxtpx:TrackPointExtension>
    </extensions>
   </trkpt>
   <trkpt lat="47.8532690" lon="13.7777240">
    <ele>438.0</ele>
    <time>2026-03-07T13:01:34Z</time>
    <extensions>
     <gpxtpx:TrackPointExtension>
      <gpxtpx:hr>100</gpxtpx:hr>
      <gpxtpx:cad>58</gpxtpx:cad>
     </gpxtpx:TrackPointExtension>
    </extensions>
   </trkpt>
   <trkpt lat="47.8532920" lon="13.7776840">
    <ele>438.4</ele>
    <time>2026-03-07T13:01:37Z</time>
    <extensions>
     <gpxtpx:TrackPointExtension>
      <gpxtpx:hr>101</gpxtpx:hr>
      <gpxtpx:cad>58</gpxtpx:cad>
     </gpxtpx:TrackPointExtension>
    </extensions>
   </trkpt>
   <trkpt lat="47.8533130" lon="13.7776130">
    <ele>438.8</ele>
    <time>2026-03-07T13:01:41Z</time>
    <extensions>
     <gpxtpx:TrackPointExtension>
      <gpxtpx:hr>102</gpxtpx:hr>
      <gpxtpx:cad>59</gpxtpx:cad>
     </gpxtpx:TrackPointExtension>
    </extensions>
   </trkpt>
   <trkpt lat="47.8533390" lon="13.7774870">
    <ele>439.4</ele>
    <time>2026-03-07T13:01:48Z</time>
    <extensions>
     <gpxtpx:TrackPointExtension>
      <gpxtpx:hr>104</gpxtpx:hr>
      <gpxtpx:cad>58</gpxtpx:cad>
     </gpxtpx:TrackPointExtension>
    </extensions>
   </trkpt>
   <trkpt lat="47.8533450" lon="13.7774510">
    <ele>439.6</ele>
    <time>2026-03-07T13:01:50Z</time>
    <extensions>
     <gpxtpx:TrackPointExtension>
      <gpxtpx:hr>105</gpxtpx:hr>
      <gpxtpx:cad>59</gpxtpx:cad>
     </gpxtpx:TrackPointExtension>
    </extensions>
   </trkpt>
   <trkpt lat="47.8533770" lon="13.7772840">
    <ele>440.2</ele>
    <time>2026-03-07T13:02:00Z</time>
    <extensions>
     <gpxtpx:TrackPointExtension>
      <gpxtpx:hr>106</gpxtpx:hr>
      <gpxtpx:cad>59</gpxtpx:cad>
     </gpxtpx:TrackPointExtension>
    </extensions>
   </trkpt>
   <trkpt lat="47.8533910" lon="13.7772350">
    <ele>440.6</ele>
    <time>2026-03-07T13:02:03Z</time>
    <extensions>
     <gpxtpx:TrackPointExtension>
      <gpxtpx:hr>106</gpxtpx:hr>
      <gpxtpx:cad>59</gpxtpx:cad>
     </gpxtpx:TrackPointExtension>
    </extensions>
   </trkpt>
   <trkpt lat="47.8534180" lon="13.7771260">
    <ele>440.8</ele>
    <time>2026-03-07T13:02:09Z</time>
    <extensions>
     <gpxtpx:TrackPointExtension>
      <gpxtpx:hr>107</gpxtpx:hr>
      <gpxtpx:cad>59</gpxtpx:cad>
     </gpxtpx:TrackPointExtension>
    </extensions>
   </trkpt>
   <trkpt lat="47.8534440" lon="13.7769880">
    <ele>441.4</ele>
    <time>2026-03-07T13:02:17Z</time>
    <extensions>
     <gpxtpx:TrackPointExtension>
      <gpxtpx:hr>109</gpxtpx:hr>
      <gpxtpx:cad>59</gpxtpx:cad>
     </gpxtpx:TrackPointExtension>
    </extensions>
   </trkpt>
   <trkpt lat="47.8534490" lon="13.7769570">
    <ele>441.6</ele>
    <time>2026-03-07T13:02:19Z</time>
    <extensions>
     <gpxtpx:TrackPointExtension>
      <gpxtpx:hr>110</gpxtpx:hr>
      <gpxtpx:cad>58</gpxtpx:cad>
     </gpxtpx:TrackPointExtension>
    </extensions>
   </trkpt>
   <trkpt lat="47.8534760" lon="13.7769070">
    <ele>441.8</ele>
    <time>2026-03-07T13:02:24Z</time>
    <extensions>
     <gpxtpx:TrackPointExtension>
      <gpxtpx:hr>112</gpxtpx:hr>
      <gpxtpx:cad>59</gpxtpx:cad>
     </gpxtpx:TrackPointExtension>
    </extensions>
   </trkpt>
   <trkpt lat="47.8535490" lon="13.7768670">
    <ele>442.2</ele>
    <time>2026-03-07T13:02:30Z</time>
    <extensions>
     <gpxtpx:TrackPointExtension>
      <gpxtpx:hr>112</gpxtpx:hr>
      <gpxtpx:cad>59</gpxtpx:cad>
     </gpxtpx:TrackPointExtension>
    </extensions>
   </trkpt>
   <trkpt lat="47.8535900" lon="13.7768010">
    <ele>442.6</ele>
    <time>2026-03-07T13:02:35Z</time>
    <extensions>
     <gpxtpx:TrackPointExtension>
      <gpxtpx:hr>111</gpxtpx:hr>
      <gpxtpx:cad>61</gpxtpx:cad>
     </gpxtpx:TrackPointExtension>
    </extensions>
   </trkpt>
   <trkpt lat="47.8536020" lon="13.7767520">
    <ele>442.8</ele>
    <time>2026-03-07T13:02:38Z</time>
    <extensions>
     <gpxtpx:TrackPointExtension>
      <gpxtpx:hr>111</gpxtpx:hr>
      <gpxtpx:cad>60</gpxtpx:cad>
     </gpxtpx:TrackPointExtension>
    </extensions>
   </trkpt>
   <trkpt lat="47.8536200" lon="13.7766620">
    <ele>443.0</ele>
    <time>2026-03-07T13:02:44Z</time>
    <extensions>
     <gpxtpx:TrackPointExtension>
      <gpxtpx:hr>111</gpxtpx:hr>
      <gpxtpx:cad>55</gpxtpx:cad>
     </gpxtpx:TrackPointExtension>
    </extensions>
   </trkpt>
   <trkpt lat="47.8536270" lon="13.7766110">
    <ele>443.6</ele>
    <time>2026-03-07T13:02:47Z</time>
    <extensions>
     <gpxtpx:TrackPointExtension>
      <gpxtpx:hr>110</gpxtpx:hr>
      <gpxtpx:cad>56</gpxtpx:cad>
     </gpxtpx:TrackPointExtension>
    </extensions>
   </trkpt>
   <trkpt lat="47.8536420" lon="13.7765200">
    <ele>443.8</ele>
    <time>2026-03-07T13:02:52Z</time>
    <extensions>
     <gpxtpx:TrackPointExtension>
      <gpxtpx:hr>110</gpxtpx:hr>
      <gpxtpx:cad>59</gpxtpx:cad>
     </gpxtpx:TrackPointExtension>
    </extensions>
   </trkpt>
   <trkpt lat="47.8536390" lon="13.7763760">
    <ele>444.2</ele>
    <time>2026-03-07T13:03:00Z</time>
    <extensions>
     <gpxtpx:TrackPointExtension>
      <gpxtpx:hr>109</gpxtpx:hr>
      <gpxtpx:cad>59</gpxtpx:cad>
     </gpxtpx:TrackPointExtension>
    </extensions>
   </trkpt>
   <trkpt lat="47.8536230" lon="13.7763130">
    <ele>444.2</ele>
    <time>2026-03-07T13:03:05Z</time>
    <extensions>
     <gpxtpx:TrackPointExtension>
      <gpxtpx:hr>107</gpxtpx:hr>
      <gpxtpx:cad>61</gpxtpx:cad>
     </gpxtpx:TrackPointExtension>
    </extensions>
   </trkpt>
   <trkpt lat="47.8536170" lon="13.7762980">
    <ele>444.4</ele>
    <time>2026-03-07T13:03:07Z</time>
    <extensions>
     <gpxtpx:TrackPointExtension>
      <gpxtpx:hr>107</gpxtpx:hr>
      <gpxtpx:cad>0</gpxtpx:cad>
     </gpxtpx:TrackPointExtension>
    </extensions>
   </trkpt>
   <trkpt lat="47.8535920" lon="13.7762480">
    <ele>444.2</ele>
    <time>2026-03-07T13:03:11Z</time>
    <extensions>
     <gpxtpx:TrackPointExtension>
      <gpxtpx:hr>106</gpxtpx:hr>
      <gpxtpx:cad>0</gpxtpx:cad>
     </gpxtpx:TrackPointExtension>
    </extensions>
   </trkpt>
   <trkpt lat="47.8535760" lon="13.7761720">
    <ele>444.6</ele>
    <time>2026-03-07T13:03:17Z</time>
    <extensions>
     <gpxtpx:TrackPointExtension>
      <gpxtpx:hr>104</gpxtpx:hr>
      <gpxtpx:cad>62</gpxtpx:cad>
     </gpxtpx:TrackPointExtension>
    </extensions>
   </trkpt>
   <trkpt lat="47.8535800" lon="13.7761550">
    <ele>444.6</ele>
    <time>2026-03-07T13:03:18Z</time>
    <extensions>
     <gpxtpx:TrackPointExtension>
      <gpxtpx:hr>104</gpxtpx:hr>
      <gpxtpx:cad>62</gpxtpx:cad>
     </gpxtpx:TrackPointExtension>
    </extensions>
   </trkpt>
   <trkpt lat="47.8536050" lon="13.7760480">
    <ele>444.8</ele>
    <time>2026-03-07T13:03:23Z</time>
    <extensions>
     <gpxtpx:TrackPointExtension>
      <gpxtpx:hr>105</gpxtpx:hr>
      <gpxtpx:cad>62</gpxtpx:cad>
     </gpxtpx:TrackPointExtension>
    </extensions>
   </trkpt>
   <trkpt lat="47.8536380" lon="13.7759590">
    <ele>445.4</ele>
    <time>2026-03-07T13:03:29Z</time>
    <extensions>
     <gpxtpx:TrackPointExtension>
      <gpxtpx:hr>106</gpxtpx:hr>
      <gpxtpx:cad>61</gpxtpx:cad>
     </gpxtpx:TrackPointExtension>
    </extensions>
   </trkpt>
   <trkpt lat="47.8536520" lon="13.7759330">
    <ele>445.8</ele>
    <time>2026-03-07T13:03:31Z</time>
    <extensions>
     <gpxtpx:TrackPointExtension>
      <gpxtpx:hr>107</gpxtpx:hr>
      <gpxtpx:cad>59</gpxtpx:cad>
     </gpxtpx:TrackPointExtension>
    </extensions>
   </trkpt>
   <trkpt lat="47.8536980" lon="13.7759000">
    <ele>446.2</ele>
    <time>2026-03-07T13:03:36Z</time>
    <extensions>
     <gpxtpx:TrackPointExtension>
      <gpxtpx:hr>107</gpxtpx:hr>
      <gpxtpx:cad>59</gpxtpx:cad>
     </gpxtpx:TrackPointExtension>
    </extensions>
   </trkpt>
   <trkpt lat="47.8537110" lon="13.7759010">
    <ele>446.2</ele>
    <time>2026-03-07T13:03:38Z</time>
    <extensions>
     <gpxtpx:TrackPointExtension>
      <gpxtpx:hr>108</gpxtpx:hr>
      <gpxtpx:cad>0</gpxtpx:cad>
     </gpxtpx:TrackPointExtension>
    </extensions>
   </trkpt>
   <trkpt lat="47.8537360" lon="13.7759020">
    <ele>446.2</ele>
    <time>2026-03-07T13:03:40Z</time>
    <extensions>
     <gpxtpx:TrackPointExtension>
      <gpxtpx:hr>108</gpxtpx:hr>
      <gpxtpx:cad>61</gpxtpx:cad>
     </gpxtpx:TrackPointExtension>
    </extensions>
   </trkpt>
   <trkpt lat="47.8537870" lon="13.7758910">
    <ele>446.6</ele>
    <time>2026-03-07T13:03:44Z</time>
    <extensions>
     <gpxtpx:TrackPointExtension>
      <gpxtpx:hr>111</gpxtpx:hr>
      <gpxtpx:cad>62</gpxtpx:cad>
     </gpxtpx:TrackPointExtension>
    </extensions>
   </trkpt>
   <trkpt lat="47.8538390" lon="13.7758750">
    <ele>446.8</ele>
    <time>2026-03-07T13:03:48Z</time>
    <extensions>
     <gpxtpx:TrackPointExtension>
      <gpxtpx:hr>109</gpxtpx:hr>
      <gpxtpx:cad>61</gpxtpx:cad>
     </gpxtpx:TrackPointExtension>
    </extensions>
   </trkpt>
   <trkpt lat="47.8538510" lon="13.7758720">
    <ele>446.8</ele>
    <time>2026-03-07T13:03:49Z</time>
    <extensions>
     <gpxtpx:TrackPointExtension>
      <gpxtpx:hr>109</gpxtpx:hr>
      <gpxtpx:cad>60</gpxtpx:cad>
     </gpxtpx:TrackPointExtension>
    </extensions>
   </trkpt>
   <trkpt lat="47.8539260" lon="13.7759020">
    <ele>447.2</ele>
    <time>2026-03-07T13:03:56Z</time>
    <extensions>
     <gpxtpx:TrackPointExtension>
      <gpxtpx:hr>109</gpxtpx:hr>
      <gpxtpx:cad>62</gpxtpx:cad>
     </gpxtpx:TrackPointExtension>
    </extensions>
   </trkpt>
   <trkpt lat="47.8539960" lon="13.7759460">
    <ele>447.6</ele>
    <time>2026-03-07T13:04:03Z</time>
    <extensions>
     <gpxtpx:TrackPointExtension>
      <gpxtpx:hr>110</gpxtpx:hr>
      <gpxtpx:cad>60</gpxtpx:cad>
     </gpxtpx:TrackPointExtension>
    </extensions>
   </trkpt>
   <trkpt lat="47.8540590" lon="13.7759790">
    <ele>447.8</ele>
    <time>2026-03-07T13:04:08Z</time>
    <extensions>
     <gpxtpx:TrackPointExtension>
      <gpxtpx:hr>110</gpxtpx:hr>
      <gpxtpx:cad>61</gpxtpx:cad>
     </gpxtpx:TrackPointExtension>
    </extensions>
   </trkpt>
   <trkpt lat="47.8541250" lon="13.7760130">
    <ele>448.0</ele>
    <time>2026-03-07T13:04:14Z</time>
    <extensions>
     <gpxtpx:TrackPointExtension>
      <gpxtpx:hr>109</gpxtpx:hr>
      <gpxtpx:cad>60</gpxtpx:cad>
     </gpxtpx:TrackPointExtension>
    </extensions>
   </trkpt>
   <trkpt lat="47.8542370" lon="13.7760850">
    <ele>448.2</ele>
    <time>2026-03-07T13:04:23Z</time>
    <extensions>
     <gpxtpx:TrackPointExtension>
      <gpxtpx:hr>108</gpxtpx:hr>
      <gpxtpx:cad>62</gpxtpx:cad>
     </gpxtpx:TrackPointExtension>
    </extensions>
   </trkpt>
   <trkpt lat="47.8543520" lon="13.7761630">
    <ele>448.6</ele>
    <time>2026-03-07T13:04:33Z</time>
    <extensions>
     <gpxtpx:TrackPointExtension>
      <gpxtpx:hr>108</gpxtpx:hr>
      <gpxtpx:cad>62</gpxtpx:cad>
     </gpxtpx:TrackPointExtension>
    </extensions>
   </trkpt>
   <trkpt lat="47.8544670" lon="13.7762300">
    <ele>448.6</ele>
    <time>2026-03-07T13:04:43Z</time>
    <extensions>
     <gpxtpx:TrackPointExtension>
      <gpxtpx:hr>107</gpxtpx:hr>
      <gpxtpx:cad>60</gpxtpx:cad>
     </gpxtpx:TrackPointExtension>
    </extensions>
   </trkpt>
   <trkpt lat="47.8545760" lon="13.7762790">
    <ele>448.4</ele>
    <time>2026-03-07T13:04:52Z</time>
    <extensions>
     <gpxtpx:TrackPointExtension>
      <gpxtpx:hr>107</gpxtpx:hr>
      <gpxtpx:cad>62</gpxtpx:cad>
     </gpxtpx:TrackPointExtension>
    </extensions>
   </trkpt>
   <trkpt lat="47.8546750" lon="13.7763280">
    <ele>448.6</ele>
    <time>2026-03-07T13:05:00Z</time>
    <extensions>
     <gpxtpx:TrackPointExtension>
      <gpxtpx:hr>105</gpxtpx:hr>
      <gpxtpx:cad>62</gpxtpx:cad>
     </gpxtpx:TrackPointExtension>
    </extensions>
   </trkpt>
   <trkpt lat="47.8547870" lon="13.7763730">
    <ele>448.4</ele>
    <time>2026-03-07T13:05:09Z</time>
    <extensions>
     <gpxtpx:TrackPointExtension>
      <gpxtpx:hr>105</gpxtpx:hr>
      <gpxtpx:cad>62</gpxtpx:cad>
     </gpxtpx:TrackPointExtension>
    </extensions>
   </trkpt>
   <trkpt lat="47.8548890" lon="13.7764190">
    <ele>448.6</ele>
    <time>2026-03-07T13:05:17Z</time>
    <extensions>
     <gpxtpx:TrackPointExtension>
      <gpxtpx:hr>104</gpxtpx:hr>
      <gpxtpx:cad>62</gpxtpx:cad>
     </gpxtpx:TrackPointExtension>
    </extensions>
   </trkpt>
   <trkpt lat="47.8549860" lon="13.7764620">
    <ele>448.6</ele>
    <time>2026-03-07T13:05:25Z</time>
    <extensions>
     <gpxtpx:TrackPointExtension>
      <gpxtpx:hr>103</gpxtpx:hr>
      <gpxtpx:cad>60</gpxtpx:cad>
     </gpxtpx:TrackPointExtension>
    </extensions>
   </trkpt>
   <trkpt lat="47.8550780" lon="13.7764990">
    <ele>448.8</ele>
    <time>2026-03-07T13:05:33Z</time>
    <extensions>
     <gpxtpx:TrackPointExtension>
      <gpxtpx:hr>103</gpxtpx:hr>
      <gpxtpx:cad>62</gpxtpx:cad>
     </gpxtpx:TrackPointExtension>
    </extensions>
   </trkpt>
   <trkpt lat="47.8551760" lon="13.7765300">
    <ele>449.0</ele>
    <time>2026-03-07T13:05:42Z</time>
    <extensions>
     <gpxtpx:TrackPointExtension>
      <gpxtpx:hr>101</gpxtpx:hr>
      <gpxtpx:cad>61</gpxtpx:cad>
     </gpxtpx:TrackPointExtension>
    </extensions>
   </trkpt>
   <trkpt lat="47.8552490" lon="13.7765630">
    <ele>449.0</ele>
    <time>2026-03-07T13:05:48Z</time>
    <extensions>
     <gpxtpx:TrackPointExtension>
      <gpxtpx:hr>104</gpxtpx:hr>
      <gpxtpx:cad>59</gpxtpx:cad>
     </gpxtpx:TrackPointExtension>
    </extensions>
   </trkpt>
   <trkpt lat="47.8553390" lon="13.7766190">
    <ele>449.4</ele>
    <time>2026-03-07T13:05:57Z</time>
    <extensions>
     <gpxtpx:TrackPointExtension>
      <gpxtpx:hr>105</gpxtpx:hr>
      <gpxtpx:cad>59</gpxtpx:cad>
     </gpxtpx:TrackPointExtension>
    </extensions>
   </trkpt>
   <trkpt lat="47.8553390" lon="13.7766280">
    <ele>449.4</ele>
    <time>2026-03-07T13:05:58Z</time>
    <extensions>
     <gpxtpx:TrackPointExtension>
      <gpxtpx:hr>105</gpxtpx:hr>
      <gpxtpx:cad>59</gpxtpx:cad>
     </gpxtpx:TrackPointExtension>
    </extensions>
   </trkpt>
   <trkpt lat="47.8553250" lon="13.7766720">
    <ele>449.2</ele>
    <time>2026-03-07T13:06:02Z</time>
    <extensions>
     <gpxtpx:TrackPointExtension>
      <gpxtpx:hr>102</gpxtpx:hr>
      <gpxtpx:cad>59</gpxtpx:cad>
     </gpxtpx:TrackPointExtension>
    </extensions>
   </trkpt>
   <trkpt lat="47.8553020" lon="13.7766920">
    <ele>449.0</ele>
    <time>2026-03-07T13:06:05Z</time>
    <extensions>
     <gpxtpx:TrackPointExtension>
      <gpxtpx:hr>102</gpxtpx:hr>
      <gpxtpx:cad>61</gpxtpx:cad>
     </gpxtpx:TrackPointExtension>
    </extensions>
   </trkpt>
   <trkpt lat="47.8552810" lon="13.7767100">
    <ele>448.8</ele>
    <time>2026-03-07T13:06:07Z</time>
    <extensions>
     <gpxtpx:TrackPointExtension>
      <gpxtpx:hr>102</gpxtpx:hr>
      <gpxtpx:cad>60</gpxtpx:cad>
     </gpxtpx:TrackPointExtension>
    </extensions>
   </trkpt>
   <trkpt lat="47.8552280" lon="13.7768390">
    <ele>448.2</ele>
    <time>2026-03-07T13:06:15Z</time>
    <extensions>
     <gpxtpx:TrackPointExtension>
      <gpxtpx:hr>104</gpxtpx:hr>
      <gpxtpx:cad>59</gpxtpx:cad>
     </gpxtpx:TrackPointExtension>
    </extensions>
   </trkpt>
   <trkpt lat="47.8552490" lon="13.7769630">
    <ele>448.2</ele>
    <time>2026-03-07T13:06:23Z</time>
    <extensions>
     <gpxtpx:TrackPointExtension>
      <gpxtpx:hr>104</gpxtpx:hr>
      <gpxtpx:cad>59</gpxtpx:cad>
     </gpxtpx:TrackPointExtension>
    </extensions>
   </trkpt>
   <trkpt lat="47.8553180" lon="13.7770050">
    <ele>448.2</ele>
    <time>2026-03-07T13:06:31Z</time>
    <extensions>
     <gpxtpx:TrackPointExtension>
      <gpxtpx:hr>103</gpxtpx:hr>
      <gpxtpx:cad>53</gpxtpx:cad>
     </gpxtpx:TrackPointExtension>
    </extensions>
   </trkpt>
   <trkpt lat="47.8553250" lon="13.7770030">
    <ele>448.4</ele>
    <time>2026-03-07T13:06:32Z</time>
    <extensions>
     <gpxtpx:TrackPointExtension>
      <gpxtpx:hr>103</gpxtpx:hr>
      <gpxtpx:cad>0</gpxtpx:cad>
     </gpxtpx:TrackPointExtension>
    </extensions>
   </trkpt>
   <trkpt lat="47.8553340" lon="13.7770100">
    <ele>449.4</ele>
    <time>2026-03-07T13:06:35Z</time>
    <extensions>
     <gpxtpx:TrackPointExtension>
      <gpxtpx:hr>103</gpxtpx:hr>
      <gpxtpx:cad>0</gpxtpx:cad>
     </gpxtpx:TrackPointExtension>
    </extensions>
   </trkpt>
   <trkpt lat="47.8553330" lon="13.7770150">
    <ele>449.6</ele>
    <time>2026-03-07T13:06:37Z</time>
    <extensions>
     <gpxtpx:TrackPointExtension>
      <gpxtpx:hr>102</gpxtpx:hr>
      <gpxtpx:cad>0</gpxtpx:cad>
     </gpxtpx:TrackPointExtension>
    </extensions>
   </trkpt>
   <trkpt lat="47.8553450" lon="13.7770000">
    <ele>449.2</ele>
    <time>2026-03-07T13:06:42Z</time>
    <extensions>
     <gpxtpx:TrackPointExtension>
      <gpxtpx:hr>101</gpxtpx:hr>
      <gpxtpx:cad>0</gpxtpx:cad>
     </gpxtpx:TrackPointExtension>
    </extensions>
   </trkpt>
   <trkpt lat="47.8553510" lon="13.7769930">
    <ele>448.8</ele>
    <time>2026-03-07T13:06:48Z</time>
    <extensions>
     <gpxtpx:TrackPointExtension>
      <gpxtpx:hr>98</gpxtpx:hr>
      <gpxtpx:cad>0</gpxtpx:cad>
     </gpxtpx:TrackPointExtension>
    </extensions>
   </trkpt>
   <trkpt lat="47.8553530" lon="13.7769910">
    <ele>449.0</ele>
    <time>2026-03-07T13:06:56Z</time>
    <extensions>
     <gpxtpx:TrackPointExtension>
      <gpxtpx:hr>97</gpxtpx:hr>
      <gpxtpx:cad>0</gpxtpx:cad>
     </gpxtpx:TrackPointExtension>
    </extensions>
   </trkpt>
   <trkpt lat="47.8553530" lon="13.7769910">
    <ele>449.4</ele>
    <time>2026-03-07T13:07:01Z</time>
    <extensions>
     <gpxtpx:TrackPointExtension>
      <gpxtpx:hr>97</gpxtpx:hr>
      <gpxtpx:cad>0</gpxtpx:cad>
     </gpxtpx:TrackPointExtension>
    </extensions>
   </trkpt>
  </trkseg>
 </trk>
</gpx>
