<?xml version='1.0' encoding='UTF-8' standalone='yes' ?>
<gpx xsi:schemaLocation="http://www.topografix.com/GPX/1/1 http://www.topografix.com/GPX/1/1/gpx.xsd" xmlns="http://www.topografix.com/GPX/1/1" xmlns:xsi="http://www.w3.org/2001/XMLSchema-instance" xmlns:ns3="http://www.garmin.com/xmlschemas/TrackPointExtension/v1" xmlns:ns2="http://www.garmin.com/xmlschemas/GpxExtensions/v3" xmlns:ns1="http://www.cluetrust.com/XML/GPXDATA/1/0" creator="ZeppLife App" version="6.15.0">
	<trk>
		<name><![CDATA[20251129 Outdoor hiking]]></name>
		<trkseg>
			<trkpt lat="47.610207" lon="12.190231">
				<ele>464.0</ele>
				<time>2025-11-29T11:03:55Z</time>
				<desc><![CDATA[CommonTimeValuePoint(absoluteTime=1764414235, value=1.8)]]></desc>
					<extensions>
						<ns3:TrackPointExtension>
							<ns3:speed>0.5555556</ns3:speed>
							<ns3:cad>0.0</ns3:cad>
							<ns3:hr>92</ns3:hr>
						</ns3:TrackPointExtension>
					</extensions>
			</trkpt>
			<trkpt lat="47.61014" lon="12.19017">
				<ele>464.0</ele>
				<time>2025-11-29T11:03:55Z</time>
				<desc><![CDATA[CommonTimeValuePoint(absoluteTime=1764414235, value=1.8)]]></desc>
					<extensions>
						<ns3:TrackPointExtension>
							<ns3:speed>0.5555556</ns3:speed>
							<ns3:cad>0.0</ns3:cad>
							<ns3:hr>92</ns3:hr>
						</ns3:TrackPointExtension>
					</extensions>
			</trkpt>
			<trkpt lat="47.610107" lon="12.190126">
				<ele>464.0</ele>
				<time>2025-11-29T11:03:55Z</time>
				<desc><![CDATA[CommonTimeValuePoint(absoluteTime=1764414235, value=1.8)]]></desc>
					<extensions>
						<ns3:TrackPointExtension>
							<ns3:speed>0.5555556</ns3:speed>
							<ns3:cad>0.0</ns3:cad>
							<ns3:hr>92</ns3:hr>
						</ns3:TrackPointExtension>
					</extensions>
			</trkpt>
			<trkpt lat="47.61009" lon="12.190065">
				<ele>464.0</ele>
				<time>2025-11-29T11:03:55Z</time>
				<desc><![CDATA[CommonTimeValuePoint(absoluteTime=1764414235, value=1.8)]]></desc>
					<extensions>
						<ns3:TrackPointExtension>
							<ns3:speed>0.5555556</ns3:speed>
							<ns3:cad>0.0</ns3:cad>
							<ns3:hr>92</ns3:hr>
						</ns3:TrackPointExtension>
					</extensions>
			</trkpt>
			<trkpt lat="47.610077" lon="12.189981">
				<ele>464.0</ele>
				<time>2025-11-29T11:03:55Z</time>
				<desc><![CDATA[CommonTimeValuePoint(absoluteTime=1764414235, value=1.2345679)]]></desc>
					<extensions>
						<ns3:TrackPointExtension>
							<ns3:speed>0.8196721</ns3:speed>
							<ns3:cad>0.0</ns3:cad>
							<ns3:hr>92</ns3:hr>
						</ns3:TrackPointExtension>
					</extensions>
			</trkpt>
			<trkpt lat="47.610046" lon="12.189925">
				<ele>463.0</ele>
				<time>2025-11-29T11:03:55Z</time>
				<desc><![CDATA[CommonTimeValuePoint(absoluteTime=1764414235, value=1.8)]]></desc>
					<extensions>
						<ns3:TrackPointExtension>
							<ns3:speed>0.5555556</ns3:speed>
							<ns3:cad>0.0</ns3:cad>
							<ns3:hr>92</ns3:hr>
						</ns3:TrackPointExtension>
					</extensions>
			</trkpt>
			<trkpt lat="47.610016" lon="12.189861">
				<ele>463.0</ele>
				<time>2025-11-29T11:03:55Z</time>
				<desc><![CDATA[CommonTimeValuePoint(absoluteTime=1764414235, value=1.6666666)]]></desc>
					<extensions>
						<ns3:TrackPointExtension>
							<ns3:speed>0.6097561</ns3:speed>
							<ns3:cad>0.0</ns3:cad>
							<ns3:hr>92</ns3:hr>
						</ns3:TrackPointExtension>
					</extensions>
			</trkpt>
			<trkpt lat="47.609993" lon="12.189789">
				<ele>462.0</ele>
				<time>2025-11-29T11:03:55Z</time>
				<desc><![CDATA[CommonTimeValuePoint(absoluteTime=1764414235, value=1.1764705)]]></desc>
					<extensions>
						<ns3:TrackPointExtension>
							<ns3:speed>0.862069</ns3:speed>
							<ns3:cad>0.0</ns3:cad>
							<ns3:hr>92</ns3:hr>
						</ns3:TrackPointExtension>
					</extensions>
			</trkpt>
			<trkpt lat="47.609978" lon="12.189716">
				<ele>462.0</ele>
				<time>2025-11-29T11:03:55Z</time>
				<desc><![CDATA[CommonTimeValuePoint(absoluteTime=1764414235, value=1.0)]]></desc>
					<extensions>
						<ns3:TrackPointExtension>
							<ns3:speed>1.0</ns3:speed>
							<ns3:cad>0.0</ns3:cad>
							<ns3:hr>92</ns3:hr>
						</ns3:TrackPointExtension>
					</extensions>
			</trkpt>
			<trkpt lat="47.609962" lon="12.1896515">
				<ele>462.0</ele>
				<time>2025-11-29T11:03:55Z</time>
				<desc><![CDATA[CommonTimeValuePoint(absoluteTime=1764414235, value=1.0204082)]]></desc>
					<extensions>
						<ns3:TrackPointExtension>
							<ns3:speed>0.990099</ns3:speed>
							<ns3:cad>0.0</ns3:cad>
							<ns3:hr>92</ns3:hr>
						</ns3:TrackPointExtension>
					</extensions>
			</trkpt>
			<trkpt lat="47.609947" lon="12.189585">
				<ele>461.0</ele>
				<time>2025-11-29T11:03:55Z</time>
				<desc><![CDATA[CommonTimeValuePoint(absoluteTime=1764414235, value=1.010101)]]></desc>
					<extensions>
						<ns3:TrackPointExtension>
							<ns3:speed>1.0</ns3:speed>
							<ns3:cad>0.0</ns3:cad>
							<ns3:hr>92</ns3:hr>
						</ns3:TrackPointExtension>
					</extensions>
			</trkpt>
			<trkpt lat="47.60993" lon="12.189522">
				<ele>461.0</ele>
				<time>2025-11-29T11:03:55Z</time>
				<desc><![CDATA[CommonTimeValuePoint(absoluteTime=1764414235, value=0.9259259)]]></desc>
					<extensions>
						<ns3:TrackPointExtension>
							<ns3:speed>1.0869565</ns3:speed>
							<ns3:cad>0.0</ns3:cad>
							<ns3:hr>92</ns3:hr>
						</ns3:TrackPointExtension>
					</extensions>
			</trkpt>
			<trkpt lat="47.6099" lon="12.18946">
				<ele>460.0</ele>
				<time>2025-11-29T11:03:55Z</time>
				<desc><![CDATA[CommonTimeValuePoint(absoluteTime=1764414235, value=0.85470086)]]></desc>
					<extensions>
						<ns3:TrackPointExtension>
							<ns3:speed>1.1764705</ns3:speed>
							<ns3:cad>0.0</ns3:cad>
							<ns3:hr>92</ns3:hr>
						</ns3:TrackPointExtension>
					</extensions>
			</trkpt>
			<trkpt lat="47.60988" lon="12.189399">
				<ele>460.0</ele>
				<time>2025-11-29T11:03:55Z</time>
				<desc><![CDATA[CommonTimeValuePoint(absoluteTime=1764414235, value=0.8403361)]]></desc>
					<extensions>
						<ns3:TrackPointExtension>
							<ns3:speed>1.2048193</ns3:speed>
							<ns3:cad>0.0</ns3:cad>
							<ns3:hr>92</ns3:hr>
						</ns3:TrackPointExtension>
					</extensions>
			</trkpt>
			<trkpt lat="47.60989" lon="12.1893215">
				<ele>460.0</ele>
				<time>2025-11-29T11:03:55Z</time>
				<desc><![CDATA[CommonTimeValuePoint(absoluteTime=1764414235, value=0.8403361)]]></desc>
					<extensions>
						<ns3:TrackPointExtension>
							<ns3:speed>1.2048193</ns3:speed>
							<ns3:cad>0.0</ns3:cad>
							<ns3:hr>92</ns3:hr>
						</ns3:TrackPointExtension>
					</extensions>
			</trkpt>
			<trkpt lat="47.60988" lon="12.18925">
				<ele>459.0</ele>
				<time>2025-11-29T11:03:55Z</time>
				<desc><![CDATA[CommonTimeValuePoint(absoluteTime=1764414235, value=0.8333333)]]></desc>
					<extensions>
						<ns3:TrackPointExtension>
							<ns3:speed>1.2048193</ns3:speed>
							<ns3:cad>0.0</ns3:cad>
							<ns3:hr>92</ns3:hr>
						</ns3:TrackPointExtension>
					</extensions>
			</trkpt>
			<trkpt lat="47.609863" lon="12.18917">
				<ele>459.0</ele>
				<time>2025-11-29T11:03:55Z</time>
				<desc><![CDATA[CommonTimeValuePoint(absoluteTime=1764414235, value=0.8196721)]]></desc>
					<extensions>
						<ns3:TrackPointExtension>
							<ns3:speed>1.2345679</ns3:speed>
							<ns3:cad>0.0</ns3:cad>
							<ns3:hr>92</ns3:hr>
						</ns3:TrackPointExtension>
					</extensions>
			</trkpt>
			<trkpt lat="47.609867" lon="12.189103">
				<ele>459.0</ele>
				<time>2025-11-29T11:03:55Z</time>
				<desc><![CDATA[CommonTimeValuePoint(absoluteTime=1764414235, value=0.8196721)]]></desc>
					<extensions>
						<ns3:TrackPointExtension>
							<ns3:speed>1.2345679</ns3:speed>
							<ns3:cad>0.0</ns3:cad>
							<ns3:hr>92</ns3:hr>
						</ns3:TrackPointExtension>
					</extensions>
			</trkpt>
			<trkpt lat="47.60988" lon="12.1890335">
				<ele>459.0</ele>
				<time>2025-11-29T11:03:55Z</time>
				<desc><![CDATA[CommonTimeValuePoint(absoluteTime=1764414235, value=0.8130081)]]></desc>
					<extensions>
						<ns3:TrackPointExtension>
							<ns3:speed>1.2345679</ns3:speed>
							<ns3:cad>0.0</ns3:cad>
							<ns3:hr>92</ns3:hr>
						</ns3:TrackPointExtension>
					</extensions>
			</trkpt>
			<trkpt lat="47.609882" lon="12.18896">
				<ele>458.0</ele>
				<time>2025-11-29T11:03:55Z</time>
				<desc><![CDATA[CommonTimeValuePoint(absoluteTime=1764414235, value=0.82644624)]]></desc>
					<extensions>
						<ns3:TrackPointExtension>
							<ns3:speed>1.2195122</ns3:speed>
							<ns3:cad>0.0</ns3:cad>
							<ns3:hr>92</ns3:hr>
						</ns3:TrackPointExtension>
					</extensions>
			</trkpt>
			<trkpt lat="47.60988" lon="12.188885">
				<ele>458.0</ele>
				<time>2025-11-29T11:03:55Z</time>
				<desc><![CDATA[CommonTimeValuePoint(absoluteTime=1764414235, value=0.8064516)]]></desc>
					<extensions>
						<ns3:TrackPointExtension>
							<ns3:speed>1.25</ns3:speed>
							<ns3:cad>0.0</ns3:cad>
							<ns3:hr>92</ns3:hr>
						</ns3:TrackPointExtension>
					</extensions>
			</trkpt>
			<trkpt lat="47.609867" lon="12.188818">
				<ele>458.0</ele>
				<time>2025-11-29T11:03:55Z</time>
				<desc><![CDATA[CommonTimeValuePoint(absoluteTime=1764414235, value=0.862069)]]></desc>
					<extensions>
						<ns3:TrackPointExtension>
							<ns3:speed>1.1764705</ns3:speed>
							<ns3:cad>0.0</ns3:cad>
							<ns3:hr>92</ns3:hr>
						</ns3:TrackPointExtension>
					</extensions>
			</trkpt>
			<trkpt lat="47.609867" lon="12.18875">
				<ele>458.0</ele>
				<time>2025-11-29T11:03:55Z</time>
				<desc><![CDATA[CommonTimeValuePoint(absoluteTime=1764414235, value=0.98039216)]]></desc>
					<extensions>
						<ns3:TrackPointExtension>
							<ns3:speed>1.0309278</ns3:speed>
							<ns3:cad>0.0</ns3:cad>
							<ns3:hr>92</ns3:hr>
						</ns3:TrackPointExtension>
					</extensions>
			</trkpt>
			<trkpt lat="47.6099" lon="12.188702">
				<ele>458.0</ele>
				<time>2025-11-29T11:03:55Z</time>
				<desc><![CDATA[CommonTimeValuePoint(absoluteTime=1764414235, value=1.2820513)]]></desc>
					<extensions>
						<ns3:TrackPointExtension>
							<ns3:speed>0.78740156</ns3:speed>
							<ns3:cad>0.0</ns3:cad>
							<ns3:hr>92</ns3:hr>
						</ns3:TrackPointExtension>
					</extensions>
			</trkpt>
			<trkpt lat="47.609936" lon="12.188652">
				<ele>458.0</ele>
				<time>2025-11-29T11:03:55Z</time>
				<desc><![CDATA[CommonTimeValuePoint(absoluteTime=1764414235, value=1.1494253)]]></desc>
					<extensions>
						<ns3:TrackPointExtension>
							<ns3:speed>0.877193</ns3:speed>
							<ns3:cad>0.0</ns3:cad>
							<ns3:hr>92</ns3:hr>
						</ns3:TrackPointExtension>
					</extensions>
			</trkpt>
			<trkpt lat="47.609978" lon="12.188614">
				<ele>458.0</ele>
				<time>2025-11-29T11:03:56Z</time>
				<desc><![CDATA[CommonTimeValuePoint(absoluteTime=1764414236, value=1.1494253)]]></desc>
					<extensions>
						<ns3:TrackPointExtension>
							<ns3:speed>0.88495576</ns3:speed>
							<ns3:cad>0.0</ns3:cad>
							<ns3:hr>92</ns3:hr>
						</ns3:TrackPointExtension>
					</extensions>
			</trkpt>
			<trkpt lat="47.610016" lon="12.188577">
				<ele>458.0</ele>
				<time>2025-11-29T11:03:56Z</time>
				<desc><![CDATA[CommonTimeValuePoint(absoluteTime=1764414236, value=1.1363636)]]></desc>
					<extensions>
						<ns3:TrackPointExtension>
							<ns3:speed>0.89285713</ns3:speed>
							<ns3:cad>0.0</ns3:cad>
							<ns3:hr>92</ns3:hr>
						</ns3:TrackPointExtension>
					</extensions>
			</trkpt>
			<trkpt lat="47.610058" lon="12.188527">
				<ele>458.0</ele>
				<time>2025-11-29T11:03:56Z</time>
				<desc><![CDATA[CommonTimeValuePoint(absoluteTime=1764414236, value=0.98039216)]]></desc>
					<extensions>
						<ns3:TrackPointExtension>
							<ns3:speed>1.0309278</ns3:speed>
							<ns3:cad>0.0</ns3:cad>
							<ns3:hr>92</ns3:hr>
						</ns3:TrackPointExtension>
					</extensions>
			</trkpt>
			<trkpt lat="47.610104" lon="12.188489">
				<ele>458.0</ele>
				<time>2025-11-29T11:03:56Z</time>
				<desc><![CDATA[CommonTimeValuePoint(absoluteTime=1764414236, value=0.88495576)]]></desc>
					<extensions>
						<ns3:TrackPointExtension>
							<ns3:speed>1.1363636</ns3:speed>
							<ns3:cad>0.0</ns3:cad>
							<ns3:hr>92</ns3:hr>
						</ns3:TrackPointExtension>
					</extensions>
			</trkpt>
			<trkpt lat="47.610153" lon="12.188454">
				<ele>458.0</ele>
				<time>2025-11-29T11:03:56Z</time>
				<desc><![CDATA[CommonTimeValuePoint(absoluteTime=1764414236, value=0.84745765)]]></desc>
					<extensions>
						<ns3:TrackPointExtension>
							<ns3:speed>1.1904762</ns3:speed>
							<ns3:cad>0.0</ns3:cad>
							<ns3:hr>92</ns3:hr>
						</ns3:TrackPointExtension>
					</extensions>
			</trkpt>
			<trkpt lat="47.61017" lon="12.188449">
				<ele>460.0</ele>
				<time>2025-11-29T11:03:56Z</time>
				<desc><![CDATA[CommonTimeValuePoint(absoluteTime=1764414236, value=0.8333333)]]></desc>
					<extensions>
						<ns3:TrackPointExtension>
							<ns3:speed>1.2048193</ns3:speed>
							<ns3:cad>0.0</ns3:cad>
							<ns3:hr>92</ns3:hr>
						</ns3:TrackPointExtension>
					</extensions>
			</trkpt>
			<trkpt lat="47.610203" lon="12.188445">
				<ele>460.0</ele>
				<time>2025-11-29T11:03:59Z</time>
				<desc><![CDATA[CommonTimeValuePoint(absoluteTime=1764414239, value=0.84745765)]]></desc>
					<extensions>
						<ns3:TrackPointExtension>
							<ns3:speed>1.1904762</ns3:speed>
							<ns3:cad>0.0</ns3:cad>
							<ns3:hr>93</ns3:hr>
						</ns3:TrackPointExtension>
					</extensions>
			</trkpt>
			<trkpt lat="47.61025" lon="12.188485">
				<ele>460.0</ele>
				<time>2025-11-29T11:04:05Z</time>
				<desc><![CDATA[CommonTimeValuePoint(absoluteTime=1764414245, value=0.877193)]]></desc>
					<extensions>
						<ns3:TrackPointExtension>
							<ns3:speed>1.1494253</ns3:speed>
							<ns3:cad>0.0</ns3:cad>
							<ns3:hr>90</ns3:hr>
						</ns3:TrackPointExtension>
					</extensions>
			</trkpt>
			<trkpt lat="47.610294" lon="12.18851">
				<ele>460.0</ele>
				<time>2025-11-29T11:04:10Z</time>
				<desc><![CDATA[CommonTimeValuePoint(absoluteTime=1764414250, value=0.877193)]]></desc>
					<extensions>
						<ns3:TrackPointExtension>
							<ns3:speed>1.1494253</ns3:speed>
							<ns3:cad>0.0</ns3:cad>
							<ns3:hr>88</ns3:hr>
						</ns3:TrackPointExtension>
					</extensions>
			</trkpt>
			<trkpt lat="47.61034" lon="12.188529">
				<ele>460.0</ele>
				<time>2025-11-29T11:04:14Z</time>
				<desc><![CDATA[CommonTimeValuePoint(absoluteTime=1764414254, value=0.86956525)]]></desc>
					<extensions>
						<ns3:TrackPointExtension>
							<ns3:speed>1.1627907</ns3:speed>
							<ns3:cad>0.0</ns3:cad>
							<ns3:hr>85</ns3:hr>
						</ns3:TrackPointExtension>
					</extensions>
			</trkpt>
			<trkpt lat="47.610382" lon="12.188556">
				<ele>460.0</ele>
				<time>2025-11-29T11:04:18Z</time>
				<desc><![CDATA[CommonTimeValuePoint(absoluteTime=1764414258, value=0.84745765)]]></desc>
					<extensions>
						<ns3:TrackPointExtension>
							<ns3:speed>1.1904762</ns3:speed>
							<ns3:cad>0.0</ns3:cad>
							<ns3:hr>85</ns3:hr>
						</ns3:TrackPointExtension>
					</extensions>
			</trkpt>
			<trkpt lat="47.61043" lon="12.188581">
				<ele>460.0</ele>
				<time>2025-11-29T11:04:23Z</time>
				<desc><![CDATA[CommonTimeValuePoint(absoluteTime=1764414263, value=0.8196721)]]></desc>
					<extensions>
						<ns3:TrackPointExtension>
							<ns3:speed>1.2345679</ns3:speed>
							<ns3:cad>0.0</ns3:cad>
							<ns3:hr>86</ns3:hr>
						</ns3:TrackPointExtension>
					</extensions>
			</trkpt>
			<trkpt lat="47.61048" lon="12.188607">
				<ele>460.0</ele>
				<time>2025-11-29T11:04:28Z</time>
				<desc><![CDATA[CommonTimeValuePoint(absoluteTime=1764414268, value=0.82644624)]]></desc>
					<extensions>
						<ns3:TrackPointExtension>
							<ns3:speed>1.2195122</ns3:speed>
							<ns3:cad>0.0</ns3:cad>
							<ns3:hr>84</ns3:hr>
						</ns3:TrackPointExtension>
					</extensions>
			</trkpt>
			<trkpt lat="47.61054" lon="12.188635">
				<ele>460.0</ele>
				<time>2025-11-29T11:04:33Z</time>
				<desc><![CDATA[CommonTimeValuePoint(absoluteTime=1764414273, value=0.85470086)]]></desc>
					<extensions>
						<ns3:TrackPointExtension>
							<ns3:speed>1.1904762</ns3:speed>
							<ns3:cad>0.0</ns3:cad>
							<ns3:hr>84</ns3:hr>
						</ns3:TrackPointExtension>
					</extensions>
			</trkpt>
			<trkpt lat="47.610584" lon="12.188657">
				<ele>460.0</ele>
				<time>2025-11-29T11:04:37Z</time>
				<desc><![CDATA[CommonTimeValuePoint(absoluteTime=1764414277, value=0.8333333)]]></desc>
					<extensions>
						<ns3:TrackPointExtension>
							<ns3:speed>1.2048193</ns3:speed>
							<ns3:cad>0.0</ns3:cad>
						</ns3:TrackPointExtension>
					</extensions>
			</trkpt>
			<trkpt lat="47.610638" lon="12.188682">
				<ele>460.0</ele>
				<time>2025-11-29T11:04:42Z</time>
				<desc><![CDATA[CommonTimeValuePoint(absoluteTime=1764414282, value=0.8064516)]]></desc>
					<extensions>
						<ns3:TrackPointExtension>
							<ns3:speed>1.25</ns3:speed>
							<ns3:cad>0.0</ns3:cad>
							<ns3:hr>82</ns3:hr>
						</ns3:TrackPointExtension>
					</extensions>
			</trkpt>
			<trkpt lat="47.610683" lon="12.188707">
				<ele>460.0</ele>
				<time>2025-11-29T11:04:47Z</time>
				<desc><![CDATA[CommonTimeValuePoint(absoluteTime=1764414287, value=0.8130081)]]></desc>
					<extensions>
						<ns3:TrackPointExtension>
							<ns3:speed>1.2345679</ns3:speed>
							<ns3:cad>0.0</ns3:cad>
							<ns3:hr>82</ns3:hr>
						</ns3:TrackPointExtension>
					</extensions>
			</trkpt>
			<trkpt lat="47.610733" lon="12.188737">
				<ele>460.0</ele>
				<time>2025-11-29T11:04:52Z</time>
				<desc><![CDATA[CommonTimeValuePoint(absoluteTime=1764414292, value=0.85470086)]]></desc>
					<extensions>
						<ns3:TrackPointExtension>
							<ns3:speed>1.1764705</ns3:speed>
							<ns3:cad>0.0</ns3:cad>
							<ns3:hr>82</ns3:hr>
						</ns3:TrackPointExtension>
					</extensions>
			</trkpt>
			<trkpt lat="47.610786" lon="12.188757">
				<ele>460.0</ele>
				<time>2025-11-29T11:04:57Z</time>
				<desc><![CDATA[CommonTimeValuePoint(absoluteTime=1764414297, value=0.86956525)]]></desc>
					<extensions>
						<ns3:TrackPointExtension>
							<ns3:speed>1.1627907</ns3:speed>
							<ns3:cad>0.0</ns3:cad>
							<ns3:hr>82</ns3:hr>
						</ns3:TrackPointExtension>
					</extensions>
			</trkpt>
			<trkpt lat="47.61083" lon="12.188779">
				<ele>460.0</ele>
				<time>2025-11-29T11:05:02Z</time>
				<desc><![CDATA[CommonTimeValuePoint(absoluteTime=1764414302, value=0.862069)]]></desc>
					<extensions>
						<ns3:TrackPointExtension>
							<ns3:speed>1.1627907</ns3:speed>
							<ns3:cad>0.0</ns3:cad>
						</ns3:TrackPointExtension>
					</extensions>
			</trkpt>
			<trkpt lat="47.610874" lon="12.188802">
				<ele>460.0</ele>
				<time>2025-11-29T11:05:06Z</time>
				<desc><![CDATA[CommonTimeValuePoint(absoluteTime=1764414306, value=0.862069)]]></desc>
					<extensions>
						<ns3:TrackPointExtension>
							<ns3:speed>1.1627907</ns3:speed>
							<ns3:cad>0.0</ns3:cad>
							<ns3:hr>83</ns3:hr>
						</ns3:TrackPointExtension>
					</extensions>
			</trkpt>
			<trkpt lat="47.610924" lon="12.188815">
				<ele>460.0</ele>
				<time>2025-11-29T11:05:11Z</time>
				<desc><![CDATA[CommonTimeValuePoint(absoluteTime=1764414311, value=0.862069)]]></desc>
					<extensions>
						<ns3:TrackPointExtension>
							<ns3:speed>1.1764705</ns3:speed>
							<ns3:cad>0.0</ns3:cad>
							<ns3:hr>82</ns3:hr>
						</ns3:TrackPointExtension>
					</extensions>
			</trkpt>
			<trkpt lat="47.61097" lon="12.188822">
				<ele>460.0</ele>
				<time>2025-11-29T11:05:16Z</time>
				<desc><![CDATA[CommonTimeValuePoint(absoluteTime=1764414316, value=0.84745765)]]></desc>
					<extensions>
						<ns3:TrackPointExtension>
							<ns3:speed>1.1904762</ns3:speed>
							<ns3:cad>0.0</ns3:cad>
							<ns3:hr>83</ns3:hr>
						</ns3:TrackPointExtension>
					</extensions>
			</trkpt>
			<trkpt lat="47.61102" lon="12.188844">
				<ele>460.0</ele>
				<time>2025-11-29T11:05:21Z</time>
				<desc><![CDATA[CommonTimeValuePoint(absoluteTime=1764414321, value=0.85470086)]]></desc>
					<extensions>
						<ns3:TrackPointExtension>
							<ns3:speed>1.1904762</ns3:speed>
							<ns3:cad>0.0</ns3:cad>
							<ns3:hr>84</ns3:hr>
						</ns3:TrackPointExtension>
					</extensions>
			</trkpt>
			<trkpt lat="47.611073" lon="12.188861">
				<ele>460.0</ele>
				<time>2025-11-29T11:05:26Z</time>
				<desc><![CDATA[CommonTimeValuePoint(absoluteTime=1764414326, value=0.86956525)]]></desc>
					<extensions>
						<ns3:TrackPointExtension>
							<ns3:speed>1.1627907</ns3:speed>
							<ns3:cad>0.0</ns3:cad>
							<ns3:hr>82</ns3:hr>
						</ns3:TrackPointExtension>
					</extensions>
			</trkpt>
			<trkpt lat="47.61112" lon="12.188877">
				<ele>460.0</ele>
				<time>2025-11-29T11:05:30Z</time>
				<desc><![CDATA[CommonTimeValuePoint(absoluteTime=1764414330, value=0.877193)]]></desc>
					<extensions>
						<ns3:TrackPointExtension>
							<ns3:speed>1.1494253</ns3:speed>
							<ns3:cad>0.0</ns3:cad>
							<ns3:hr>83</ns3:hr>
						</ns3:TrackPointExtension>
					</extensions>
			</trkpt>
			<trkpt lat="47.61116" lon="12.188897">
				<ele>460.0</ele>
				<time>2025-11-29T11:05:35Z</time>
				<desc><![CDATA[CommonTimeValuePoint(absoluteTime=1764414335, value=0.862069)]]></desc>
					<extensions>
						<ns3:TrackPointExtension>
							<ns3:speed>1.1764705</ns3:speed>
							<ns3:cad>0.0</ns3:cad>
						</ns3:TrackPointExtension>
					</extensions>
			</trkpt>
			<trkpt lat="47.61121" lon="12.188917">
				<ele>460.0</ele>
				<time>2025-11-29T11:05:41Z</time>
				<desc><![CDATA[CommonTimeValuePoint(absoluteTime=1764414341, value=0.877193)]]></desc>
					<extensions>
						<ns3:TrackPointExtension>
							<ns3:speed>1.1494253</ns3:speed>
							<ns3:cad>0.0</ns3:cad>
							<ns3:hr>81</ns3:hr>
						</ns3:TrackPointExtension>
					</extensions>
			</trkpt>
			<trkpt lat="47.61126" lon="12.188937">
				<ele>460.0</ele>
				<time>2025-11-29T11:05:46Z</time>
				<desc><![CDATA[CommonTimeValuePoint(absoluteTime=1764414346, value=0.952381)]]></desc>
					<extensions>
						<ns3:TrackPointExtension>
							<ns3:speed>1.0526316</ns3:speed>
							<ns3:cad>0.0</ns3:cad>
							<ns3:hr>81</ns3:hr>
						</ns3:TrackPointExtension>
					</extensions>
			</trkpt>
			<trkpt lat="47.611313" lon="12.188956">
				<ele>460.0</ele>
				<time>2025-11-29T11:05:51Z</time>
				<desc><![CDATA[CommonTimeValuePoint(absoluteTime=1764414351, value=0.9345794)]]></desc>
					<extensions>
						<ns3:TrackPointExtension>
							<ns3:speed>1.0752689</ns3:speed>
							<ns3:cad>0.0</ns3:cad>
						</ns3:TrackPointExtension>
					</extensions>
			</trkpt>
			<trkpt lat="47.61136" lon="12.188955">
				<ele>461.0</ele>
				<time>2025-11-29T11:05:57Z</time>
				<desc><![CDATA[CommonTimeValuePoint(absoluteTime=1764414357, value=1.369863)]]></desc>
					<extensions>
						<ns3:TrackPointExtension>
							<ns3:speed>0.7352941</ns3:speed>
							<ns3:cad>0.0</ns3:cad>
							<ns3:hr>81</ns3:hr>
						</ns3:TrackPointExtension>
					</extensions>
			</trkpt>
			<trkpt lat="47.61141" lon="12.18897">
				<ele>461.0</ele>
				<time>2025-11-29T11:06:01Z</time>
				<desc><![CDATA[CommonTimeValuePoint(absoluteTime=1764414361, value=1.0309278)]]></desc>
					<extensions>
						<ns3:TrackPointExtension>
							<ns3:speed>0.98039216</ns3:speed>
							<ns3:cad>0.0</ns3:cad>
							<ns3:hr>79</ns3:hr>
						</ns3:TrackPointExtension>
					</extensions>
			</trkpt>
			<trkpt lat="47.611458" lon="12.188982">
				<ele>461.0</ele>
				<time>2025-11-29T11:06:05Z</time>
				<desc><![CDATA[CommonTimeValuePoint(absoluteTime=1764414365, value=0.9615385)]]></desc>
					<extensions>
						<ns3:TrackPointExtension>
							<ns3:speed>1.0526316</ns3:speed>
							<ns3:cad>0.0</ns3:cad>
						</ns3:TrackPointExtension>
					</extensions>
			</trkpt>
			<trkpt lat="47.61151" lon="12.189001">
				<ele>461.0</ele>
				<time>2025-11-29T11:06:10Z</time>
				<desc><![CDATA[CommonTimeValuePoint(absoluteTime=1764414370, value=0.952381)]]></desc>
					<extensions>
						<ns3:TrackPointExtension>
							<ns3:speed>1.0526316</ns3:speed>
							<ns3:cad>0.0</ns3:cad>
						</ns3:TrackPointExtension>
					</extensions>
			</trkpt>
			<trkpt lat="47.611557" lon="12.189012">
				<ele>461.0</ele>
				<time>2025-11-29T11:06:16Z</time>
				<desc><![CDATA[CommonTimeValuePoint(absoluteTime=1764414376, value=0.990099)]]></desc>
					<extensions>
						<ns3:TrackPointExtension>
							<ns3:speed>1.0204082</ns3:speed>
							<ns3:cad>0.0</ns3:cad>
							<ns3:hr>82</ns3:hr>
						</ns3:TrackPointExtension>
					</extensions>
			</trkpt>
			<trkpt lat="47.611607" lon="12.189027">
				<ele>461.0</ele>
				<time>2025-11-29T11:06:19Z</time>
				<desc><![CDATA[CommonTimeValuePoint(absoluteTime=1764414379, value=1.010101)]]></desc>
					<extensions>
						<ns3:TrackPointExtension>
							<ns3:speed>1.0</ns3:speed>
							<ns3:cad>0.0</ns3:cad>
							<ns3:hr>82</ns3:hr>
						</ns3:TrackPointExtension>
					</extensions>
			</trkpt>
			<trkpt lat="47.61166" lon="12.189038">
				<ele>461.0</ele>
				<time>2025-11-29T11:06:24Z</time>
				<desc><![CDATA[CommonTimeValuePoint(absoluteTime=1764414384, value=1.010101)]]></desc>
					<extensions>
						<ns3:TrackPointExtension>
							<ns3:speed>1.0</ns3:speed>
							<ns3:cad>0.0</ns3:cad>
							<ns3:hr>82</ns3:hr>
						</ns3:TrackPointExtension>
					</extensions>
			</trkpt>
			<trkpt lat="47.611702" lon="12.189046">
				<ele>461.0</ele>
				<time>2025-11-29T11:06:28Z</time>
				<desc><![CDATA[CommonTimeValuePoint(absoluteTime=1764414388, value=0.9259259)]]></desc>
					<extensions>
						<ns3:TrackPointExtension>
							<ns3:speed>1.0869565</ns3:speed>
							<ns3:cad>0.0</ns3:cad>
							<ns3:hr>81</ns3:hr>
						</ns3:TrackPointExtension>
					</extensions>
			</trkpt>
			<trkpt lat="47.611755" lon="12.189055">
				<ele>461.0</ele>
				<time>2025-11-29T11:06:32Z</time>
				<desc><![CDATA[CommonTimeValuePoint(absoluteTime=1764414392, value=0.86956525)]]></desc>
					<extensions>
						<ns3:TrackPointExtension>
							<ns3:speed>1.1627907</ns3:speed>
							<ns3:cad>0.0</ns3:cad>
						</ns3:TrackPointExtension>
					</extensions>
			</trkpt>
			<trkpt lat="47.611805" lon="12.189056">
				<ele>462.0</ele>
				<time>2025-11-29T11:06:36Z</time>
				<desc><![CDATA[CommonTimeValuePoint(absoluteTime=1764414396, value=0.82644624)]]></desc>
					<extensions>
						<ns3:TrackPointExtension>
							<ns3:speed>1.2195122</ns3:speed>
							<ns3:cad>0.0</ns3:cad>
							<ns3:hr>81</ns3:hr>
						</ns3:TrackPointExtension>
					</extensions>
			</trkpt>
			<trkpt lat="47.611847" lon="12.189058">
				<ele>462.0</ele>
				<time>2025-11-29T11:06:39Z</time>
				<desc><![CDATA[CommonTimeValuePoint(absoluteTime=1764414399, value=0.8130081)]]></desc>
					<extensions>
						<ns3:TrackPointExtension>
							<ns3:speed>1.2345679</ns3:speed>
							<ns3:cad>0.0</ns3:cad>
							<ns3:hr>83</ns3:hr>
						</ns3:TrackPointExtension>
					</extensions>
			</trkpt>
			<trkpt lat="47.611897" lon="12.189064">
				<ele>462.0</ele>
				<time>2025-11-29T11:06:43Z</time>
				<desc><![CDATA[CommonTimeValuePoint(absoluteTime=1764414403, value=0.7936508)]]></desc>
					<extensions>
						<ns3:TrackPointExtension>
							<ns3:speed>1.2658228</ns3:speed>
							<ns3:cad>0.0</ns3:cad>
						</ns3:TrackPointExtension>
					</extensions>
			</trkpt>
			<trkpt lat="47.61195" lon="12.189071">
				<ele>462.0</ele>
				<time>2025-11-29T11:06:48Z</time>
				<desc><![CDATA[CommonTimeValuePoint(absoluteTime=1764414408, value=0.78740156)]]></desc>
					<extensions>
						<ns3:TrackPointExtension>
							<ns3:speed>1.2820513</ns3:speed>
							<ns3:cad>0.0</ns3:cad>
							<ns3:hr>84</ns3:hr>
						</ns3:TrackPointExtension>
					</extensions>
			</trkpt>
			<trkpt lat="47.612" lon="12.189075">
				<ele>462.0</ele>
				<time>2025-11-29T11:06:53Z</time>
				<desc><![CDATA[CommonTimeValuePoint(absoluteTime=1764414413, value=0.7936508)]]></desc>
					<extensions>
						<ns3:TrackPointExtension>
							<ns3:speed>1.2820513</ns3:speed>
							<ns3:cad>0.0</ns3:cad>
						</ns3:TrackPointExtension>
					</extensions>
			</trkpt>
			<trkpt lat="47.612053" lon="12.189072">
				<ele>462.0</ele>
				<time>2025-11-29T11:06:58Z</time>
				<desc><![CDATA[CommonTimeValuePoint(absoluteTime=1764414418, value=0.84745765)]]></desc>
					<extensions>
						<ns3:TrackPointExtension>
							<ns3:speed>1.1904762</ns3:speed>
							<ns3:cad>0.0</ns3:cad>
						</ns3:TrackPointExtension>
					</extensions>
			</trkpt>
			<trkpt lat="47.612106" lon="12.189075">
				<ele>462.0</ele>
				<time>2025-11-29T11:07:01Z</time>
				<desc><![CDATA[CommonTimeValuePoint(absoluteTime=1764414421, value=0.8403361)]]></desc>
					<extensions>
						<ns3:TrackPointExtension>
							<ns3:speed>1.2048193</ns3:speed>
							<ns3:cad>0.0</ns3:cad>
							<ns3:hr>82</ns3:hr>
						</ns3:TrackPointExtension>
					</extensions>
			</trkpt>
			<trkpt lat="47.61216" lon="12.189082">
				<ele>462.0</ele>
				<time>2025-11-29T11:07:05Z</time>
				<desc><![CDATA[CommonTimeValuePoint(absoluteTime=1764414425, value=0.7936508)]]></desc>
					<extensions>
						<ns3:TrackPointExtension>
							<ns3:speed>1.2658228</ns3:speed>
							<ns3:cad>0.0</ns3:cad>
							<ns3:hr>83</ns3:hr>
						</ns3:TrackPointExtension>
					</extensions>
			</trkpt>
			<trkpt lat="47.61221" lon="12.189089">
				<ele>462.0</ele>
				<time>2025-11-29T11:07:09Z</time>
				<desc><![CDATA[CommonTimeValuePoint(absoluteTime=1764414429, value=0.7692308)]]></desc>
					<extensions>
						<ns3:TrackPointExtension>
							<ns3:speed>1.3157895</ns3:speed>
							<ns3:cad>0.0</ns3:cad>
							<ns3:hr>80</ns3:hr>
						</ns3:TrackPointExtension>
					</extensions>
			</trkpt>
			<trkpt lat="47.612263" lon="12.189092">
				<ele>462.0</ele>
				<time>2025-11-29T11:07:13Z</time>
				<desc><![CDATA[CommonTimeValuePoint(absoluteTime=1764414433, value=0.7518797)]]></desc>
					<extensions>
						<ns3:TrackPointExtension>
							<ns3:speed>1.3513514</ns3:speed>
							<ns3:cad>0.0</ns3:cad>
							<ns3:hr>78</ns3:hr>
						</ns3:TrackPointExtension>
					</extensions>
			</trkpt>
			<trkpt lat="47.612312" lon="12.189092">
				<ele>462.0</ele>
				<time>2025-11-29T11:07:17Z</time>
				<desc><![CDATA[CommonTimeValuePoint(absoluteTime=1764414437, value=0.75757575)]]></desc>
					<extensions>
						<ns3:TrackPointExtension>
							<ns3:speed>1.3333334</ns3:speed>
							<ns3:cad>0.0</ns3:cad>
							<ns3:hr>79</ns3:hr>
						</ns3:TrackPointExtension>
					</extensions>
			</trkpt>
			<trkpt lat="47.61237" lon="12.189092">
				<ele>462.0</ele>
				<time>2025-11-29T11:07:22Z</time>
				<desc><![CDATA[CommonTimeValuePoint(absoluteTime=1764414442, value=0.78740156)]]></desc>
					<extensions>
						<ns3:TrackPointExtension>
							<ns3:speed>1.2820513</ns3:speed>
							<ns3:cad>0.0</ns3:cad>
						</ns3:TrackPointExtension>
					</extensions>
			</trkpt>
			<trkpt lat="47.612423" lon="12.189091">
				<ele>462.0</ele>
				<time>2025-11-29T11:07:26Z</time>
				<desc><![CDATA[CommonTimeValuePoint(absoluteTime=1764414446, value=0.8064516)]]></desc>
					<extensions>
						<ns3:TrackPointExtension>
							<ns3:speed>1.25</ns3:speed>
							<ns3:cad>0.0</ns3:cad>
							<ns3:hr>77</ns3:hr>
						</ns3:TrackPointExtension>
					</extensions>
			</trkpt>
			<trkpt lat="47.612473" lon="12.18909">
				<ele>462.0</ele>
				<time>2025-11-29T11:07:31Z</time>
				<desc><![CDATA[CommonTimeValuePoint(absoluteTime=1764414451, value=0.8064516)]]></desc>
					<extensions>
						<ns3:TrackPointExtension>
							<ns3:speed>1.25</ns3:speed>
							<ns3:cad>0.0</ns3:cad>
						</ns3:TrackPointExtension>
					</extensions>
			</trkpt>
			<trkpt lat="47.612522" lon="12.189086">
				<ele>462.0</ele>
				<time>2025-11-29T11:07:34Z</time>
				<desc><![CDATA[CommonTimeValuePoint(absoluteTime=1764414454, value=0.8)]]></desc>
					<extensions>
						<ns3:TrackPointExtension>
							<ns3:speed>1.2658228</ns3:speed>
							<ns3:cad>0.0</ns3:cad>
							<ns3:hr>75</ns3:hr>
						</ns3:TrackPointExtension>
					</extensions>
			</trkpt>
			<trkpt lat="47.61257" lon="12.189078">
				<ele>462.0</ele>
				<time>2025-11-29T11:07:38Z</time>
				<desc><![CDATA[CommonTimeValuePoint(absoluteTime=1764414458, value=0.8)]]></desc>
					<extensions>
						<ns3:TrackPointExtension>
							<ns3:speed>1.2658228</ns3:speed>
							<ns3:cad>0.0</ns3:cad>
						</ns3:TrackPointExtension>
					</extensions>
			</trkpt>
			<trkpt lat="47.612625" lon="12.189071">
				<ele>462.0</ele>
				<time>2025-11-29T11:07:43Z</time>
				<desc><![CDATA[CommonTimeValuePoint(absoluteTime=1764414463, value=0.8130081)]]></desc>
					<extensions>
						<ns3:TrackPointExtension>
							<ns3:speed>1.2345679</ns3:speed>
							<ns3:cad>0.0</ns3:cad>
							<ns3:hr>76</ns3:hr>
						</ns3:TrackPointExtension>
					</extensions>
			</trkpt>
			<trkpt lat="47.612675" lon="12.189063">
				<ele>462.0</ele>
				<time>2025-11-29T11:07:47Z</time>
				<desc><![CDATA[CommonTimeValuePoint(absoluteTime=1764414467, value=0.8)]]></desc>
					<extensions>
						<ns3:TrackPointExtension>
							<ns3:speed>1.2658228</ns3:speed>
							<ns3:cad>0.0</ns3:cad>
						</ns3:TrackPointExtension>
					</extensions>
			</trkpt>
			<trkpt lat="47.612717" lon="12.189056">
				<ele>462.0</ele>
				<time>2025-11-29T11:07:51Z</time>
				<desc><![CDATA[CommonTimeValuePoint(absoluteTime=1764414471, value=0.78740156)]]></desc>
					<extensions>
						<ns3:TrackPointExtension>
							<ns3:speed>1.2820513</ns3:speed>
							<ns3:cad>0.0</ns3:cad>
							<ns3:hr>76</ns3:hr>
						</ns3:TrackPointExtension>
					</extensions>
			</trkpt>
			<trkpt lat="47.612766" lon="12.189051">
				<ele>462.0</ele>
				<time>2025-11-29T11:07:56Z</time>
				<desc><![CDATA[CommonTimeValuePoint(absoluteTime=1764414476, value=0.78740156)]]></desc>
					<extensions>
						<ns3:TrackPointExtension>
							<ns3:speed>1.2820513</ns3:speed>
							<ns3:cad>0.0</ns3:cad>
						</ns3:TrackPointExtension>
					</extensions>
			</trkpt>
			<trkpt lat="47.612812" lon="12.189035">
				<ele>462.0</ele>
				<time>2025-11-29T11:08:04Z</time>
				<desc><![CDATA[CommonTimeValuePoint(absoluteTime=1764414484, value=1.8)]]></desc>
					<extensions>
						<ns3:TrackPointExtension>
							<ns3:speed>0.5555556</ns3:speed>
							<ns3:cad>0.0</ns3:cad>
							<ns3:hr>80</ns3:hr>
						</ns3:TrackPointExtension>
					</extensions>
			</trkpt>
			<trkpt lat="47.612835" lon="12.188963">
				<ele>462.0</ele>
				<time>2025-11-29T11:08:18Z</time>
				<desc><![CDATA[CommonTimeValuePoint(absoluteTime=1764414498, value=1.8)]]></desc>
					<extensions>
						<ns3:TrackPointExtension>
							<ns3:speed>0.5555556</ns3:speed>
							<ns3:cad>0.0</ns3:cad>
							<ns3:hr>81</ns3:hr>
						</ns3:TrackPointExtension>
					</extensions>
			</trkpt>
			<trkpt lat="47.612858" lon="12.1889">
				<ele>461.0</ele>
				<time>2025-11-29T11:08:23Z</time>
				<desc><![CDATA[CommonTimeValuePoint(absoluteTime=1764414503, value=1.0752689)]]></desc>
					<extensions>
						<ns3:TrackPointExtension>
							<ns3:speed>0.9433963</ns3:speed>
							<ns3:cad>0.0</ns3:cad>
							<ns3:hr>79</ns3:hr>
						</ns3:TrackPointExtension>
					</extensions>
			</trkpt>
			<trkpt lat="47.61291" lon="12.188878">
				<ele>461.0</ele>
				<time>2025-11-29T11:08:28Z</time>
				<desc><![CDATA[CommonTimeValuePoint(absoluteTime=1764414508, value=0.88495576)]]></desc>
					<extensions>
						<ns3:TrackPointExtension>
							<ns3:speed>1.1363636</ns3:speed>
							<ns3:cad>0.0</ns3:cad>
							<ns3:hr>82</ns3:hr>
						</ns3:TrackPointExtension>
					</extensions>
			</trkpt>
			<trkpt lat="47.612957" lon="12.188871">
				<ele>461.0</ele>
				<time>2025-11-29T11:08:32Z</time>
				<desc><![CDATA[CommonTimeValuePoint(absoluteTime=1764414512, value=0.78740156)]]></desc>
					<extensions>
						<ns3:TrackPointExtension>
							<ns3:speed>1.2820513</ns3:speed>
							<ns3:cad>0.0</ns3:cad>
						</ns3:TrackPointExtension>
					</extensions>
			</trkpt>
			<trkpt lat="47.613007" lon="12.188858">
				<ele>461.0</ele>
				<time>2025-11-29T11:08:36Z</time>
				<desc><![CDATA[CommonTimeValuePoint(absoluteTime=1764414516, value=0.76335883)]]></desc>
					<extensions>
						<ns3:TrackPointExtension>
							<ns3:speed>1.3157895</ns3:speed>
							<ns3:cad>0.0</ns3:cad>
							<ns3:hr>80</ns3:hr>
						</ns3:TrackPointExtension>
					</extensions>
			</trkpt>
			<trkpt lat="47.613056" lon="12.188845">
				<ele>461.0</ele>
				<time>2025-11-29T11:08:41Z</time>
				<desc><![CDATA[CommonTimeValuePoint(absoluteTime=1764414521, value=0.7518797)]]></desc>
					<extensions>
						<ns3:TrackPointExtension>
							<ns3:speed>1.3513514</ns3:speed>
							<ns3:cad>0.0</ns3:cad>
							<ns3:hr>92</ns3:hr>
						</ns3:TrackPointExtension>
					</extensions>
			</trkpt>
			<trkpt lat="47.613102" lon="12.188837">
				<ele>461.0</ele>
				<time>2025-11-29T11:08:44Z</time>
				<desc><![CDATA[CommonTimeValuePoint(absoluteTime=1764414524, value=0.7518797)]]></desc>
					<extensions>
						<ns3:TrackPointExtension>
							<ns3:speed>1.3513514</ns3:speed>
							<ns3:cad>0.0</ns3:cad>
							<ns3:hr>88</ns3:hr>
						</ns3:TrackPointExtension>
					</extensions>
			</trkpt>
			<trkpt lat="47.613155" lon="12.188829">
				<ele>461.0</ele>
				<time>2025-11-29T11:08:49Z</time>
				<desc><![CDATA[CommonTimeValuePoint(absoluteTime=1764414529, value=0.76335883)]]></desc>
					<extensions>
						<ns3:TrackPointExtension>
							<ns3:speed>1.3333334</ns3:speed>
							<ns3:cad>0.0</ns3:cad>
							<ns3:hr>92</ns3:hr>
						</ns3:TrackPointExtension>
					</extensions>
			</trkpt>
			<trkpt lat="47.613205" lon="12.188842">
				<ele>461.0</ele>
				<time>2025-11-29T11:08:53Z</time>
				<desc><![CDATA[CommonTimeValuePoint(absoluteTime=1764414533, value=0.7692308)]]></desc>
					<extensions>
						<ns3:TrackPointExtension>
							<ns3:speed>1.3157895</ns3:speed>
							<ns3:cad>0.0</ns3:cad>
							<ns3:hr>90</ns3:hr>
						</ns3:TrackPointExtension>
					</extensions>
			</trkpt>
			<trkpt lat="47.613255" lon="12.188838">
				<ele>461.0</ele>
				<time>2025-11-29T11:08:57Z</time>
				<desc><![CDATA[CommonTimeValuePoint(absoluteTime=1764414537, value=0.7692308)]]></desc>
					<extensions>
						<ns3:TrackPointExtension>
							<ns3:speed>1.3157895</ns3:speed>
							<ns3:cad>0.0</ns3:cad>
							<ns3:hr>91</ns3:hr>
						</ns3:TrackPointExtension>
					</extensions>
			</trkpt>
			<trkpt lat="47.613308" lon="12.188824">
				<ele>462.0</ele>
				<time>2025-11-29T11:09:03Z</time>
				<desc><![CDATA[CommonTimeValuePoint(absoluteTime=1764414543, value=0.7692308)]]></desc>
					<extensions>
						<ns3:TrackPointExtension>
							<ns3:speed>1.3157895</ns3:speed>
							<ns3:cad>0.0</ns3:cad>
							<ns3:hr>93</ns3:hr>
						</ns3:TrackPointExtension>
					</extensions>
			</trkpt>
			<trkpt lat="47.61335" lon="12.188798">
				<ele>462.0</ele>
				<time>2025-11-29T11:09:06Z</time>
				<desc><![CDATA[CommonTimeValuePoint(absoluteTime=1764414546, value=0.78125)]]></desc>
					<extensions>
						<ns3:TrackPointExtension>
							<ns3:speed>1.2987013</ns3:speed>
							<ns3:cad>0.0</ns3:cad>
						</ns3:TrackPointExtension>
					</extensions>
			</trkpt>
			<trkpt lat="47.613396" lon="12.188776">
				<ele>462.0</ele>
				<time>2025-11-29T11:09:10Z</time>
				<desc><![CDATA[CommonTimeValuePoint(absoluteTime=1764414550, value=0.76335883)]]></desc>
					<extensions>
						<ns3:TrackPointExtension>
							<ns3:speed>1.3157895</ns3:speed>
							<ns3:cad>0.0</ns3:cad>
							<ns3:hr>93</ns3:hr>
						</ns3:TrackPointExtension>
					</extensions>
			</trkpt>
			<trkpt lat="47.613445" lon="12.188766">
				<ele>462.0</ele>
				<time>2025-11-29T11:09:14Z</time>
				<desc><![CDATA[CommonTimeValuePoint(absoluteTime=1764414554, value=0.75757575)]]></desc>
					<extensions>
						<ns3:TrackPointExtension>
							<ns3:speed>1.3333334</ns3:speed>
							<ns3:cad>0.0</ns3:cad>
							<ns3:hr>93</ns3:hr>
						</ns3:TrackPointExtension>
					</extensions>
			</trkpt>
			<trkpt lat="47.61349" lon="12.188756">
				<ele>462.0</ele>
				<time>2025-11-29T11:09:18Z</time>
				<desc><![CDATA[CommonTimeValuePoint(absoluteTime=1764414558, value=0.7518797)]]></desc>
					<extensions>
						<ns3:TrackPointExtension>
							<ns3:speed>1.3333334</ns3:speed>
							<ns3:cad>0.0</ns3:cad>
						</ns3:TrackPointExtension>
					</extensions>
			</trkpt>
			<trkpt lat="47.613537" lon="12.1887455">
				<ele>462.0</ele>
				<time>2025-11-29T11:09:22Z</time>
				<desc><![CDATA[CommonTimeValuePoint(absoluteTime=1764414562, value=0.7518797)]]></desc>
					<extensions>
						<ns3:TrackPointExtension>
							<ns3:speed>1.3333334</ns3:speed>
							<ns3:cad>0.0</ns3:cad>
							<ns3:hr>91</ns3:hr>
						</ns3:TrackPointExtension>
					</extensions>
			</trkpt>
			<trkpt lat="47.613586" lon="12.188737">
				<ele>462.0</ele>
				<time>2025-11-29T11:09:26Z</time>
				<desc><![CDATA[CommonTimeValuePoint(absoluteTime=1764414566, value=0.7518797)]]></desc>
					<extensions>
						<ns3:TrackPointExtension>
							<ns3:speed>1.3333334</ns3:speed>
							<ns3:cad>0.0</ns3:cad>
							<ns3:hr>90</ns3:hr>
						</ns3:TrackPointExtension>
					</extensions>
			</trkpt>
			<trkpt lat="47.613636" lon="12.1887245">
				<ele>462.0</ele>
				<time>2025-11-29T11:09:30Z</time>
				<desc><![CDATA[CommonTimeValuePoint(absoluteTime=1764414570, value=0.7518797)]]></desc>
					<extensions>
						<ns3:TrackPointExtension>
							<ns3:speed>1.3333334</ns3:speed>
							<ns3:cad>0.0</ns3:cad>
							<ns3:hr>89</ns3:hr>
						</ns3:TrackPointExtension>
					</extensions>
			</trkpt>
			<trkpt lat="47.613678" lon="12.188708">
				<ele>462.0</ele>
				<time>2025-11-29T11:09:34Z</time>
				<desc><![CDATA[CommonTimeValuePoint(absoluteTime=1764414574, value=0.75757575)]]></desc>
					<extensions>
						<ns3:TrackPointExtension>
							<ns3:speed>1.3333334</ns3:speed>
							<ns3:cad>0.0</ns3:cad>
							<ns3:hr>88</ns3:hr>
						</ns3:TrackPointExtension>
					</extensions>
			</trkpt>
			<trkpt lat="47.613735" lon="12.188692">
				<ele>462.0</ele>
				<time>2025-11-29T11:09:39Z</time>
				<desc><![CDATA[CommonTimeValuePoint(absoluteTime=1764414579, value=0.7751938)]]></desc>
					<extensions>
						<ns3:TrackPointExtension>
							<ns3:speed>1.2987013</ns3:speed>
							<ns3:cad>0.0</ns3:cad>
							<ns3:hr>86</ns3:hr>
						</ns3:TrackPointExtension>
					</extensions>
			</trkpt>
			<trkpt lat="47.61378" lon="12.18868">
				<ele>462.0</ele>
				<time>2025-11-29T11:09:43Z</time>
				<desc><![CDATA[CommonTimeValuePoint(absoluteTime=1764414583, value=0.7751938)]]></desc>
					<extensions>
						<ns3:TrackPointExtension>
							<ns3:speed>1.2987013</ns3:speed>
							<ns3:cad>0.0</ns3:cad>
							<ns3:hr>88</ns3:hr>
						</ns3:TrackPointExtension>
					</extensions>
			</trkpt>
			<trkpt lat="47.613827" lon="12.188666">
				<ele>462.0</ele>
				<time>2025-11-29T11:09:47Z</time>
				<desc><![CDATA[CommonTimeValuePoint(absoluteTime=1764414587, value=0.76335883)]]></desc>
					<extensions>
						<ns3:TrackPointExtension>
							<ns3:speed>1.3157895</ns3:speed>
							<ns3:cad>0.0</ns3:cad>
							<ns3:hr>91</ns3:hr>
						</ns3:TrackPointExtension>
					</extensions>
			</trkpt>
			<trkpt lat="47.613873" lon="12.188654">
				<ele>462.0</ele>
				<time>2025-11-29T11:09:51Z</time>
				<desc><![CDATA[CommonTimeValuePoint(absoluteTime=1764414591, value=0.74626863)]]></desc>
					<extensions>
						<ns3:TrackPointExtension>
							<ns3:speed>1.3513514</ns3:speed>
							<ns3:cad>0.0</ns3:cad>
							<ns3:hr>99</ns3:hr>
						</ns3:TrackPointExtension>
					</extensions>
			</trkpt>
			<trkpt lat="47.613926" lon="12.188639">
				<ele>462.0</ele>
				<time>2025-11-29T11:09:56Z</time>
				<desc><![CDATA[CommonTimeValuePoint(absoluteTime=1764414596, value=0.7692308)]]></desc>
					<extensions>
						<ns3:TrackPointExtension>
							<ns3:speed>1.3157895</ns3:speed>
							<ns3:cad>0.0</ns3:cad>
						</ns3:TrackPointExtension>
					</extensions>
			</trkpt>
			<trkpt lat="47.61397" lon="12.188623">
				<ele>462.0</ele>
				<time>2025-11-29T11:10:00Z</time>
				<desc><![CDATA[CommonTimeValuePoint(absoluteTime=1764414600, value=0.78740156)]]></desc>
					<extensions>
						<ns3:TrackPointExtension>
							<ns3:speed>1.2820513</ns3:speed>
							<ns3:cad>0.0</ns3:cad>
						</ns3:TrackPointExtension>
					</extensions>
			</trkpt>
			<trkpt lat="47.61402" lon="12.188623">
				<ele>462.0</ele>
				<time>2025-11-29T11:10:04Z</time>
				<desc><![CDATA[CommonTimeValuePoint(absoluteTime=1764414604, value=0.78740156)]]></desc>
					<extensions>
						<ns3:TrackPointExtension>
							<ns3:speed>1.2820513</ns3:speed>
							<ns3:cad>0.0</ns3:cad>
							<ns3:hr>95</ns3:hr>
						</ns3:TrackPointExtension>
					</extensions>
			</trkpt>
			<trkpt lat="47.61407" lon="12.188612">
				<ele>462.0</ele>
				<time>2025-11-29T11:10:08Z</time>
				<desc><![CDATA[CommonTimeValuePoint(absoluteTime=1764414608, value=0.76335883)]]></desc>
					<extensions>
						<ns3:TrackPointExtension>
							<ns3:speed>1.3157895</ns3:speed>
							<ns3:cad>0.0</ns3:cad>
							<ns3:hr>94</ns3:hr>
						</ns3:TrackPointExtension>
					</extensions>
			</trkpt>
			<trkpt lat="47.614117" lon="12.188597">
				<ele>462.0</ele>
				<time>2025-11-29T11:10:12Z</time>
				<desc><![CDATA[CommonTimeValuePoint(absoluteTime=1764414612, value=0.75757575)]]></desc>
					<extensions>
						<ns3:TrackPointExtension>
							<ns3:speed>1.3333334</ns3:speed>
							<ns3:cad>0.0</ns3:cad>
							<ns3:hr>93</ns3:hr>
						</ns3:TrackPointExtension>
					</extensions>
			</trkpt>
			<trkpt lat="47.614166" lon="12.1885805">
				<ele>462.0</ele>
				<time>2025-11-29T11:10:16Z</time>
				<desc><![CDATA[CommonTimeValuePoint(absoluteTime=1764414616, value=0.76335883)]]></desc>
					<extensions>
						<ns3:TrackPointExtension>
							<ns3:speed>1.3333334</ns3:speed>
							<ns3:cad>0.0</ns3:cad>
							<ns3:hr>94</ns3:hr>
						</ns3:TrackPointExtension>
					</extensions>
			</trkpt>
			<trkpt lat="47.614212" lon="12.188571">
				<ele>462.0</ele>
				<time>2025-11-29T11:10:19Z</time>
				<desc><![CDATA[CommonTimeValuePoint(absoluteTime=1764414619, value=0.78125)]]></desc>
					<extensions>
						<ns3:TrackPointExtension>
							<ns3:speed>1.2987013</ns3:speed>
							<ns3:cad>0.0</ns3:cad>
							<ns3:hr>95</ns3:hr>
						</ns3:TrackPointExtension>
					</extensions>
			</trkpt>
			<trkpt lat="47.61426" lon="12.188556">
				<ele>462.0</ele>
				<time>2025-11-29T11:10:23Z</time>
				<desc><![CDATA[CommonTimeValuePoint(absoluteTime=1764414623, value=0.7751938)]]></desc>
					<extensions>
						<ns3:TrackPointExtension>
							<ns3:speed>1.2987013</ns3:speed>
							<ns3:cad>0.0</ns3:cad>
							<ns3:hr>95</ns3:hr>
						</ns3:TrackPointExtension>
					</extensions>
			</trkpt>
			<trkpt lat="47.61431" lon="12.188541">
				<ele>462.0</ele>
				<time>2025-11-29T11:10:27Z</time>
				<desc><![CDATA[CommonTimeValuePoint(absoluteTime=1764414627, value=0.7407407)]]></desc>
					<extensions>
						<ns3:TrackPointExtension>
							<ns3:speed>1.369863</ns3:speed>
							<ns3:cad>0.0</ns3:cad>
							<ns3:hr>100</ns3:hr>
						</ns3:TrackPointExtension>
					</extensions>
			</trkpt>
			<trkpt lat="47.61436" lon="12.188524">
				<ele>462.0</ele>
				<time>2025-11-29T11:10:32Z</time>
				<desc><![CDATA[CommonTimeValuePoint(absoluteTime=1764414632, value=0.7194245)]]></desc>
					<extensions>
						<ns3:TrackPointExtension>
							<ns3:speed>1.4084507</ns3:speed>
							<ns3:cad>0.0</ns3:cad>
							<ns3:hr>97</ns3:hr>
						</ns3:TrackPointExtension>
					</extensions>
			</trkpt>
			<trkpt lat="47.614407" lon="12.188509">
				<ele>462.0</ele>
				<time>2025-11-29T11:10:36Z</time>
				<desc><![CDATA[CommonTimeValuePoint(absoluteTime=1764414636, value=0.76335883)]]></desc>
					<extensions>
						<ns3:TrackPointExtension>
							<ns3:speed>1.3157895</ns3:speed>
							<ns3:cad>0.0</ns3:cad>
							<ns3:hr>94</ns3:hr>
						</ns3:TrackPointExtension>
					</extensions>
			</trkpt>
			<trkpt lat="47.614452" lon="12.188496">
				<ele>462.0</ele>
				<time>2025-11-29T11:10:40Z</time>
				<desc><![CDATA[CommonTimeValuePoint(absoluteTime=1764414640, value=0.7692308)]]></desc>
					<extensions>
						<ns3:TrackPointExtension>
							<ns3:speed>1.3157895</ns3:speed>
							<ns3:cad>0.0</ns3:cad>
							<ns3:hr>95</ns3:hr>
						</ns3:TrackPointExtension>
					</extensions>
			</trkpt>
			<trkpt lat="47.61451" lon="12.1884775">
				<ele>462.0</ele>
				<time>2025-11-29T11:10:45Z</time>
				<desc><![CDATA[CommonTimeValuePoint(absoluteTime=1764414645, value=0.78125)]]></desc>
					<extensions>
						<ns3:TrackPointExtension>
							<ns3:speed>1.2987013</ns3:speed>
							<ns3:cad>0.0</ns3:cad>
							<ns3:hr>94</ns3:hr>
						</ns3:TrackPointExtension>
					</extensions>
			</trkpt>
			<trkpt lat="47.614555" lon="12.188465">
				<ele>462.0</ele>
				<time>2025-11-29T11:10:49Z</time>
				<desc><![CDATA[CommonTimeValuePoint(absoluteTime=1764414649, value=0.7751938)]]></desc>
					<extensions>
						<ns3:TrackPointExtension>
							<ns3:speed>1.2987013</ns3:speed>
							<ns3:cad>0.0</ns3:cad>
							<ns3:hr>94</ns3:hr>
						</ns3:TrackPointExtension>
					</extensions>
			</trkpt>
			<trkpt lat="47.61461" lon="12.188469">
				<ele>463.0</ele>
				<time>2025-11-29T11:10:54Z</time>
				<desc><![CDATA[CommonTimeValuePoint(absoluteTime=1764414654, value=0.78740156)]]></desc>
					<extensions>
						<ns3:TrackPointExtension>
							<ns3:speed>1.2820513</ns3:speed>
							<ns3:cad>0.0</ns3:cad>
							<ns3:hr>93</ns3:hr>
						</ns3:TrackPointExtension>
					</extensions>
			</trkpt>
			<trkpt lat="47.614666" lon="12.188472">
				<ele>463.0</ele>
				<time>2025-11-29T11:10:59Z</time>
				<desc><![CDATA[CommonTimeValuePoint(absoluteTime=1764414659, value=0.8)]]></desc>
					<extensions>
						<ns3:TrackPointExtension>
							<ns3:speed>1.2658228</ns3:speed>
							<ns3:cad>0.0</ns3:cad>
							<ns3:hr>95</ns3:hr>
						</ns3:TrackPointExtension>
					</extensions>
			</trkpt>
			<trkpt lat="47.61471" lon="12.188457">
				<ele>463.0</ele>
				<time>2025-11-29T11:11:03Z</time>
				<desc><![CDATA[CommonTimeValuePoint(absoluteTime=1764414663, value=0.78125)]]></desc>
					<extensions>
						<ns3:TrackPointExtension>
							<ns3:speed>1.2987013</ns3:speed>
							<ns3:cad>0.0</ns3:cad>
							<ns3:hr>95</ns3:hr>
						</ns3:TrackPointExtension>
					</extensions>
			</trkpt>
			<trkpt lat="47.61476" lon="12.188448">
				<ele>463.0</ele>
				<time>2025-11-29T11:11:07Z</time>
				<desc><![CDATA[CommonTimeValuePoint(absoluteTime=1764414667, value=0.7692308)]]></desc>
					<extensions>
						<ns3:TrackPointExtension>
							<ns3:speed>1.3157895</ns3:speed>
							<ns3:cad>0.0</ns3:cad>
							<ns3:hr>97</ns3:hr>
						</ns3:TrackPointExtension>
					</extensions>
			</trkpt>
			<trkpt lat="47.61481" lon="12.188442">
				<ele>463.0</ele>
				<time>2025-11-29T11:11:12Z</time>
				<desc><![CDATA[CommonTimeValuePoint(absoluteTime=1764414672, value=0.76335883)]]></desc>
					<extensions>
						<ns3:TrackPointExtension>
							<ns3:speed>1.3157895</ns3:speed>
							<ns3:cad>0.0</ns3:cad>
							<ns3:hr>95</ns3:hr>
						</ns3:TrackPointExtension>
					</extensions>
			</trkpt>
			<trkpt lat="47.614857" lon="12.188409">
				<ele>463.0</ele>
				<time>2025-11-29T11:11:16Z</time>
				<desc><![CDATA[CommonTimeValuePoint(absoluteTime=1764414676, value=0.7692308)]]></desc>
					<extensions>
						<ns3:TrackPointExtension>
							<ns3:speed>1.3157895</ns3:speed>
							<ns3:cad>0.0</ns3:cad>
							<ns3:hr>94</ns3:hr>
						</ns3:TrackPointExtension>
					</extensions>
			</trkpt>
			<trkpt lat="47.6149" lon="12.18836">
				<ele>463.0</ele>
				<time>2025-11-29T11:11:20Z</time>
				<desc><![CDATA[CommonTimeValuePoint(absoluteTime=1764414680, value=0.7692308)]]></desc>
					<extensions>
						<ns3:TrackPointExtension>
							<ns3:speed>1.3157895</ns3:speed>
							<ns3:cad>0.0</ns3:cad>
							<ns3:hr>92</ns3:hr>
						</ns3:TrackPointExtension>
					</extensions>
			</trkpt>
			<trkpt lat="47.614933" lon="12.188304">
				<ele>463.0</ele>
				<time>2025-11-29T11:11:24Z</time>
				<desc><![CDATA[CommonTimeValuePoint(absoluteTime=1764414684, value=0.75757575)]]></desc>
					<extensions>
						<ns3:TrackPointExtension>
							<ns3:speed>1.3333334</ns3:speed>
							<ns3:cad>0.0</ns3:cad>
							<ns3:hr>90</ns3:hr>
						</ns3:TrackPointExtension>
					</extensions>
			</trkpt>
			<trkpt lat="47.61497" lon="12.1882515">
				<ele>463.0</ele>
				<time>2025-11-29T11:11:28Z</time>
				<desc><![CDATA[CommonTimeValuePoint(absoluteTime=1764414688, value=0.7518797)]]></desc>
					<extensions>
						<ns3:TrackPointExtension>
							<ns3:speed>1.3333334</ns3:speed>
							<ns3:cad>0.0</ns3:cad>
						</ns3:TrackPointExtension>
					</extensions>
			</trkpt>
			<trkpt lat="47.615025" lon="12.188222">
				<ele>463.0</ele>
				<time>2025-11-29T11:11:33Z</time>
				<desc><![CDATA[CommonTimeValuePoint(absoluteTime=1764414693, value=0.78125)]]></desc>
					<extensions>
						<ns3:TrackPointExtension>
							<ns3:speed>1.2987013</ns3:speed>
							<ns3:cad>0.0</ns3:cad>
							<ns3:hr>93</ns3:hr>
						</ns3:TrackPointExtension>
					</extensions>
			</trkpt>
			<trkpt lat="47.61507" lon="12.18822">
				<ele>463.0</ele>
				<time>2025-11-29T11:11:37Z</time>
				<desc><![CDATA[CommonTimeValuePoint(absoluteTime=1764414697, value=0.78125)]]></desc>
					<extensions>
						<ns3:TrackPointExtension>
							<ns3:speed>1.2820513</ns3:speed>
							<ns3:cad>0.0</ns3:cad>
							<ns3:hr>93</ns3:hr>
						</ns3:TrackPointExtension>
					</extensions>
			</trkpt>
			<trkpt lat="47.615116" lon="12.188211">
				<ele>463.0</ele>
				<time>2025-11-29T11:11:42Z</time>
				<desc><![CDATA[CommonTimeValuePoint(absoluteTime=1764414702, value=0.8)]]></desc>
					<extensions>
						<ns3:TrackPointExtension>
							<ns3:speed>1.2658228</ns3:speed>
							<ns3:cad>0.0</ns3:cad>
							<ns3:hr>93</ns3:hr>
						</ns3:TrackPointExtension>
					</extensions>
			</trkpt>
			<trkpt lat="47.61517" lon="12.188235">
				<ele>463.0</ele>
				<time>2025-11-29T11:11:46Z</time>
				<desc><![CDATA[CommonTimeValuePoint(absoluteTime=1764414706, value=0.8064516)]]></desc>
					<extensions>
						<ns3:TrackPointExtension>
							<ns3:speed>1.25</ns3:speed>
							<ns3:cad>0.0</ns3:cad>
							<ns3:hr>93</ns3:hr>
						</ns3:TrackPointExtension>
					</extensions>
			</trkpt>
			<trkpt lat="47.61522" lon="12.188247">
				<ele>464.0</ele>
				<time>2025-11-29T11:11:51Z</time>
				<desc><![CDATA[CommonTimeValuePoint(absoluteTime=1764414711, value=0.78740156)]]></desc>
					<extensions>
						<ns3:TrackPointExtension>
							<ns3:speed>1.2820513</ns3:speed>
							<ns3:cad>0.0</ns3:cad>
							<ns3:hr>91</ns3:hr>
						</ns3:TrackPointExtension>
					</extensions>
			</trkpt>
			<trkpt lat="47.61527" lon="12.188255">
				<ele>464.0</ele>
				<time>2025-11-29T11:11:56Z</time>
				<desc><![CDATA[CommonTimeValuePoint(absoluteTime=1764414716, value=0.7751938)]]></desc>
					<extensions>
						<ns3:TrackPointExtension>
							<ns3:speed>1.2987013</ns3:speed>
							<ns3:cad>0.0</ns3:cad>
							<ns3:hr>93</ns3:hr>
						</ns3:TrackPointExtension>
					</extensions>
			</trkpt>
			<trkpt lat="47.615314" lon="12.188231">
				<ele>464.0</ele>
				<time>2025-11-29T11:12:00Z</time>
				<desc><![CDATA[CommonTimeValuePoint(absoluteTime=1764414720, value=0.7692308)]]></desc>
					<extensions>
						<ns3:TrackPointExtension>
							<ns3:speed>1.3157895</ns3:speed>
							<ns3:cad>0.0</ns3:cad>
							<ns3:hr>92</ns3:hr>
						</ns3:TrackPointExtension>
					</extensions>
			</trkpt>
			<trkpt lat="47.615356" lon="12.188218">
				<ele>464.0</ele>
				<time>2025-11-29T11:12:04Z</time>
				<desc><![CDATA[CommonTimeValuePoint(absoluteTime=1764414724, value=0.7692308)]]></desc>
					<extensions>
						<ns3:TrackPointExtension>
							<ns3:speed>1.3157895</ns3:speed>
							<ns3:cad>0.0</ns3:cad>
							<ns3:hr>95</ns3:hr>
						</ns3:TrackPointExtension>
					</extensions>
			</trkpt>
			<trkpt lat="47.615406" lon="12.188213">
				<ele>464.0</ele>
				<time>2025-11-29T11:12:09Z</time>
				<desc><![CDATA[CommonTimeValuePoint(absoluteTime=1764414729, value=0.7936508)]]></desc>
					<extensions>
						<ns3:TrackPointExtension>
							<ns3:speed>1.2658228</ns3:speed>
							<ns3:cad>0.0</ns3:cad>
							<ns3:hr>101</ns3:hr>
						</ns3:TrackPointExtension>
					</extensions>
			</trkpt>
			<trkpt lat="47.61546" lon="12.188197">
				<ele>464.0</ele>
				<time>2025-11-29T11:12:14Z</time>
				<desc><![CDATA[CommonTimeValuePoint(absoluteTime=1764414734, value=0.8333333)]]></desc>
					<extensions>
						<ns3:TrackPointExtension>
							<ns3:speed>1.2195122</ns3:speed>
							<ns3:cad>0.0</ns3:cad>
							<ns3:hr>107</ns3:hr>
						</ns3:TrackPointExtension>
					</extensions>
			</trkpt>
			<trkpt lat="47.6155" lon="12.188179">
				<ele>464.0</ele>
				<time>2025-11-29T11:12:18Z</time>
				<desc><![CDATA[CommonTimeValuePoint(absoluteTime=1764414738, value=0.8333333)]]></desc>
					<extensions>
						<ns3:TrackPointExtension>
							<ns3:speed>1.2048193</ns3:speed>
							<ns3:cad>0.0</ns3:cad>
							<ns3:hr>109</ns3:hr>
						</ns3:TrackPointExtension>
					</extensions>
			</trkpt>
			<trkpt lat="47.615547" lon="12.188139">
				<ele>464.0</ele>
				<time>2025-11-29T11:12:26Z</time>
				<desc><![CDATA[CommonTimeValuePoint(absoluteTime=1764414746, value=1.1627907)]]></desc>
					<extensions>
						<ns3:TrackPointExtension>
							<ns3:speed>0.86956525</ns3:speed>
							<ns3:cad>0.0</ns3:cad>
							<ns3:hr>109</ns3:hr>
						</ns3:TrackPointExtension>
					</extensions>
			</trkpt>
			<trkpt lat="47.61555" lon="12.188064">
				<ele>464.0</ele>
				<time>2025-11-29T11:12:31Z</time>
				<desc><![CDATA[CommonTimeValuePoint(absoluteTime=1764414751, value=1.1363636)]]></desc>
					<extensions>
						<ns3:TrackPointExtension>
							<ns3:speed>0.89285713</ns3:speed>
							<ns3:cad>0.0</ns3:cad>
							<ns3:hr>108</ns3:hr>
						</ns3:TrackPointExtension>
					</extensions>
			</trkpt>
			<trkpt lat="47.61554" lon="12.18799">
				<ele>464.0</ele>
				<time>2025-11-29T11:12:36Z</time>
				<desc><![CDATA[CommonTimeValuePoint(absoluteTime=1764414756, value=1.0309278)]]></desc>
					<extensions>
						<ns3:TrackPointExtension>
							<ns3:speed>0.98039216</ns3:speed>
							<ns3:cad>0.0</ns3:cad>
							<ns3:hr>108</ns3:hr>
						</ns3:TrackPointExtension>
					</extensions>
			</trkpt>
			<trkpt lat="47.615547" lon="12.187908">
				<ele>464.0</ele>
				<time>2025-11-29T11:12:41Z</time>
				<desc><![CDATA[CommonTimeValuePoint(absoluteTime=1764414761, value=0.98039216)]]></desc>
					<extensions>
						<ns3:TrackPointExtension>
							<ns3:speed>1.0309278</ns3:speed>
							<ns3:cad>0.0</ns3:cad>
						</ns3:TrackPointExtension>
					</extensions>
			</trkpt>
			<trkpt lat="47.615543" lon="12.187832">
				<ele>464.0</ele>
				<time>2025-11-29T11:12:46Z</time>
				<desc><![CDATA[CommonTimeValuePoint(absoluteTime=1764414766, value=0.9433963)]]></desc>
					<extensions>
						<ns3:TrackPointExtension>
							<ns3:speed>1.0638298</ns3:speed>
							<ns3:cad>0.0</ns3:cad>
						</ns3:TrackPointExtension>
					</extensions>
			</trkpt>
			<trkpt lat="47.61551" lon="12.187754">
				<ele>465.0</ele>
				<time>2025-11-29T11:13:20Z</time>
				<desc><![CDATA[CommonTimeValuePoint(absoluteTime=1764414800, value=0.729927)]]></desc>
					<extensions>
						<ns3:TrackPointExtension>
							<ns3:speed>1.3888888</ns3:speed>
							<ns3:cad>0.0</ns3:cad>
							<ns3:hr>97</ns3:hr>
						</ns3:TrackPointExtension>
					</extensions>
			</trkpt>
			<trkpt lat="47.61554" lon="12.187803">
				<ele>465.0</ele>
				<time>2025-11-29T11:13:55Z</time>
				<desc><![CDATA[CommonTimeValuePoint(absoluteTime=1764414835, value=1.8)]]></desc>
					<extensions>
						<ns3:TrackPointExtension>
							<ns3:speed>0.5555556</ns3:speed>
							<ns3:cad>0.0</ns3:cad>
						</ns3:TrackPointExtension>
					</extensions>
			</trkpt>
			<trkpt lat="47.615555" lon="12.187867">
				<ele>465.0</ele>
				<time>2025-11-29T11:14:20Z</time>
				<desc><![CDATA[CommonTimeValuePoint(absoluteTime=1764414860, value=1.8)]]></desc>
					<extensions>
						<ns3:TrackPointExtension>
							<ns3:speed>0.5555556</ns3:speed>
							<ns3:cad>0.0</ns3:cad>
						</ns3:TrackPointExtension>
					</extensions>
			</trkpt>
			<trkpt lat="47.615562" lon="12.187797">
				<ele>465.0</ele>
				<time>2025-11-29T11:14:37Z</time>
				<desc><![CDATA[CommonTimeValuePoint(absoluteTime=1764414877, value=1.8)]]></desc>
					<extensions>
						<ns3:TrackPointExtension>
							<ns3:speed>0.5555556</ns3:speed>
							<ns3:cad>0.0</ns3:cad>
						</ns3:TrackPointExtension>
					</extensions>
			</trkpt>
			<trkpt lat="47.61557" lon="12.187732">
				<ele>465.0</ele>
				<time>2025-11-29T11:14:41Z</time>
				<desc><![CDATA[CommonTimeValuePoint(absoluteTime=1764414881, value=1.8)]]></desc>
					<extensions>
						<ns3:TrackPointExtension>
							<ns3:speed>0.5555556</ns3:speed>
							<ns3:cad>0.0</ns3:cad>
							<ns3:hr>97</ns3:hr>
						</ns3:TrackPointExtension>
					</extensions>
			</trkpt>
			<trkpt lat="47.615578" lon="12.187665">
				<ele>465.0</ele>
				<time>2025-11-29T11:14:46Z</time>
				<desc><![CDATA[CommonTimeValuePoint(absoluteTime=1764414886, value=1.1363636)]]></desc>
					<extensions>
						<ns3:TrackPointExtension>
							<ns3:speed>0.88495576</ns3:speed>
							<ns3:cad>0.0</ns3:cad>
							<ns3:hr>96</ns3:hr>
						</ns3:TrackPointExtension>
					</extensions>
			</trkpt>
			<trkpt lat="47.615593" lon="12.1876">
				<ele>465.0</ele>
				<time>2025-11-29T11:16:07Z</time>
				<desc><![CDATA[CommonTimeValuePoint(absoluteTime=1764414967, value=1.8)]]></desc>
					<extensions>
						<ns3:TrackPointExtension>
							<ns3:speed>0.5555556</ns3:speed>
							<ns3:cad>0.0</ns3:cad>
							<ns3:hr>80</ns3:hr>
						</ns3:TrackPointExtension>
					</extensions>
			</trkpt>
			<trkpt lat="47.61561" lon="12.187499">
				<ele>465.0</ele>
				<time>2025-11-29T11:16:09Z</time>
				<desc><![CDATA[CommonTimeValuePoint(absoluteTime=1764414969, value=1.8)]]></desc>
					<extensions>
						<ns3:TrackPointExtension>
							<ns3:speed>0.5555556</ns3:speed>
							<ns3:cad>0.0</ns3:cad>
							<ns3:hr>79</ns3:hr>
						</ns3:TrackPointExtension>
					</extensions>
			</trkpt>
			<trkpt lat="47.61562" lon="12.187427">
				<ele>465.0</ele>
				<time>2025-11-29T11:16:16Z</time>
				<desc><![CDATA[CommonTimeValuePoint(absoluteTime=1764414976, value=1.2987013)]]></desc>
					<extensions>
						<ns3:TrackPointExtension>
							<ns3:speed>0.78125</ns3:speed>
							<ns3:cad>0.0</ns3:cad>
							<ns3:hr>79</ns3:hr>
						</ns3:TrackPointExtension>
					</extensions>
			</trkpt>
			<trkpt lat="47.615627" lon="12.187359">
				<ele>465.0</ele>
				<time>2025-11-29T11:16:22Z</time>
				<desc><![CDATA[CommonTimeValuePoint(absoluteTime=1764414982, value=1.2195122)]]></desc>
					<extensions>
						<ns3:TrackPointExtension>
							<ns3:speed>0.8333333</ns3:speed>
							<ns3:cad>0.0</ns3:cad>
							<ns3:hr>78</ns3:hr>
						</ns3:TrackPointExtension>
					</extensions>
			</trkpt>
			<trkpt lat="47.615627" lon="12.187287">
				<ele>465.0</ele>
				<time>2025-11-29T11:16:27Z</time>
				<desc><![CDATA[CommonTimeValuePoint(absoluteTime=1764414987, value=1.1764705)]]></desc>
					<extensions>
						<ns3:TrackPointExtension>
							<ns3:speed>0.862069</ns3:speed>
							<ns3:cad>0.0</ns3:cad>
							<ns3:hr>83</ns3:hr>
						</ns3:TrackPointExtension>
					</extensions>
			</trkpt>
			<trkpt lat="47.615643" lon="12.187214">
				<ele>465.0</ele>
				<time>2025-11-29T11:16:32Z</time>
				<desc><![CDATA[CommonTimeValuePoint(absoluteTime=1764414992, value=1.0309278)]]></desc>
					<extensions>
						<ns3:TrackPointExtension>
							<ns3:speed>0.98039216</ns3:speed>
							<ns3:cad>0.0</ns3:cad>
							<ns3:hr>81</ns3:hr>
						</ns3:TrackPointExtension>
					</extensions>
			</trkpt>
			<trkpt lat="47.615646" lon="12.187134">
				<ele>466.0</ele>
				<time>2025-11-29T11:16:37Z</time>
				<desc><![CDATA[CommonTimeValuePoint(absoluteTime=1764414997, value=0.952381)]]></desc>
					<extensions>
						<ns3:TrackPointExtension>
							<ns3:speed>1.0638298</ns3:speed>
							<ns3:cad>0.0</ns3:cad>
							<ns3:hr>78</ns3:hr>
						</ns3:TrackPointExtension>
					</extensions>
			</trkpt>
			<trkpt lat="47.615643" lon="12.187056">
				<ele>466.0</ele>
				<time>2025-11-29T11:16:41Z</time>
				<desc><![CDATA[CommonTimeValuePoint(absoluteTime=1764415001, value=0.9009009)]]></desc>
					<extensions>
						<ns3:TrackPointExtension>
							<ns3:speed>1.1235955</ns3:speed>
							<ns3:cad>0.0</ns3:cad>
							<ns3:hr>83</ns3:hr>
						</ns3:TrackPointExtension>
					</extensions>
			</trkpt>
			<trkpt lat="47.61563" lon="12.186991">
				<ele>466.0</ele>
				<time>2025-11-29T11:16:45Z</time>
				<desc><![CDATA[CommonTimeValuePoint(absoluteTime=1764415005, value=0.84745765)]]></desc>
					<extensions>
						<ns3:TrackPointExtension>
							<ns3:speed>1.1904762</ns3:speed>
							<ns3:cad>0.0</ns3:cad>
							<ns3:hr>88</ns3:hr>
						</ns3:TrackPointExtension>
					</extensions>
			</trkpt>
			<trkpt lat="47.615604" lon="12.18692">
				<ele>466.0</ele>
				<time>2025-11-29T11:16:49Z</time>
				<desc><![CDATA[CommonTimeValuePoint(absoluteTime=1764415009, value=0.8333333)]]></desc>
					<extensions>
						<ns3:TrackPointExtension>
							<ns3:speed>1.2048193</ns3:speed>
							<ns3:cad>0.0</ns3:cad>
							<ns3:hr>87</ns3:hr>
						</ns3:TrackPointExtension>
					</extensions>
			</trkpt>
			<trkpt lat="47.615578" lon="12.186855">
				<ele>466.0</ele>
				<time>2025-11-29T11:16:53Z</time>
				<desc><![CDATA[CommonTimeValuePoint(absoluteTime=1764415013, value=0.8333333)]]></desc>
					<extensions>
						<ns3:TrackPointExtension>
							<ns3:speed>1.2048193</ns3:speed>
							<ns3:cad>0.0</ns3:cad>
							<ns3:hr>85</ns3:hr>
						</ns3:TrackPointExtension>
					</extensions>
			</trkpt>
			<trkpt lat="47.615555" lon="12.186782">
				<ele>466.0</ele>
				<time>2025-11-29T11:16:58Z</time>
				<desc><![CDATA[CommonTimeValuePoint(absoluteTime=1764415018, value=0.8333333)]]></desc>
					<extensions>
						<ns3:TrackPointExtension>
							<ns3:speed>1.2195122</ns3:speed>
							<ns3:cad>0.0</ns3:cad>
							<ns3:hr>83</ns3:hr>
						</ns3:TrackPointExtension>
					</extensions>
			</trkpt>
			<trkpt lat="47.61554" lon="12.186717">
				<ele>466.0</ele>
				<time>2025-11-29T11:17:02Z</time>
				<desc><![CDATA[CommonTimeValuePoint(absoluteTime=1764415022, value=0.8)]]></desc>
					<extensions>
						<ns3:TrackPointExtension>
							<ns3:speed>1.2658228</ns3:speed>
							<ns3:cad>0.0</ns3:cad>
							<ns3:hr>85</ns3:hr>
						</ns3:TrackPointExtension>
					</extensions>
			</trkpt>
			<trkpt lat="47.61555" lon="12.186641">
				<ele>466.0</ele>
				<time>2025-11-29T11:17:07Z</time>
				<desc><![CDATA[CommonTimeValuePoint(absoluteTime=1764415027, value=0.78740156)]]></desc>
					<extensions>
						<ns3:TrackPointExtension>
							<ns3:speed>1.2820513</ns3:speed>
							<ns3:cad>0.0</ns3:cad>
							<ns3:hr>86</ns3:hr>
						</ns3:TrackPointExtension>
					</extensions>
			</trkpt>
			<trkpt lat="47.615566" lon="12.186575">
				<ele>466.0</ele>
				<time>2025-11-29T11:17:11Z</time>
				<desc><![CDATA[CommonTimeValuePoint(absoluteTime=1764415031, value=0.78125)]]></desc>
					<extensions>
						<ns3:TrackPointExtension>
							<ns3:speed>1.2987013</ns3:speed>
							<ns3:cad>0.0</ns3:cad>
							<ns3:hr>86</ns3:hr>
						</ns3:TrackPointExtension>
					</extensions>
			</trkpt>
			<trkpt lat="47.61558" lon="12.186512">
				<ele>466.0</ele>
				<time>2025-11-29T11:17:15Z</time>
				<desc><![CDATA[CommonTimeValuePoint(absoluteTime=1764415035, value=0.78740156)]]></desc>
					<extensions>
						<ns3:TrackPointExtension>
							<ns3:speed>1.2820513</ns3:speed>
							<ns3:cad>0.0</ns3:cad>
							<ns3:hr>89</ns3:hr>
						</ns3:TrackPointExtension>
					</extensions>
			</trkpt>
			<trkpt lat="47.615597" lon="12.186443">
				<ele>466.0</ele>
				<time>2025-11-29T11:17:20Z</time>
				<desc><![CDATA[CommonTimeValuePoint(absoluteTime=1764415040, value=0.8196721)]]></desc>
					<extensions>
						<ns3:TrackPointExtension>
							<ns3:speed>1.2345679</ns3:speed>
							<ns3:cad>0.0</ns3:cad>
							<ns3:hr>90</ns3:hr>
						</ns3:TrackPointExtension>
					</extensions>
			</trkpt>
			<trkpt lat="47.615616" lon="12.18637">
				<ele>466.0</ele>
				<time>2025-11-29T11:17:24Z</time>
				<desc><![CDATA[CommonTimeValuePoint(absoluteTime=1764415044, value=0.8333333)]]></desc>
					<extensions>
						<ns3:TrackPointExtension>
							<ns3:speed>1.2048193</ns3:speed>
							<ns3:cad>0.0</ns3:cad>
							<ns3:hr>88</ns3:hr>
						</ns3:TrackPointExtension>
					</extensions>
			</trkpt>
			<trkpt lat="47.615635" lon="12.186292">
				<ele>466.0</ele>
				<time>2025-11-29T11:17:29Z</time>
				<desc><![CDATA[CommonTimeValuePoint(absoluteTime=1764415049, value=0.82644624)]]></desc>
					<extensions>
						<ns3:TrackPointExtension>
							<ns3:speed>1.2195122</ns3:speed>
							<ns3:cad>0.0</ns3:cad>
							<ns3:hr>88</ns3:hr>
						</ns3:TrackPointExtension>
					</extensions>
			</trkpt>
			<trkpt lat="47.61565" lon="12.186215">
				<ele>466.0</ele>
				<time>2025-11-29T11:17:34Z</time>
				<desc><![CDATA[CommonTimeValuePoint(absoluteTime=1764415054, value=0.8196721)]]></desc>
					<extensions>
						<ns3:TrackPointExtension>
							<ns3:speed>1.2345679</ns3:speed>
							<ns3:cad>0.0</ns3:cad>
							<ns3:hr>89</ns3:hr>
						</ns3:TrackPointExtension>
					</extensions>
			</trkpt>
			<trkpt lat="47.61566" lon="12.186144">
				<ele>466.0</ele>
				<time>2025-11-29T11:17:38Z</time>
				<desc><![CDATA[CommonTimeValuePoint(absoluteTime=1764415058, value=0.8130081)]]></desc>
					<extensions>
						<ns3:TrackPointExtension>
							<ns3:speed>1.25</ns3:speed>
							<ns3:cad>0.0</ns3:cad>
							<ns3:hr>89</ns3:hr>
						</ns3:TrackPointExtension>
					</extensions>
			</trkpt>
			<trkpt lat="47.615677" lon="12.186072">
				<ele>466.0</ele>
				<time>2025-11-29T11:17:43Z</time>
				<desc><![CDATA[CommonTimeValuePoint(absoluteTime=1764415063, value=0.8064516)]]></desc>
					<extensions>
						<ns3:TrackPointExtension>
							<ns3:speed>1.25</ns3:speed>
							<ns3:cad>0.0</ns3:cad>
						</ns3:TrackPointExtension>
					</extensions>
			</trkpt>
			<trkpt lat="47.615692" lon="12.185992">
				<ele>466.0</ele>
				<time>2025-11-29T11:17:48Z</time>
				<desc><![CDATA[CommonTimeValuePoint(absoluteTime=1764415068, value=0.8)]]></desc>
					<extensions>
						<ns3:TrackPointExtension>
							<ns3:speed>1.2658228</ns3:speed>
							<ns3:cad>0.0</ns3:cad>
							<ns3:hr>87</ns3:hr>
						</ns3:TrackPointExtension>
					</extensions>
			</trkpt>
			<trkpt lat="47.615707" lon="12.185927">
				<ele>466.0</ele>
				<time>2025-11-29T11:17:52Z</time>
				<desc><![CDATA[CommonTimeValuePoint(absoluteTime=1764415072, value=0.82644624)]]></desc>
					<extensions>
						<ns3:TrackPointExtension>
							<ns3:speed>1.2195122</ns3:speed>
							<ns3:cad>0.0</ns3:cad>
							<ns3:hr>87</ns3:hr>
						</ns3:TrackPointExtension>
					</extensions>
			</trkpt>
			<trkpt lat="47.615723" lon="12.185867">
				<ele>466.0</ele>
				<time>2025-11-29T11:17:56Z</time>
				<desc><![CDATA[CommonTimeValuePoint(absoluteTime=1764415076, value=0.8333333)]]></desc>
					<extensions>
						<ns3:TrackPointExtension>
							<ns3:speed>1.2048193</ns3:speed>
							<ns3:cad>0.0</ns3:cad>
							<ns3:hr>85</ns3:hr>
						</ns3:TrackPointExtension>
					</extensions>
			</trkpt>
			<trkpt lat="47.61574" lon="12.185801">
				<ele>466.0</ele>
				<time>2025-11-29T11:18:00Z</time>
				<desc><![CDATA[CommonTimeValuePoint(absoluteTime=1764415080, value=0.8130081)]]></desc>
					<extensions>
						<ns3:TrackPointExtension>
							<ns3:speed>1.2345679</ns3:speed>
							<ns3:cad>0.0</ns3:cad>
							<ns3:hr>83</ns3:hr>
						</ns3:TrackPointExtension>
					</extensions>
			</trkpt>
			<trkpt lat="47.61576" lon="12.185734">
				<ele>466.0</ele>
				<time>2025-11-29T11:18:04Z</time>
				<desc><![CDATA[CommonTimeValuePoint(absoluteTime=1764415084, value=0.8)]]></desc>
					<extensions>
						<ns3:TrackPointExtension>
							<ns3:speed>1.2658228</ns3:speed>
							<ns3:cad>0.0</ns3:cad>
							<ns3:hr>81</ns3:hr>
						</ns3:TrackPointExtension>
					</extensions>
			</trkpt>
			<trkpt lat="47.615784" lon="12.185654">
				<ele>466.0</ele>
				<time>2025-11-29T11:18:09Z</time>
				<desc><![CDATA[CommonTimeValuePoint(absoluteTime=1764415089, value=0.8)]]></desc>
					<extensions>
						<ns3:TrackPointExtension>
							<ns3:speed>1.2658228</ns3:speed>
							<ns3:cad>0.0</ns3:cad>
							<ns3:hr>81</ns3:hr>
						</ns3:TrackPointExtension>
					</extensions>
			</trkpt>
			<trkpt lat="47.615795" lon="12.18558">
				<ele>466.0</ele>
				<time>2025-11-29T11:18:14Z</time>
				<desc><![CDATA[CommonTimeValuePoint(absoluteTime=1764415094, value=0.82644624)]]></desc>
					<extensions>
						<ns3:TrackPointExtension>
							<ns3:speed>1.2195122</ns3:speed>
							<ns3:cad>0.0</ns3:cad>
							<ns3:hr>79</ns3:hr>
						</ns3:TrackPointExtension>
					</extensions>
			</trkpt>
			<trkpt lat="47.61579" lon="12.185499">
				<ele>465.0</ele>
				<time>2025-11-29T11:18:19Z</time>
				<desc><![CDATA[CommonTimeValuePoint(absoluteTime=1764415099, value=0.8403361)]]></desc>
					<extensions>
						<ns3:TrackPointExtension>
							<ns3:speed>1.2048193</ns3:speed>
							<ns3:cad>0.0</ns3:cad>
						</ns3:TrackPointExtension>
					</extensions>
			</trkpt>
			<trkpt lat="47.61579" lon="12.185429">
				<ele>465.0</ele>
				<time>2025-11-29T11:18:23Z</time>
				<desc><![CDATA[CommonTimeValuePoint(absoluteTime=1764415103, value=0.8403361)]]></desc>
					<extensions>
						<ns3:TrackPointExtension>
							<ns3:speed>1.2048193</ns3:speed>
							<ns3:cad>0.0</ns3:cad>
							<ns3:hr>82</ns3:hr>
						</ns3:TrackPointExtension>
					</extensions>
			</trkpt>
			<trkpt lat="47.615807" lon="12.18536">
				<ele>465.0</ele>
				<time>2025-11-29T11:18:27Z</time>
				<desc><![CDATA[CommonTimeValuePoint(absoluteTime=1764415107, value=0.8333333)]]></desc>
					<extensions>
						<ns3:TrackPointExtension>
							<ns3:speed>1.2048193</ns3:speed>
							<ns3:cad>0.0</ns3:cad>
							<ns3:hr>80</ns3:hr>
						</ns3:TrackPointExtension>
					</extensions>
			</trkpt>
			<trkpt lat="47.61581" lon="12.185292">
				<ele>466.0</ele>
				<time>2025-11-29T11:18:31Z</time>
				<desc><![CDATA[CommonTimeValuePoint(absoluteTime=1764415111, value=0.82644624)]]></desc>
					<extensions>
						<ns3:TrackPointExtension>
							<ns3:speed>1.2195122</ns3:speed>
							<ns3:cad>0.0</ns3:cad>
						</ns3:TrackPointExtension>
					</extensions>
			</trkpt>
			<trkpt lat="47.61583" lon="12.1852255">
				<ele>466.0</ele>
				<time>2025-11-29T11:18:35Z</time>
				<desc><![CDATA[CommonTimeValuePoint(absoluteTime=1764415115, value=0.8130081)]]></desc>
					<extensions>
						<ns3:TrackPointExtension>
							<ns3:speed>1.2345679</ns3:speed>
							<ns3:cad>0.0</ns3:cad>
							<ns3:hr>80</ns3:hr>
						</ns3:TrackPointExtension>
					</extensions>
			</trkpt>
			<trkpt lat="47.61584" lon="12.185154">
				<ele>466.0</ele>
				<time>2025-11-29T11:18:39Z</time>
				<desc><![CDATA[CommonTimeValuePoint(absoluteTime=1764415119, value=0.8)]]></desc>
					<extensions>
						<ns3:TrackPointExtension>
							<ns3:speed>1.2658228</ns3:speed>
							<ns3:cad>0.0</ns3:cad>
							<ns3:hr>81</ns3:hr>
						</ns3:TrackPointExtension>
					</extensions>
			</trkpt>
			<trkpt lat="47.615852" lon="12.185089">
				<ele>466.0</ele>
				<time>2025-11-29T11:18:43Z</time>
				<desc><![CDATA[CommonTimeValuePoint(absoluteTime=1764415123, value=0.7936508)]]></desc>
					<extensions>
						<ns3:TrackPointExtension>
							<ns3:speed>1.2820513</ns3:speed>
							<ns3:cad>0.0</ns3:cad>
							<ns3:hr>80</ns3:hr>
						</ns3:TrackPointExtension>
					</extensions>
			</trkpt>
			<trkpt lat="47.615864" lon="12.185011">
				<ele>466.0</ele>
				<time>2025-11-29T11:18:47Z</time>
				<desc><![CDATA[CommonTimeValuePoint(absoluteTime=1764415127, value=0.8064516)]]></desc>
					<extensions>
						<ns3:TrackPointExtension>
							<ns3:speed>1.25</ns3:speed>
							<ns3:cad>0.0</ns3:cad>
							<ns3:hr>78</ns3:hr>
						</ns3:TrackPointExtension>
					</extensions>
			</trkpt>
			<trkpt lat="47.61588" lon="12.184949">
				<ele>466.0</ele>
				<time>2025-11-29T11:18:51Z</time>
				<desc><![CDATA[CommonTimeValuePoint(absoluteTime=1764415131, value=0.8333333)]]></desc>
					<extensions>
						<ns3:TrackPointExtension>
							<ns3:speed>1.2195122</ns3:speed>
							<ns3:cad>0.0</ns3:cad>
							<ns3:hr>79</ns3:hr>
						</ns3:TrackPointExtension>
					</extensions>
			</trkpt>
			<trkpt lat="47.615894" lon="12.184867">
				<ele>466.0</ele>
				<time>2025-11-29T11:18:56Z</time>
				<desc><![CDATA[CommonTimeValuePoint(absoluteTime=1764415136, value=0.8333333)]]></desc>
					<extensions>
						<ns3:TrackPointExtension>
							<ns3:speed>1.2195122</ns3:speed>
							<ns3:cad>0.0</ns3:cad>
							<ns3:hr>82</ns3:hr>
						</ns3:TrackPointExtension>
					</extensions>
			</trkpt>
			<trkpt lat="47.6159" lon="12.184793">
				<ele>466.0</ele>
				<time>2025-11-29T11:19:01Z</time>
				<desc><![CDATA[CommonTimeValuePoint(absoluteTime=1764415141, value=0.8130081)]]></desc>
					<extensions>
						<ns3:TrackPointExtension>
							<ns3:speed>1.25</ns3:speed>
							<ns3:cad>0.0</ns3:cad>
							<ns3:hr>82</ns3:hr>
						</ns3:TrackPointExtension>
					</extensions>
			</trkpt>
			<trkpt lat="47.61591" lon="12.184713">
				<ele>466.0</ele>
				<time>2025-11-29T11:19:06Z</time>
				<desc><![CDATA[CommonTimeValuePoint(absoluteTime=1764415146, value=0.8064516)]]></desc>
					<extensions>
						<ns3:TrackPointExtension>
							<ns3:speed>1.25</ns3:speed>
							<ns3:cad>0.0</ns3:cad>
							<ns3:hr>81</ns3:hr>
						</ns3:TrackPointExtension>
					</extensions>
			</trkpt>
			<trkpt lat="47.61592" lon="12.1846485">
				<ele>466.0</ele>
				<time>2025-11-29T11:19:10Z</time>
				<desc><![CDATA[CommonTimeValuePoint(absoluteTime=1764415150, value=0.8196721)]]></desc>
					<extensions>
						<ns3:TrackPointExtension>
							<ns3:speed>1.2345679</ns3:speed>
							<ns3:cad>0.0</ns3:cad>
							<ns3:hr>80</ns3:hr>
						</ns3:TrackPointExtension>
					</extensions>
			</trkpt>
			<trkpt lat="47.615925" lon="12.184568">
				<ele>467.0</ele>
				<time>2025-11-29T11:19:15Z</time>
				<desc><![CDATA[CommonTimeValuePoint(absoluteTime=1764415155, value=0.8403361)]]></desc>
					<extensions>
						<ns3:TrackPointExtension>
							<ns3:speed>1.2048193</ns3:speed>
							<ns3:cad>0.0</ns3:cad>
							<ns3:hr>80</ns3:hr>
						</ns3:TrackPointExtension>
					</extensions>
			</trkpt>
			<trkpt lat="47.61594" lon="12.184505">
				<ele>467.0</ele>
				<time>2025-11-29T11:19:19Z</time>
				<desc><![CDATA[CommonTimeValuePoint(absoluteTime=1764415159, value=0.8196721)]]></desc>
					<extensions>
						<ns3:TrackPointExtension>
							<ns3:speed>1.2345679</ns3:speed>
							<ns3:cad>0.0</ns3:cad>
							<ns3:hr>79</ns3:hr>
						</ns3:TrackPointExtension>
					</extensions>
			</trkpt>
			<trkpt lat="47.615948" lon="12.184425">
				<ele>467.0</ele>
				<time>2025-11-29T11:19:24Z</time>
				<desc><![CDATA[CommonTimeValuePoint(absoluteTime=1764415164, value=0.8064516)]]></desc>
					<extensions>
						<ns3:TrackPointExtension>
							<ns3:speed>1.25</ns3:speed>
							<ns3:cad>0.0</ns3:cad>
							<ns3:hr>81</ns3:hr>
						</ns3:TrackPointExtension>
					</extensions>
			</trkpt>
			<trkpt lat="47.615967" lon="12.184363">
				<ele>467.0</ele>
				<time>2025-11-29T11:19:28Z</time>
				<desc><![CDATA[CommonTimeValuePoint(absoluteTime=1764415168, value=0.8064516)]]></desc>
					<extensions>
						<ns3:TrackPointExtension>
							<ns3:speed>1.25</ns3:speed>
							<ns3:cad>0.0</ns3:cad>
							<ns3:hr>82</ns3:hr>
						</ns3:TrackPointExtension>
					</extensions>
			</trkpt>
			<trkpt lat="47.61599" lon="12.184304">
				<ele>467.0</ele>
				<time>2025-11-29T11:19:32Z</time>
				<desc><![CDATA[CommonTimeValuePoint(absoluteTime=1764415172, value=0.8196721)]]></desc>
					<extensions>
						<ns3:TrackPointExtension>
							<ns3:speed>1.2345679</ns3:speed>
							<ns3:cad>0.0</ns3:cad>
							<ns3:hr>81</ns3:hr>
						</ns3:TrackPointExtension>
					</extensions>
			</trkpt>
			<trkpt lat="47.616013" lon="12.184227">
				<ele>467.0</ele>
				<time>2025-11-29T11:19:37Z</time>
				<desc><![CDATA[CommonTimeValuePoint(absoluteTime=1764415177, value=0.8333333)]]></desc>
					<extensions>
						<ns3:TrackPointExtension>
							<ns3:speed>1.2048193</ns3:speed>
							<ns3:cad>0.0</ns3:cad>
							<ns3:hr>81</ns3:hr>
						</ns3:TrackPointExtension>
					</extensions>
			</trkpt>
			<trkpt lat="47.61603" lon="12.184164">
				<ele>467.0</ele>
				<time>2025-11-29T11:19:41Z</time>
				<desc><![CDATA[CommonTimeValuePoint(absoluteTime=1764415181, value=0.8403361)]]></desc>
					<extensions>
						<ns3:TrackPointExtension>
							<ns3:speed>1.2048193</ns3:speed>
							<ns3:cad>0.0</ns3:cad>
							<ns3:hr>80</ns3:hr>
						</ns3:TrackPointExtension>
					</extensions>
			</trkpt>
			<trkpt lat="47.616055" lon="12.184099">
				<ele>467.0</ele>
				<time>2025-11-29T11:19:45Z</time>
				<desc><![CDATA[CommonTimeValuePoint(absoluteTime=1764415185, value=0.8333333)]]></desc>
					<extensions>
						<ns3:TrackPointExtension>
							<ns3:speed>1.2195122</ns3:speed>
							<ns3:cad>0.0</ns3:cad>
							<ns3:hr>79</ns3:hr>
						</ns3:TrackPointExtension>
					</extensions>
			</trkpt>
			<trkpt lat="47.616085" lon="12.184029">
				<ele>467.0</ele>
				<time>2025-11-29T11:19:50Z</time>
				<desc><![CDATA[CommonTimeValuePoint(absoluteTime=1764415190, value=0.8064516)]]></desc>
					<extensions>
						<ns3:TrackPointExtension>
							<ns3:speed>1.25</ns3:speed>
							<ns3:cad>0.0</ns3:cad>
							<ns3:hr>82</ns3:hr>
						</ns3:TrackPointExtension>
					</extensions>
			</trkpt>
			<trkpt lat="47.61612" lon="12.183964">
				<ele>467.0</ele>
				<time>2025-11-29T11:19:55Z</time>
				<desc><![CDATA[CommonTimeValuePoint(absoluteTime=1764415195, value=0.7751938)]]></desc>
					<extensions>
						<ns3:TrackPointExtension>
							<ns3:speed>1.2987013</ns3:speed>
							<ns3:cad>0.0</ns3:cad>
							<ns3:hr>86</ns3:hr>
						</ns3:TrackPointExtension>
					</extensions>
			</trkpt>
			<trkpt lat="47.616154" lon="12.183892">
				<ele>467.0</ele>
				<time>2025-11-29T11:20:01Z</time>
				<desc><![CDATA[CommonTimeValuePoint(absoluteTime=1764415201, value=0.75757575)]]></desc>
					<extensions>
						<ns3:TrackPointExtension>
							<ns3:speed>1.3333334</ns3:speed>
							<ns3:cad>0.0</ns3:cad>
							<ns3:hr>85</ns3:hr>
						</ns3:TrackPointExtension>
					</extensions>
			</trkpt>
			<trkpt lat="47.61618" lon="12.183829">
				<ele>467.0</ele>
				<time>2025-11-29T11:20:05Z</time>
				<desc><![CDATA[CommonTimeValuePoint(absoluteTime=1764415205, value=0.76335883)]]></desc>
					<extensions>
						<ns3:TrackPointExtension>
							<ns3:speed>1.3157895</ns3:speed>
							<ns3:cad>0.0</ns3:cad>
							<ns3:hr>86</ns3:hr>
						</ns3:TrackPointExtension>
					</extensions>
			</trkpt>
			<trkpt lat="47.6162" lon="12.183759">
				<ele>467.0</ele>
				<time>2025-11-29T11:20:10Z</time>
				<desc><![CDATA[CommonTimeValuePoint(absoluteTime=1764415210, value=0.8196721)]]></desc>
					<extensions>
						<ns3:TrackPointExtension>
							<ns3:speed>1.2345679</ns3:speed>
							<ns3:cad>0.0</ns3:cad>
							<ns3:hr>83</ns3:hr>
						</ns3:TrackPointExtension>
					</extensions>
			</trkpt>
			<trkpt lat="47.616226" lon="12.183697">
				<ele>467.0</ele>
				<time>2025-11-29T11:20:15Z</time>
				<desc><![CDATA[CommonTimeValuePoint(absoluteTime=1764415215, value=0.877193)]]></desc>
					<extensions>
						<ns3:TrackPointExtension>
							<ns3:speed>1.1494253</ns3:speed>
							<ns3:cad>0.0</ns3:cad>
							<ns3:hr>83</ns3:hr>
						</ns3:TrackPointExtension>
					</extensions>
			</trkpt>
			<trkpt lat="47.616253" lon="12.183627">
				<ele>468.0</ele>
				<time>2025-11-29T11:20:20Z</time>
				<desc><![CDATA[CommonTimeValuePoint(absoluteTime=1764415220, value=0.89285713)]]></desc>
					<extensions>
						<ns3:TrackPointExtension>
							<ns3:speed>1.1235955</ns3:speed>
							<ns3:cad>0.0</ns3:cad>
							<ns3:hr>83</ns3:hr>
						</ns3:TrackPointExtension>
					</extensions>
			</trkpt>
			<trkpt lat="47.616276" lon="12.183564">
				<ele>468.0</ele>
				<time>2025-11-29T11:20:25Z</time>
				<desc><![CDATA[CommonTimeValuePoint(absoluteTime=1764415225, value=0.877193)]]></desc>
					<extensions>
						<ns3:TrackPointExtension>
							<ns3:speed>1.1494253</ns3:speed>
							<ns3:cad>0.0</ns3:cad>
							<ns3:hr>82</ns3:hr>
						</ns3:TrackPointExtension>
					</extensions>
			</trkpt>
			<trkpt lat="47.616306" lon="12.183494">
				<ele>468.0</ele>
				<time>2025-11-29T11:20:29Z</time>
				<desc><![CDATA[CommonTimeValuePoint(absoluteTime=1764415229, value=0.86956525)]]></desc>
					<extensions>
						<ns3:TrackPointExtension>
							<ns3:speed>1.1627907</ns3:speed>
							<ns3:cad>0.0</ns3:cad>
							<ns3:hr>80</ns3:hr>
						</ns3:TrackPointExtension>
					</extensions>
			</trkpt>
			<trkpt lat="47.616337" lon="12.183437">
				<ele>468.0</ele>
				<time>2025-11-29T11:20:34Z</time>
				<desc><![CDATA[CommonTimeValuePoint(absoluteTime=1764415234, value=0.9090909)]]></desc>
					<extensions>
						<ns3:TrackPointExtension>
							<ns3:speed>1.1111112</ns3:speed>
							<ns3:cad>0.0</ns3:cad>
							<ns3:hr>78</ns3:hr>
						</ns3:TrackPointExtension>
					</extensions>
			</trkpt>
			<trkpt lat="47.616367" lon="12.183371">
				<ele>468.0</ele>
				<time>2025-11-29T11:20:39Z</time>
				<desc><![CDATA[CommonTimeValuePoint(absoluteTime=1764415239, value=0.89285713)]]></desc>
					<extensions>
						<ns3:TrackPointExtension>
							<ns3:speed>1.1235955</ns3:speed>
							<ns3:cad>0.0</ns3:cad>
						</ns3:TrackPointExtension>
					</extensions>
			</trkpt>
			<trkpt lat="47.616394" lon="12.183297">
				<ele>468.0</ele>
				<time>2025-11-29T11:20:44Z</time>
				<desc><![CDATA[CommonTimeValuePoint(absoluteTime=1764415244, value=0.84745765)]]></desc>
					<extensions>
						<ns3:TrackPointExtension>
							<ns3:speed>1.1904762</ns3:speed>
							<ns3:cad>0.0</ns3:cad>
							<ns3:hr>83</ns3:hr>
						</ns3:TrackPointExtension>
					</extensions>
			</trkpt>
			<trkpt lat="47.616425" lon="12.183228">
				<ele>468.0</ele>
				<time>2025-11-29T11:20:50Z</time>
				<desc><![CDATA[CommonTimeValuePoint(absoluteTime=1764415250, value=0.82644624)]]></desc>
					<extensions>
						<ns3:TrackPointExtension>
							<ns3:speed>1.2195122</ns3:speed>
							<ns3:cad>0.0</ns3:cad>
						</ns3:TrackPointExtension>
					</extensions>
			</trkpt>
			<trkpt lat="47.616455" lon="12.183167">
				<ele>468.0</ele>
				<time>2025-11-29T11:20:53Z</time>
				<desc><![CDATA[CommonTimeValuePoint(absoluteTime=1764415253, value=0.82644624)]]></desc>
					<extensions>
						<ns3:TrackPointExtension>
							<ns3:speed>1.2195122</ns3:speed>
							<ns3:cad>0.0</ns3:cad>
							<ns3:hr>85</ns3:hr>
						</ns3:TrackPointExtension>
					</extensions>
			</trkpt>
			<trkpt lat="47.616467" lon="12.183089">
				<ele>468.0</ele>
				<time>2025-11-29T11:20:58Z</time>
				<desc><![CDATA[CommonTimeValuePoint(absoluteTime=1764415258, value=0.8196721)]]></desc>
					<extensions>
						<ns3:TrackPointExtension>
							<ns3:speed>1.2345679</ns3:speed>
							<ns3:cad>0.0</ns3:cad>
							<ns3:hr>85</ns3:hr>
						</ns3:TrackPointExtension>
					</extensions>
			</trkpt>
			<trkpt lat="47.616474" lon="12.183014">
				<ele>468.0</ele>
				<time>2025-11-29T11:21:03Z</time>
				<desc><![CDATA[CommonTimeValuePoint(absoluteTime=1764415263, value=0.8196721)]]></desc>
					<extensions>
						<ns3:TrackPointExtension>
							<ns3:speed>1.2345679</ns3:speed>
							<ns3:cad>0.0</ns3:cad>
							<ns3:hr>85</ns3:hr>
						</ns3:TrackPointExtension>
					</extensions>
			</trkpt>
			<trkpt lat="47.61649" lon="12.182936">
				<ele>468.0</ele>
				<time>2025-11-29T11:21:08Z</time>
				<desc><![CDATA[CommonTimeValuePoint(absoluteTime=1764415268, value=0.9433963)]]></desc>
					<extensions>
						<ns3:TrackPointExtension>
							<ns3:speed>1.0752689</ns3:speed>
							<ns3:cad>0.0</ns3:cad>
							<ns3:hr>84</ns3:hr>
						</ns3:TrackPointExtension>
					</extensions>
			</trkpt>
			<trkpt lat="47.61649" lon="12.182869">
				<ele>468.0</ele>
				<time>2025-11-29T11:21:12Z</time>
				<desc><![CDATA[CommonTimeValuePoint(absoluteTime=1764415272, value=0.98039216)]]></desc>
					<extensions>
						<ns3:TrackPointExtension>
							<ns3:speed>1.0309278</ns3:speed>
							<ns3:cad>0.0</ns3:cad>
							<ns3:hr>85</ns3:hr>
						</ns3:TrackPointExtension>
					</extensions>
			</trkpt>
			<trkpt lat="47.616505" lon="12.182806">
				<ele>468.0</ele>
				<time>2025-11-29T11:21:16Z</time>
				<desc><![CDATA[CommonTimeValuePoint(absoluteTime=1764415276, value=0.98039216)]]></desc>
					<extensions>
						<ns3:TrackPointExtension>
							<ns3:speed>1.0204082</ns3:speed>
							<ns3:cad>0.0</ns3:cad>
							<ns3:hr>86</ns3:hr>
						</ns3:TrackPointExtension>
					</extensions>
			</trkpt>
			<trkpt lat="47.616516" lon="12.182733">
				<ele>468.0</ele>
				<time>2025-11-29T11:21:20Z</time>
				<desc><![CDATA[CommonTimeValuePoint(absoluteTime=1764415280, value=0.98039216)]]></desc>
					<extensions>
						<ns3:TrackPointExtension>
							<ns3:speed>1.0309278</ns3:speed>
							<ns3:cad>0.0</ns3:cad>
							<ns3:hr>86</ns3:hr>
						</ns3:TrackPointExtension>
					</extensions>
			</trkpt>
			<trkpt lat="47.616516" lon="12.182666">
				<ele>468.0</ele>
				<time>2025-11-29T11:21:24Z</time>
				<desc><![CDATA[CommonTimeValuePoint(absoluteTime=1764415284, value=0.990099)]]></desc>
					<extensions>
						<ns3:TrackPointExtension>
							<ns3:speed>1.0204082</ns3:speed>
							<ns3:cad>0.0</ns3:cad>
						</ns3:TrackPointExtension>
					</extensions>
			</trkpt>
			<trkpt lat="47.616524" lon="12.182581">
				<ele>468.0</ele>
				<time>2025-11-29T11:21:29Z</time>
				<desc><![CDATA[CommonTimeValuePoint(absoluteTime=1764415289, value=1.010101)]]></desc>
					<extensions>
						<ns3:TrackPointExtension>
							<ns3:speed>1.0</ns3:speed>
							<ns3:cad>0.0</ns3:cad>
							<ns3:hr>85</ns3:hr>
						</ns3:TrackPointExtension>
					</extensions>
			</trkpt>
			<trkpt lat="47.616524" lon="12.182512">
				<ele>468.0</ele>
				<time>2025-11-29T11:21:33Z</time>
				<desc><![CDATA[CommonTimeValuePoint(absoluteTime=1764415293, value=1.0)]]></desc>
					<extensions>
						<ns3:TrackPointExtension>
							<ns3:speed>1.010101</ns3:speed>
							<ns3:cad>0.0</ns3:cad>
							<ns3:hr>84</ns3:hr>
						</ns3:TrackPointExtension>
					</extensions>
			</trkpt>
			<trkpt lat="47.616543" lon="12.18245">
				<ele>469.0</ele>
				<time>2025-11-29T11:21:37Z</time>
				<desc><![CDATA[CommonTimeValuePoint(absoluteTime=1764415297, value=0.9174312)]]></desc>
					<extensions>
						<ns3:TrackPointExtension>
							<ns3:speed>1.098901</ns3:speed>
							<ns3:cad>0.0</ns3:cad>
						</ns3:TrackPointExtension>
					</extensions>
			</trkpt>
			<trkpt lat="47.61655" lon="12.182377">
				<ele>469.0</ele>
				<time>2025-11-29T11:21:41Z</time>
				<desc><![CDATA[CommonTimeValuePoint(absoluteTime=1764415301, value=0.877193)]]></desc>
					<extensions>
						<ns3:TrackPointExtension>
							<ns3:speed>1.1494253</ns3:speed>
							<ns3:cad>0.0</ns3:cad>
							<ns3:hr>83</ns3:hr>
						</ns3:TrackPointExtension>
					</extensions>
			</trkpt>
			<trkpt lat="47.61657" lon="12.182309">
				<ele>469.0</ele>
				<time>2025-11-29T11:21:45Z</time>
				<desc><![CDATA[CommonTimeValuePoint(absoluteTime=1764415305, value=0.9009009)]]></desc>
					<extensions>
						<ns3:TrackPointExtension>
							<ns3:speed>1.1235955</ns3:speed>
							<ns3:cad>0.0</ns3:cad>
							<ns3:hr>83</ns3:hr>
						</ns3:TrackPointExtension>
					</extensions>
			</trkpt>
			<trkpt lat="47.616585" lon="12.182236">
				<ele>469.0</ele>
				<time>2025-11-29T11:21:49Z</time>
				<desc><![CDATA[CommonTimeValuePoint(absoluteTime=1764415309, value=0.9090909)]]></desc>
					<extensions>
						<ns3:TrackPointExtension>
							<ns3:speed>1.1111112</ns3:speed>
							<ns3:cad>0.0</ns3:cad>
							<ns3:hr>84</ns3:hr>
						</ns3:TrackPointExtension>
					</extensions>
			</trkpt>
			<trkpt lat="47.616596" lon="12.182156">
				<ele>469.0</ele>
				<time>2025-11-29T11:21:54Z</time>
				<desc><![CDATA[CommonTimeValuePoint(absoluteTime=1764415314, value=0.88495576)]]></desc>
					<extensions>
						<ns3:TrackPointExtension>
							<ns3:speed>1.1363636</ns3:speed>
							<ns3:cad>0.0</ns3:cad>
							<ns3:hr>84</ns3:hr>
						</ns3:TrackPointExtension>
					</extensions>
			</trkpt>
			<trkpt lat="47.6166" lon="12.182077">
				<ele>469.0</ele>
				<time>2025-11-29T11:21:59Z</time>
				<desc><![CDATA[CommonTimeValuePoint(absoluteTime=1764415319, value=0.88495576)]]></desc>
					<extensions>
						<ns3:TrackPointExtension>
							<ns3:speed>1.1494253</ns3:speed>
							<ns3:cad>0.0</ns3:cad>
							<ns3:hr>80</ns3:hr>
						</ns3:TrackPointExtension>
					</extensions>
			</trkpt>
			<trkpt lat="47.616592" lon="12.182009">
				<ele>469.0</ele>
				<time>2025-11-29T11:22:03Z</time>
				<desc><![CDATA[CommonTimeValuePoint(absoluteTime=1764415323, value=0.877193)]]></desc>
					<extensions>
						<ns3:TrackPointExtension>
							<ns3:speed>1.1494253</ns3:speed>
							<ns3:cad>0.0</ns3:cad>
							<ns3:hr>80</ns3:hr>
						</ns3:TrackPointExtension>
					</extensions>
			</trkpt>
			<trkpt lat="47.616592" lon="12.181934">
				<ele>469.0</ele>
				<time>2025-11-29T11:22:08Z</time>
				<desc><![CDATA[CommonTimeValuePoint(absoluteTime=1764415328, value=0.86956525)]]></desc>
					<extensions>
						<ns3:TrackPointExtension>
							<ns3:speed>1.1627907</ns3:speed>
							<ns3:cad>0.0</ns3:cad>
							<ns3:hr>82</ns3:hr>
						</ns3:TrackPointExtension>
					</extensions>
			</trkpt>
			<trkpt lat="47.616608" lon="12.181869">
				<ele>469.0</ele>
				<time>2025-11-29T11:22:12Z</time>
				<desc><![CDATA[CommonTimeValuePoint(absoluteTime=1764415332, value=0.877193)]]></desc>
					<extensions>
						<ns3:TrackPointExtension>
							<ns3:speed>1.1494253</ns3:speed>
							<ns3:cad>0.0</ns3:cad>
							<ns3:hr>84</ns3:hr>
						</ns3:TrackPointExtension>
					</extensions>
			</trkpt>
			<trkpt lat="47.61663" lon="12.181799">
				<ele>469.0</ele>
				<time>2025-11-29T11:22:16Z</time>
				<desc><![CDATA[CommonTimeValuePoint(absoluteTime=1764415336, value=0.877193)]]></desc>
					<extensions>
						<ns3:TrackPointExtension>
							<ns3:speed>1.1494253</ns3:speed>
							<ns3:cad>0.0</ns3:cad>
							<ns3:hr>83</ns3:hr>
						</ns3:TrackPointExtension>
					</extensions>
			</trkpt>
			<trkpt lat="47.616627" lon="12.181723">
				<ele>469.0</ele>
				<time>2025-11-29T11:22:21Z</time>
				<desc><![CDATA[CommonTimeValuePoint(absoluteTime=1764415341, value=0.85470086)]]></desc>
					<extensions>
						<ns3:TrackPointExtension>
							<ns3:speed>1.1764705</ns3:speed>
							<ns3:cad>0.0</ns3:cad>
						</ns3:TrackPointExtension>
					</extensions>
			</trkpt>
			<trkpt lat="47.616634" lon="12.181647">
				<ele>469.0</ele>
				<time>2025-11-29T11:22:25Z</time>
				<desc><![CDATA[CommonTimeValuePoint(absoluteTime=1764415345, value=0.8403361)]]></desc>
					<extensions>
						<ns3:TrackPointExtension>
							<ns3:speed>1.2048193</ns3:speed>
							<ns3:cad>0.0</ns3:cad>
							<ns3:hr>82</ns3:hr>
						</ns3:TrackPointExtension>
					</extensions>
			</trkpt>
			<trkpt lat="47.61662" lon="12.181581">
				<ele>469.0</ele>
				<time>2025-11-29T11:22:29Z</time>
				<desc><![CDATA[CommonTimeValuePoint(absoluteTime=1764415349, value=0.862069)]]></desc>
					<extensions>
						<ns3:TrackPointExtension>
							<ns3:speed>1.1627907</ns3:speed>
							<ns3:cad>0.0</ns3:cad>
							<ns3:hr>82</ns3:hr>
						</ns3:TrackPointExtension>
					</extensions>
			</trkpt>
			<trkpt lat="47.616627" lon="12.181498">
				<ele>469.0</ele>
				<time>2025-11-29T11:22:34Z</time>
				<desc><![CDATA[CommonTimeValuePoint(absoluteTime=1764415354, value=0.9090909)]]></desc>
					<extensions>
						<ns3:TrackPointExtension>
							<ns3:speed>1.1111112</ns3:speed>
							<ns3:cad>0.0</ns3:cad>
							<ns3:hr>82</ns3:hr>
						</ns3:TrackPointExtension>
					</extensions>
			</trkpt>
			<trkpt lat="47.616634" lon="12.181431">
				<ele>469.0</ele>
				<time>2025-11-29T11:22:38Z</time>
				<desc><![CDATA[CommonTimeValuePoint(absoluteTime=1764415358, value=0.89285713)]]></desc>
					<extensions>
						<ns3:TrackPointExtension>
							<ns3:speed>1.1363636</ns3:speed>
							<ns3:cad>0.0</ns3:cad>
							<ns3:hr>83</ns3:hr>
						</ns3:TrackPointExtension>
					</extensions>
			</trkpt>
			<trkpt lat="47.616653" lon="12.181362">
				<ele>469.0</ele>
				<time>2025-11-29T11:22:43Z</time>
				<desc><![CDATA[CommonTimeValuePoint(absoluteTime=1764415363, value=0.877193)]]></desc>
					<extensions>
						<ns3:TrackPointExtension>
							<ns3:speed>1.1494253</ns3:speed>
							<ns3:cad>0.0</ns3:cad>
							<ns3:hr>84</ns3:hr>
						</ns3:TrackPointExtension>
					</extensions>
			</trkpt>
			<trkpt lat="47.61666" lon="12.181293">
				<ele>469.0</ele>
				<time>2025-11-29T11:22:47Z</time>
				<desc><![CDATA[CommonTimeValuePoint(absoluteTime=1764415367, value=0.9009009)]]></desc>
					<extensions>
						<ns3:TrackPointExtension>
							<ns3:speed>1.1235955</ns3:speed>
							<ns3:cad>0.0</ns3:cad>
							<ns3:hr>82</ns3:hr>
						</ns3:TrackPointExtension>
					</extensions>
			</trkpt>
			<trkpt lat="47.61668" lon="12.181217">
				<ele>469.0</ele>
				<time>2025-11-29T11:22:52Z</time>
				<desc><![CDATA[CommonTimeValuePoint(absoluteTime=1764415372, value=0.9259259)]]></desc>
					<extensions>
						<ns3:TrackPointExtension>
							<ns3:speed>1.0869565</ns3:speed>
							<ns3:cad>0.0</ns3:cad>
							<ns3:hr>83</ns3:hr>
						</ns3:TrackPointExtension>
					</extensions>
			</trkpt>
			<trkpt lat="47.616684" lon="12.181148">
				<ele>469.0</ele>
				<time>2025-11-29T11:22:56Z</time>
				<desc><![CDATA[CommonTimeValuePoint(absoluteTime=1764415376, value=0.952381)]]></desc>
					<extensions>
						<ns3:TrackPointExtension>
							<ns3:speed>1.0638298</ns3:speed>
							<ns3:cad>0.0</ns3:cad>
							<ns3:hr>85</ns3:hr>
						</ns3:TrackPointExtension>
					</extensions>
			</trkpt>
			<trkpt lat="47.61669" lon="12.181081">
				<ele>469.0</ele>
				<time>2025-11-29T11:23:00Z</time>
				<desc><![CDATA[CommonTimeValuePoint(absoluteTime=1764415380, value=0.9259259)]]></desc>
					<extensions>
						<ns3:TrackPointExtension>
							<ns3:speed>1.0869565</ns3:speed>
							<ns3:cad>0.0</ns3:cad>
							<ns3:hr>82</ns3:hr>
						</ns3:TrackPointExtension>
					</extensions>
			</trkpt>
			<trkpt lat="47.6167" lon="12.181003">
				<ele>470.0</ele>
				<time>2025-11-29T11:23:04Z</time>
				<desc><![CDATA[CommonTimeValuePoint(absoluteTime=1764415384, value=0.9433963)]]></desc>
					<extensions>
						<ns3:TrackPointExtension>
							<ns3:speed>1.0638298</ns3:speed>
							<ns3:cad>0.0</ns3:cad>
						</ns3:TrackPointExtension>
					</extensions>
			</trkpt>
			<trkpt lat="47.616703" lon="12.180931">
				<ele>470.0</ele>
				<time>2025-11-29T11:23:08Z</time>
				<desc><![CDATA[CommonTimeValuePoint(absoluteTime=1764415388, value=0.9090909)]]></desc>
					<extensions>
						<ns3:TrackPointExtension>
							<ns3:speed>1.1111112</ns3:speed>
							<ns3:cad>0.0</ns3:cad>
							<ns3:hr>81</ns3:hr>
						</ns3:TrackPointExtension>
					</extensions>
			</trkpt>
			<trkpt lat="47.61671" lon="12.1808605">
				<ele>470.0</ele>
				<time>2025-11-29T11:23:12Z</time>
				<desc><![CDATA[CommonTimeValuePoint(absoluteTime=1764415392, value=0.9090909)]]></desc>
					<extensions>
						<ns3:TrackPointExtension>
							<ns3:speed>1.1111112</ns3:speed>
							<ns3:cad>0.0</ns3:cad>
							<ns3:hr>82</ns3:hr>
						</ns3:TrackPointExtension>
					</extensions>
			</trkpt>
			<trkpt lat="47.61671" lon="12.180794">
				<ele>470.0</ele>
				<time>2025-11-29T11:23:16Z</time>
				<desc><![CDATA[CommonTimeValuePoint(absoluteTime=1764415396, value=0.9009009)]]></desc>
					<extensions>
						<ns3:TrackPointExtension>
							<ns3:speed>1.1235955</ns3:speed>
							<ns3:cad>0.0</ns3:cad>
							<ns3:hr>83</ns3:hr>
						</ns3:TrackPointExtension>
					</extensions>
			</trkpt>
			<trkpt lat="47.616714" lon="12.180727">
				<ele>470.0</ele>
				<time>2025-11-29T11:23:20Z</time>
				<desc><![CDATA[CommonTimeValuePoint(absoluteTime=1764415400, value=0.9174312)]]></desc>
					<extensions>
						<ns3:TrackPointExtension>
							<ns3:speed>1.098901</ns3:speed>
							<ns3:cad>0.0</ns3:cad>
							<ns3:hr>81</ns3:hr>
						</ns3:TrackPointExtension>
					</extensions>
			</trkpt>
			<trkpt lat="47.61672" lon="12.180642">
				<ele>470.0</ele>
				<time>2025-11-29T11:23:25Z</time>
				<desc><![CDATA[CommonTimeValuePoint(absoluteTime=1764415405, value=0.89285713)]]></desc>
					<extensions>
						<ns3:TrackPointExtension>
							<ns3:speed>1.1235955</ns3:speed>
							<ns3:cad>0.0</ns3:cad>
							<ns3:hr>82</ns3:hr>
						</ns3:TrackPointExtension>
					</extensions>
			</trkpt>
			<trkpt lat="47.616695" lon="12.180569">
				<ele>470.0</ele>
				<time>2025-11-29T11:23:29Z</time>
				<desc><![CDATA[CommonTimeValuePoint(absoluteTime=1764415409, value=0.88495576)]]></desc>
					<extensions>
						<ns3:TrackPointExtension>
							<ns3:speed>1.1363636</ns3:speed>
							<ns3:cad>0.0</ns3:cad>
							<ns3:hr>83</ns3:hr>
						</ns3:TrackPointExtension>
					</extensions>
			</trkpt>
			<trkpt lat="47.616673" lon="12.18049">
				<ele>470.0</ele>
				<time>2025-11-29T11:23:34Z</time>
				<desc><![CDATA[CommonTimeValuePoint(absoluteTime=1764415414, value=0.877193)]]></desc>
					<extensions>
						<ns3:TrackPointExtension>
							<ns3:speed>1.1494253</ns3:speed>
							<ns3:cad>0.0</ns3:cad>
							<ns3:hr>82</ns3:hr>
						</ns3:TrackPointExtension>
					</extensions>
			</trkpt>
			<trkpt lat="47.616673" lon="12.180408">
				<ele>470.0</ele>
				<time>2025-11-29T11:23:39Z</time>
				<desc><![CDATA[CommonTimeValuePoint(absoluteTime=1764415419, value=0.8333333)]]></desc>
					<extensions>
						<ns3:TrackPointExtension>
							<ns3:speed>1.2048193</ns3:speed>
							<ns3:cad>0.0</ns3:cad>
						</ns3:TrackPointExtension>
					</extensions>
			</trkpt>
			<trkpt lat="47.616673" lon="12.180336">
				<ele>470.0</ele>
				<time>2025-11-29T11:23:43Z</time>
				<desc><![CDATA[CommonTimeValuePoint(absoluteTime=1764415423, value=0.82644624)]]></desc>
					<extensions>
						<ns3:TrackPointExtension>
							<ns3:speed>1.2195122</ns3:speed>
							<ns3:cad>0.0</ns3:cad>
							<ns3:hr>81</ns3:hr>
						</ns3:TrackPointExtension>
					</extensions>
			</trkpt>
			<trkpt lat="47.616676" lon="12.180256">
				<ele>470.0</ele>
				<time>2025-11-29T11:23:47Z</time>
				<desc><![CDATA[CommonTimeValuePoint(absoluteTime=1764415427, value=0.8196721)]]></desc>
					<extensions>
						<ns3:TrackPointExtension>
							<ns3:speed>1.2345679</ns3:speed>
							<ns3:cad>0.0</ns3:cad>
						</ns3:TrackPointExtension>
					</extensions>
			</trkpt>
			<trkpt lat="47.616673" lon="12.180181">
				<ele>470.0</ele>
				<time>2025-11-29T11:23:52Z</time>
				<desc><![CDATA[CommonTimeValuePoint(absoluteTime=1764415432, value=0.8333333)]]></desc>
					<extensions>
						<ns3:TrackPointExtension>
							<ns3:speed>1.2048193</ns3:speed>
							<ns3:cad>0.0</ns3:cad>
							<ns3:hr>83</ns3:hr>
						</ns3:TrackPointExtension>
					</extensions>
			</trkpt>
			<trkpt lat="47.61667" lon="12.1801">
				<ele>470.0</ele>
				<time>2025-11-29T11:23:57Z</time>
				<desc><![CDATA[CommonTimeValuePoint(absoluteTime=1764415437, value=0.8403361)]]></desc>
					<extensions>
						<ns3:TrackPointExtension>
							<ns3:speed>1.2048193</ns3:speed>
							<ns3:cad>0.0</ns3:cad>
						</ns3:TrackPointExtension>
					</extensions>
			</trkpt>
			<trkpt lat="47.616665" lon="12.180034">
				<ele>470.0</ele>
				<time>2025-11-29T11:24:01Z</time>
				<desc><![CDATA[CommonTimeValuePoint(absoluteTime=1764415441, value=0.8403361)]]></desc>
					<extensions>
						<ns3:TrackPointExtension>
							<ns3:speed>1.2048193</ns3:speed>
							<ns3:cad>0.0</ns3:cad>
							<ns3:hr>84</ns3:hr>
						</ns3:TrackPointExtension>
					</extensions>
			</trkpt>
			<trkpt lat="47.61664" lon="12.179969">
				<ele>470.0</ele>
				<time>2025-11-29T11:24:06Z</time>
				<desc><![CDATA[CommonTimeValuePoint(absoluteTime=1764415446, value=0.85470086)]]></desc>
					<extensions>
						<ns3:TrackPointExtension>
							<ns3:speed>1.1904762</ns3:speed>
							<ns3:cad>0.0</ns3:cad>
							<ns3:hr>82</ns3:hr>
						</ns3:TrackPointExtension>
					</extensions>
			</trkpt>
			<trkpt lat="47.616615" lon="12.179904">
				<ele>470.0</ele>
				<time>2025-11-29T11:24:10Z</time>
				<desc><![CDATA[CommonTimeValuePoint(absoluteTime=1764415450, value=0.862069)]]></desc>
					<extensions>
						<ns3:TrackPointExtension>
							<ns3:speed>1.1764705</ns3:speed>
							<ns3:cad>0.0</ns3:cad>
							<ns3:hr>83</ns3:hr>
						</ns3:TrackPointExtension>
					</extensions>
			</trkpt>
			<trkpt lat="47.616596" lon="12.179841">
				<ele>470.0</ele>
				<time>2025-11-29T11:24:14Z</time>
				<desc><![CDATA[CommonTimeValuePoint(absoluteTime=1764415454, value=0.8403361)]]></desc>
					<extensions>
						<ns3:TrackPointExtension>
							<ns3:speed>1.2048193</ns3:speed>
							<ns3:cad>0.0</ns3:cad>
							<ns3:hr>81</ns3:hr>
						</ns3:TrackPointExtension>
					</extensions>
			</trkpt>
			<trkpt lat="47.616573" lon="12.179774">
				<ele>470.0</ele>
				<time>2025-11-29T11:24:19Z</time>
				<desc><![CDATA[CommonTimeValuePoint(absoluteTime=1764415459, value=0.82644624)]]></desc>
					<extensions>
						<ns3:TrackPointExtension>
							<ns3:speed>1.2195122</ns3:speed>
							<ns3:cad>0.0</ns3:cad>
							<ns3:hr>79</ns3:hr>
						</ns3:TrackPointExtension>
					</extensions>
			</trkpt>
			<trkpt lat="47.61656" lon="12.179709">
				<ele>470.0</ele>
				<time>2025-11-29T11:24:23Z</time>
				<desc><![CDATA[CommonTimeValuePoint(absoluteTime=1764415463, value=0.8333333)]]></desc>
					<extensions>
						<ns3:TrackPointExtension>
							<ns3:speed>1.2195122</ns3:speed>
							<ns3:cad>0.0</ns3:cad>
							<ns3:hr>79</ns3:hr>
						</ns3:TrackPointExtension>
					</extensions>
			</trkpt>
			<trkpt lat="47.616547" lon="12.179649">
				<ele>470.0</ele>
				<time>2025-11-29T11:24:27Z</time>
				<desc><![CDATA[CommonTimeValuePoint(absoluteTime=1764415467, value=0.8333333)]]></desc>
					<extensions>
						<ns3:TrackPointExtension>
							<ns3:speed>1.2048193</ns3:speed>
							<ns3:cad>0.0</ns3:cad>
						</ns3:TrackPointExtension>
					</extensions>
			</trkpt>
			<trkpt lat="47.616535" lon="12.179572">
				<ele>470.0</ele>
				<time>2025-11-29T11:24:32Z</time>
				<desc><![CDATA[CommonTimeValuePoint(absoluteTime=1764415472, value=0.8403361)]]></desc>
					<extensions>
						<ns3:TrackPointExtension>
							<ns3:speed>1.2048193</ns3:speed>
							<ns3:cad>0.0</ns3:cad>
							<ns3:hr>79</ns3:hr>
						</ns3:TrackPointExtension>
					</extensions>
			</trkpt>
			<trkpt lat="47.616516" lon="12.179513">
				<ele>470.0</ele>
				<time>2025-11-29T11:24:37Z</time>
				<desc><![CDATA[CommonTimeValuePoint(absoluteTime=1764415477, value=0.9174312)]]></desc>
					<extensions>
						<ns3:TrackPointExtension>
							<ns3:speed>1.098901</ns3:speed>
							<ns3:cad>0.0</ns3:cad>
							<ns3:hr>78</ns3:hr>
						</ns3:TrackPointExtension>
					</extensions>
			</trkpt>
			<trkpt lat="47.616516" lon="12.179436">
				<ele>470.0</ele>
				<time>2025-11-29T11:24:42Z</time>
				<desc><![CDATA[CommonTimeValuePoint(absoluteTime=1764415482, value=1.0)]]></desc>
					<extensions>
						<ns3:TrackPointExtension>
							<ns3:speed>1.010101</ns3:speed>
							<ns3:cad>0.0</ns3:cad>
							<ns3:hr>79</ns3:hr>
						</ns3:TrackPointExtension>
					</extensions>
			</trkpt>
			<trkpt lat="47.616524" lon="12.179359">
				<ele>470.0</ele>
				<time>2025-11-29T11:24:48Z</time>
				<desc><![CDATA[CommonTimeValuePoint(absoluteTime=1764415488, value=1.0)]]></desc>
					<extensions>
						<ns3:TrackPointExtension>
							<ns3:speed>1.010101</ns3:speed>
							<ns3:cad>0.0</ns3:cad>
							<ns3:hr>82</ns3:hr>
						</ns3:TrackPointExtension>
					</extensions>
			</trkpt>
			<trkpt lat="47.616535" lon="12.179284">
				<ele>470.0</ele>
				<time>2025-11-29T11:24:54Z</time>
				<desc><![CDATA[CommonTimeValuePoint(absoluteTime=1764415494, value=1.1235955)]]></desc>
					<extensions>
						<ns3:TrackPointExtension>
							<ns3:speed>0.9009009</ns3:speed>
							<ns3:cad>0.0</ns3:cad>
							<ns3:hr>95</ns3:hr>
						</ns3:TrackPointExtension>
					</extensions>
			</trkpt>
			<trkpt lat="47.616554" lon="12.179215">
				<ele>470.0</ele>
				<time>2025-11-29T11:25:00Z</time>
				<desc><![CDATA[CommonTimeValuePoint(absoluteTime=1764415500, value=1.0869565)]]></desc>
					<extensions>
						<ns3:TrackPointExtension>
							<ns3:speed>0.9345794</ns3:speed>
							<ns3:cad>0.0</ns3:cad>
							<ns3:hr>96</ns3:hr>
						</ns3:TrackPointExtension>
					</extensions>
			</trkpt>
			<trkpt lat="47.616566" lon="12.179137">
				<ele>470.0</ele>
				<time>2025-11-29T11:25:05Z</time>
				<desc><![CDATA[CommonTimeValuePoint(absoluteTime=1764415505, value=1.010101)]]></desc>
					<extensions>
						<ns3:TrackPointExtension>
							<ns3:speed>1.0</ns3:speed>
							<ns3:cad>0.0</ns3:cad>
							<ns3:hr>102</ns3:hr>
						</ns3:TrackPointExtension>
					</extensions>
			</trkpt>
			<trkpt lat="47.616573" lon="12.179068">
				<ele>470.0</ele>
				<time>2025-11-29T11:25:10Z</time>
				<desc><![CDATA[CommonTimeValuePoint(absoluteTime=1764415510, value=0.9174312)]]></desc>
					<extensions>
						<ns3:TrackPointExtension>
							<ns3:speed>1.098901</ns3:speed>
							<ns3:cad>0.0</ns3:cad>
							<ns3:hr>105</ns3:hr>
						</ns3:TrackPointExtension>
					</extensions>
			</trkpt>
			<trkpt lat="47.61658" lon="12.178996">
				<ele>470.0</ele>
				<time>2025-11-29T11:25:17Z</time>
				<desc><![CDATA[CommonTimeValuePoint(absoluteTime=1764415517, value=1.098901)]]></desc>
					<extensions>
						<ns3:TrackPointExtension>
							<ns3:speed>0.9174312</ns3:speed>
							<ns3:cad>0.0</ns3:cad>
							<ns3:hr>102</ns3:hr>
						</ns3:TrackPointExtension>
					</extensions>
			</trkpt>
			<trkpt lat="47.616592" lon="12.178927">
				<ele>470.0</ele>
				<time>2025-11-29T11:25:23Z</time>
				<desc><![CDATA[CommonTimeValuePoint(absoluteTime=1764415523, value=1.1494253)]]></desc>
					<extensions>
						<ns3:TrackPointExtension>
							<ns3:speed>0.877193</ns3:speed>
							<ns3:cad>0.0</ns3:cad>
							<ns3:hr>103</ns3:hr>
						</ns3:TrackPointExtension>
					</extensions>
			</trkpt>
			<trkpt lat="47.616592" lon="12.178856">
				<ele>471.0</ele>
				<time>2025-11-29T11:25:28Z</time>
				<desc><![CDATA[CommonTimeValuePoint(absoluteTime=1764415528, value=1.0752689)]]></desc>
					<extensions>
						<ns3:TrackPointExtension>
							<ns3:speed>0.9345794</ns3:speed>
							<ns3:cad>0.0</ns3:cad>
							<ns3:hr>104</ns3:hr>
						</ns3:TrackPointExtension>
					</extensions>
			</trkpt>
			<trkpt lat="47.616592" lon="12.17878">
				<ele>471.0</ele>
				<time>2025-11-29T11:25:33Z</time>
				<desc><![CDATA[CommonTimeValuePoint(absoluteTime=1764415533, value=0.990099)]]></desc>
					<extensions>
						<ns3:TrackPointExtension>
							<ns3:speed>1.0204082</ns3:speed>
							<ns3:cad>0.0</ns3:cad>
						</ns3:TrackPointExtension>
					</extensions>
			</trkpt>
			<trkpt lat="47.616592" lon="12.178704">
				<ele>471.0</ele>
				<time>2025-11-29T11:25:39Z</time>
				<desc><![CDATA[CommonTimeValuePoint(absoluteTime=1764415539, value=0.9433963)]]></desc>
					<extensions>
						<ns3:TrackPointExtension>
							<ns3:speed>1.0752689</ns3:speed>
							<ns3:cad>0.0</ns3:cad>
							<ns3:hr>102</ns3:hr>
						</ns3:TrackPointExtension>
					</extensions>
			</trkpt>
			<trkpt lat="47.616596" lon="12.178629">
				<ele>471.0</ele>
				<time>2025-11-29T11:25:45Z</time>
				<desc><![CDATA[CommonTimeValuePoint(absoluteTime=1764415545, value=0.9615385)]]></desc>
					<extensions>
						<ns3:TrackPointExtension>
							<ns3:speed>1.0526316</ns3:speed>
							<ns3:cad>0.0</ns3:cad>
							<ns3:hr>100</ns3:hr>
						</ns3:TrackPointExtension>
					</extensions>
			</trkpt>
			<trkpt lat="47.616608" lon="12.178559">
				<ele>471.0</ele>
				<time>2025-11-29T11:25:50Z</time>
				<desc><![CDATA[CommonTimeValuePoint(absoluteTime=1764415550, value=0.952381)]]></desc>
					<extensions>
						<ns3:TrackPointExtension>
							<ns3:speed>1.0526316</ns3:speed>
							<ns3:cad>0.0</ns3:cad>
							<ns3:hr>102</ns3:hr>
						</ns3:TrackPointExtension>
					</extensions>
			</trkpt>
			<trkpt lat="47.616615" lon="12.178484">
				<ele>471.0</ele>
				<time>2025-11-29T11:25:56Z</time>
				<desc><![CDATA[CommonTimeValuePoint(absoluteTime=1764415556, value=0.990099)]]></desc>
					<extensions>
						<ns3:TrackPointExtension>
							<ns3:speed>1.0204082</ns3:speed>
							<ns3:cad>0.0</ns3:cad>
							<ns3:hr>105</ns3:hr>
						</ns3:TrackPointExtension>
					</extensions>
			</trkpt>
			<trkpt lat="47.616634" lon="12.178416">
				<ele>471.0</ele>
				<time>2025-11-29T11:26:01Z</time>
				<desc><![CDATA[CommonTimeValuePoint(absoluteTime=1764415561, value=1.0204082)]]></desc>
					<extensions>
						<ns3:TrackPointExtension>
							<ns3:speed>0.990099</ns3:speed>
							<ns3:cad>0.0</ns3:cad>
							<ns3:hr>106</ns3:hr>
						</ns3:TrackPointExtension>
					</extensions>
			</trkpt>
			<trkpt lat="47.61665" lon="12.178341">
				<ele>471.0</ele>
				<time>2025-11-29T11:26:06Z</time>
				<desc><![CDATA[CommonTimeValuePoint(absoluteTime=1764415566, value=0.98039216)]]></desc>
					<extensions>
						<ns3:TrackPointExtension>
							<ns3:speed>1.0309278</ns3:speed>
							<ns3:cad>0.0</ns3:cad>
							<ns3:hr>106</ns3:hr>
						</ns3:TrackPointExtension>
					</extensions>
			</trkpt>
			<trkpt lat="47.61666" lon="12.178271">
				<ele>471.0</ele>
				<time>2025-11-29T11:26:11Z</time>
				<desc><![CDATA[CommonTimeValuePoint(absoluteTime=1764415571, value=0.9259259)]]></desc>
					<extensions>
						<ns3:TrackPointExtension>
							<ns3:speed>1.0869565</ns3:speed>
							<ns3:cad>0.0</ns3:cad>
							<ns3:hr>111</ns3:hr>
						</ns3:TrackPointExtension>
					</extensions>
			</trkpt>
			<trkpt lat="47.616673" lon="12.178205">
				<ele>471.0</ele>
				<time>2025-11-29T11:26:16Z</time>
				<desc><![CDATA[CommonTimeValuePoint(absoluteTime=1764415576, value=0.9174312)]]></desc>
					<extensions>
						<ns3:TrackPointExtension>
							<ns3:speed>1.098901</ns3:speed>
							<ns3:cad>0.0</ns3:cad>
							<ns3:hr>112</ns3:hr>
						</ns3:TrackPointExtension>
					</extensions>
			</trkpt>
			<trkpt lat="47.616688" lon="12.178127">
				<ele>471.0</ele>
				<time>2025-11-29T11:26:21Z</time>
				<desc><![CDATA[CommonTimeValuePoint(absoluteTime=1764415581, value=0.9174312)]]></desc>
					<extensions>
						<ns3:TrackPointExtension>
							<ns3:speed>1.098901</ns3:speed>
							<ns3:cad>0.0</ns3:cad>
							<ns3:hr>116</ns3:hr>
						</ns3:TrackPointExtension>
					</extensions>
			</trkpt>
			<trkpt lat="47.616703" lon="12.178054">
				<ele>471.0</ele>
				<time>2025-11-29T11:26:26Z</time>
				<desc><![CDATA[CommonTimeValuePoint(absoluteTime=1764415586, value=0.86956525)]]></desc>
					<extensions>
						<ns3:TrackPointExtension>
							<ns3:speed>1.1627907</ns3:speed>
							<ns3:cad>0.0</ns3:cad>
							<ns3:hr>116</ns3:hr>
						</ns3:TrackPointExtension>
					</extensions>
			</trkpt>
			<trkpt lat="47.61673" lon="12.177996">
				<ele>471.0</ele>
				<time>2025-11-29T11:26:30Z</time>
				<desc><![CDATA[CommonTimeValuePoint(absoluteTime=1764415590, value=0.862069)]]></desc>
					<extensions>
						<ns3:TrackPointExtension>
							<ns3:speed>1.1627907</ns3:speed>
							<ns3:cad>0.0</ns3:cad>
							<ns3:hr>116</ns3:hr>
						</ns3:TrackPointExtension>
					</extensions>
			</trkpt>
			<trkpt lat="47.61675" lon="12.177933">
				<ele>471.0</ele>
				<time>2025-11-29T11:26:34Z</time>
				<desc><![CDATA[CommonTimeValuePoint(absoluteTime=1764415594, value=0.88495576)]]></desc>
					<extensions>
						<ns3:TrackPointExtension>
							<ns3:speed>1.1363636</ns3:speed>
							<ns3:cad>0.0</ns3:cad>
							<ns3:hr>115</ns3:hr>
						</ns3:TrackPointExtension>
					</extensions>
			</trkpt>
			<trkpt lat="47.616753" lon="12.177864">
				<ele>471.0</ele>
				<time>2025-11-29T11:26:39Z</time>
				<desc><![CDATA[CommonTimeValuePoint(absoluteTime=1764415599, value=0.9090909)]]></desc>
					<extensions>
						<ns3:TrackPointExtension>
							<ns3:speed>1.1111112</ns3:speed>
							<ns3:cad>0.0</ns3:cad>
							<ns3:hr>115</ns3:hr>
						</ns3:TrackPointExtension>
					</extensions>
			</trkpt>
			<trkpt lat="47.616764" lon="12.177797">
				<ele>471.0</ele>
				<time>2025-11-29T11:26:43Z</time>
				<desc><![CDATA[CommonTimeValuePoint(absoluteTime=1764415603, value=0.9174312)]]></desc>
					<extensions>
						<ns3:TrackPointExtension>
							<ns3:speed>1.098901</ns3:speed>
							<ns3:cad>0.0</ns3:cad>
						</ns3:TrackPointExtension>
					</extensions>
			</trkpt>
			<trkpt lat="47.616756" lon="12.177719">
				<ele>471.0</ele>
				<time>2025-11-29T11:26:48Z</time>
				<desc><![CDATA[CommonTimeValuePoint(absoluteTime=1764415608, value=0.9090909)]]></desc>
					<extensions>
						<ns3:TrackPointExtension>
							<ns3:speed>1.1111112</ns3:speed>
							<ns3:cad>0.0</ns3:cad>
							<ns3:hr>113</ns3:hr>
						</ns3:TrackPointExtension>
					</extensions>
			</trkpt>
			<trkpt lat="47.61677" lon="12.177639">
				<ele>471.0</ele>
				<time>2025-11-29T11:26:53Z</time>
				<desc><![CDATA[CommonTimeValuePoint(absoluteTime=1764415613, value=0.89285713)]]></desc>
					<extensions>
						<ns3:TrackPointExtension>
							<ns3:speed>1.1363636</ns3:speed>
							<ns3:cad>0.0</ns3:cad>
							<ns3:hr>113</ns3:hr>
						</ns3:TrackPointExtension>
					</extensions>
			</trkpt>
			<trkpt lat="47.61677" lon="12.177559">
				<ele>471.0</ele>
				<time>2025-11-29T11:26:59Z</time>
				<desc><![CDATA[CommonTimeValuePoint(absoluteTime=1764415619, value=0.88495576)]]></desc>
					<extensions>
						<ns3:TrackPointExtension>
							<ns3:speed>1.1494253</ns3:speed>
							<ns3:cad>0.0</ns3:cad>
							<ns3:hr>111</ns3:hr>
						</ns3:TrackPointExtension>
					</extensions>
			</trkpt>
			<trkpt lat="47.61677" lon="12.177483">
				<ele>471.0</ele>
				<time>2025-11-29T11:27:03Z</time>
				<desc><![CDATA[CommonTimeValuePoint(absoluteTime=1764415623, value=0.88495576)]]></desc>
					<extensions>
						<ns3:TrackPointExtension>
							<ns3:speed>1.1494253</ns3:speed>
							<ns3:cad>0.0</ns3:cad>
							<ns3:hr>111</ns3:hr>
						</ns3:TrackPointExtension>
					</extensions>
			</trkpt>
			<trkpt lat="47.61677" lon="12.177404">
				<ele>472.0</ele>
				<time>2025-11-29T11:27:08Z</time>
				<desc><![CDATA[CommonTimeValuePoint(absoluteTime=1764415628, value=0.9433963)]]></desc>
					<extensions>
						<ns3:TrackPointExtension>
							<ns3:speed>1.0752689</ns3:speed>
							<ns3:cad>0.0</ns3:cad>
							<ns3:hr>111</ns3:hr>
						</ns3:TrackPointExtension>
					</extensions>
			</trkpt>
			<trkpt lat="47.616768" lon="12.177333">
				<ele>472.0</ele>
				<time>2025-11-29T11:27:12Z</time>
				<desc><![CDATA[CommonTimeValuePoint(absoluteTime=1764415632, value=0.9345794)]]></desc>
					<extensions>
						<ns3:TrackPointExtension>
							<ns3:speed>1.0752689</ns3:speed>
							<ns3:cad>0.0</ns3:cad>
							<ns3:hr>112</ns3:hr>
						</ns3:TrackPointExtension>
					</extensions>
			</trkpt>
			<trkpt lat="47.61676" lon="12.177261">
				<ele>472.0</ele>
				<time>2025-11-29T11:27:16Z</time>
				<desc><![CDATA[CommonTimeValuePoint(absoluteTime=1764415636, value=0.85470086)]]></desc>
					<extensions>
						<ns3:TrackPointExtension>
							<ns3:speed>1.1904762</ns3:speed>
							<ns3:cad>0.0</ns3:cad>
							<ns3:hr>110</ns3:hr>
						</ns3:TrackPointExtension>
					</extensions>
			</trkpt>
			<trkpt lat="47.616753" lon="12.177177">
				<ele>472.0</ele>
				<time>2025-11-29T11:27:20Z</time>
				<desc><![CDATA[CommonTimeValuePoint(absoluteTime=1764415640, value=0.8196721)]]></desc>
					<extensions>
						<ns3:TrackPointExtension>
							<ns3:speed>1.2345679</ns3:speed>
							<ns3:cad>0.0</ns3:cad>
							<ns3:hr>109</ns3:hr>
						</ns3:TrackPointExtension>
					</extensions>
			</trkpt>
			<trkpt lat="47.61674" lon="12.177104">
				<ele>472.0</ele>
				<time>2025-11-29T11:27:25Z</time>
				<desc><![CDATA[CommonTimeValuePoint(absoluteTime=1764415645, value=0.862069)]]></desc>
					<extensions>
						<ns3:TrackPointExtension>
							<ns3:speed>1.1764705</ns3:speed>
							<ns3:cad>0.0</ns3:cad>
							<ns3:hr>108</ns3:hr>
						</ns3:TrackPointExtension>
					</extensions>
			</trkpt>
			<trkpt lat="47.616726" lon="12.177036">
				<ele>472.0</ele>
				<time>2025-11-29T11:27:30Z</time>
				<desc><![CDATA[CommonTimeValuePoint(absoluteTime=1764415650, value=0.9090909)]]></desc>
					<extensions>
						<ns3:TrackPointExtension>
							<ns3:speed>1.1111112</ns3:speed>
							<ns3:cad>0.0</ns3:cad>
							<ns3:hr>108</ns3:hr>
						</ns3:TrackPointExtension>
					</extensions>
			</trkpt>
			<trkpt lat="47.6167" lon="12.176978">
				<ele>472.0</ele>
				<time>2025-11-29T11:27:37Z</time>
				<desc><![CDATA[CommonTimeValuePoint(absoluteTime=1764415657, value=1.3513514)]]></desc>
					<extensions>
						<ns3:TrackPointExtension>
							<ns3:speed>0.74626863</ns3:speed>
							<ns3:cad>0.0</ns3:cad>
							<ns3:hr>104</ns3:hr>
						</ns3:TrackPointExtension>
					</extensions>
			</trkpt>
			<trkpt lat="47.616734" lon="12.176929">
				<ele>472.0</ele>
				<time>2025-11-29T11:27:48Z</time>
				<desc><![CDATA[CommonTimeValuePoint(absoluteTime=1764415668, value=1.8)]]></desc>
					<extensions>
						<ns3:TrackPointExtension>
							<ns3:speed>0.5555556</ns3:speed>
							<ns3:cad>0.0</ns3:cad>
							<ns3:hr>102</ns3:hr>
						</ns3:TrackPointExtension>
					</extensions>
			</trkpt>
			<trkpt lat="47.616745" lon="12.176858">
				<ele>475.0</ele>
				<time>2025-11-29T11:27:55Z</time>
				<desc><![CDATA[CommonTimeValuePoint(absoluteTime=1764415675, value=1.724138)]]></desc>
					<extensions>
						<ns3:TrackPointExtension>
							<ns3:speed>0.58823526</ns3:speed>
							<ns3:cad>0.0</ns3:cad>
							<ns3:hr>100</ns3:hr>
						</ns3:TrackPointExtension>
					</extensions>
			</trkpt>
			<trkpt lat="47.61673" lon="12.176781">
				<ele>475.0</ele>
				<time>2025-11-29T11:28:00Z</time>
				<desc><![CDATA[CommonTimeValuePoint(absoluteTime=1764415680, value=1.0752689)]]></desc>
					<extensions>
						<ns3:TrackPointExtension>
							<ns3:speed>0.9345794</ns3:speed>
							<ns3:cad>0.0</ns3:cad>
							<ns3:hr>100</ns3:hr>
						</ns3:TrackPointExtension>
					</extensions>
			</trkpt>
			<trkpt lat="47.61671" lon="12.176713">
				<ele>476.0</ele>
				<time>2025-11-29T11:28:05Z</time>
				<desc><![CDATA[CommonTimeValuePoint(absoluteTime=1764415685, value=1.0)]]></desc>
					<extensions>
						<ns3:TrackPointExtension>
							<ns3:speed>1.0</ns3:speed>
							<ns3:cad>0.0</ns3:cad>
						</ns3:TrackPointExtension>
					</extensions>
			</trkpt>
			<trkpt lat="47.616688" lon="12.176649">
				<ele>476.0</ele>
				<time>2025-11-29T11:28:10Z</time>
				<desc><![CDATA[CommonTimeValuePoint(absoluteTime=1764415690, value=1.0)]]></desc>
					<extensions>
						<ns3:TrackPointExtension>
							<ns3:speed>1.010101</ns3:speed>
							<ns3:cad>0.0</ns3:cad>
							<ns3:hr>98</ns3:hr>
						</ns3:TrackPointExtension>
					</extensions>
			</trkpt>
			<trkpt lat="47.61667" lon="12.176578">
				<ele>476.0</ele>
				<time>2025-11-29T11:28:17Z</time>
				<desc><![CDATA[CommonTimeValuePoint(absoluteTime=1764415697, value=1.1764705)]]></desc>
					<extensions>
						<ns3:TrackPointExtension>
							<ns3:speed>0.862069</ns3:speed>
							<ns3:cad>0.0</ns3:cad>
						</ns3:TrackPointExtension>
					</extensions>
			</trkpt>
			<trkpt lat="47.61665" lon="12.176517">
				<ele>476.0</ele>
				<time>2025-11-29T11:28:21Z</time>
				<desc><![CDATA[CommonTimeValuePoint(absoluteTime=1764415701, value=1.1904762)]]></desc>
					<extensions>
						<ns3:TrackPointExtension>
							<ns3:speed>0.84745765</ns3:speed>
							<ns3:cad>0.0</ns3:cad>
							<ns3:hr>95</ns3:hr>
						</ns3:TrackPointExtension>
					</extensions>
			</trkpt>
			<trkpt lat="47.61662" lon="12.176455">
				<ele>476.0</ele>
				<time>2025-11-29T11:28:26Z</time>
				<desc><![CDATA[CommonTimeValuePoint(absoluteTime=1764415706, value=1.2345679)]]></desc>
					<extensions>
						<ns3:TrackPointExtension>
							<ns3:speed>0.8196721</ns3:speed>
							<ns3:cad>0.0</ns3:cad>
							<ns3:hr>93</ns3:hr>
						</ns3:TrackPointExtension>
					</extensions>
			</trkpt>
			<trkpt lat="47.616585" lon="12.176386">
				<ele>476.0</ele>
				<time>2025-11-29T11:28:31Z</time>
				<desc><![CDATA[CommonTimeValuePoint(absoluteTime=1764415711, value=1.1764705)]]></desc>
					<extensions>
						<ns3:TrackPointExtension>
							<ns3:speed>0.85470086</ns3:speed>
							<ns3:cad>0.0</ns3:cad>
							<ns3:hr>92</ns3:hr>
						</ns3:TrackPointExtension>
					</extensions>
			</trkpt>
			<trkpt lat="47.616558" lon="12.176316">
				<ele>476.0</ele>
				<time>2025-11-29T11:28:35Z</time>
				<desc><![CDATA[CommonTimeValuePoint(absoluteTime=1764415715, value=1.1904762)]]></desc>
					<extensions>
						<ns3:TrackPointExtension>
							<ns3:speed>0.84745765</ns3:speed>
							<ns3:cad>0.0</ns3:cad>
							<ns3:hr>91</ns3:hr>
						</ns3:TrackPointExtension>
					</extensions>
			</trkpt>
			<trkpt lat="47.616516" lon="12.176252">
				<ele>476.0</ele>
				<time>2025-11-29T11:28:39Z</time>
				<desc><![CDATA[CommonTimeValuePoint(absoluteTime=1764415719, value=1.0309278)]]></desc>
					<extensions>
						<ns3:TrackPointExtension>
							<ns3:speed>0.98039216</ns3:speed>
							<ns3:cad>0.0</ns3:cad>
							<ns3:hr>89</ns3:hr>
						</ns3:TrackPointExtension>
					</extensions>
			</trkpt>
			<trkpt lat="47.61649" lon="12.176187">
				<ele>476.0</ele>
				<time>2025-11-29T11:28:43Z</time>
				<desc><![CDATA[CommonTimeValuePoint(absoluteTime=1764415723, value=0.9615385)]]></desc>
					<extensions>
						<ns3:TrackPointExtension>
							<ns3:speed>1.0416667</ns3:speed>
							<ns3:cad>0.0</ns3:cad>
							<ns3:hr>89</ns3:hr>
						</ns3:TrackPointExtension>
					</extensions>
			</trkpt>
			<trkpt lat="47.616474" lon="12.176111">
				<ele>476.0</ele>
				<time>2025-11-29T11:28:48Z</time>
				<desc><![CDATA[CommonTimeValuePoint(absoluteTime=1764415728, value=0.9433963)]]></desc>
					<extensions>
						<ns3:TrackPointExtension>
							<ns3:speed>1.0752689</ns3:speed>
							<ns3:cad>0.0</ns3:cad>
						</ns3:TrackPointExtension>
					</extensions>
			</trkpt>
			<trkpt lat="47.616467" lon="12.176038">
				<ele>476.0</ele>
				<time>2025-11-29T11:28:54Z</time>
				<desc><![CDATA[CommonTimeValuePoint(absoluteTime=1764415734, value=1.0526316)]]></desc>
					<extensions>
						<ns3:TrackPointExtension>
							<ns3:speed>0.9615385</ns3:speed>
							<ns3:cad>0.0</ns3:cad>
						</ns3:TrackPointExtension>
					</extensions>
			</trkpt>
			<trkpt lat="47.616455" lon="12.175973">
				<ele>476.0</ele>
				<time>2025-11-29T11:28:59Z</time>
				<desc><![CDATA[CommonTimeValuePoint(absoluteTime=1764415739, value=1.1111112)]]></desc>
					<extensions>
						<ns3:TrackPointExtension>
							<ns3:speed>0.9090909</ns3:speed>
							<ns3:cad>0.0</ns3:cad>
							<ns3:hr>86</ns3:hr>
						</ns3:TrackPointExtension>
					</extensions>
			</trkpt>
			<trkpt lat="47.616432" lon="12.175909">
				<ele>476.0</ele>
				<time>2025-11-29T11:29:04Z</time>
				<desc><![CDATA[CommonTimeValuePoint(absoluteTime=1764415744, value=1.1111112)]]></desc>
					<extensions>
						<ns3:TrackPointExtension>
							<ns3:speed>0.9090909</ns3:speed>
							<ns3:cad>0.0</ns3:cad>
						</ns3:TrackPointExtension>
					</extensions>
			</trkpt>
			<trkpt lat="47.616405" lon="12.175855">
				<ele>476.0</ele>
				<time>2025-11-29T11:29:09Z</time>
				<desc><![CDATA[CommonTimeValuePoint(absoluteTime=1764415749, value=1.2658228)]]></desc>
					<extensions>
						<ns3:TrackPointExtension>
							<ns3:speed>0.7936508</ns3:speed>
							<ns3:cad>0.0</ns3:cad>
						</ns3:TrackPointExtension>
					</extensions>
			</trkpt>
			<trkpt lat="47.61637" lon="12.1757965">
				<ele>476.0</ele>
				<time>2025-11-29T11:29:16Z</time>
				<desc><![CDATA[CommonTimeValuePoint(absoluteTime=1764415756, value=1.3888888)]]></desc>
					<extensions>
						<ns3:TrackPointExtension>
							<ns3:speed>0.7246377</ns3:speed>
							<ns3:cad>0.0</ns3:cad>
							<ns3:hr>89</ns3:hr>
						</ns3:TrackPointExtension>
					</extensions>
			</trkpt>
			<trkpt lat="47.616337" lon="12.17574">
				<ele>477.0</ele>
				<time>2025-11-29T11:29:21Z</time>
				<desc><![CDATA[CommonTimeValuePoint(absoluteTime=1764415761, value=1.25)]]></desc>
					<extensions>
						<ns3:TrackPointExtension>
							<ns3:speed>0.8064516</ns3:speed>
							<ns3:cad>0.0</ns3:cad>
							<ns3:hr>86</ns3:hr>
						</ns3:TrackPointExtension>
					</extensions>
			</trkpt>
			<trkpt lat="47.616306" lon="12.175686">
				<ele>477.0</ele>
				<time>2025-11-29T11:29:27Z</time>
				<desc><![CDATA[CommonTimeValuePoint(absoluteTime=1764415767, value=1.1494253)]]></desc>
					<extensions>
						<ns3:TrackPointExtension>
							<ns3:speed>0.88495576</ns3:speed>
							<ns3:cad>0.0</ns3:cad>
							<ns3:hr>88</ns3:hr>
						</ns3:TrackPointExtension>
					</extensions>
			</trkpt>
			<trkpt lat="47.616264" lon="12.17564">
				<ele>477.0</ele>
				<time>2025-11-29T11:29:32Z</time>
				<desc><![CDATA[CommonTimeValuePoint(absoluteTime=1764415772, value=1.8)]]></desc>
					<extensions>
						<ns3:TrackPointExtension>
							<ns3:speed>0.5555556</ns3:speed>
							<ns3:cad>0.0</ns3:cad>
						</ns3:TrackPointExtension>
					</extensions>
			</trkpt>
			<trkpt lat="47.616222" lon="12.175598">
				<ele>477.0</ele>
				<time>2025-11-29T11:29:36Z</time>
				<desc><![CDATA[CommonTimeValuePoint(absoluteTime=1764415776, value=1.2987013)]]></desc>
					<extensions>
						<ns3:TrackPointExtension>
							<ns3:speed>0.7751938</ns3:speed>
							<ns3:cad>0.0</ns3:cad>
							<ns3:hr>91</ns3:hr>
						</ns3:TrackPointExtension>
					</extensions>
			</trkpt>
			<trkpt lat="47.61618" lon="12.175562">
				<ele>476.0</ele>
				<time>2025-11-29T11:29:40Z</time>
				<desc><![CDATA[CommonTimeValuePoint(absoluteTime=1764415780, value=1.2658228)]]></desc>
					<extensions>
						<ns3:TrackPointExtension>
							<ns3:speed>0.8</ns3:speed>
							<ns3:cad>0.0</ns3:cad>
							<ns3:hr>90</ns3:hr>
						</ns3:TrackPointExtension>
					</extensions>
			</trkpt>
			<trkpt lat="47.61613" lon="12.175527">
				<ele>476.0</ele>
				<time>2025-11-29T11:29:45Z</time>
				<desc><![CDATA[CommonTimeValuePoint(absoluteTime=1764415785, value=1.1363636)]]></desc>
					<extensions>
						<ns3:TrackPointExtension>
							<ns3:speed>0.89285713</ns3:speed>
							<ns3:cad>0.0</ns3:cad>
							<ns3:hr>95</ns3:hr>
						</ns3:TrackPointExtension>
					</extensions>
			</trkpt>
			<trkpt lat="47.616077" lon="12.175483">
				<ele>476.0</ele>
				<time>2025-11-29T11:29:50Z</time>
				<desc><![CDATA[CommonTimeValuePoint(absoluteTime=1764415790, value=1.1627907)]]></desc>
					<extensions>
						<ns3:TrackPointExtension>
							<ns3:speed>0.86956525</ns3:speed>
							<ns3:cad>0.0</ns3:cad>
							<ns3:hr>92</ns3:hr>
						</ns3:TrackPointExtension>
					</extensions>
			</trkpt>
			<trkpt lat="47.61605" lon="12.175425">
				<ele>475.0</ele>
				<time>2025-11-29T11:29:54Z</time>
				<desc><![CDATA[CommonTimeValuePoint(absoluteTime=1764415794, value=1.1627907)]]></desc>
					<extensions>
						<ns3:TrackPointExtension>
							<ns3:speed>0.86956525</ns3:speed>
							<ns3:cad>0.0</ns3:cad>
							<ns3:hr>94</ns3:hr>
						</ns3:TrackPointExtension>
					</extensions>
			</trkpt>
			<trkpt lat="47.61602" lon="12.175371">
				<ele>475.0</ele>
				<time>2025-11-29T11:29:57Z</time>
				<desc><![CDATA[CommonTimeValuePoint(absoluteTime=1764415797, value=1.1904762)]]></desc>
					<extensions>
						<ns3:TrackPointExtension>
							<ns3:speed>0.84745765</ns3:speed>
							<ns3:cad>0.0</ns3:cad>
							<ns3:hr>90</ns3:hr>
						</ns3:TrackPointExtension>
					</extensions>
			</trkpt>
			<trkpt lat="47.61599" lon="12.1753">
				<ele>475.0</ele>
				<time>2025-11-29T11:30:01Z</time>
				<desc><![CDATA[CommonTimeValuePoint(absoluteTime=1764415801, value=1.0526316)]]></desc>
					<extensions>
						<ns3:TrackPointExtension>
							<ns3:speed>0.952381</ns3:speed>
							<ns3:cad>0.0</ns3:cad>
						</ns3:TrackPointExtension>
					</extensions>
			</trkpt>
			<trkpt lat="47.615955" lon="12.175244">
				<ele>475.0</ele>
				<time>2025-11-29T11:30:05Z</time>
				<desc><![CDATA[CommonTimeValuePoint(absoluteTime=1764415805, value=0.98039216)]]></desc>
					<extensions>
						<ns3:TrackPointExtension>
							<ns3:speed>1.0309278</ns3:speed>
							<ns3:cad>0.0</ns3:cad>
							<ns3:hr>92</ns3:hr>
						</ns3:TrackPointExtension>
					</extensions>
			</trkpt>
			<trkpt lat="47.615948" lon="12.175166">
				<ele>475.0</ele>
				<time>2025-11-29T11:30:09Z</time>
				<desc><![CDATA[CommonTimeValuePoint(absoluteTime=1764415809, value=0.862069)]]></desc>
					<extensions>
						<ns3:TrackPointExtension>
							<ns3:speed>1.1764705</ns3:speed>
							<ns3:cad>0.0</ns3:cad>
							<ns3:hr>90</ns3:hr>
						</ns3:TrackPointExtension>
					</extensions>
			</trkpt>
			<trkpt lat="47.61593" lon="12.17509">
				<ele>475.0</ele>
				<time>2025-11-29T11:30:13Z</time>
				<desc><![CDATA[CommonTimeValuePoint(absoluteTime=1764415813, value=0.8)]]></desc>
					<extensions>
						<ns3:TrackPointExtension>
							<ns3:speed>1.2658228</ns3:speed>
							<ns3:cad>0.0</ns3:cad>
							<ns3:hr>89</ns3:hr>
						</ns3:TrackPointExtension>
					</extensions>
			</trkpt>
			<trkpt lat="47.61591" lon="12.175026">
				<ele>475.0</ele>
				<time>2025-11-29T11:30:17Z</time>
				<desc><![CDATA[CommonTimeValuePoint(absoluteTime=1764415817, value=0.78125)]]></desc>
					<extensions>
						<ns3:TrackPointExtension>
							<ns3:speed>1.2820513</ns3:speed>
							<ns3:cad>0.0</ns3:cad>
						</ns3:TrackPointExtension>
					</extensions>
			</trkpt>
			<trkpt lat="47.615868" lon="12.174974">
				<ele>475.0</ele>
				<time>2025-11-29T11:30:22Z</time>
				<desc><![CDATA[CommonTimeValuePoint(absoluteTime=1764415822, value=0.8)]]></desc>
					<extensions>
						<ns3:TrackPointExtension>
							<ns3:speed>1.2658228</ns3:speed>
							<ns3:cad>0.0</ns3:cad>
							<ns3:hr>88</ns3:hr>
						</ns3:TrackPointExtension>
					</extensions>
			</trkpt>
			<trkpt lat="47.61583" lon="12.174934">
				<ele>475.0</ele>
				<time>2025-11-29T11:30:26Z</time>
				<desc><![CDATA[CommonTimeValuePoint(absoluteTime=1764415826, value=0.862069)]]></desc>
					<extensions>
						<ns3:TrackPointExtension>
							<ns3:speed>1.1627907</ns3:speed>
							<ns3:cad>0.0</ns3:cad>
						</ns3:TrackPointExtension>
					</extensions>
			</trkpt>
			<trkpt lat="47.61579" lon="12.174879">
				<ele>475.0</ele>
				<time>2025-11-29T11:30:30Z</time>
				<desc><![CDATA[CommonTimeValuePoint(absoluteTime=1764415830, value=0.9615385)]]></desc>
					<extensions>
						<ns3:TrackPointExtension>
							<ns3:speed>1.0526316</ns3:speed>
							<ns3:cad>0.0</ns3:cad>
							<ns3:hr>89</ns3:hr>
						</ns3:TrackPointExtension>
					</extensions>
			</trkpt>
			<trkpt lat="47.615765" lon="12.174823">
				<ele>475.0</ele>
				<time>2025-11-29T11:30:35Z</time>
				<desc><![CDATA[CommonTimeValuePoint(absoluteTime=1764415835, value=1.0526316)]]></desc>
					<extensions>
						<ns3:TrackPointExtension>
							<ns3:speed>0.9615385</ns3:speed>
							<ns3:cad>0.0</ns3:cad>
							<ns3:hr>88</ns3:hr>
						</ns3:TrackPointExtension>
					</extensions>
			</trkpt>
			<trkpt lat="47.61574" lon="12.174763">
				<ele>475.0</ele>
				<time>2025-11-29T11:30:39Z</time>
				<desc><![CDATA[CommonTimeValuePoint(absoluteTime=1764415839, value=1.1111112)]]></desc>
					<extensions>
						<ns3:TrackPointExtension>
							<ns3:speed>0.9174312</ns3:speed>
							<ns3:cad>0.0</ns3:cad>
							<ns3:hr>88</ns3:hr>
						</ns3:TrackPointExtension>
					</extensions>
			</trkpt>
			<trkpt lat="47.61572" lon="12.174703">
				<ele>475.0</ele>
				<time>2025-11-29T11:30:45Z</time>
				<desc><![CDATA[CommonTimeValuePoint(absoluteTime=1764415845, value=1.2195122)]]></desc>
					<extensions>
						<ns3:TrackPointExtension>
							<ns3:speed>0.82644624</ns3:speed>
							<ns3:cad>0.0</ns3:cad>
							<ns3:hr>87</ns3:hr>
						</ns3:TrackPointExtension>
					</extensions>
			</trkpt>
			<trkpt lat="47.61572" lon="12.174631">
				<ele>475.0</ele>
				<time>2025-11-29T11:30:51Z</time>
				<desc><![CDATA[CommonTimeValuePoint(absoluteTime=1764415851, value=1.2820513)]]></desc>
					<extensions>
						<ns3:TrackPointExtension>
							<ns3:speed>0.78740156</ns3:speed>
							<ns3:cad>0.0</ns3:cad>
							<ns3:hr>86</ns3:hr>
						</ns3:TrackPointExtension>
					</extensions>
			</trkpt>
			<trkpt lat="47.615723" lon="12.174551">
				<ele>475.0</ele>
				<time>2025-11-29T11:30:55Z</time>
				<desc><![CDATA[CommonTimeValuePoint(absoluteTime=1764415855, value=1.0638298)]]></desc>
					<extensions>
						<ns3:TrackPointExtension>
							<ns3:speed>0.952381</ns3:speed>
							<ns3:cad>0.0</ns3:cad>
						</ns3:TrackPointExtension>
					</extensions>
			</trkpt>
			<trkpt lat="47.615723" lon="12.174475">
				<ele>475.0</ele>
				<time>2025-11-29T11:31:00Z</time>
				<desc><![CDATA[CommonTimeValuePoint(absoluteTime=1764415860, value=1.0204082)]]></desc>
					<extensions>
						<ns3:TrackPointExtension>
							<ns3:speed>0.990099</ns3:speed>
							<ns3:cad>0.0</ns3:cad>
						</ns3:TrackPointExtension>
					</extensions>
			</trkpt>
			<trkpt lat="47.615715" lon="12.174404">
				<ele>475.0</ele>
				<time>2025-11-29T11:31:05Z</time>
				<desc><![CDATA[CommonTimeValuePoint(absoluteTime=1764415865, value=0.98039216)]]></desc>
					<extensions>
						<ns3:TrackPointExtension>
							<ns3:speed>1.0309278</ns3:speed>
							<ns3:cad>0.0</ns3:cad>
							<ns3:hr>84</ns3:hr>
						</ns3:TrackPointExtension>
					</extensions>
			</trkpt>
			<trkpt lat="47.61568" lon="12.174352">
				<ele>475.0</ele>
				<time>2025-11-29T11:31:10Z</time>
				<desc><![CDATA[CommonTimeValuePoint(absoluteTime=1764415870, value=1.1494253)]]></desc>
					<extensions>
						<ns3:TrackPointExtension>
							<ns3:speed>0.877193</ns3:speed>
							<ns3:cad>0.0</ns3:cad>
							<ns3:hr>84</ns3:hr>
						</ns3:TrackPointExtension>
					</extensions>
			</trkpt>
			<trkpt lat="47.615646" lon="12.174294">
				<ele>476.0</ele>
				<time>2025-11-29T11:31:16Z</time>
				<desc><![CDATA[CommonTimeValuePoint(absoluteTime=1764415876, value=1.25)]]></desc>
					<extensions>
						<ns3:TrackPointExtension>
							<ns3:speed>0.8064516</ns3:speed>
							<ns3:cad>0.0</ns3:cad>
							<ns3:hr>82</ns3:hr>
						</ns3:TrackPointExtension>
					</extensions>
			</trkpt>
			<trkpt lat="47.615616" lon="12.174242">
				<ele>477.0</ele>
				<time>2025-11-29T11:31:22Z</time>
				<desc><![CDATA[CommonTimeValuePoint(absoluteTime=1764415882, value=1.1111112)]]></desc>
					<extensions>
						<ns3:TrackPointExtension>
							<ns3:speed>0.9090909</ns3:speed>
							<ns3:cad>0.0</ns3:cad>
							<ns3:hr>81</ns3:hr>
						</ns3:TrackPointExtension>
					</extensions>
			</trkpt>
			<trkpt lat="47.615574" lon="12.174201">
				<ele>477.0</ele>
				<time>2025-11-29T11:31:26Z</time>
				<desc><![CDATA[CommonTimeValuePoint(absoluteTime=1764415886, value=1.0526316)]]></desc>
					<extensions>
						<ns3:TrackPointExtension>
							<ns3:speed>0.9615385</ns3:speed>
							<ns3:cad>0.0</ns3:cad>
							<ns3:hr>79</ns3:hr>
						</ns3:TrackPointExtension>
					</extensions>
			</trkpt>
			<trkpt lat="47.61554" lon="12.174151">
				<ele>477.0</ele>
				<time>2025-11-29T11:31:30Z</time>
				<desc><![CDATA[CommonTimeValuePoint(absoluteTime=1764415890, value=1.0869565)]]></desc>
					<extensions>
						<ns3:TrackPointExtension>
							<ns3:speed>0.9259259</ns3:speed>
							<ns3:cad>0.0</ns3:cad>
							<ns3:hr>78</ns3:hr>
						</ns3:TrackPointExtension>
					</extensions>
			</trkpt>
			<trkpt lat="47.61553" lon="12.174073">
				<ele>477.0</ele>
				<time>2025-11-29T11:31:35Z</time>
				<desc><![CDATA[CommonTimeValuePoint(absoluteTime=1764415895, value=1.2345679)]]></desc>
					<extensions>
						<ns3:TrackPointExtension>
							<ns3:speed>0.8196721</ns3:speed>
							<ns3:cad>0.0</ns3:cad>
						</ns3:TrackPointExtension>
					</extensions>
			</trkpt>
			<trkpt lat="47.61553" lon="12.174006">
				<ele>477.0</ele>
				<time>2025-11-29T11:31:40Z</time>
				<desc><![CDATA[CommonTimeValuePoint(absoluteTime=1764415900, value=1.1904762)]]></desc>
					<extensions>
						<ns3:TrackPointExtension>
							<ns3:speed>0.84745765</ns3:speed>
							<ns3:cad>0.0</ns3:cad>
							<ns3:hr>79</ns3:hr>
						</ns3:TrackPointExtension>
					</extensions>
			</trkpt>
			<trkpt lat="47.61553" lon="12.173929">
				<ele>477.0</ele>
				<time>2025-11-29T11:31:46Z</time>
				<desc><![CDATA[CommonTimeValuePoint(absoluteTime=1764415906, value=1.2195122)]]></desc>
					<extensions>
						<ns3:TrackPointExtension>
							<ns3:speed>0.82644624</ns3:speed>
							<ns3:cad>0.0</ns3:cad>
							<ns3:hr>81</ns3:hr>
						</ns3:TrackPointExtension>
					</extensions>
			</trkpt>
			<trkpt lat="47.61551" lon="12.173868">
				<ele>477.0</ele>
				<time>2025-11-29T11:31:50Z</time>
				<desc><![CDATA[CommonTimeValuePoint(absoluteTime=1764415910, value=1.1494253)]]></desc>
					<extensions>
						<ns3:TrackPointExtension>
							<ns3:speed>0.877193</ns3:speed>
							<ns3:cad>0.0</ns3:cad>
							<ns3:hr>82</ns3:hr>
						</ns3:TrackPointExtension>
					</extensions>
			</trkpt>
			<trkpt lat="47.61548" lon="12.173817">
				<ele>477.0</ele>
				<time>2025-11-29T11:31:55Z</time>
				<desc><![CDATA[CommonTimeValuePoint(absoluteTime=1764415915, value=1.1494253)]]></desc>
					<extensions>
						<ns3:TrackPointExtension>
							<ns3:speed>0.877193</ns3:speed>
							<ns3:cad>0.0</ns3:cad>
							<ns3:hr>82</ns3:hr>
						</ns3:TrackPointExtension>
					</extensions>
			</trkpt>
			<trkpt lat="47.615456" lon="12.173758">
				<ele>477.0</ele>
				<time>2025-11-29T11:32:01Z</time>
				<desc><![CDATA[CommonTimeValuePoint(absoluteTime=1764415921, value=1.5384616)]]></desc>
					<extensions>
						<ns3:TrackPointExtension>
							<ns3:speed>0.6535948</ns3:speed>
							<ns3:cad>0.0</ns3:cad>
						</ns3:TrackPointExtension>
					</extensions>
			</trkpt>
			<trkpt lat="47.61547" lon="12.173681">
				<ele>477.0</ele>
				<time>2025-11-29T11:32:07Z</time>
				<desc><![CDATA[CommonTimeValuePoint(absoluteTime=1764415927, value=1.369863)]]></desc>
					<extensions>
						<ns3:TrackPointExtension>
							<ns3:speed>0.7407407</ns3:speed>
							<ns3:cad>0.0</ns3:cad>
							<ns3:hr>84</ns3:hr>
						</ns3:TrackPointExtension>
					</extensions>
			</trkpt>
			<trkpt lat="47.615467" lon="12.173605">
				<ele>477.0</ele>
				<time>2025-11-29T11:32:12Z</time>
				<desc><![CDATA[CommonTimeValuePoint(absoluteTime=1764415932, value=1.25)]]></desc>
					<extensions>
						<ns3:TrackPointExtension>
							<ns3:speed>0.8130081</ns3:speed>
							<ns3:cad>0.0</ns3:cad>
							<ns3:hr>87</ns3:hr>
						</ns3:TrackPointExtension>
					</extensions>
			</trkpt>
			<trkpt lat="47.615456" lon="12.173538">
				<ele>477.0</ele>
				<time>2025-11-29T11:32:17Z</time>
				<desc><![CDATA[CommonTimeValuePoint(absoluteTime=1764415937, value=1.1627907)]]></desc>
					<extensions>
						<ns3:TrackPointExtension>
							<ns3:speed>0.86956525</ns3:speed>
							<ns3:cad>0.0</ns3:cad>
							<ns3:hr>88</ns3:hr>
						</ns3:TrackPointExtension>
					</extensions>
			</trkpt>
			<trkpt lat="47.615486" lon="12.173471">
				<ele>477.0</ele>
				<time>2025-11-29T11:32:24Z</time>
				<desc><![CDATA[CommonTimeValuePoint(absoluteTime=1764415944, value=1.3157895)]]></desc>
					<extensions>
						<ns3:TrackPointExtension>
							<ns3:speed>0.7692308</ns3:speed>
							<ns3:cad>0.0</ns3:cad>
							<ns3:hr>87</ns3:hr>
						</ns3:TrackPointExtension>
					</extensions>
			</trkpt>
			<trkpt lat="47.615486" lon="12.173391">
				<ele>477.0</ele>
				<time>2025-11-29T11:32:30Z</time>
				<desc><![CDATA[CommonTimeValuePoint(absoluteTime=1764415950, value=1.3333334)]]></desc>
					<extensions>
						<ns3:TrackPointExtension>
							<ns3:speed>0.75757575</ns3:speed>
							<ns3:cad>0.0</ns3:cad>
							<ns3:hr>87</ns3:hr>
						</ns3:TrackPointExtension>
					</extensions>
			</trkpt>
			<trkpt lat="47.615498" lon="12.173316">
				<ele>477.0</ele>
				<time>2025-11-29T11:32:34Z</time>
				<desc><![CDATA[CommonTimeValuePoint(absoluteTime=1764415954, value=1.1363636)]]></desc>
					<extensions>
						<ns3:TrackPointExtension>
							<ns3:speed>0.89285713</ns3:speed>
							<ns3:cad>0.0</ns3:cad>
						</ns3:TrackPointExtension>
					</extensions>
			</trkpt>
			<trkpt lat="47.615517" lon="12.173244">
				<ele>477.0</ele>
				<time>2025-11-29T11:32:38Z</time>
				<desc><![CDATA[CommonTimeValuePoint(absoluteTime=1764415958, value=1.0204082)]]></desc>
					<extensions>
						<ns3:TrackPointExtension>
							<ns3:speed>0.990099</ns3:speed>
							<ns3:cad>0.0</ns3:cad>
							<ns3:hr>84</ns3:hr>
						</ns3:TrackPointExtension>
					</extensions>
			</trkpt>
			<trkpt lat="47.615505" lon="12.173168">
				<ele>477.0</ele>
				<time>2025-11-29T11:32:43Z</time>
				<desc><![CDATA[CommonTimeValuePoint(absoluteTime=1764415963, value=0.89285713)]]></desc>
					<extensions>
						<ns3:TrackPointExtension>
							<ns3:speed>1.1363636</ns3:speed>
							<ns3:cad>0.0</ns3:cad>
						</ns3:TrackPointExtension>
					</extensions>
			</trkpt>
			<trkpt lat="47.615513" lon="12.173097">
				<ele>477.0</ele>
				<time>2025-11-29T11:32:48Z</time>
				<desc><![CDATA[CommonTimeValuePoint(absoluteTime=1764415968, value=0.9433963)]]></desc>
					<extensions>
						<ns3:TrackPointExtension>
							<ns3:speed>1.0752689</ns3:speed>
							<ns3:cad>0.0</ns3:cad>
						</ns3:TrackPointExtension>
					</extensions>
			</trkpt>
			<trkpt lat="47.61547" lon="12.173048">
				<ele>477.0</ele>
				<time>2025-11-29T11:32:53Z</time>
				<desc><![CDATA[CommonTimeValuePoint(absoluteTime=1764415973, value=1.1111112)]]></desc>
					<extensions>
						<ns3:TrackPointExtension>
							<ns3:speed>0.9009009</ns3:speed>
							<ns3:cad>0.0</ns3:cad>
							<ns3:hr>82</ns3:hr>
						</ns3:TrackPointExtension>
					</extensions>
			</trkpt>
			<trkpt lat="47.615448" lon="12.172978">
				<ele>477.0</ele>
				<time>2025-11-29T11:32:58Z</time>
				<desc><![CDATA[CommonTimeValuePoint(absoluteTime=1764415978, value=1.1235955)]]></desc>
					<extensions>
						<ns3:TrackPointExtension>
							<ns3:speed>0.9009009</ns3:speed>
							<ns3:cad>0.0</ns3:cad>
							<ns3:hr>86</ns3:hr>
						</ns3:TrackPointExtension>
					</extensions>
			</trkpt>
			<trkpt lat="47.615444" lon="12.172898">
				<ele>477.0</ele>
				<time>2025-11-29T11:33:03Z</time>
				<desc><![CDATA[CommonTimeValuePoint(absoluteTime=1764415983, value=1.0638298)]]></desc>
					<extensions>
						<ns3:TrackPointExtension>
							<ns3:speed>0.9433963</ns3:speed>
							<ns3:cad>0.0</ns3:cad>
						</ns3:TrackPointExtension>
					</extensions>
			</trkpt>
			<trkpt lat="47.61542" lon="12.172834">
				<ele>477.0</ele>
				<time>2025-11-29T11:33:07Z</time>
				<desc><![CDATA[CommonTimeValuePoint(absoluteTime=1764415987, value=1.1111112)]]></desc>
					<extensions>
						<ns3:TrackPointExtension>
							<ns3:speed>0.9090909</ns3:speed>
							<ns3:cad>0.0</ns3:cad>
							<ns3:hr>86</ns3:hr>
						</ns3:TrackPointExtension>
					</extensions>
			</trkpt>
			<trkpt lat="47.61543" lon="12.17276">
				<ele>477.0</ele>
				<time>2025-11-29T11:33:12Z</time>
				<desc><![CDATA[CommonTimeValuePoint(absoluteTime=1764415992, value=1.1494253)]]></desc>
					<extensions>
						<ns3:TrackPointExtension>
							<ns3:speed>0.877193</ns3:speed>
							<ns3:cad>0.0</ns3:cad>
							<ns3:hr>86</ns3:hr>
						</ns3:TrackPointExtension>
					</extensions>
			</trkpt>
			<trkpt lat="47.615433" lon="12.172693">
				<ele>477.0</ele>
				<time>2025-11-29T11:33:17Z</time>
				<desc><![CDATA[CommonTimeValuePoint(absoluteTime=1764415997, value=1.1363636)]]></desc>
					<extensions>
						<ns3:TrackPointExtension>
							<ns3:speed>0.89285713</ns3:speed>
							<ns3:cad>0.0</ns3:cad>
							<ns3:hr>88</ns3:hr>
						</ns3:TrackPointExtension>
					</extensions>
			</trkpt>
			<trkpt lat="47.615437" lon="12.17262">
				<ele>477.0</ele>
				<time>2025-11-29T11:33:22Z</time>
				<desc><![CDATA[CommonTimeValuePoint(absoluteTime=1764416002, value=1.1494253)]]></desc>
					<extensions>
						<ns3:TrackPointExtension>
							<ns3:speed>0.877193</ns3:speed>
							<ns3:cad>0.0</ns3:cad>
							<ns3:hr>87</ns3:hr>
						</ns3:TrackPointExtension>
					</extensions>
			</trkpt>
			<trkpt lat="47.615433" lon="12.17254">
				<ele>477.0</ele>
				<time>2025-11-29T11:33:27Z</time>
				<desc><![CDATA[CommonTimeValuePoint(absoluteTime=1764416007, value=1.0638298)]]></desc>
					<extensions>
						<ns3:TrackPointExtension>
							<ns3:speed>0.9433963</ns3:speed>
							<ns3:cad>0.0</ns3:cad>
							<ns3:hr>85</ns3:hr>
						</ns3:TrackPointExtension>
					</extensions>
			</trkpt>
			<trkpt lat="47.615433" lon="12.172471">
				<ele>477.0</ele>
				<time>2025-11-29T11:33:32Z</time>
				<desc><![CDATA[CommonTimeValuePoint(absoluteTime=1764416012, value=1.0526316)]]></desc>
					<extensions>
						<ns3:TrackPointExtension>
							<ns3:speed>0.952381</ns3:speed>
							<ns3:cad>0.0</ns3:cad>
							<ns3:hr>85</ns3:hr>
						</ns3:TrackPointExtension>
					</extensions>
			</trkpt>
			<trkpt lat="47.615425" lon="12.1723995">
				<ele>477.0</ele>
				<time>2025-11-29T11:33:37Z</time>
				<desc><![CDATA[CommonTimeValuePoint(absoluteTime=1764416017, value=1.1111112)]]></desc>
					<extensions>
						<ns3:TrackPointExtension>
							<ns3:speed>0.9090909</ns3:speed>
							<ns3:cad>0.0</ns3:cad>
							<ns3:hr>88</ns3:hr>
						</ns3:TrackPointExtension>
					</extensions>
			</trkpt>
			<trkpt lat="47.61542" lon="12.17233">
				<ele>477.0</ele>
				<time>2025-11-29T11:33:41Z</time>
				<desc><![CDATA[CommonTimeValuePoint(absoluteTime=1764416021, value=1.1363636)]]></desc>
					<extensions>
						<ns3:TrackPointExtension>
							<ns3:speed>0.89285713</ns3:speed>
							<ns3:cad>0.0</ns3:cad>
							<ns3:hr>88</ns3:hr>
						</ns3:TrackPointExtension>
					</extensions>
			</trkpt>
			<trkpt lat="47.61541" lon="12.172255">
				<ele>477.0</ele>
				<time>2025-11-29T11:33:46Z</time>
				<desc><![CDATA[CommonTimeValuePoint(absoluteTime=1764416026, value=1.0416667)]]></desc>
					<extensions>
						<ns3:TrackPointExtension>
							<ns3:speed>0.97087383</ns3:speed>
							<ns3:cad>0.0</ns3:cad>
						</ns3:TrackPointExtension>
					</extensions>
			</trkpt>
			<trkpt lat="47.61542" lon="12.172181">
				<ele>477.0</ele>
				<time>2025-11-29T11:33:52Z</time>
				<desc><![CDATA[CommonTimeValuePoint(absoluteTime=1764416032, value=1.2345679)]]></desc>
					<extensions>
						<ns3:TrackPointExtension>
							<ns3:speed>0.8196721</ns3:speed>
							<ns3:cad>0.0</ns3:cad>
							<ns3:hr>87</ns3:hr>
						</ns3:TrackPointExtension>
					</extensions>
			</trkpt>
			<trkpt lat="47.61544" lon="12.172113">
				<ele>477.0</ele>
				<time>2025-11-29T11:33:57Z</time>
				<desc><![CDATA[CommonTimeValuePoint(absoluteTime=1764416037, value=1.25)]]></desc>
					<extensions>
						<ns3:TrackPointExtension>
							<ns3:speed>0.8130081</ns3:speed>
							<ns3:cad>0.0</ns3:cad>
						</ns3:TrackPointExtension>
					</extensions>
			</trkpt>
			<trkpt lat="47.61546" lon="12.172038">
				<ele>477.0</ele>
				<time>2025-11-29T11:34:03Z</time>
				<desc><![CDATA[CommonTimeValuePoint(absoluteTime=1764416043, value=1.1111112)]]></desc>
					<extensions>
						<ns3:TrackPointExtension>
							<ns3:speed>0.9009009</ns3:speed>
							<ns3:cad>0.0</ns3:cad>
							<ns3:hr>85</ns3:hr>
						</ns3:TrackPointExtension>
					</extensions>
			</trkpt>
			<trkpt lat="47.615463" lon="12.171962">
				<ele>477.0</ele>
				<time>2025-11-29T11:34:08Z</time>
				<desc><![CDATA[CommonTimeValuePoint(absoluteTime=1764416048, value=1.0416667)]]></desc>
					<extensions>
						<ns3:TrackPointExtension>
							<ns3:speed>0.97087383</ns3:speed>
							<ns3:cad>0.0</ns3:cad>
						</ns3:TrackPointExtension>
					</extensions>
			</trkpt>
			<trkpt lat="47.61546" lon="12.171886">
				<ele>477.0</ele>
				<time>2025-11-29T11:34:13Z</time>
				<desc><![CDATA[CommonTimeValuePoint(absoluteTime=1764416053, value=1.010101)]]></desc>
					<extensions>
						<ns3:TrackPointExtension>
							<ns3:speed>1.0</ns3:speed>
							<ns3:cad>0.0</ns3:cad>
							<ns3:hr>84</ns3:hr>
						</ns3:TrackPointExtension>
					</extensions>
			</trkpt>
			<trkpt lat="47.615456" lon="12.171818">
				<ele>477.0</ele>
				<time>2025-11-29T11:34:17Z</time>
				<desc><![CDATA[CommonTimeValuePoint(absoluteTime=1764416057, value=1.2820513)]]></desc>
					<extensions>
						<ns3:TrackPointExtension>
							<ns3:speed>0.78125</ns3:speed>
							<ns3:cad>0.0</ns3:cad>
							<ns3:hr>88</ns3:hr>
						</ns3:TrackPointExtension>
					</extensions>
			</trkpt>
			<trkpt lat="47.615467" lon="12.171744">
				<ele>477.0</ele>
				<time>2025-11-29T11:34:21Z</time>
				<desc><![CDATA[CommonTimeValuePoint(absoluteTime=1764416061, value=1.0752689)]]></desc>
					<extensions>
						<ns3:TrackPointExtension>
							<ns3:speed>0.9345794</ns3:speed>
							<ns3:cad>0.0</ns3:cad>
							<ns3:hr>87</ns3:hr>
						</ns3:TrackPointExtension>
					</extensions>
			</trkpt>
			<trkpt lat="47.615467" lon="12.171673">
				<ele>477.0</ele>
				<time>2025-11-29T11:34:26Z</time>
				<desc><![CDATA[CommonTimeValuePoint(absoluteTime=1764416066, value=0.990099)]]></desc>
					<extensions>
						<ns3:TrackPointExtension>
							<ns3:speed>1.0204082</ns3:speed>
							<ns3:cad>0.0</ns3:cad>
							<ns3:hr>86</ns3:hr>
						</ns3:TrackPointExtension>
					</extensions>
			</trkpt>
			<trkpt lat="47.615463" lon="12.171601">
				<ele>477.0</ele>
				<time>2025-11-29T11:34:31Z</time>
				<desc><![CDATA[CommonTimeValuePoint(absoluteTime=1764416071, value=0.990099)]]></desc>
					<extensions>
						<ns3:TrackPointExtension>
							<ns3:speed>1.0204082</ns3:speed>
							<ns3:cad>0.0</ns3:cad>
							<ns3:hr>87</ns3:hr>
						</ns3:TrackPointExtension>
					</extensions>
			</trkpt>
			<trkpt lat="47.615475" lon="12.171519">
				<ele>477.0</ele>
				<time>2025-11-29T11:34:36Z</time>
				<desc><![CDATA[CommonTimeValuePoint(absoluteTime=1764416076, value=0.990099)]]></desc>
					<extensions>
						<ns3:TrackPointExtension>
							<ns3:speed>1.0204082</ns3:speed>
							<ns3:cad>0.0</ns3:cad>
						</ns3:TrackPointExtension>
					</extensions>
			</trkpt>
			<trkpt lat="47.615475" lon="12.171447">
				<ele>477.0</ele>
				<time>2025-11-29T11:34:40Z</time>
				<desc><![CDATA[CommonTimeValuePoint(absoluteTime=1764416080, value=0.9345794)]]></desc>
					<extensions>
						<ns3:TrackPointExtension>
							<ns3:speed>1.0752689</ns3:speed>
							<ns3:cad>0.0</ns3:cad>
							<ns3:hr>88</ns3:hr>
						</ns3:TrackPointExtension>
					</extensions>
			</trkpt>
			<trkpt lat="47.615475" lon="12.171368">
				<ele>477.0</ele>
				<time>2025-11-29T11:34:45Z</time>
				<desc><![CDATA[CommonTimeValuePoint(absoluteTime=1764416085, value=0.8403361)]]></desc>
					<extensions>
						<ns3:TrackPointExtension>
							<ns3:speed>1.1904762</ns3:speed>
							<ns3:cad>0.0</ns3:cad>
							<ns3:hr>87</ns3:hr>
						</ns3:TrackPointExtension>
					</extensions>
			</trkpt>
			<trkpt lat="47.61547" lon="12.1713">
				<ele>477.0</ele>
				<time>2025-11-29T11:34:50Z</time>
				<desc><![CDATA[CommonTimeValuePoint(absoluteTime=1764416090, value=0.86956525)]]></desc>
					<extensions>
						<ns3:TrackPointExtension>
							<ns3:speed>1.1627907</ns3:speed>
							<ns3:cad>0.0</ns3:cad>
							<ns3:hr>90</ns3:hr>
						</ns3:TrackPointExtension>
					</extensions>
			</trkpt>
			<trkpt lat="47.615463" lon="12.1712265">
				<ele>477.0</ele>
				<time>2025-11-29T11:34:57Z</time>
				<desc><![CDATA[CommonTimeValuePoint(absoluteTime=1764416097, value=1.0)]]></desc>
					<extensions>
						<ns3:TrackPointExtension>
							<ns3:speed>1.010101</ns3:speed>
							<ns3:cad>0.0</ns3:cad>
							<ns3:hr>98</ns3:hr>
						</ns3:TrackPointExtension>
					</extensions>
			</trkpt>
			<trkpt lat="47.615475" lon="12.171158">
				<ele>477.0</ele>
				<time>2025-11-29T11:35:05Z</time>
				<desc><![CDATA[CommonTimeValuePoint(absoluteTime=1764416105, value=1.2195122)]]></desc>
					<extensions>
						<ns3:TrackPointExtension>
							<ns3:speed>0.8333333</ns3:speed>
							<ns3:cad>0.0</ns3:cad>
							<ns3:hr>99</ns3:hr>
						</ns3:TrackPointExtension>
					</extensions>
			</trkpt>
			<trkpt lat="47.615475" lon="12.171091">
				<ele>478.0</ele>
				<time>2025-11-29T11:35:09Z</time>
				<desc><![CDATA[CommonTimeValuePoint(absoluteTime=1764416109, value=1.0309278)]]></desc>
					<extensions>
						<ns3:TrackPointExtension>
							<ns3:speed>0.98039216</ns3:speed>
							<ns3:cad>0.0</ns3:cad>
							<ns3:hr>101</ns3:hr>
						</ns3:TrackPointExtension>
					</extensions>
			</trkpt>
			<trkpt lat="47.615463" lon="12.17102">
				<ele>478.0</ele>
				<time>2025-11-29T11:35:14Z</time>
				<desc><![CDATA[CommonTimeValuePoint(absoluteTime=1764416114, value=0.990099)]]></desc>
					<extensions>
						<ns3:TrackPointExtension>
							<ns3:speed>1.0204082</ns3:speed>
							<ns3:cad>0.0</ns3:cad>
							<ns3:hr>104</ns3:hr>
						</ns3:TrackPointExtension>
					</extensions>
			</trkpt>
			<trkpt lat="47.615463" lon="12.170953">
				<ele>478.0</ele>
				<time>2025-11-29T11:35:18Z</time>
				<desc><![CDATA[CommonTimeValuePoint(absoluteTime=1764416118, value=0.9433963)]]></desc>
					<extensions>
						<ns3:TrackPointExtension>
							<ns3:speed>1.0752689</ns3:speed>
							<ns3:cad>0.0</ns3:cad>
							<ns3:hr>105</ns3:hr>
						</ns3:TrackPointExtension>
					</extensions>
			</trkpt>
			<trkpt lat="47.615467" lon="12.170872">
				<ele>478.0</ele>
				<time>2025-11-29T11:35:23Z</time>
				<desc><![CDATA[CommonTimeValuePoint(absoluteTime=1764416123, value=0.86956525)]]></desc>
					<extensions>
						<ns3:TrackPointExtension>
							<ns3:speed>1.1627907</ns3:speed>
							<ns3:cad>0.0</ns3:cad>
							<ns3:hr>107</ns3:hr>
						</ns3:TrackPointExtension>
					</extensions>
			</trkpt>
			<trkpt lat="47.615482" lon="12.170805">
				<ele>478.0</ele>
				<time>2025-11-29T11:35:28Z</time>
				<desc><![CDATA[CommonTimeValuePoint(absoluteTime=1764416128, value=0.84745765)]]></desc>
					<extensions>
						<ns3:TrackPointExtension>
							<ns3:speed>1.1904762</ns3:speed>
							<ns3:cad>0.0</ns3:cad>
							<ns3:hr>108</ns3:hr>
						</ns3:TrackPointExtension>
					</extensions>
			</trkpt>
			<trkpt lat="47.615498" lon="12.17073">
				<ele>478.0</ele>
				<time>2025-11-29T11:35:34Z</time>
				<desc><![CDATA[CommonTimeValuePoint(absoluteTime=1764416134, value=0.88495576)]]></desc>
					<extensions>
						<ns3:TrackPointExtension>
							<ns3:speed>1.1363636</ns3:speed>
							<ns3:cad>0.0</ns3:cad>
							<ns3:hr>107</ns3:hr>
						</ns3:TrackPointExtension>
					</extensions>
			</trkpt>
			<trkpt lat="47.615517" lon="12.17067">
				<ele>478.0</ele>
				<time>2025-11-29T11:35:38Z</time>
				<desc><![CDATA[CommonTimeValuePoint(absoluteTime=1764416138, value=0.862069)]]></desc>
					<extensions>
						<ns3:TrackPointExtension>
							<ns3:speed>1.1764705</ns3:speed>
							<ns3:cad>0.0</ns3:cad>
							<ns3:hr>107</ns3:hr>
						</ns3:TrackPointExtension>
					</extensions>
			</trkpt>
			<trkpt lat="47.61552" lon="12.170591">
				<ele>478.0</ele>
				<time>2025-11-29T11:35:43Z</time>
				<desc><![CDATA[CommonTimeValuePoint(absoluteTime=1764416143, value=0.8403361)]]></desc>
					<extensions>
						<ns3:TrackPointExtension>
							<ns3:speed>1.2048193</ns3:speed>
							<ns3:cad>0.0</ns3:cad>
							<ns3:hr>110</ns3:hr>
						</ns3:TrackPointExtension>
					</extensions>
			</trkpt>
			<trkpt lat="47.61554" lon="12.170515">
				<ele>478.0</ele>
				<time>2025-11-29T11:35:48Z</time>
				<desc><![CDATA[CommonTimeValuePoint(absoluteTime=1764416148, value=0.8196721)]]></desc>
					<extensions>
						<ns3:TrackPointExtension>
							<ns3:speed>1.2345679</ns3:speed>
							<ns3:cad>0.0</ns3:cad>
							<ns3:hr>113</ns3:hr>
						</ns3:TrackPointExtension>
					</extensions>
			</trkpt>
			<trkpt lat="47.615536" lon="12.170446">
				<ele>478.0</ele>
				<time>2025-11-29T11:35:54Z</time>
				<desc><![CDATA[CommonTimeValuePoint(absoluteTime=1764416154, value=0.84745765)]]></desc>
					<extensions>
						<ns3:TrackPointExtension>
							<ns3:speed>1.1904762</ns3:speed>
							<ns3:cad>0.0</ns3:cad>
							<ns3:hr>113</ns3:hr>
						</ns3:TrackPointExtension>
					</extensions>
			</trkpt>
			<trkpt lat="47.615536" lon="12.170377">
				<ele>478.0</ele>
				<time>2025-11-29T11:35:59Z</time>
				<desc><![CDATA[CommonTimeValuePoint(absoluteTime=1764416159, value=0.86956525)]]></desc>
					<extensions>
						<ns3:TrackPointExtension>
							<ns3:speed>1.1627907</ns3:speed>
							<ns3:cad>0.0</ns3:cad>
							<ns3:hr>113</ns3:hr>
						</ns3:TrackPointExtension>
					</extensions>
			</trkpt>
			<trkpt lat="47.615555" lon="12.170306">
				<ele>478.0</ele>
				<time>2025-11-29T11:36:04Z</time>
				<desc><![CDATA[CommonTimeValuePoint(absoluteTime=1764416164, value=0.9090909)]]></desc>
					<extensions>
						<ns3:TrackPointExtension>
							<ns3:speed>1.1111112</ns3:speed>
							<ns3:cad>0.0</ns3:cad>
							<ns3:hr>112</ns3:hr>
						</ns3:TrackPointExtension>
					</extensions>
			</trkpt>
			<trkpt lat="47.615555" lon="12.170235">
				<ele>478.0</ele>
				<time>2025-11-29T11:36:08Z</time>
				<desc><![CDATA[CommonTimeValuePoint(absoluteTime=1764416168, value=0.877193)]]></desc>
					<extensions>
						<ns3:TrackPointExtension>
							<ns3:speed>1.1494253</ns3:speed>
							<ns3:cad>0.0</ns3:cad>
							<ns3:hr>112</ns3:hr>
						</ns3:TrackPointExtension>
					</extensions>
			</trkpt>
			<trkpt lat="47.615566" lon="12.170158">
				<ele>478.0</ele>
				<time>2025-11-29T11:36:13Z</time>
				<desc><![CDATA[CommonTimeValuePoint(absoluteTime=1764416173, value=0.89285713)]]></desc>
					<extensions>
						<ns3:TrackPointExtension>
							<ns3:speed>1.1235955</ns3:speed>
							<ns3:cad>0.0</ns3:cad>
						</ns3:TrackPointExtension>
					</extensions>
			</trkpt>
			<trkpt lat="47.615585" lon="12.170088">
				<ele>478.0</ele>
				<time>2025-11-29T11:36:18Z</time>
				<desc><![CDATA[CommonTimeValuePoint(absoluteTime=1764416178, value=0.9259259)]]></desc>
					<extensions>
						<ns3:TrackPointExtension>
							<ns3:speed>1.0869565</ns3:speed>
							<ns3:cad>0.0</ns3:cad>
							<ns3:hr>110</ns3:hr>
						</ns3:TrackPointExtension>
					</extensions>
			</trkpt>
			<trkpt lat="47.6156" lon="12.170023">
				<ele>478.0</ele>
				<time>2025-11-29T11:36:22Z</time>
				<desc><![CDATA[CommonTimeValuePoint(absoluteTime=1764416182, value=0.88495576)]]></desc>
					<extensions>
						<ns3:TrackPointExtension>
							<ns3:speed>1.1363636</ns3:speed>
							<ns3:cad>0.0</ns3:cad>
							<ns3:hr>110</ns3:hr>
						</ns3:TrackPointExtension>
					</extensions>
			</trkpt>
			<trkpt lat="47.61562" lon="12.169953">
				<ele>478.0</ele>
				<time>2025-11-29T11:36:26Z</time>
				<desc><![CDATA[CommonTimeValuePoint(absoluteTime=1764416186, value=0.8403361)]]></desc>
					<extensions>
						<ns3:TrackPointExtension>
							<ns3:speed>1.2048193</ns3:speed>
							<ns3:cad>0.0</ns3:cad>
							<ns3:hr>111</ns3:hr>
						</ns3:TrackPointExtension>
					</extensions>
			</trkpt>
			<trkpt lat="47.615646" lon="12.169893">
				<ele>478.0</ele>
				<time>2025-11-29T11:36:31Z</time>
				<desc><![CDATA[CommonTimeValuePoint(absoluteTime=1764416191, value=0.85470086)]]></desc>
					<extensions>
						<ns3:TrackPointExtension>
							<ns3:speed>1.1764705</ns3:speed>
							<ns3:cad>0.0</ns3:cad>
							<ns3:hr>111</ns3:hr>
						</ns3:TrackPointExtension>
					</extensions>
			</trkpt>
			<trkpt lat="47.615658" lon="12.169828">
				<ele>478.0</ele>
				<time>2025-11-29T11:36:43Z</time>
				<desc><![CDATA[CommonTimeValuePoint(absoluteTime=1764416203, value=1.8)]]></desc>
					<extensions>
						<ns3:TrackPointExtension>
							<ns3:speed>0.5555556</ns3:speed>
							<ns3:cad>0.0</ns3:cad>
						</ns3:TrackPointExtension>
					</extensions>
			</trkpt>
			<trkpt lat="47.615673" lon="12.169758">
				<ele>478.0</ele>
				<time>2025-11-29T11:36:48Z</time>
				<desc><![CDATA[CommonTimeValuePoint(absoluteTime=1764416208, value=1.098901)]]></desc>
					<extensions>
						<ns3:TrackPointExtension>
							<ns3:speed>0.9174312</ns3:speed>
							<ns3:cad>0.0</ns3:cad>
							<ns3:hr>111</ns3:hr>
						</ns3:TrackPointExtension>
					</extensions>
			</trkpt>
			<trkpt lat="47.615665" lon="12.169693">
				<ele>478.0</ele>
				<time>2025-11-29T11:36:52Z</time>
				<desc><![CDATA[CommonTimeValuePoint(absoluteTime=1764416212, value=0.9615385)]]></desc>
					<extensions>
						<ns3:TrackPointExtension>
							<ns3:speed>1.0526316</ns3:speed>
							<ns3:cad>0.0</ns3:cad>
							<ns3:hr>110</ns3:hr>
						</ns3:TrackPointExtension>
					</extensions>
			</trkpt>
			<trkpt lat="47.615665" lon="12.16962">
				<ele>478.0</ele>
				<time>2025-11-29T11:36:57Z</time>
				<desc><![CDATA[CommonTimeValuePoint(absoluteTime=1764416217, value=0.89285713)]]></desc>
					<extensions>
						<ns3:TrackPointExtension>
							<ns3:speed>1.1363636</ns3:speed>
							<ns3:cad>0.0</ns3:cad>
							<ns3:hr>109</ns3:hr>
						</ns3:TrackPointExtension>
					</extensions>
			</trkpt>
			<trkpt lat="47.615654" lon="12.169552">
				<ele>478.0</ele>
				<time>2025-11-29T11:37:01Z</time>
				<desc><![CDATA[CommonTimeValuePoint(absoluteTime=1764416221, value=0.9433963)]]></desc>
					<extensions>
						<ns3:TrackPointExtension>
							<ns3:speed>1.0638298</ns3:speed>
							<ns3:cad>0.0</ns3:cad>
							<ns3:hr>108</ns3:hr>
						</ns3:TrackPointExtension>
					</extensions>
			</trkpt>
			<trkpt lat="47.615658" lon="12.16948">
				<ele>478.0</ele>
				<time>2025-11-29T11:37:06Z</time>
				<desc><![CDATA[CommonTimeValuePoint(absoluteTime=1764416226, value=0.990099)]]></desc>
					<extensions>
						<ns3:TrackPointExtension>
							<ns3:speed>1.0204082</ns3:speed>
							<ns3:cad>0.0</ns3:cad>
							<ns3:hr>107</ns3:hr>
						</ns3:TrackPointExtension>
					</extensions>
			</trkpt>
			<trkpt lat="47.615654" lon="12.16941">
				<ele>479.0</ele>
				<time>2025-11-29T11:37:13Z</time>
				<desc><![CDATA[CommonTimeValuePoint(absoluteTime=1764416233, value=1.1235955)]]></desc>
					<extensions>
						<ns3:TrackPointExtension>
							<ns3:speed>0.89285713</ns3:speed>
							<ns3:cad>0.0</ns3:cad>
							<ns3:hr>107</ns3:hr>
						</ns3:TrackPointExtension>
					</extensions>
			</trkpt>
			<trkpt lat="47.615658" lon="12.169343">
				<ele>479.0</ele>
				<time>2025-11-29T11:37:18Z</time>
				<desc><![CDATA[CommonTimeValuePoint(absoluteTime=1764416238, value=1.1764705)]]></desc>
					<extensions>
						<ns3:TrackPointExtension>
							<ns3:speed>0.862069</ns3:speed>
							<ns3:cad>0.0</ns3:cad>
							<ns3:hr>109</ns3:hr>
						</ns3:TrackPointExtension>
					</extensions>
			</trkpt>
			<trkpt lat="47.615658" lon="12.169269">
				<ele>480.0</ele>
				<time>2025-11-29T11:37:22Z</time>
				<desc><![CDATA[CommonTimeValuePoint(absoluteTime=1764416242, value=1.0526316)]]></desc>
					<extensions>
						<ns3:TrackPointExtension>
							<ns3:speed>0.9615385</ns3:speed>
							<ns3:cad>0.0</ns3:cad>
						</ns3:TrackPointExtension>
					</extensions>
			</trkpt>
			<trkpt lat="47.615654" lon="12.1691885">
				<ele>480.0</ele>
				<time>2025-11-29T11:37:27Z</time>
				<desc><![CDATA[CommonTimeValuePoint(absoluteTime=1764416247, value=1.0752689)]]></desc>
					<extensions>
						<ns3:TrackPointExtension>
							<ns3:speed>0.9345794</ns3:speed>
							<ns3:cad>0.0</ns3:cad>
							<ns3:hr>111</ns3:hr>
						</ns3:TrackPointExtension>
					</extensions>
			</trkpt>
			<trkpt lat="47.615646" lon="12.169117">
				<ele>480.0</ele>
				<time>2025-11-29T11:37:31Z</time>
				<desc><![CDATA[CommonTimeValuePoint(absoluteTime=1764416251, value=1.010101)]]></desc>
					<extensions>
						<ns3:TrackPointExtension>
							<ns3:speed>1.0</ns3:speed>
							<ns3:cad>0.0</ns3:cad>
							<ns3:hr>110</ns3:hr>
						</ns3:TrackPointExtension>
					</extensions>
			</trkpt>
			<trkpt lat="47.615646" lon="12.16904">
				<ele>480.0</ele>
				<time>2025-11-29T11:37:35Z</time>
				<desc><![CDATA[CommonTimeValuePoint(absoluteTime=1764416255, value=0.98039216)]]></desc>
					<extensions>
						<ns3:TrackPointExtension>
							<ns3:speed>1.0204082</ns3:speed>
							<ns3:cad>0.0</ns3:cad>
							<ns3:hr>109</ns3:hr>
						</ns3:TrackPointExtension>
					</extensions>
			</trkpt>
			<trkpt lat="47.61565" lon="12.16897">
				<ele>480.0</ele>
				<time>2025-11-29T11:37:39Z</time>
				<desc><![CDATA[CommonTimeValuePoint(absoluteTime=1764416259, value=0.89285713)]]></desc>
					<extensions>
						<ns3:TrackPointExtension>
							<ns3:speed>1.1235955</ns3:speed>
							<ns3:cad>0.0</ns3:cad>
							<ns3:hr>114</ns3:hr>
						</ns3:TrackPointExtension>
					</extensions>
			</trkpt>
			<trkpt lat="47.61566" lon="12.1689">
				<ele>480.0</ele>
				<time>2025-11-29T11:37:43Z</time>
				<desc><![CDATA[CommonTimeValuePoint(absoluteTime=1764416263, value=0.8333333)]]></desc>
					<extensions>
						<ns3:TrackPointExtension>
							<ns3:speed>1.2048193</ns3:speed>
							<ns3:cad>0.0</ns3:cad>
							<ns3:hr>113</ns3:hr>
						</ns3:TrackPointExtension>
					</extensions>
			</trkpt>
			<trkpt lat="47.615658" lon="12.16883">
				<ele>480.0</ele>
				<time>2025-11-29T11:37:47Z</time>
				<desc><![CDATA[CommonTimeValuePoint(absoluteTime=1764416267, value=0.89285713)]]></desc>
					<extensions>
						<ns3:TrackPointExtension>
							<ns3:speed>1.1363636</ns3:speed>
							<ns3:cad>0.0</ns3:cad>
						</ns3:TrackPointExtension>
					</extensions>
			</trkpt>
			<trkpt lat="47.615665" lon="12.168763">
				<ele>480.0</ele>
				<time>2025-11-29T11:37:51Z</time>
				<desc><![CDATA[CommonTimeValuePoint(absoluteTime=1764416271, value=0.9259259)]]></desc>
					<extensions>
						<ns3:TrackPointExtension>
							<ns3:speed>1.0869565</ns3:speed>
							<ns3:cad>0.0</ns3:cad>
						</ns3:TrackPointExtension>
					</extensions>
			</trkpt>
			<trkpt lat="47.615685" lon="12.168696">
				<ele>480.0</ele>
				<time>2025-11-29T11:37:56Z</time>
				<desc><![CDATA[CommonTimeValuePoint(absoluteTime=1764416276, value=0.9615385)]]></desc>
					<extensions>
						<ns3:TrackPointExtension>
							<ns3:speed>1.0416667</ns3:speed>
							<ns3:cad>0.0</ns3:cad>
							<ns3:hr>109</ns3:hr>
						</ns3:TrackPointExtension>
					</extensions>
			</trkpt>
			<trkpt lat="47.61567" lon="12.168633">
				<ele>480.0</ele>
				<time>2025-11-29T11:38:01Z</time>
				<desc><![CDATA[CommonTimeValuePoint(absoluteTime=1764416281, value=1.0638298)]]></desc>
					<extensions>
						<ns3:TrackPointExtension>
							<ns3:speed>0.952381</ns3:speed>
							<ns3:cad>0.0</ns3:cad>
							<ns3:hr>110</ns3:hr>
						</ns3:TrackPointExtension>
					</extensions>
			</trkpt>
			<trkpt lat="47.615643" lon="12.168558">
				<ele>481.0</ele>
				<time>2025-11-29T11:38:07Z</time>
				<desc><![CDATA[CommonTimeValuePoint(absoluteTime=1764416287, value=1.1235955)]]></desc>
					<extensions>
						<ns3:TrackPointExtension>
							<ns3:speed>0.9009009</ns3:speed>
							<ns3:cad>0.0</ns3:cad>
							<ns3:hr>108</ns3:hr>
						</ns3:TrackPointExtension>
					</extensions>
			</trkpt>
			<trkpt lat="47.615627" lon="12.168495">
				<ele>481.0</ele>
				<time>2025-11-29T11:38:12Z</time>
				<desc><![CDATA[CommonTimeValuePoint(absoluteTime=1764416292, value=1.1494253)]]></desc>
					<extensions>
						<ns3:TrackPointExtension>
							<ns3:speed>0.877193</ns3:speed>
							<ns3:cad>0.0</ns3:cad>
							<ns3:hr>106</ns3:hr>
						</ns3:TrackPointExtension>
					</extensions>
			</trkpt>
			<trkpt lat="47.615593" lon="12.168431">
				<ele>482.0</ele>
				<time>2025-11-29T11:38:18Z</time>
				<desc><![CDATA[CommonTimeValuePoint(absoluteTime=1764416298, value=1.1764705)]]></desc>
					<extensions>
						<ns3:TrackPointExtension>
							<ns3:speed>0.85470086</ns3:speed>
							<ns3:cad>0.0</ns3:cad>
							<ns3:hr>106</ns3:hr>
						</ns3:TrackPointExtension>
					</extensions>
			</trkpt>
			<trkpt lat="47.615585" lon="12.168366">
				<ele>482.0</ele>
				<time>2025-11-29T11:38:25Z</time>
				<desc><![CDATA[CommonTimeValuePoint(absoluteTime=1764416305, value=1.5625)]]></desc>
					<extensions>
						<ns3:TrackPointExtension>
							<ns3:speed>0.64935064</ns3:speed>
							<ns3:cad>0.0</ns3:cad>
							<ns3:hr>104</ns3:hr>
						</ns3:TrackPointExtension>
					</extensions>
			</trkpt>
			<trkpt lat="47.615562" lon="12.168302">
				<ele>483.0</ele>
				<time>2025-11-29T11:38:31Z</time>
				<desc><![CDATA[CommonTimeValuePoint(absoluteTime=1764416311, value=1.4705882)]]></desc>
					<extensions>
						<ns3:TrackPointExtension>
							<ns3:speed>0.6849315</ns3:speed>
							<ns3:cad>0.0</ns3:cad>
						</ns3:TrackPointExtension>
					</extensions>
			</trkpt>
			<trkpt lat="47.615536" lon="12.168239">
				<ele>484.0</ele>
				<time>2025-11-29T11:38:36Z</time>
				<desc><![CDATA[CommonTimeValuePoint(absoluteTime=1764416316, value=1.3513514)]]></desc>
					<extensions>
						<ns3:TrackPointExtension>
							<ns3:speed>0.74626863</ns3:speed>
							<ns3:cad>0.0</ns3:cad>
						</ns3:TrackPointExtension>
					</extensions>
			</trkpt>
			<trkpt lat="47.615494" lon="12.168199">
				<ele>484.0</ele>
				<time>2025-11-29T11:38:41Z</time>
				<desc><![CDATA[CommonTimeValuePoint(absoluteTime=1764416321, value=1.2820513)]]></desc>
					<extensions>
						<ns3:TrackPointExtension>
							<ns3:speed>0.78125</ns3:speed>
							<ns3:cad>0.0</ns3:cad>
							<ns3:hr>99</ns3:hr>
						</ns3:TrackPointExtension>
					</extensions>
			</trkpt>
			<trkpt lat="47.615448" lon="12.16822">
				<ele>484.0</ele>
				<time>2025-11-29T11:38:46Z</time>
				<desc><![CDATA[CommonTimeValuePoint(absoluteTime=1764416326, value=1.4084507)]]></desc>
					<extensions>
						<ns3:TrackPointExtension>
							<ns3:speed>0.71428573</ns3:speed>
							<ns3:cad>0.0</ns3:cad>
						</ns3:TrackPointExtension>
					</extensions>
			</trkpt>
			<trkpt lat="47.615406" lon="12.16819">
				<ele>484.0</ele>
				<time>2025-11-29T11:38:52Z</time>
				<desc><![CDATA[CommonTimeValuePoint(absoluteTime=1764416332, value=1.3513514)]]></desc>
					<extensions>
						<ns3:TrackPointExtension>
							<ns3:speed>0.74626863</ns3:speed>
							<ns3:cad>0.0</ns3:cad>
							<ns3:hr>100</ns3:hr>
						</ns3:TrackPointExtension>
					</extensions>
			</trkpt>
			<trkpt lat="47.615406" lon="12.1681185">
				<ele>484.0</ele>
				<time>2025-11-29T11:38:58Z</time>
				<desc><![CDATA[CommonTimeValuePoint(absoluteTime=1764416338, value=1.3888888)]]></desc>
					<extensions>
						<ns3:TrackPointExtension>
							<ns3:speed>0.7246377</ns3:speed>
							<ns3:cad>0.0</ns3:cad>
							<ns3:hr>97</ns3:hr>
						</ns3:TrackPointExtension>
					</extensions>
			</trkpt>
			<trkpt lat="47.615425" lon="12.16805">
				<ele>484.0</ele>
				<time>2025-11-29T11:39:03Z</time>
				<desc><![CDATA[CommonTimeValuePoint(absoluteTime=1764416343, value=1.369863)]]></desc>
					<extensions>
						<ns3:TrackPointExtension>
							<ns3:speed>0.7352941</ns3:speed>
							<ns3:cad>0.0</ns3:cad>
							<ns3:hr>95</ns3:hr>
						</ns3:TrackPointExtension>
					</extensions>
			</trkpt>
			<trkpt lat="47.615456" lon="12.1679735">
				<ele>484.0</ele>
				<time>2025-11-29T11:39:08Z</time>
				<desc><![CDATA[CommonTimeValuePoint(absoluteTime=1764416348, value=1.1363636)]]></desc>
					<extensions>
						<ns3:TrackPointExtension>
							<ns3:speed>0.89285713</ns3:speed>
							<ns3:cad>0.0</ns3:cad>
						</ns3:TrackPointExtension>
					</extensions>
			</trkpt>
			<trkpt lat="47.61548" lon="12.167915">
				<ele>483.0</ele>
				<time>2025-11-29T11:39:11Z</time>
				<desc><![CDATA[CommonTimeValuePoint(absoluteTime=1764416351, value=1.0416667)]]></desc>
					<extensions>
						<ns3:TrackPointExtension>
							<ns3:speed>0.97087383</ns3:speed>
							<ns3:cad>0.0</ns3:cad>
							<ns3:hr>94</ns3:hr>
						</ns3:TrackPointExtension>
					</extensions>
			</trkpt>
			<trkpt lat="47.61551" lon="12.167845">
				<ele>483.0</ele>
				<time>2025-11-29T11:39:15Z</time>
				<desc><![CDATA[CommonTimeValuePoint(absoluteTime=1764416355, value=0.9090909)]]></desc>
					<extensions>
						<ns3:TrackPointExtension>
							<ns3:speed>1.1111112</ns3:speed>
							<ns3:cad>0.0</ns3:cad>
							<ns3:hr>100</ns3:hr>
						</ns3:TrackPointExtension>
					</extensions>
			</trkpt>
			<trkpt lat="47.615498" lon="12.167775">
				<ele>482.0</ele>
				<time>2025-11-29T11:39:19Z</time>
				<desc><![CDATA[CommonTimeValuePoint(absoluteTime=1764416359, value=0.8064516)]]></desc>
					<extensions>
						<ns3:TrackPointExtension>
							<ns3:speed>1.25</ns3:speed>
							<ns3:cad>0.0</ns3:cad>
							<ns3:hr>97</ns3:hr>
						</ns3:TrackPointExtension>
					</extensions>
			</trkpt>
			<trkpt lat="47.615486" lon="12.16771">
				<ele>481.0</ele>
				<time>2025-11-29T11:39:23Z</time>
				<desc><![CDATA[CommonTimeValuePoint(absoluteTime=1764416363, value=0.8196721)]]></desc>
					<extensions>
						<ns3:TrackPointExtension>
							<ns3:speed>1.2345679</ns3:speed>
							<ns3:cad>0.0</ns3:cad>
							<ns3:hr>96</ns3:hr>
						</ns3:TrackPointExtension>
					</extensions>
			</trkpt>
			<trkpt lat="47.615456" lon="12.167645">
				<ele>481.0</ele>
				<time>2025-11-29T11:39:27Z</time>
				<desc><![CDATA[CommonTimeValuePoint(absoluteTime=1764416367, value=0.98039216)]]></desc>
					<extensions>
						<ns3:TrackPointExtension>
							<ns3:speed>1.0309278</ns3:speed>
							<ns3:cad>0.0</ns3:cad>
						</ns3:TrackPointExtension>
					</extensions>
			</trkpt>
			<trkpt lat="47.61544" lon="12.167562">
				<ele>481.0</ele>
				<time>2025-11-29T11:39:31Z</time>
				<desc><![CDATA[CommonTimeValuePoint(absoluteTime=1764416371, value=0.952381)]]></desc>
					<extensions>
						<ns3:TrackPointExtension>
							<ns3:speed>1.0526316</ns3:speed>
							<ns3:cad>0.0</ns3:cad>
							<ns3:hr>96</ns3:hr>
						</ns3:TrackPointExtension>
					</extensions>
			</trkpt>
			<trkpt lat="47.615425" lon="12.167487">
				<ele>480.0</ele>
				<time>2025-11-29T11:39:35Z</time>
				<desc><![CDATA[CommonTimeValuePoint(absoluteTime=1764416375, value=0.877193)]]></desc>
					<extensions>
						<ns3:TrackPointExtension>
							<ns3:speed>1.1494253</ns3:speed>
							<ns3:cad>0.0</ns3:cad>
							<ns3:hr>95</ns3:hr>
						</ns3:TrackPointExtension>
					</extensions>
			</trkpt>
			<trkpt lat="47.615406" lon="12.16741">
				<ele>480.0</ele>
				<time>2025-11-29T11:39:39Z</time>
				<desc><![CDATA[CommonTimeValuePoint(absoluteTime=1764416379, value=0.8403361)]]></desc>
					<extensions>
						<ns3:TrackPointExtension>
							<ns3:speed>1.2048193</ns3:speed>
							<ns3:cad>0.0</ns3:cad>
							<ns3:hr>97</ns3:hr>
						</ns3:TrackPointExtension>
					</extensions>
			</trkpt>
			<trkpt lat="47.615387" lon="12.167332">
				<ele>480.0</ele>
				<time>2025-11-29T11:39:43Z</time>
				<desc><![CDATA[CommonTimeValuePoint(absoluteTime=1764416383, value=0.82644624)]]></desc>
					<extensions>
						<ns3:TrackPointExtension>
							<ns3:speed>1.2195122</ns3:speed>
							<ns3:cad>0.0</ns3:cad>
							<ns3:hr>96</ns3:hr>
						</ns3:TrackPointExtension>
					</extensions>
			</trkpt>
			<trkpt lat="47.615356" lon="12.167265">
				<ele>480.0</ele>
				<time>2025-11-29T11:39:48Z</time>
				<desc><![CDATA[CommonTimeValuePoint(absoluteTime=1764416388, value=0.8130081)]]></desc>
					<extensions>
						<ns3:TrackPointExtension>
							<ns3:speed>1.2345679</ns3:speed>
							<ns3:cad>0.0</ns3:cad>
						</ns3:TrackPointExtension>
					</extensions>
			</trkpt>
			<trkpt lat="47.61534" lon="12.167202">
				<ele>479.0</ele>
				<time>2025-11-29T11:39:53Z</time>
				<desc><![CDATA[CommonTimeValuePoint(absoluteTime=1764416393, value=0.990099)]]></desc>
					<extensions>
						<ns3:TrackPointExtension>
							<ns3:speed>1.010101</ns3:speed>
							<ns3:cad>0.0</ns3:cad>
							<ns3:hr>99</ns3:hr>
						</ns3:TrackPointExtension>
					</extensions>
			</trkpt>
			<trkpt lat="47.61533" lon="12.16712">
				<ele>479.0</ele>
				<time>2025-11-29T11:39:58Z</time>
				<desc><![CDATA[CommonTimeValuePoint(absoluteTime=1764416398, value=1.0416667)]]></desc>
					<extensions>
						<ns3:TrackPointExtension>
							<ns3:speed>0.97087383</ns3:speed>
							<ns3:cad>0.0</ns3:cad>
							<ns3:hr>105</ns3:hr>
						</ns3:TrackPointExtension>
					</extensions>
			</trkpt>
			<trkpt lat="47.615326" lon="12.167048">
				<ele>479.0</ele>
				<time>2025-11-29T11:40:02Z</time>
				<desc><![CDATA[CommonTimeValuePoint(absoluteTime=1764416402, value=1.0416667)]]></desc>
					<extensions>
						<ns3:TrackPointExtension>
							<ns3:speed>0.97087383</ns3:speed>
							<ns3:cad>0.0</ns3:cad>
							<ns3:hr>107</ns3:hr>
						</ns3:TrackPointExtension>
					</extensions>
			</trkpt>
			<trkpt lat="47.615314" lon="12.166975">
				<ele>479.0</ele>
				<time>2025-11-29T11:40:06Z</time>
				<desc><![CDATA[CommonTimeValuePoint(absoluteTime=1764416406, value=0.990099)]]></desc>
					<extensions>
						<ns3:TrackPointExtension>
							<ns3:speed>1.0204082</ns3:speed>
							<ns3:cad>0.0</ns3:cad>
							<ns3:hr>109</ns3:hr>
						</ns3:TrackPointExtension>
					</extensions>
			</trkpt>
			<trkpt lat="47.615303" lon="12.166897">
				<ele>479.0</ele>
				<time>2025-11-29T11:40:10Z</time>
				<desc><![CDATA[CommonTimeValuePoint(absoluteTime=1764416410, value=0.990099)]]></desc>
					<extensions>
						<ns3:TrackPointExtension>
							<ns3:speed>1.0204082</ns3:speed>
							<ns3:cad>0.0</ns3:cad>
							<ns3:hr>111</ns3:hr>
						</ns3:TrackPointExtension>
					</extensions>
			</trkpt>
			<trkpt lat="47.61529" lon="12.166823">
				<ele>480.0</ele>
				<time>2025-11-29T11:40:14Z</time>
				<desc><![CDATA[CommonTimeValuePoint(absoluteTime=1764416414, value=0.97087383)]]></desc>
					<extensions>
						<ns3:TrackPointExtension>
							<ns3:speed>1.0416667</ns3:speed>
							<ns3:cad>0.0</ns3:cad>
						</ns3:TrackPointExtension>
					</extensions>
			</trkpt>
			<trkpt lat="47.615284" lon="12.166754">
				<ele>480.0</ele>
				<time>2025-11-29T11:40:18Z</time>
				<desc><![CDATA[CommonTimeValuePoint(absoluteTime=1764416418, value=0.98039216)]]></desc>
					<extensions>
						<ns3:TrackPointExtension>
							<ns3:speed>1.0309278</ns3:speed>
							<ns3:cad>0.0</ns3:cad>
							<ns3:hr>111</ns3:hr>
						</ns3:TrackPointExtension>
					</extensions>
			</trkpt>
			<trkpt lat="47.615273" lon="12.166681">
				<ele>480.0</ele>
				<time>2025-11-29T11:40:22Z</time>
				<desc><![CDATA[CommonTimeValuePoint(absoluteTime=1764416422, value=0.990099)]]></desc>
					<extensions>
						<ns3:TrackPointExtension>
							<ns3:speed>1.0204082</ns3:speed>
							<ns3:cad>0.0</ns3:cad>
							<ns3:hr>112</ns3:hr>
						</ns3:TrackPointExtension>
					</extensions>
			</trkpt>
			<trkpt lat="47.615265" lon="12.166612">
				<ele>480.0</ele>
				<time>2025-11-29T11:40:26Z</time>
				<desc><![CDATA[CommonTimeValuePoint(absoluteTime=1764416426, value=0.97087383)]]></desc>
					<extensions>
						<ns3:TrackPointExtension>
							<ns3:speed>1.0416667</ns3:speed>
							<ns3:cad>0.0</ns3:cad>
						</ns3:TrackPointExtension>
					</extensions>
			</trkpt>
			<trkpt lat="47.615257" lon="12.166547">
				<ele>480.0</ele>
				<time>2025-11-29T11:40:30Z</time>
				<desc><![CDATA[CommonTimeValuePoint(absoluteTime=1764416430, value=0.9615385)]]></desc>
					<extensions>
						<ns3:TrackPointExtension>
							<ns3:speed>1.0416667</ns3:speed>
							<ns3:cad>0.0</ns3:cad>
							<ns3:hr>111</ns3:hr>
						</ns3:TrackPointExtension>
					</extensions>
			</trkpt>
			<trkpt lat="47.615234" lon="12.166478">
				<ele>480.0</ele>
				<time>2025-11-29T11:40:34Z</time>
				<desc><![CDATA[CommonTimeValuePoint(absoluteTime=1764416434, value=0.952381)]]></desc>
					<extensions>
						<ns3:TrackPointExtension>
							<ns3:speed>1.0526316</ns3:speed>
							<ns3:cad>0.0</ns3:cad>
						</ns3:TrackPointExtension>
					</extensions>
			</trkpt>
			<trkpt lat="47.615215" lon="12.166418">
				<ele>480.0</ele>
				<time>2025-11-29T11:40:38Z</time>
				<desc><![CDATA[CommonTimeValuePoint(absoluteTime=1764416438, value=0.952381)]]></desc>
					<extensions>
						<ns3:TrackPointExtension>
							<ns3:speed>1.0638298</ns3:speed>
							<ns3:cad>0.0</ns3:cad>
							<ns3:hr>112</ns3:hr>
						</ns3:TrackPointExtension>
					</extensions>
			</trkpt>
			<trkpt lat="47.615196" lon="12.166357">
				<ele>480.0</ele>
				<time>2025-11-29T11:40:42Z</time>
				<desc><![CDATA[CommonTimeValuePoint(absoluteTime=1764416442, value=0.952381)]]></desc>
					<extensions>
						<ns3:TrackPointExtension>
							<ns3:speed>1.0638298</ns3:speed>
							<ns3:cad>0.0</ns3:cad>
							<ns3:hr>113</ns3:hr>
						</ns3:TrackPointExtension>
					</extensions>
			</trkpt>
			<trkpt lat="47.615185" lon="12.16628">
				<ele>480.0</ele>
				<time>2025-11-29T11:40:47Z</time>
				<desc><![CDATA[CommonTimeValuePoint(absoluteTime=1764416447, value=1.0204082)]]></desc>
					<extensions>
						<ns3:TrackPointExtension>
							<ns3:speed>0.990099</ns3:speed>
							<ns3:cad>0.0</ns3:cad>
							<ns3:hr>112</ns3:hr>
						</ns3:TrackPointExtension>
					</extensions>
			</trkpt>
			<trkpt lat="47.615166" lon="12.166205">
				<ele>480.0</ele>
				<time>2025-11-29T11:40:51Z</time>
				<desc><![CDATA[CommonTimeValuePoint(absoluteTime=1764416451, value=0.88495576)]]></desc>
					<extensions>
						<ns3:TrackPointExtension>
							<ns3:speed>1.1494253</ns3:speed>
							<ns3:cad>0.0</ns3:cad>
							<ns3:hr>113</ns3:hr>
						</ns3:TrackPointExtension>
					</extensions>
			</trkpt>
			<trkpt lat="47.615143" lon="12.166135">
				<ele>480.0</ele>
				<time>2025-11-29T11:40:55Z</time>
				<desc><![CDATA[CommonTimeValuePoint(absoluteTime=1764416455, value=0.85470086)]]></desc>
					<extensions>
						<ns3:TrackPointExtension>
							<ns3:speed>1.1764705</ns3:speed>
							<ns3:cad>0.0</ns3:cad>
							<ns3:hr>112</ns3:hr>
						</ns3:TrackPointExtension>
					</extensions>
			</trkpt>
			<trkpt lat="47.6151" lon="12.166083">
				<ele>480.0</ele>
				<time>2025-11-29T11:40:59Z</time>
				<desc><![CDATA[CommonTimeValuePoint(absoluteTime=1764416459, value=0.7692308)]]></desc>
					<extensions>
						<ns3:TrackPointExtension>
							<ns3:speed>1.3157895</ns3:speed>
							<ns3:cad>0.0</ns3:cad>
							<ns3:hr>114</ns3:hr>
						</ns3:TrackPointExtension>
					</extensions>
			</trkpt>
			<trkpt lat="47.615067" lon="12.166011">
				<ele>480.0</ele>
				<time>2025-11-29T11:41:04Z</time>
				<desc><![CDATA[CommonTimeValuePoint(absoluteTime=1764416464, value=0.8064516)]]></desc>
					<extensions>
						<ns3:TrackPointExtension>
							<ns3:speed>1.25</ns3:speed>
							<ns3:cad>0.0</ns3:cad>
							<ns3:hr>112</ns3:hr>
						</ns3:TrackPointExtension>
					</extensions>
			</trkpt>
			<trkpt lat="47.61503" lon="12.1659565">
				<ele>480.0</ele>
				<time>2025-11-29T11:41:08Z</time>
				<desc><![CDATA[CommonTimeValuePoint(absoluteTime=1764416468, value=0.8196721)]]></desc>
					<extensions>
						<ns3:TrackPointExtension>
							<ns3:speed>1.2345679</ns3:speed>
							<ns3:cad>0.0</ns3:cad>
							<ns3:hr>109</ns3:hr>
						</ns3:TrackPointExtension>
					</extensions>
			</trkpt>
			<trkpt lat="47.61499" lon="12.165909">
				<ele>480.0</ele>
				<time>2025-11-29T11:41:12Z</time>
				<desc><![CDATA[CommonTimeValuePoint(absoluteTime=1764416472, value=0.84745765)]]></desc>
					<extensions>
						<ns3:TrackPointExtension>
							<ns3:speed>1.1904762</ns3:speed>
							<ns3:cad>0.0</ns3:cad>
							<ns3:hr>110</ns3:hr>
						</ns3:TrackPointExtension>
					</extensions>
			</trkpt>
			<trkpt lat="47.614967" lon="12.165849">
				<ele>480.0</ele>
				<time>2025-11-29T11:41:17Z</time>
				<desc><![CDATA[CommonTimeValuePoint(absoluteTime=1764416477, value=0.82644624)]]></desc>
					<extensions>
						<ns3:TrackPointExtension>
							<ns3:speed>1.2195122</ns3:speed>
							<ns3:cad>0.0</ns3:cad>
							<ns3:hr>111</ns3:hr>
						</ns3:TrackPointExtension>
					</extensions>
			</trkpt>
			<trkpt lat="47.614937" lon="12.165793">
				<ele>480.0</ele>
				<time>2025-11-29T11:41:21Z</time>
				<desc><![CDATA[CommonTimeValuePoint(absoluteTime=1764416481, value=0.85470086)]]></desc>
					<extensions>
						<ns3:TrackPointExtension>
							<ns3:speed>1.1764705</ns3:speed>
							<ns3:cad>0.0</ns3:cad>
							<ns3:hr>112</ns3:hr>
						</ns3:TrackPointExtension>
					</extensions>
			</trkpt>
			<trkpt lat="47.614914" lon="12.165735">
				<ele>480.0</ele>
				<time>2025-11-29T11:41:25Z</time>
				<desc><![CDATA[CommonTimeValuePoint(absoluteTime=1764416485, value=0.877193)]]></desc>
					<extensions>
						<ns3:TrackPointExtension>
							<ns3:speed>1.1494253</ns3:speed>
							<ns3:cad>0.0</ns3:cad>
						</ns3:TrackPointExtension>
					</extensions>
			</trkpt>
			<trkpt lat="47.614887" lon="12.165675">
				<ele>480.0</ele>
				<time>2025-11-29T11:41:29Z</time>
				<desc><![CDATA[CommonTimeValuePoint(absoluteTime=1764416489, value=0.9090909)]]></desc>
					<extensions>
						<ns3:TrackPointExtension>
							<ns3:speed>1.1111112</ns3:speed>
							<ns3:cad>0.0</ns3:cad>
						</ns3:TrackPointExtension>
					</extensions>
			</trkpt>
			<trkpt lat="47.61485" lon="12.165624">
				<ele>480.0</ele>
				<time>2025-11-29T11:41:33Z</time>
				<desc><![CDATA[CommonTimeValuePoint(absoluteTime=1764416493, value=0.89285713)]]></desc>
					<extensions>
						<ns3:TrackPointExtension>
							<ns3:speed>1.1235955</ns3:speed>
							<ns3:cad>0.0</ns3:cad>
							<ns3:hr>110</ns3:hr>
						</ns3:TrackPointExtension>
					</extensions>
			</trkpt>
			<trkpt lat="47.61481" lon="12.16556">
				<ele>480.0</ele>
				<time>2025-11-29T11:41:37Z</time>
				<desc><![CDATA[CommonTimeValuePoint(absoluteTime=1764416497, value=0.877193)]]></desc>
					<extensions>
						<ns3:TrackPointExtension>
							<ns3:speed>1.1494253</ns3:speed>
							<ns3:cad>0.0</ns3:cad>
							<ns3:hr>112</ns3:hr>
						</ns3:TrackPointExtension>
					</extensions>
			</trkpt>
			<trkpt lat="47.614773" lon="12.165508">
				<ele>481.0</ele>
				<time>2025-11-29T11:41:41Z</time>
				<desc><![CDATA[CommonTimeValuePoint(absoluteTime=1764416501, value=0.8130081)]]></desc>
					<extensions>
						<ns3:TrackPointExtension>
							<ns3:speed>1.25</ns3:speed>
							<ns3:cad>0.0</ns3:cad>
							<ns3:hr>112</ns3:hr>
						</ns3:TrackPointExtension>
					</extensions>
			</trkpt>
			<trkpt lat="47.614723" lon="12.165459">
				<ele>481.0</ele>
				<time>2025-11-29T11:41:45Z</time>
				<desc><![CDATA[CommonTimeValuePoint(absoluteTime=1764416505, value=0.8)]]></desc>
					<extensions>
						<ns3:TrackPointExtension>
							<ns3:speed>1.2658228</ns3:speed>
							<ns3:cad>0.0</ns3:cad>
							<ns3:hr>112</ns3:hr>
						</ns3:TrackPointExtension>
					</extensions>
			</trkpt>
			<trkpt lat="47.614693" lon="12.165392">
				<ele>481.0</ele>
				<time>2025-11-29T11:41:50Z</time>
				<desc><![CDATA[CommonTimeValuePoint(absoluteTime=1764416510, value=0.8333333)]]></desc>
					<extensions>
						<ns3:TrackPointExtension>
							<ns3:speed>1.2195122</ns3:speed>
							<ns3:cad>0.0</ns3:cad>
							<ns3:hr>111</ns3:hr>
						</ns3:TrackPointExtension>
					</extensions>
			</trkpt>
			<trkpt lat="47.61466" lon="12.165336">
				<ele>481.0</ele>
				<time>2025-11-29T11:41:55Z</time>
				<desc><![CDATA[CommonTimeValuePoint(absoluteTime=1764416515, value=0.89285713)]]></desc>
					<extensions>
						<ns3:TrackPointExtension>
							<ns3:speed>1.1235955</ns3:speed>
							<ns3:cad>0.0</ns3:cad>
							<ns3:hr>111</ns3:hr>
						</ns3:TrackPointExtension>
					</extensions>
			</trkpt>
			<trkpt lat="47.614628" lon="12.165283">
				<ele>481.0</ele>
				<time>2025-11-29T11:42:00Z</time>
				<desc><![CDATA[CommonTimeValuePoint(absoluteTime=1764416520, value=0.9615385)]]></desc>
					<extensions>
						<ns3:TrackPointExtension>
							<ns3:speed>1.0526316</ns3:speed>
							<ns3:cad>0.0</ns3:cad>
							<ns3:hr>111</ns3:hr>
						</ns3:TrackPointExtension>
					</extensions>
			</trkpt>
			<trkpt lat="47.614605" lon="12.16522">
				<ele>481.0</ele>
				<time>2025-11-29T11:42:05Z</time>
				<desc><![CDATA[CommonTimeValuePoint(absoluteTime=1764416525, value=0.9259259)]]></desc>
					<extensions>
						<ns3:TrackPointExtension>
							<ns3:speed>1.0869565</ns3:speed>
							<ns3:cad>0.0</ns3:cad>
							<ns3:hr>109</ns3:hr>
						</ns3:TrackPointExtension>
					</extensions>
			</trkpt>
			<trkpt lat="47.61459" lon="12.165151">
				<ele>481.0</ele>
				<time>2025-11-29T11:42:11Z</time>
				<desc><![CDATA[CommonTimeValuePoint(absoluteTime=1764416531, value=0.877193)]]></desc>
					<extensions>
						<ns3:TrackPointExtension>
							<ns3:speed>1.1494253</ns3:speed>
							<ns3:cad>0.0</ns3:cad>
							<ns3:hr>109</ns3:hr>
						</ns3:TrackPointExtension>
					</extensions>
			</trkpt>
			<trkpt lat="47.614567" lon="12.165084">
				<ele>481.0</ele>
				<time>2025-11-29T11:42:17Z</time>
				<desc><![CDATA[CommonTimeValuePoint(absoluteTime=1764416537, value=0.9009009)]]></desc>
					<extensions>
						<ns3:TrackPointExtension>
							<ns3:speed>1.1111112</ns3:speed>
							<ns3:cad>0.0</ns3:cad>
							<ns3:hr>108</ns3:hr>
						</ns3:TrackPointExtension>
					</extensions>
			</trkpt>
			<trkpt lat="47.61454" lon="12.16502">
				<ele>481.0</ele>
				<time>2025-11-29T11:42:23Z</time>
				<desc><![CDATA[CommonTimeValuePoint(absoluteTime=1764416543, value=1.0309278)]]></desc>
					<extensions>
						<ns3:TrackPointExtension>
							<ns3:speed>0.98039216</ns3:speed>
							<ns3:cad>0.0</ns3:cad>
							<ns3:hr>107</ns3:hr>
						</ns3:TrackPointExtension>
					</extensions>
			</trkpt>
			<trkpt lat="47.61451" lon="12.1649685">
				<ele>481.0</ele>
				<time>2025-11-29T11:42:28Z</time>
				<desc><![CDATA[CommonTimeValuePoint(absoluteTime=1764416548, value=1.0526316)]]></desc>
					<extensions>
						<ns3:TrackPointExtension>
							<ns3:speed>0.9615385</ns3:speed>
							<ns3:cad>0.0</ns3:cad>
						</ns3:TrackPointExtension>
					</extensions>
			</trkpt>
			<trkpt lat="47.61449" lon="12.164895">
				<ele>482.0</ele>
				<time>2025-11-29T11:42:34Z</time>
				<desc><![CDATA[CommonTimeValuePoint(absoluteTime=1764416554, value=1.010101)]]></desc>
					<extensions>
						<ns3:TrackPointExtension>
							<ns3:speed>1.0</ns3:speed>
							<ns3:cad>0.0</ns3:cad>
						</ns3:TrackPointExtension>
					</extensions>
			</trkpt>
			<trkpt lat="47.61451" lon="12.164834">
				<ele>482.0</ele>
				<time>2025-11-29T11:42:39Z</time>
				<desc><![CDATA[CommonTimeValuePoint(absoluteTime=1764416559, value=1.1111112)]]></desc>
					<extensions>
						<ns3:TrackPointExtension>
							<ns3:speed>0.9090909</ns3:speed>
							<ns3:cad>0.0</ns3:cad>
						</ns3:TrackPointExtension>
					</extensions>
			</trkpt>
			<trkpt lat="47.61449" lon="12.164772">
				<ele>482.0</ele>
				<time>2025-11-29T11:42:44Z</time>
				<desc><![CDATA[CommonTimeValuePoint(absoluteTime=1764416564, value=1.098901)]]></desc>
					<extensions>
						<ns3:TrackPointExtension>
							<ns3:speed>0.9174312</ns3:speed>
							<ns3:cad>0.0</ns3:cad>
							<ns3:hr>109</ns3:hr>
						</ns3:TrackPointExtension>
					</extensions>
			</trkpt>
			<trkpt lat="47.61447" lon="12.164701">
				<ele>482.0</ele>
				<time>2025-11-29T11:42:48Z</time>
				<desc><![CDATA[CommonTimeValuePoint(absoluteTime=1764416568, value=1.0526316)]]></desc>
					<extensions>
						<ns3:TrackPointExtension>
							<ns3:speed>0.9615385</ns3:speed>
							<ns3:cad>0.0</ns3:cad>
						</ns3:TrackPointExtension>
					</extensions>
			</trkpt>
			<trkpt lat="47.61447" lon="12.16463">
				<ele>482.0</ele>
				<time>2025-11-29T11:42:52Z</time>
				<desc><![CDATA[CommonTimeValuePoint(absoluteTime=1764416572, value=1.0)]]></desc>
					<extensions>
						<ns3:TrackPointExtension>
							<ns3:speed>1.0</ns3:speed>
							<ns3:cad>0.0</ns3:cad>
						</ns3:TrackPointExtension>
					</extensions>
			</trkpt>
			<trkpt lat="47.614464" lon="12.164556">
				<ele>482.0</ele>
				<time>2025-11-29T11:42:57Z</time>
				<desc><![CDATA[CommonTimeValuePoint(absoluteTime=1764416577, value=0.9345794)]]></desc>
					<extensions>
						<ns3:TrackPointExtension>
							<ns3:speed>1.0752689</ns3:speed>
							<ns3:cad>0.0</ns3:cad>
						</ns3:TrackPointExtension>
					</extensions>
			</trkpt>
			<trkpt lat="47.614445" lon="12.164482">
				<ele>482.0</ele>
				<time>2025-11-29T11:43:02Z</time>
				<desc><![CDATA[CommonTimeValuePoint(absoluteTime=1764416582, value=1.0)]]></desc>
					<extensions>
						<ns3:TrackPointExtension>
							<ns3:speed>1.010101</ns3:speed>
							<ns3:cad>0.0</ns3:cad>
							<ns3:hr>107</ns3:hr>
						</ns3:TrackPointExtension>
					</extensions>
			</trkpt>
			<trkpt lat="47.614418" lon="12.16442">
				<ele>482.0</ele>
				<time>2025-11-29T11:43:06Z</time>
				<desc><![CDATA[CommonTimeValuePoint(absoluteTime=1764416586, value=1.0)]]></desc>
					<extensions>
						<ns3:TrackPointExtension>
							<ns3:speed>1.010101</ns3:speed>
							<ns3:cad>0.0</ns3:cad>
							<ns3:hr>108</ns3:hr>
						</ns3:TrackPointExtension>
					</extensions>
			</trkpt>
			<trkpt lat="47.614403" lon="12.164357">
				<ele>482.0</ele>
				<time>2025-11-29T11:43:10Z</time>
				<desc><![CDATA[CommonTimeValuePoint(absoluteTime=1764416590, value=0.9615385)]]></desc>
					<extensions>
						<ns3:TrackPointExtension>
							<ns3:speed>1.0526316</ns3:speed>
							<ns3:cad>0.0</ns3:cad>
						</ns3:TrackPointExtension>
					</extensions>
			</trkpt>
			<trkpt lat="47.614388" lon="12.16428">
				<ele>482.0</ele>
				<time>2025-11-29T11:43:15Z</time>
				<desc><![CDATA[CommonTimeValuePoint(absoluteTime=1764416595, value=0.9090909)]]></desc>
					<extensions>
						<ns3:TrackPointExtension>
							<ns3:speed>1.1111112</ns3:speed>
							<ns3:cad>0.0</ns3:cad>
							<ns3:hr>112</ns3:hr>
						</ns3:TrackPointExtension>
					</extensions>
			</trkpt>
			<trkpt lat="47.614388" lon="12.164208">
				<ele>482.0</ele>
				<time>2025-11-29T11:43:19Z</time>
				<desc><![CDATA[CommonTimeValuePoint(absoluteTime=1764416599, value=0.9345794)]]></desc>
					<extensions>
						<ns3:TrackPointExtension>
							<ns3:speed>1.0752689</ns3:speed>
							<ns3:cad>0.0</ns3:cad>
							<ns3:hr>109</ns3:hr>
						</ns3:TrackPointExtension>
					</extensions>
			</trkpt>
			<trkpt lat="47.614407" lon="12.164144">
				<ele>482.0</ele>
				<time>2025-11-29T11:43:23Z</time>
				<desc><![CDATA[CommonTimeValuePoint(absoluteTime=1764416603, value=0.9433963)]]></desc>
					<extensions>
						<ns3:TrackPointExtension>
							<ns3:speed>1.0638298</ns3:speed>
							<ns3:cad>0.0</ns3:cad>
							<ns3:hr>109</ns3:hr>
						</ns3:TrackPointExtension>
					</extensions>
			</trkpt>
			<trkpt lat="47.61442" lon="12.164072">
				<ele>482.0</ele>
				<time>2025-11-29T11:43:28Z</time>
				<desc><![CDATA[CommonTimeValuePoint(absoluteTime=1764416608, value=0.9345794)]]></desc>
					<extensions>
						<ns3:TrackPointExtension>
							<ns3:speed>1.0752689</ns3:speed>
							<ns3:cad>0.0</ns3:cad>
							<ns3:hr>111</ns3:hr>
						</ns3:TrackPointExtension>
					</extensions>
			</trkpt>
			<trkpt lat="47.614433" lon="12.164003">
				<ele>482.0</ele>
				<time>2025-11-29T11:43:32Z</time>
				<desc><![CDATA[CommonTimeValuePoint(absoluteTime=1764416612, value=0.97087383)]]></desc>
					<extensions>
						<ns3:TrackPointExtension>
							<ns3:speed>1.0416667</ns3:speed>
							<ns3:cad>0.0</ns3:cad>
							<ns3:hr>111</ns3:hr>
						</ns3:TrackPointExtension>
					</extensions>
			</trkpt>
			<trkpt lat="47.614426" lon="12.163937">
				<ele>482.0</ele>
				<time>2025-11-29T11:43:37Z</time>
				<desc><![CDATA[CommonTimeValuePoint(absoluteTime=1764416617, value=0.9090909)]]></desc>
					<extensions>
						<ns3:TrackPointExtension>
							<ns3:speed>1.1111112</ns3:speed>
							<ns3:cad>0.0</ns3:cad>
							<ns3:hr>113</ns3:hr>
						</ns3:TrackPointExtension>
					</extensions>
			</trkpt>
			<trkpt lat="47.614414" lon="12.163869">
				<ele>482.0</ele>
				<time>2025-11-29T11:43:41Z</time>
				<desc><![CDATA[CommonTimeValuePoint(absoluteTime=1764416621, value=0.9259259)]]></desc>
					<extensions>
						<ns3:TrackPointExtension>
							<ns3:speed>1.098901</ns3:speed>
							<ns3:cad>0.0</ns3:cad>
							<ns3:hr>112</ns3:hr>
						</ns3:TrackPointExtension>
					</extensions>
			</trkpt>
			<trkpt lat="47.614403" lon="12.163792">
				<ele>483.0</ele>
				<time>2025-11-29T11:43:46Z</time>
				<desc><![CDATA[CommonTimeValuePoint(absoluteTime=1764416626, value=1.0309278)]]></desc>
					<extensions>
						<ns3:TrackPointExtension>
							<ns3:speed>0.98039216</ns3:speed>
							<ns3:cad>0.0</ns3:cad>
							<ns3:hr>111</ns3:hr>
						</ns3:TrackPointExtension>
					</extensions>
			</trkpt>
			<trkpt lat="47.61439" lon="12.163718">
				<ele>483.0</ele>
				<time>2025-11-29T11:43:51Z</time>
				<desc><![CDATA[CommonTimeValuePoint(absoluteTime=1764416631, value=1.0752689)]]></desc>
					<extensions>
						<ns3:TrackPointExtension>
							<ns3:speed>0.9345794</ns3:speed>
							<ns3:cad>0.0</ns3:cad>
							<ns3:hr>108</ns3:hr>
						</ns3:TrackPointExtension>
					</extensions>
			</trkpt>
			<trkpt lat="47.614384" lon="12.163637">
				<ele>483.0</ele>
				<time>2025-11-29T11:43:58Z</time>
				<desc><![CDATA[CommonTimeValuePoint(absoluteTime=1764416638, value=1.1363636)]]></desc>
					<extensions>
						<ns3:TrackPointExtension>
							<ns3:speed>0.88495576</ns3:speed>
							<ns3:cad>0.0</ns3:cad>
							<ns3:hr>107</ns3:hr>
						</ns3:TrackPointExtension>
					</extensions>
			</trkpt>
			<trkpt lat="47.61436" lon="12.163566">
				<ele>483.0</ele>
				<time>2025-11-29T11:44:02Z</time>
				<desc><![CDATA[CommonTimeValuePoint(absoluteTime=1764416642, value=1.1235955)]]></desc>
					<extensions>
						<ns3:TrackPointExtension>
							<ns3:speed>0.9009009</ns3:speed>
							<ns3:cad>0.0</ns3:cad>
						</ns3:TrackPointExtension>
					</extensions>
			</trkpt>
			<trkpt lat="47.61435" lon="12.163495">
				<ele>483.0</ele>
				<time>2025-11-29T11:44:07Z</time>
				<desc><![CDATA[CommonTimeValuePoint(absoluteTime=1764416647, value=1.010101)]]></desc>
					<extensions>
						<ns3:TrackPointExtension>
							<ns3:speed>1.0</ns3:speed>
							<ns3:cad>0.0</ns3:cad>
							<ns3:hr>109</ns3:hr>
						</ns3:TrackPointExtension>
					</extensions>
			</trkpt>
			<trkpt lat="47.61433" lon="12.16343">
				<ele>483.0</ele>
				<time>2025-11-29T11:44:11Z</time>
				<desc><![CDATA[CommonTimeValuePoint(absoluteTime=1764416651, value=0.98039216)]]></desc>
					<extensions>
						<ns3:TrackPointExtension>
							<ns3:speed>1.0309278</ns3:speed>
							<ns3:cad>0.0</ns3:cad>
							<ns3:hr>110</ns3:hr>
						</ns3:TrackPointExtension>
					</extensions>
			</trkpt>
			<trkpt lat="47.61431" lon="12.163362">
				<ele>483.0</ele>
				<time>2025-11-29T11:44:16Z</time>
				<desc><![CDATA[CommonTimeValuePoint(absoluteTime=1764416656, value=1.0)]]></desc>
					<extensions>
						<ns3:TrackPointExtension>
							<ns3:speed>1.010101</ns3:speed>
							<ns3:cad>0.0</ns3:cad>
							<ns3:hr>111</ns3:hr>
						</ns3:TrackPointExtension>
					</extensions>
			</trkpt>
			<trkpt lat="47.61431" lon="12.163287">
				<ele>483.0</ele>
				<time>2025-11-29T11:44:22Z</time>
				<desc><![CDATA[CommonTimeValuePoint(absoluteTime=1764416662, value=1.098901)]]></desc>
					<extensions>
						<ns3:TrackPointExtension>
							<ns3:speed>0.9174312</ns3:speed>
							<ns3:cad>0.0</ns3:cad>
							<ns3:hr>114</ns3:hr>
						</ns3:TrackPointExtension>
					</extensions>
			</trkpt>
			<trkpt lat="47.614285" lon="12.16322">
				<ele>483.0</ele>
				<time>2025-11-29T11:44:25Z</time>
				<desc><![CDATA[CommonTimeValuePoint(absoluteTime=1764416665, value=1.0869565)]]></desc>
					<extensions>
						<ns3:TrackPointExtension>
							<ns3:speed>0.9259259</ns3:speed>
							<ns3:cad>0.0</ns3:cad>
							<ns3:hr>113</ns3:hr>
						</ns3:TrackPointExtension>
					</extensions>
			</trkpt>
			<trkpt lat="47.61425" lon="12.163165">
				<ele>483.0</ele>
				<time>2025-11-29T11:44:29Z</time>
				<desc><![CDATA[CommonTimeValuePoint(absoluteTime=1764416669, value=1.0638298)]]></desc>
					<extensions>
						<ns3:TrackPointExtension>
							<ns3:speed>0.9433963</ns3:speed>
							<ns3:cad>0.0</ns3:cad>
							<ns3:hr>116</ns3:hr>
						</ns3:TrackPointExtension>
					</extensions>
			</trkpt>
			<trkpt lat="47.614212" lon="12.163118">
				<ele>483.0</ele>
				<time>2025-11-29T11:44:33Z</time>
				<desc><![CDATA[CommonTimeValuePoint(absoluteTime=1764416673, value=1.0638298)]]></desc>
					<extensions>
						<ns3:TrackPointExtension>
							<ns3:speed>0.952381</ns3:speed>
							<ns3:cad>0.0</ns3:cad>
							<ns3:hr>117</ns3:hr>
						</ns3:TrackPointExtension>
					</extensions>
			</trkpt>
			<trkpt lat="47.61417" lon="12.163074">
				<ele>483.0</ele>
				<time>2025-11-29T11:44:38Z</time>
				<desc><![CDATA[CommonTimeValuePoint(absoluteTime=1764416678, value=1.1627907)]]></desc>
					<extensions>
						<ns3:TrackPointExtension>
							<ns3:speed>0.862069</ns3:speed>
							<ns3:cad>0.0</ns3:cad>
							<ns3:hr>114</ns3:hr>
						</ns3:TrackPointExtension>
					</extensions>
			</trkpt>
			<trkpt lat="47.614136" lon="12.16302">
				<ele>483.0</ele>
				<time>2025-11-29T11:44:43Z</time>
				<desc><![CDATA[CommonTimeValuePoint(absoluteTime=1764416683, value=1.1627907)]]></desc>
					<extensions>
						<ns3:TrackPointExtension>
							<ns3:speed>0.86956525</ns3:speed>
							<ns3:cad>0.0</ns3:cad>
							<ns3:hr>111</ns3:hr>
						</ns3:TrackPointExtension>
					</extensions>
			</trkpt>
			<trkpt lat="47.614098" lon="12.162982">
				<ele>483.0</ele>
				<time>2025-11-29T11:44:49Z</time>
				<desc><![CDATA[CommonTimeValuePoint(absoluteTime=1764416689, value=1.1111112)]]></desc>
					<extensions>
						<ns3:TrackPointExtension>
							<ns3:speed>0.9090909</ns3:speed>
							<ns3:cad>0.0</ns3:cad>
							<ns3:hr>109</ns3:hr>
						</ns3:TrackPointExtension>
					</extensions>
			</trkpt>
			<trkpt lat="47.61405" lon="12.162979">
				<ele>483.0</ele>
				<time>2025-11-29T11:44:54Z</time>
				<desc><![CDATA[CommonTimeValuePoint(absoluteTime=1764416694, value=1.1363636)]]></desc>
					<extensions>
						<ns3:TrackPointExtension>
							<ns3:speed>0.88495576</ns3:speed>
							<ns3:cad>0.0</ns3:cad>
						</ns3:TrackPointExtension>
					</extensions>
			</trkpt>
			<trkpt lat="47.614002" lon="12.162962">
				<ele>483.0</ele>
				<time>2025-11-29T11:45:01Z</time>
				<desc><![CDATA[CommonTimeValuePoint(absoluteTime=1764416701, value=1.25)]]></desc>
					<extensions>
						<ns3:TrackPointExtension>
							<ns3:speed>0.8130081</ns3:speed>
							<ns3:cad>0.0</ns3:cad>
							<ns3:hr>104</ns3:hr>
						</ns3:TrackPointExtension>
					</extensions>
			</trkpt>
			<trkpt lat="47.61398" lon="12.162899">
				<ele>485.0</ele>
				<time>2025-11-29T11:46:19Z</time>
				<desc><![CDATA[CommonTimeValuePoint(absoluteTime=1764416779, value=1.6666666)]]></desc>
					<extensions>
						<ns3:TrackPointExtension>
							<ns3:speed>0.6060606</ns3:speed>
							<ns3:cad>0.0</ns3:cad>
							<ns3:hr>82</ns3:hr>
						</ns3:TrackPointExtension>
					</extensions>
			</trkpt>
			<trkpt lat="47.613945" lon="12.16285">
				<ele>489.0</ele>
				<time>2025-11-29T11:46:29Z</time>
				<desc><![CDATA[CommonTimeValuePoint(absoluteTime=1764416789, value=1.8)]]></desc>
					<extensions>
						<ns3:TrackPointExtension>
							<ns3:speed>0.5555556</ns3:speed>
							<ns3:cad>0.0</ns3:cad>
						</ns3:TrackPointExtension>
					</extensions>
			</trkpt>
			<trkpt lat="47.613934" lon="12.162782">
				<ele>491.0</ele>
				<time>2025-11-29T11:46:38Z</time>
				<desc><![CDATA[CommonTimeValuePoint(absoluteTime=1764416798, value=1.8)]]></desc>
					<extensions>
						<ns3:TrackPointExtension>
							<ns3:speed>0.5555556</ns3:speed>
							<ns3:cad>0.0</ns3:cad>
							<ns3:hr>81</ns3:hr>
						</ns3:TrackPointExtension>
					</extensions>
			</trkpt>
			<trkpt lat="47.613926" lon="12.162712">
				<ele>492.0</ele>
				<time>2025-11-29T11:46:46Z</time>
				<desc><![CDATA[CommonTimeValuePoint(absoluteTime=1764416806, value=1.724138)]]></desc>
					<extensions>
						<ns3:TrackPointExtension>
							<ns3:speed>0.59171593</ns3:speed>
							<ns3:cad>0.0</ns3:cad>
							<ns3:hr>81</ns3:hr>
						</ns3:TrackPointExtension>
					</extensions>
			</trkpt>
			<trkpt lat="47.613888" lon="12.162663">
				<ele>493.0</ele>
				<time>2025-11-29T11:46:53Z</time>
				<desc><![CDATA[CommonTimeValuePoint(absoluteTime=1764416813, value=1.7857143)]]></desc>
					<extensions>
						<ns3:TrackPointExtension>
							<ns3:speed>0.56497175</ns3:speed>
							<ns3:cad>0.0</ns3:cad>
							<ns3:hr>81</ns3:hr>
						</ns3:TrackPointExtension>
					</extensions>
			</trkpt>
			<trkpt lat="47.613842" lon="12.162702">
				<ele>495.0</ele>
				<time>2025-11-29T11:47:02Z</time>
				<desc><![CDATA[CommonTimeValuePoint(absoluteTime=1764416822, value=1.8)]]></desc>
					<extensions>
						<ns3:TrackPointExtension>
							<ns3:speed>0.5555556</ns3:speed>
							<ns3:cad>0.0</ns3:cad>
							<ns3:hr>84</ns3:hr>
						</ns3:TrackPointExtension>
					</extensions>
			</trkpt>
			<trkpt lat="47.613834" lon="12.162772">
				<ele>496.0</ele>
				<time>2025-11-29T11:47:07Z</time>
				<desc><![CDATA[CommonTimeValuePoint(absoluteTime=1764416827, value=1.8)]]></desc>
					<extensions>
						<ns3:TrackPointExtension>
							<ns3:speed>0.5555556</ns3:speed>
							<ns3:cad>0.0</ns3:cad>
							<ns3:hr>87</ns3:hr>
						</ns3:TrackPointExtension>
					</extensions>
			</trkpt>
			<trkpt lat="47.613808" lon="12.162841">
				<ele>497.0</ele>
				<time>2025-11-29T11:47:14Z</time>
				<desc><![CDATA[CommonTimeValuePoint(absoluteTime=1764416834, value=1.6666666)]]></desc>
					<extensions>
						<ns3:TrackPointExtension>
							<ns3:speed>0.60240966</ns3:speed>
							<ns3:cad>0.0</ns3:cad>
							<ns3:hr>85</ns3:hr>
						</ns3:TrackPointExtension>
					</extensions>
			</trkpt>
			<trkpt lat="47.613815" lon="12.162907">
				<ele>497.0</ele>
				<time>2025-11-29T11:47:23Z</time>
				<desc><![CDATA[CommonTimeValuePoint(absoluteTime=1764416843, value=1.6949153)]]></desc>
					<extensions>
						<ns3:TrackPointExtension>
							<ns3:speed>0.5952381</ns3:speed>
							<ns3:cad>0.0</ns3:cad>
						</ns3:TrackPointExtension>
					</extensions>
			</trkpt>
			<trkpt lat="47.6138" lon="12.162842">
				<ele>500.0</ele>
				<time>2025-11-29T11:47:37Z</time>
				<desc><![CDATA[CommonTimeValuePoint(absoluteTime=1764416857, value=1.8)]]></desc>
					<extensions>
						<ns3:TrackPointExtension>
							<ns3:speed>0.5555556</ns3:speed>
							<ns3:cad>0.0</ns3:cad>
							<ns3:hr>84</ns3:hr>
						</ns3:TrackPointExtension>
					</extensions>
			</trkpt>
			<trkpt lat="47.613792" lon="12.162774">
				<ele>501.0</ele>
				<time>2025-11-29T11:47:45Z</time>
				<desc><![CDATA[CommonTimeValuePoint(absoluteTime=1764416865, value=1.8)]]></desc>
					<extensions>
						<ns3:TrackPointExtension>
							<ns3:speed>0.5555556</ns3:speed>
							<ns3:cad>0.0</ns3:cad>
							<ns3:hr>84</ns3:hr>
						</ns3:TrackPointExtension>
					</extensions>
			</trkpt>
			<trkpt lat="47.613766" lon="12.162714">
				<ele>502.0</ele>
				<time>2025-11-29T11:47:52Z</time>
				<desc><![CDATA[CommonTimeValuePoint(absoluteTime=1764416872, value=1.4705882)]]></desc>
					<extensions>
						<ns3:TrackPointExtension>
							<ns3:speed>0.6896551</ns3:speed>
							<ns3:cad>0.0</ns3:cad>
							<ns3:hr>88</ns3:hr>
						</ns3:TrackPointExtension>
					</extensions>
			</trkpt>
			<trkpt lat="47.61373" lon="12.162663">
				<ele>503.0</ele>
				<time>2025-11-29T11:48:00Z</time>
				<desc><![CDATA[CommonTimeValuePoint(absoluteTime=1764416880, value=1.6129032)]]></desc>
					<extensions>
						<ns3:TrackPointExtension>
							<ns3:speed>0.6329114</ns3:speed>
							<ns3:cad>0.0</ns3:cad>
							<ns3:hr>89</ns3:hr>
						</ns3:TrackPointExtension>
					</extensions>
			</trkpt>
			<trkpt lat="47.613728" lon="12.162732">
				<ele>505.0</ele>
				<time>2025-11-29T11:48:10Z</time>
				<desc><![CDATA[CommonTimeValuePoint(absoluteTime=1764416890, value=1.3888888)]]></desc>
					<extensions>
						<ns3:TrackPointExtension>
							<ns3:speed>0.7246377</ns3:speed>
							<ns3:cad>0.0</ns3:cad>
							<ns3:hr>89</ns3:hr>
						</ns3:TrackPointExtension>
					</extensions>
			</trkpt>
			<trkpt lat="47.61372" lon="12.162799">
				<ele>506.0</ele>
				<time>2025-11-29T11:48:17Z</time>
				<desc><![CDATA[CommonTimeValuePoint(absoluteTime=1764416897, value=1.4925373)]]></desc>
					<extensions>
						<ns3:TrackPointExtension>
							<ns3:speed>0.6802721</ns3:speed>
							<ns3:cad>0.0</ns3:cad>
						</ns3:TrackPointExtension>
					</extensions>
			</trkpt>
			<trkpt lat="47.613716" lon="12.162875">
				<ele>508.0</ele>
				<time>2025-11-29T11:48:25Z</time>
				<desc><![CDATA[CommonTimeValuePoint(absoluteTime=1764416905, value=1.6393442)]]></desc>
					<extensions>
						<ns3:TrackPointExtension>
							<ns3:speed>0.61728394</ns3:speed>
							<ns3:cad>0.0</ns3:cad>
							<ns3:hr>90</ns3:hr>
						</ns3:TrackPointExtension>
					</extensions>
			</trkpt>
			<trkpt lat="47.61369" lon="12.162932">
				<ele>508.0</ele>
				<time>2025-11-29T11:48:31Z</time>
				<desc><![CDATA[CommonTimeValuePoint(absoluteTime=1764416911, value=1.6666666)]]></desc>
					<extensions>
						<ns3:TrackPointExtension>
							<ns3:speed>0.6097561</ns3:speed>
							<ns3:cad>0.0</ns3:cad>
							<ns3:hr>88</ns3:hr>
						</ns3:TrackPointExtension>
					</extensions>
			</trkpt>
			<trkpt lat="47.613705" lon="12.162997">
				<ele>510.0</ele>
				<time>2025-11-29T11:48:40Z</time>
				<desc><![CDATA[CommonTimeValuePoint(absoluteTime=1764416920, value=1.8)]]></desc>
					<extensions>
						<ns3:TrackPointExtension>
							<ns3:speed>0.5555556</ns3:speed>
							<ns3:cad>0.0</ns3:cad>
							<ns3:hr>87</ns3:hr>
						</ns3:TrackPointExtension>
					</extensions>
			</trkpt>
			<trkpt lat="47.613693" lon="12.163062">
				<ele>511.0</ele>
				<time>2025-11-29T11:48:50Z</time>
				<desc><![CDATA[CommonTimeValuePoint(absoluteTime=1764416930, value=1.8)]]></desc>
					<extensions>
						<ns3:TrackPointExtension>
							<ns3:speed>0.5555556</ns3:speed>
							<ns3:cad>0.0</ns3:cad>
							<ns3:hr>91</ns3:hr>
						</ns3:TrackPointExtension>
					</extensions>
			</trkpt>
			<trkpt lat="47.613697" lon="12.163136">
				<ele>512.0</ele>
				<time>2025-11-29T11:48:58Z</time>
				<desc><![CDATA[CommonTimeValuePoint(absoluteTime=1764416938, value=1.6949153)]]></desc>
					<extensions>
						<ns3:TrackPointExtension>
							<ns3:speed>0.5952381</ns3:speed>
							<ns3:cad>0.0</ns3:cad>
							<ns3:hr>97</ns3:hr>
						</ns3:TrackPointExtension>
					</extensions>
			</trkpt>
			<trkpt lat="47.613697" lon="12.16321">
				<ele>514.0</ele>
				<time>2025-11-29T11:49:04Z</time>
				<desc><![CDATA[CommonTimeValuePoint(absoluteTime=1764416944, value=1.0752689)]]></desc>
					<extensions>
						<ns3:TrackPointExtension>
							<ns3:speed>0.9433963</ns3:speed>
							<ns3:cad>0.0</ns3:cad>
							<ns3:hr>97</ns3:hr>
						</ns3:TrackPointExtension>
					</extensions>
			</trkpt>
			<trkpt lat="47.613712" lon="12.163274">
				<ele>514.0</ele>
				<time>2025-11-29T11:49:10Z</time>
				<desc><![CDATA[CommonTimeValuePoint(absoluteTime=1764416950, value=0.9345794)]]></desc>
					<extensions>
						<ns3:TrackPointExtension>
							<ns3:speed>1.0869565</ns3:speed>
							<ns3:cad>0.0</ns3:cad>
							<ns3:hr>110</ns3:hr>
						</ns3:TrackPointExtension>
					</extensions>
			</trkpt>
			<trkpt lat="47.613735" lon="12.163337">
				<ele>515.0</ele>
				<time>2025-11-29T11:49:18Z</time>
				<desc><![CDATA[CommonTimeValuePoint(absoluteTime=1764416958, value=1.5384616)]]></desc>
					<extensions>
						<ns3:TrackPointExtension>
							<ns3:speed>0.65789473</ns3:speed>
							<ns3:cad>0.0</ns3:cad>
							<ns3:hr>113</ns3:hr>
						</ns3:TrackPointExtension>
					</extensions>
			</trkpt>
			<trkpt lat="47.61373" lon="12.163412">
				<ele>516.0</ele>
				<time>2025-11-29T11:49:23Z</time>
				<desc><![CDATA[CommonTimeValuePoint(absoluteTime=1764416963, value=1.1904762)]]></desc>
					<extensions>
						<ns3:TrackPointExtension>
							<ns3:speed>0.84745765</ns3:speed>
							<ns3:cad>0.0</ns3:cad>
							<ns3:hr>113</ns3:hr>
						</ns3:TrackPointExtension>
					</extensions>
			</trkpt>
			<trkpt lat="47.61373" lon="12.163479">
				<ele>517.0</ele>
				<time>2025-11-29T11:49:29Z</time>
				<desc><![CDATA[CommonTimeValuePoint(absoluteTime=1764416969, value=1.2195122)]]></desc>
					<extensions>
						<ns3:TrackPointExtension>
							<ns3:speed>0.8333333</ns3:speed>
							<ns3:cad>0.0</ns3:cad>
							<ns3:hr>112</ns3:hr>
						</ns3:TrackPointExtension>
					</extensions>
			</trkpt>
			<trkpt lat="47.613724" lon="12.163552">
				<ele>517.0</ele>
				<time>2025-11-29T11:49:37Z</time>
				<desc><![CDATA[CommonTimeValuePoint(absoluteTime=1764416977, value=1.369863)]]></desc>
					<extensions>
						<ns3:TrackPointExtension>
							<ns3:speed>0.7352941</ns3:speed>
							<ns3:cad>0.0</ns3:cad>
							<ns3:hr>107</ns3:hr>
						</ns3:TrackPointExtension>
					</extensions>
			</trkpt>
			<trkpt lat="47.613686" lon="12.163593">
				<ele>517.0</ele>
				<time>2025-11-29T11:49:43Z</time>
				<desc><![CDATA[CommonTimeValuePoint(absoluteTime=1764416983, value=1.2987013)]]></desc>
					<extensions>
						<ns3:TrackPointExtension>
							<ns3:speed>0.78125</ns3:speed>
							<ns3:cad>0.0</ns3:cad>
							<ns3:hr>105</ns3:hr>
						</ns3:TrackPointExtension>
					</extensions>
			</trkpt>
			<trkpt lat="47.61364" lon="12.163627">
				<ele>518.0</ele>
				<time>2025-11-29T11:49:49Z</time>
				<desc><![CDATA[CommonTimeValuePoint(absoluteTime=1764416989, value=1.25)]]></desc>
					<extensions>
						<ns3:TrackPointExtension>
							<ns3:speed>0.8130081</ns3:speed>
							<ns3:cad>0.0</ns3:cad>
							<ns3:hr>101</ns3:hr>
						</ns3:TrackPointExtension>
					</extensions>
			</trkpt>
			<trkpt lat="47.6136" lon="12.163667">
				<ele>518.0</ele>
				<time>2025-11-29T11:49:56Z</time>
				<desc><![CDATA[CommonTimeValuePoint(absoluteTime=1764416996, value=1.2195122)]]></desc>
					<extensions>
						<ns3:TrackPointExtension>
							<ns3:speed>0.8333333</ns3:speed>
							<ns3:cad>0.0</ns3:cad>
							<ns3:hr>102</ns3:hr>
						</ns3:TrackPointExtension>
					</extensions>
			</trkpt>
			<trkpt lat="47.613552" lon="12.163664">
				<ele>518.0</ele>
				<time>2025-11-29T11:50:02Z</time>
				<desc><![CDATA[CommonTimeValuePoint(absoluteTime=1764417002, value=1.2345679)]]></desc>
					<extensions>
						<ns3:TrackPointExtension>
							<ns3:speed>0.8196721</ns3:speed>
							<ns3:cad>0.0</ns3:cad>
							<ns3:hr>100</ns3:hr>
						</ns3:TrackPointExtension>
					</extensions>
			</trkpt>
			<trkpt lat="47.613506" lon="12.1636505">
				<ele>519.0</ele>
				<time>2025-11-29T11:50:08Z</time>
				<desc><![CDATA[CommonTimeValuePoint(absoluteTime=1764417008, value=1.098901)]]></desc>
					<extensions>
						<ns3:TrackPointExtension>
							<ns3:speed>0.9174312</ns3:speed>
							<ns3:cad>0.0</ns3:cad>
							<ns3:hr>101</ns3:hr>
						</ns3:TrackPointExtension>
					</extensions>
			</trkpt>
			<trkpt lat="47.613457" lon="12.163642">
				<ele>519.0</ele>
				<time>2025-11-29T11:50:13Z</time>
				<desc><![CDATA[CommonTimeValuePoint(absoluteTime=1764417013, value=0.990099)]]></desc>
					<extensions>
						<ns3:TrackPointExtension>
							<ns3:speed>1.0204082</ns3:speed>
							<ns3:cad>0.0</ns3:cad>
							<ns3:hr>101</ns3:hr>
						</ns3:TrackPointExtension>
					</extensions>
			</trkpt>
			<trkpt lat="47.613407" lon="12.163629">
				<ele>519.0</ele>
				<time>2025-11-29T11:50:20Z</time>
				<desc><![CDATA[CommonTimeValuePoint(absoluteTime=1764417020, value=1.098901)]]></desc>
					<extensions>
						<ns3:TrackPointExtension>
							<ns3:speed>0.9174312</ns3:speed>
							<ns3:cad>0.0</ns3:cad>
							<ns3:hr>100</ns3:hr>
						</ns3:TrackPointExtension>
					</extensions>
			</trkpt>
			<trkpt lat="47.613365" lon="12.163584">
				<ele>519.0</ele>
				<time>2025-11-29T11:50:26Z</time>
				<desc><![CDATA[CommonTimeValuePoint(absoluteTime=1764417026, value=1.1111112)]]></desc>
					<extensions>
						<ns3:TrackPointExtension>
							<ns3:speed>0.9090909</ns3:speed>
							<ns3:cad>0.0</ns3:cad>
							<ns3:hr>100</ns3:hr>
						</ns3:TrackPointExtension>
					</extensions>
			</trkpt>
			<trkpt lat="47.613316" lon="12.163546">
				<ele>520.0</ele>
				<time>2025-11-29T11:50:34Z</time>
				<desc><![CDATA[CommonTimeValuePoint(absoluteTime=1764417034, value=1.2987013)]]></desc>
					<extensions>
						<ns3:TrackPointExtension>
							<ns3:speed>0.7751938</ns3:speed>
							<ns3:cad>0.0</ns3:cad>
							<ns3:hr>99</ns3:hr>
						</ns3:TrackPointExtension>
					</extensions>
			</trkpt>
			<trkpt lat="47.61327" lon="12.163537">
				<ele>520.0</ele>
				<time>2025-11-29T11:50:41Z</time>
				<desc><![CDATA[CommonTimeValuePoint(absoluteTime=1764417041, value=1.8)]]></desc>
					<extensions>
						<ns3:TrackPointExtension>
							<ns3:speed>0.5555556</ns3:speed>
							<ns3:cad>0.0</ns3:cad>
							<ns3:hr>98</ns3:hr>
						</ns3:TrackPointExtension>
					</extensions>
			</trkpt>
			<trkpt lat="47.61322" lon="12.163539">
				<ele>520.0</ele>
				<time>2025-11-29T11:50:48Z</time>
				<desc><![CDATA[CommonTimeValuePoint(absoluteTime=1764417048, value=1.754386)]]></desc>
					<extensions>
						<ns3:TrackPointExtension>
							<ns3:speed>0.57471263</ns3:speed>
							<ns3:cad>0.0</ns3:cad>
							<ns3:hr>98</ns3:hr>
						</ns3:TrackPointExtension>
					</extensions>
			</trkpt>
			<trkpt lat="47.61319" lon="12.163595">
				<ele>520.0</ele>
				<time>2025-11-29T11:50:54Z</time>
				<desc><![CDATA[CommonTimeValuePoint(absoluteTime=1764417054, value=1.1235955)]]></desc>
					<extensions>
						<ns3:TrackPointExtension>
							<ns3:speed>0.9009009</ns3:speed>
							<ns3:cad>0.0</ns3:cad>
						</ns3:TrackPointExtension>
					</extensions>
			</trkpt>
			<trkpt lat="47.613125" lon="12.163527">
				<ele>520.0</ele>
				<time>2025-11-29T11:52:27Z</time>
				<desc><![CDATA[CommonTimeValuePoint(absoluteTime=1764417147, value=1.8)]]></desc>
					<extensions>
						<ns3:TrackPointExtension>
							<ns3:speed>0.5555556</ns3:speed>
							<ns3:cad>0.0</ns3:cad>
							<ns3:hr>87</ns3:hr>
						</ns3:TrackPointExtension>
					</extensions>
			</trkpt>
			<trkpt lat="47.613197" lon="12.163507">
				<ele>520.0</ele>
				<time>2025-11-29T11:54:23Z</time>
				<desc><![CDATA[CommonTimeValuePoint(absoluteTime=1764417263, value=1.8)]]></desc>
					<extensions>
						<ns3:TrackPointExtension>
							<ns3:speed>0.5555556</ns3:speed>
							<ns3:cad>0.0</ns3:cad>
							<ns3:hr>78</ns3:hr>
						</ns3:TrackPointExtension>
					</extensions>
			</trkpt>
			<trkpt lat="47.613167" lon="12.163457">
				<ele>520.0</ele>
				<time>2025-11-29T11:54:29Z</time>
				<desc><![CDATA[CommonTimeValuePoint(absoluteTime=1764417269, value=1.3157895)]]></desc>
					<extensions>
						<ns3:TrackPointExtension>
							<ns3:speed>0.7692308</ns3:speed>
							<ns3:cad>0.0</ns3:cad>
							<ns3:hr>86</ns3:hr>
						</ns3:TrackPointExtension>
					</extensions>
			</trkpt>
			<trkpt lat="47.613125" lon="12.163397">
				<ele>520.0</ele>
				<time>2025-11-29T11:54:34Z</time>
				<desc><![CDATA[CommonTimeValuePoint(absoluteTime=1764417274, value=1.1764705)]]></desc>
					<extensions>
						<ns3:TrackPointExtension>
							<ns3:speed>0.85470086</ns3:speed>
							<ns3:cad>0.0</ns3:cad>
							<ns3:hr>90</ns3:hr>
						</ns3:TrackPointExtension>
					</extensions>
			</trkpt>
			<trkpt lat="47.6131" lon="12.163339">
				<ele>520.0</ele>
				<time>2025-11-29T11:54:39Z</time>
				<desc><![CDATA[CommonTimeValuePoint(absoluteTime=1764417279, value=1.1111112)]]></desc>
					<extensions>
						<ns3:TrackPointExtension>
							<ns3:speed>0.9090909</ns3:speed>
							<ns3:cad>0.0</ns3:cad>
							<ns3:hr>96</ns3:hr>
						</ns3:TrackPointExtension>
					</extensions>
			</trkpt>
			<trkpt lat="47.61307" lon="12.163267">
				<ele>520.0</ele>
				<time>2025-11-29T11:54:44Z</time>
				<desc><![CDATA[CommonTimeValuePoint(absoluteTime=1764417284, value=1.098901)]]></desc>
					<extensions>
						<ns3:TrackPointExtension>
							<ns3:speed>0.9174312</ns3:speed>
							<ns3:cad>0.0</ns3:cad>
							<ns3:hr>94</ns3:hr>
						</ns3:TrackPointExtension>
					</extensions>
			</trkpt>
			<trkpt lat="47.613026" lon="12.163222">
				<ele>520.0</ele>
				<time>2025-11-29T11:54:48Z</time>
				<desc><![CDATA[CommonTimeValuePoint(absoluteTime=1764417288, value=1.098901)]]></desc>
					<extensions>
						<ns3:TrackPointExtension>
							<ns3:speed>0.9174312</ns3:speed>
							<ns3:cad>0.0</ns3:cad>
							<ns3:hr>95</ns3:hr>
						</ns3:TrackPointExtension>
					</extensions>
			</trkpt>
			<trkpt lat="47.612995" lon="12.163167">
				<ele>520.0</ele>
				<time>2025-11-29T11:54:52Z</time>
				<desc><![CDATA[CommonTimeValuePoint(absoluteTime=1764417292, value=1.0638298)]]></desc>
					<extensions>
						<ns3:TrackPointExtension>
							<ns3:speed>0.952381</ns3:speed>
							<ns3:cad>0.0</ns3:cad>
							<ns3:hr>91</ns3:hr>
						</ns3:TrackPointExtension>
					</extensions>
			</trkpt>
			<trkpt lat="47.612957" lon="12.163122">
				<ele>522.0</ele>
				<time>2025-11-29T11:54:56Z</time>
				<desc><![CDATA[CommonTimeValuePoint(absoluteTime=1764417296, value=1.0526316)]]></desc>
					<extensions>
						<ns3:TrackPointExtension>
							<ns3:speed>0.952381</ns3:speed>
							<ns3:cad>0.0</ns3:cad>
							<ns3:hr>91</ns3:hr>
						</ns3:TrackPointExtension>
					</extensions>
			</trkpt>
			<trkpt lat="47.61292" lon="12.163074">
				<ele>522.0</ele>
				<time>2025-11-29T11:55:00Z</time>
				<desc><![CDATA[CommonTimeValuePoint(absoluteTime=1764417300, value=1.0204082)]]></desc>
					<extensions>
						<ns3:TrackPointExtension>
							<ns3:speed>0.990099</ns3:speed>
							<ns3:cad>0.0</ns3:cad>
							<ns3:hr>90</ns3:hr>
						</ns3:TrackPointExtension>
					</extensions>
			</trkpt>
			<trkpt lat="47.612873" lon="12.1630335">
				<ele>522.0</ele>
				<time>2025-11-29T11:55:05Z</time>
				<desc><![CDATA[CommonTimeValuePoint(absoluteTime=1764417305, value=1.1111112)]]></desc>
					<extensions>
						<ns3:TrackPointExtension>
							<ns3:speed>0.9090909</ns3:speed>
							<ns3:cad>0.0</ns3:cad>
							<ns3:hr>98</ns3:hr>
						</ns3:TrackPointExtension>
					</extensions>
			</trkpt>
			<trkpt lat="47.612835" lon="12.162979">
				<ele>522.0</ele>
				<time>2025-11-29T11:55:11Z</time>
				<desc><![CDATA[CommonTimeValuePoint(absoluteTime=1764417311, value=1.1904762)]]></desc>
					<extensions>
						<ns3:TrackPointExtension>
							<ns3:speed>0.8403361</ns3:speed>
							<ns3:cad>0.0</ns3:cad>
							<ns3:hr>101</ns3:hr>
						</ns3:TrackPointExtension>
					</extensions>
			</trkpt>
			<trkpt lat="47.612804" lon="12.162926">
				<ele>522.0</ele>
				<time>2025-11-29T11:55:15Z</time>
				<desc><![CDATA[CommonTimeValuePoint(absoluteTime=1764417315, value=1.5625)]]></desc>
					<extensions>
						<ns3:TrackPointExtension>
							<ns3:speed>0.64516133</ns3:speed>
							<ns3:cad>0.0</ns3:cad>
						</ns3:TrackPointExtension>
					</extensions>
			</trkpt>
			<trkpt lat="47.61276" lon="12.162873">
				<ele>522.0</ele>
				<time>2025-11-29T11:55:20Z</time>
				<desc><![CDATA[CommonTimeValuePoint(absoluteTime=1764417320, value=1.4285715)]]></desc>
					<extensions>
						<ns3:TrackPointExtension>
							<ns3:speed>0.70422536</ns3:speed>
							<ns3:cad>0.0</ns3:cad>
							<ns3:hr>99</ns3:hr>
						</ns3:TrackPointExtension>
					</extensions>
			</trkpt>
			<trkpt lat="47.612717" lon="12.162828">
				<ele>522.0</ele>
				<time>2025-11-29T11:55:24Z</time>
				<desc><![CDATA[CommonTimeValuePoint(absoluteTime=1764417324, value=1.3888888)]]></desc>
					<extensions>
						<ns3:TrackPointExtension>
							<ns3:speed>0.729927</ns3:speed>
							<ns3:cad>0.0</ns3:cad>
							<ns3:hr>98</ns3:hr>
						</ns3:TrackPointExtension>
					</extensions>
			</trkpt>
			<trkpt lat="47.612675" lon="12.162777">
				<ele>522.0</ele>
				<time>2025-11-29T11:55:28Z</time>
				<desc><![CDATA[CommonTimeValuePoint(absoluteTime=1764417328, value=1.1904762)]]></desc>
					<extensions>
						<ns3:TrackPointExtension>
							<ns3:speed>0.84745765</ns3:speed>
							<ns3:cad>0.0</ns3:cad>
							<ns3:hr>97</ns3:hr>
						</ns3:TrackPointExtension>
					</extensions>
			</trkpt>
			<trkpt lat="47.61265" lon="12.162712">
				<ele>522.0</ele>
				<time>2025-11-29T11:55:33Z</time>
				<desc><![CDATA[CommonTimeValuePoint(absoluteTime=1764417333, value=1.1494253)]]></desc>
					<extensions>
						<ns3:TrackPointExtension>
							<ns3:speed>0.88495576</ns3:speed>
							<ns3:cad>0.0</ns3:cad>
							<ns3:hr>97</ns3:hr>
						</ns3:TrackPointExtension>
					</extensions>
			</trkpt>
			<trkpt lat="47.612625" lon="12.162639">
				<ele>522.0</ele>
				<time>2025-11-29T11:55:38Z</time>
				<desc><![CDATA[CommonTimeValuePoint(absoluteTime=1764417338, value=1.1494253)]]></desc>
					<extensions>
						<ns3:TrackPointExtension>
							<ns3:speed>0.877193</ns3:speed>
							<ns3:cad>0.0</ns3:cad>
							<ns3:hr>95</ns3:hr>
						</ns3:TrackPointExtension>
					</extensions>
			</trkpt>
			<trkpt lat="47.612614" lon="12.162569">
				<ele>522.0</ele>
				<time>2025-11-29T11:55:43Z</time>
				<desc><![CDATA[CommonTimeValuePoint(absoluteTime=1764417343, value=1.25)]]></desc>
					<extensions>
						<ns3:TrackPointExtension>
							<ns3:speed>0.8064516</ns3:speed>
							<ns3:cad>0.0</ns3:cad>
							<ns3:hr>94</ns3:hr>
						</ns3:TrackPointExtension>
					</extensions>
			</trkpt>
			<trkpt lat="47.612625" lon="12.162498">
				<ele>522.0</ele>
				<time>2025-11-29T11:55:49Z</time>
				<desc><![CDATA[CommonTimeValuePoint(absoluteTime=1764417349, value=1.3157895)]]></desc>
					<extensions>
						<ns3:TrackPointExtension>
							<ns3:speed>0.76335883</ns3:speed>
							<ns3:cad>0.0</ns3:cad>
						</ns3:TrackPointExtension>
					</extensions>
			</trkpt>
			<trkpt lat="47.612644" lon="12.162422">
				<ele>522.0</ele>
				<time>2025-11-29T11:55:54Z</time>
				<desc><![CDATA[CommonTimeValuePoint(absoluteTime=1764417354, value=1.2820513)]]></desc>
					<extensions>
						<ns3:TrackPointExtension>
							<ns3:speed>0.78740156</ns3:speed>
							<ns3:cad>0.0</ns3:cad>
							<ns3:hr>93</ns3:hr>
						</ns3:TrackPointExtension>
					</extensions>
			</trkpt>
			<trkpt lat="47.61265" lon="12.162349">
				<ele>521.0</ele>
				<time>2025-11-29T11:55:59Z</time>
				<desc><![CDATA[CommonTimeValuePoint(absoluteTime=1764417359, value=1.1904762)]]></desc>
					<extensions>
						<ns3:TrackPointExtension>
							<ns3:speed>0.84745765</ns3:speed>
							<ns3:cad>0.0</ns3:cad>
							<ns3:hr>93</ns3:hr>
						</ns3:TrackPointExtension>
					</extensions>
			</trkpt>
			<trkpt lat="47.612648" lon="12.162277">
				<ele>521.0</ele>
				<time>2025-11-29T11:56:03Z</time>
				<desc><![CDATA[CommonTimeValuePoint(absoluteTime=1764417363, value=1.25)]]></desc>
					<extensions>
						<ns3:TrackPointExtension>
							<ns3:speed>0.8064516</ns3:speed>
							<ns3:cad>0.0</ns3:cad>
							<ns3:hr>91</ns3:hr>
						</ns3:TrackPointExtension>
					</extensions>
			</trkpt>
			<trkpt lat="47.612637" lon="12.162207">
				<ele>521.0</ele>
				<time>2025-11-29T11:56:08Z</time>
				<desc><![CDATA[CommonTimeValuePoint(absoluteTime=1764417368, value=1.4285715)]]></desc>
					<extensions>
						<ns3:TrackPointExtension>
							<ns3:speed>0.7092199</ns3:speed>
							<ns3:cad>0.0</ns3:cad>
							<ns3:hr>91</ns3:hr>
						</ns3:TrackPointExtension>
					</extensions>
			</trkpt>
			<trkpt lat="47.61262" lon="12.162124">
				<ele>521.0</ele>
				<time>2025-11-29T11:56:13Z</time>
				<desc><![CDATA[CommonTimeValuePoint(absoluteTime=1764417373, value=1.5384616)]]></desc>
					<extensions>
						<ns3:TrackPointExtension>
							<ns3:speed>0.66225165</ns3:speed>
							<ns3:cad>0.0</ns3:cad>
							<ns3:hr>91</ns3:hr>
						</ns3:TrackPointExtension>
					</extensions>
			</trkpt>
			<trkpt lat="47.61261" lon="12.162059">
				<ele>521.0</ele>
				<time>2025-11-29T11:56:18Z</time>
				<desc><![CDATA[CommonTimeValuePoint(absoluteTime=1764417378, value=1.4705882)]]></desc>
					<extensions>
						<ns3:TrackPointExtension>
							<ns3:speed>0.6896551</ns3:speed>
							<ns3:cad>0.0</ns3:cad>
						</ns3:TrackPointExtension>
					</extensions>
			</trkpt>
			<trkpt lat="47.6126" lon="12.161985">
				<ele>521.0</ele>
				<time>2025-11-29T11:56:22Z</time>
				<desc><![CDATA[CommonTimeValuePoint(absoluteTime=1764417382, value=1.1904762)]]></desc>
					<extensions>
						<ns3:TrackPointExtension>
							<ns3:speed>0.85470086</ns3:speed>
							<ns3:cad>0.0</ns3:cad>
							<ns3:hr>94</ns3:hr>
						</ns3:TrackPointExtension>
					</extensions>
			</trkpt>
			<trkpt lat="47.61256" lon="12.161925">
				<ele>521.0</ele>
				<time>2025-11-29T11:56:27Z</time>
				<desc><![CDATA[CommonTimeValuePoint(absoluteTime=1764417387, value=1.2195122)]]></desc>
					<extensions>
						<ns3:TrackPointExtension>
							<ns3:speed>0.82644624</ns3:speed>
							<ns3:cad>0.0</ns3:cad>
							<ns3:hr>94</ns3:hr>
						</ns3:TrackPointExtension>
					</extensions>
			</trkpt>
			<trkpt lat="47.61253" lon="12.161876">
				<ele>521.0</ele>
				<time>2025-11-29T11:56:31Z</time>
				<desc><![CDATA[CommonTimeValuePoint(absoluteTime=1764417391, value=1.2987013)]]></desc>
					<extensions>
						<ns3:TrackPointExtension>
							<ns3:speed>0.7751938</ns3:speed>
							<ns3:cad>0.0</ns3:cad>
							<ns3:hr>93</ns3:hr>
						</ns3:TrackPointExtension>
					</extensions>
			</trkpt>
			<trkpt lat="47.612503" lon="12.161818">
				<ele>521.0</ele>
				<time>2025-11-29T11:56:35Z</time>
				<desc><![CDATA[CommonTimeValuePoint(absoluteTime=1764417395, value=1.3333334)]]></desc>
					<extensions>
						<ns3:TrackPointExtension>
							<ns3:speed>0.76335883</ns3:speed>
							<ns3:cad>0.0</ns3:cad>
							<ns3:hr>92</ns3:hr>
						</ns3:TrackPointExtension>
					</extensions>
			</trkpt>
			<trkpt lat="47.612476" lon="12.161749">
				<ele>521.0</ele>
				<time>2025-11-29T11:56:41Z</time>
				<desc><![CDATA[CommonTimeValuePoint(absoluteTime=1764417401, value=1.4084507)]]></desc>
					<extensions>
						<ns3:TrackPointExtension>
							<ns3:speed>0.71428573</ns3:speed>
							<ns3:cad>0.0</ns3:cad>
						</ns3:TrackPointExtension>
					</extensions>
			</trkpt>
			<trkpt lat="47.61246" lon="12.16168">
				<ele>521.0</ele>
				<time>2025-11-29T11:56:45Z</time>
				<desc><![CDATA[CommonTimeValuePoint(absoluteTime=1764417405, value=1.1494253)]]></desc>
					<extensions>
						<ns3:TrackPointExtension>
							<ns3:speed>0.88495576</ns3:speed>
							<ns3:cad>0.0</ns3:cad>
							<ns3:hr>91</ns3:hr>
						</ns3:TrackPointExtension>
					</extensions>
			</trkpt>
			<trkpt lat="47.61243" lon="12.161619">
				<ele>521.0</ele>
				<time>2025-11-29T11:56:49Z</time>
				<desc><![CDATA[CommonTimeValuePoint(absoluteTime=1764417409, value=1.0309278)]]></desc>
					<extensions>
						<ns3:TrackPointExtension>
							<ns3:speed>0.98039216</ns3:speed>
							<ns3:cad>0.0</ns3:cad>
						</ns3:TrackPointExtension>
					</extensions>
			</trkpt>
			<trkpt lat="47.6124" lon="12.16156">
				<ele>521.0</ele>
				<time>2025-11-29T11:56:53Z</time>
				<desc><![CDATA[CommonTimeValuePoint(absoluteTime=1764417413, value=1.0526316)]]></desc>
					<extensions>
						<ns3:TrackPointExtension>
							<ns3:speed>0.9615385</ns3:speed>
							<ns3:cad>0.0</ns3:cad>
							<ns3:hr>91</ns3:hr>
						</ns3:TrackPointExtension>
					</extensions>
			</trkpt>
			<trkpt lat="47.61237" lon="12.16151">
				<ele>521.0</ele>
				<time>2025-11-29T11:56:57Z</time>
				<desc><![CDATA[CommonTimeValuePoint(absoluteTime=1764417417, value=1.5625)]]></desc>
					<extensions>
						<ns3:TrackPointExtension>
							<ns3:speed>0.64935064</ns3:speed>
							<ns3:cad>0.0</ns3:cad>
							<ns3:hr>91</ns3:hr>
						</ns3:TrackPointExtension>
					</extensions>
			</trkpt>
			<trkpt lat="47.61232" lon="12.161486">
				<ele>521.0</ele>
				<time>2025-11-29T11:57:01Z</time>
				<desc><![CDATA[CommonTimeValuePoint(absoluteTime=1764417421, value=1.4705882)]]></desc>
					<extensions>
						<ns3:TrackPointExtension>
							<ns3:speed>0.6849315</ns3:speed>
							<ns3:cad>0.0</ns3:cad>
							<ns3:hr>92</ns3:hr>
						</ns3:TrackPointExtension>
					</extensions>
			</trkpt>
			<trkpt lat="47.612267" lon="12.161482">
				<ele>521.0</ele>
				<time>2025-11-29T11:57:07Z</time>
				<desc><![CDATA[CommonTimeValuePoint(absoluteTime=1764417427, value=1.2987013)]]></desc>
					<extensions>
						<ns3:TrackPointExtension>
							<ns3:speed>0.7751938</ns3:speed>
							<ns3:cad>0.0</ns3:cad>
							<ns3:hr>93</ns3:hr>
						</ns3:TrackPointExtension>
					</extensions>
			</trkpt>
			<trkpt lat="47.612225" lon="12.161472">
				<ele>521.0</ele>
				<time>2025-11-29T11:57:10Z</time>
				<desc><![CDATA[CommonTimeValuePoint(absoluteTime=1764417430, value=1.2048193)]]></desc>
					<extensions>
						<ns3:TrackPointExtension>
							<ns3:speed>0.8333333</ns3:speed>
							<ns3:cad>0.0</ns3:cad>
							<ns3:hr>94</ns3:hr>
						</ns3:TrackPointExtension>
					</extensions>
			</trkpt>
			<trkpt lat="47.61218" lon="12.161457">
				<ele>521.0</ele>
				<time>2025-11-29T11:57:14Z</time>
				<desc><![CDATA[CommonTimeValuePoint(absoluteTime=1764417434, value=1.1904762)]]></desc>
					<extensions>
						<ns3:TrackPointExtension>
							<ns3:speed>0.84745765</ns3:speed>
							<ns3:cad>0.0</ns3:cad>
							<ns3:hr>94</ns3:hr>
						</ns3:TrackPointExtension>
					</extensions>
			</trkpt>
			<trkpt lat="47.61212" lon="12.161442">
				<ele>521.0</ele>
				<time>2025-11-29T11:57:18Z</time>
				<desc><![CDATA[CommonTimeValuePoint(absoluteTime=1764417438, value=1.1494253)]]></desc>
					<extensions>
						<ns3:TrackPointExtension>
							<ns3:speed>0.877193</ns3:speed>
							<ns3:cad>0.0</ns3:cad>
							<ns3:hr>94</ns3:hr>
						</ns3:TrackPointExtension>
					</extensions>
			</trkpt>
			<trkpt lat="47.612072" lon="12.161432">
				<ele>521.0</ele>
				<time>2025-11-29T11:57:22Z</time>
				<desc><![CDATA[CommonTimeValuePoint(absoluteTime=1764417442, value=1.1111112)]]></desc>
					<extensions>
						<ns3:TrackPointExtension>
							<ns3:speed>0.9090909</ns3:speed>
							<ns3:cad>0.0</ns3:cad>
							<ns3:hr>96</ns3:hr>
						</ns3:TrackPointExtension>
					</extensions>
			</trkpt>
			<trkpt lat="47.612022" lon="12.161412">
				<ele>521.0</ele>
				<time>2025-11-29T11:57:26Z</time>
				<desc><![CDATA[CommonTimeValuePoint(absoluteTime=1764417446, value=1.0638298)]]></desc>
					<extensions>
						<ns3:TrackPointExtension>
							<ns3:speed>0.9433963</ns3:speed>
							<ns3:cad>0.0</ns3:cad>
							<ns3:hr>96</ns3:hr>
						</ns3:TrackPointExtension>
					</extensions>
			</trkpt>
			<trkpt lat="47.611977" lon="12.161369">
				<ele>521.0</ele>
				<time>2025-11-29T11:57:31Z</time>
				<desc><![CDATA[CommonTimeValuePoint(absoluteTime=1764417451, value=1.0416667)]]></desc>
					<extensions>
						<ns3:TrackPointExtension>
							<ns3:speed>0.9615385</ns3:speed>
							<ns3:cad>0.0</ns3:cad>
							<ns3:hr>95</ns3:hr>
						</ns3:TrackPointExtension>
					</extensions>
			</trkpt>
			<trkpt lat="47.611954" lon="12.161303">
				<ele>521.0</ele>
				<time>2025-11-29T11:57:34Z</time>
				<desc><![CDATA[CommonTimeValuePoint(absoluteTime=1764417454, value=1.0309278)]]></desc>
					<extensions>
						<ns3:TrackPointExtension>
							<ns3:speed>0.98039216</ns3:speed>
							<ns3:cad>0.0</ns3:cad>
						</ns3:TrackPointExtension>
					</extensions>
			</trkpt>
			<trkpt lat="47.611927" lon="12.161237">
				<ele>521.0</ele>
				<time>2025-11-29T11:57:38Z</time>
				<desc><![CDATA[CommonTimeValuePoint(absoluteTime=1764417458, value=1.0204082)]]></desc>
					<extensions>
						<ns3:TrackPointExtension>
							<ns3:speed>0.990099</ns3:speed>
							<ns3:cad>0.0</ns3:cad>
							<ns3:hr>95</ns3:hr>
						</ns3:TrackPointExtension>
					</extensions>
			</trkpt>
			<trkpt lat="47.61192" lon="12.161164">
				<ele>521.0</ele>
				<time>2025-11-29T11:57:42Z</time>
				<desc><![CDATA[CommonTimeValuePoint(absoluteTime=1764417462, value=0.97087383)]]></desc>
					<extensions>
						<ns3:TrackPointExtension>
							<ns3:speed>1.0416667</ns3:speed>
							<ns3:cad>0.0</ns3:cad>
						</ns3:TrackPointExtension>
					</extensions>
			</trkpt>
			<trkpt lat="47.611923" lon="12.161089">
				<ele>521.0</ele>
				<time>2025-11-29T11:57:47Z</time>
				<desc><![CDATA[CommonTimeValuePoint(absoluteTime=1764417467, value=1.0)]]></desc>
					<extensions>
						<ns3:TrackPointExtension>
							<ns3:speed>1.010101</ns3:speed>
							<ns3:cad>0.0</ns3:cad>
						</ns3:TrackPointExtension>
					</extensions>
			</trkpt>
			<trkpt lat="47.61192" lon="12.161022">
				<ele>521.0</ele>
				<time>2025-11-29T11:57:52Z</time>
				<desc><![CDATA[CommonTimeValuePoint(absoluteTime=1764417472, value=1.0638298)]]></desc>
					<extensions>
						<ns3:TrackPointExtension>
							<ns3:speed>0.952381</ns3:speed>
							<ns3:cad>0.0</ns3:cad>
							<ns3:hr>95</ns3:hr>
						</ns3:TrackPointExtension>
					</extensions>
			</trkpt>
			<trkpt lat="47.611908" lon="12.160955">
				<ele>521.0</ele>
				<time>2025-11-29T11:57:57Z</time>
				<desc><![CDATA[CommonTimeValuePoint(absoluteTime=1764417477, value=1.2658228)]]></desc>
					<extensions>
						<ns3:TrackPointExtension>
							<ns3:speed>0.7936508</ns3:speed>
							<ns3:cad>0.0</ns3:cad>
							<ns3:hr>92</ns3:hr>
						</ns3:TrackPointExtension>
					</extensions>
			</trkpt>
			<trkpt lat="47.61187" lon="12.160902">
				<ele>521.0</ele>
				<time>2025-11-29T11:58:01Z</time>
				<desc><![CDATA[CommonTimeValuePoint(absoluteTime=1764417481, value=1.2820513)]]></desc>
					<extensions>
						<ns3:TrackPointExtension>
							<ns3:speed>0.78125</ns3:speed>
							<ns3:cad>0.0</ns3:cad>
							<ns3:hr>91</ns3:hr>
						</ns3:TrackPointExtension>
					</extensions>
			</trkpt>
			<trkpt lat="47.61182" lon="12.160869">
				<ele>520.0</ele>
				<time>2025-11-29T11:58:05Z</time>
				<desc><![CDATA[CommonTimeValuePoint(absoluteTime=1764417485, value=1.2195122)]]></desc>
					<extensions>
						<ns3:TrackPointExtension>
							<ns3:speed>0.8333333</ns3:speed>
							<ns3:cad>0.0</ns3:cad>
							<ns3:hr>90</ns3:hr>
						</ns3:TrackPointExtension>
					</extensions>
			</trkpt>
			<trkpt lat="47.611767" lon="12.160828">
				<ele>520.0</ele>
				<time>2025-11-29T11:58:10Z</time>
				<desc><![CDATA[CommonTimeValuePoint(absoluteTime=1764417490, value=1.1627907)]]></desc>
					<extensions>
						<ns3:TrackPointExtension>
							<ns3:speed>0.86956525</ns3:speed>
							<ns3:cad>0.0</ns3:cad>
							<ns3:hr>89</ns3:hr>
						</ns3:TrackPointExtension>
					</extensions>
			</trkpt>
			<trkpt lat="47.611725" lon="12.160794">
				<ele>520.0</ele>
				<time>2025-11-29T11:58:13Z</time>
				<desc><![CDATA[CommonTimeValuePoint(absoluteTime=1764417493, value=1.0869565)]]></desc>
					<extensions>
						<ns3:TrackPointExtension>
							<ns3:speed>0.9259259</ns3:speed>
							<ns3:cad>0.0</ns3:cad>
							<ns3:hr>88</ns3:hr>
						</ns3:TrackPointExtension>
					</extensions>
			</trkpt>
			<trkpt lat="47.611675" lon="12.160773">
				<ele>520.0</ele>
				<time>2025-11-29T11:58:17Z</time>
				<desc><![CDATA[CommonTimeValuePoint(absoluteTime=1764417497, value=0.9009009)]]></desc>
					<extensions>
						<ns3:TrackPointExtension>
							<ns3:speed>1.1235955</ns3:speed>
							<ns3:cad>0.0</ns3:cad>
							<ns3:hr>88</ns3:hr>
						</ns3:TrackPointExtension>
					</extensions>
			</trkpt>
			<trkpt lat="47.611633" lon="12.160744">
				<ele>520.0</ele>
				<time>2025-11-29T11:58:21Z</time>
				<desc><![CDATA[CommonTimeValuePoint(absoluteTime=1764417501, value=0.97087383)]]></desc>
					<extensions>
						<ns3:TrackPointExtension>
							<ns3:speed>1.0416667</ns3:speed>
							<ns3:cad>0.0</ns3:cad>
							<ns3:hr>86</ns3:hr>
						</ns3:TrackPointExtension>
					</extensions>
			</trkpt>
			<trkpt lat="47.611595" lon="12.160694">
				<ele>520.0</ele>
				<time>2025-11-29T11:58:25Z</time>
				<desc><![CDATA[CommonTimeValuePoint(absoluteTime=1764417505, value=1.0309278)]]></desc>
					<extensions>
						<ns3:TrackPointExtension>
							<ns3:speed>0.98039216</ns3:speed>
							<ns3:cad>0.0</ns3:cad>
							<ns3:hr>85</ns3:hr>
						</ns3:TrackPointExtension>
					</extensions>
			</trkpt>
			<trkpt lat="47.611565" lon="12.160637">
				<ele>520.0</ele>
				<time>2025-11-29T11:58:30Z</time>
				<desc><![CDATA[CommonTimeValuePoint(absoluteTime=1764417510, value=1.0416667)]]></desc>
					<extensions>
						<ns3:TrackPointExtension>
							<ns3:speed>0.97087383</ns3:speed>
							<ns3:cad>0.0</ns3:cad>
						</ns3:TrackPointExtension>
					</extensions>
			</trkpt>
			<trkpt lat="47.61154" lon="12.160578">
				<ele>520.0</ele>
				<time>2025-11-29T11:58:35Z</time>
				<desc><![CDATA[CommonTimeValuePoint(absoluteTime=1764417515, value=1.098901)]]></desc>
					<extensions>
						<ns3:TrackPointExtension>
							<ns3:speed>0.9174312</ns3:speed>
							<ns3:cad>0.0</ns3:cad>
							<ns3:hr>85</ns3:hr>
						</ns3:TrackPointExtension>
					</extensions>
			</trkpt>
			<trkpt lat="47.611507" lon="12.160527">
				<ele>520.0</ele>
				<time>2025-11-29T11:58:39Z</time>
				<desc><![CDATA[CommonTimeValuePoint(absoluteTime=1764417519, value=1.098901)]]></desc>
					<extensions>
						<ns3:TrackPointExtension>
							<ns3:speed>0.9259259</ns3:speed>
							<ns3:cad>0.0</ns3:cad>
							<ns3:hr>85</ns3:hr>
						</ns3:TrackPointExtension>
					</extensions>
			</trkpt>
			<trkpt lat="47.61146" lon="12.160498">
				<ele>520.0</ele>
				<time>2025-11-29T11:58:44Z</time>
				<desc><![CDATA[CommonTimeValuePoint(absoluteTime=1764417524, value=1.1764705)]]></desc>
					<extensions>
						<ns3:TrackPointExtension>
							<ns3:speed>0.85470086</ns3:speed>
							<ns3:cad>0.0</ns3:cad>
							<ns3:hr>84</ns3:hr>
						</ns3:TrackPointExtension>
					</extensions>
			</trkpt>
			<trkpt lat="47.611412" lon="12.160487">
				<ele>520.0</ele>
				<time>2025-11-29T11:58:48Z</time>
				<desc><![CDATA[CommonTimeValuePoint(absoluteTime=1764417528, value=1.0752689)]]></desc>
					<extensions>
						<ns3:TrackPointExtension>
							<ns3:speed>0.9345794</ns3:speed>
							<ns3:cad>0.0</ns3:cad>
							<ns3:hr>84</ns3:hr>
						</ns3:TrackPointExtension>
					</extensions>
			</trkpt>
			<trkpt lat="47.611362" lon="12.160478">
				<ele>520.0</ele>
				<time>2025-11-29T11:58:53Z</time>
				<desc><![CDATA[CommonTimeValuePoint(absoluteTime=1764417533, value=1.0638298)]]></desc>
					<extensions>
						<ns3:TrackPointExtension>
							<ns3:speed>0.952381</ns3:speed>
							<ns3:cad>0.0</ns3:cad>
						</ns3:TrackPointExtension>
					</extensions>
			</trkpt>
			<trkpt lat="47.61131" lon="12.160469">
				<ele>520.0</ele>
				<time>2025-11-29T11:58:58Z</time>
				<desc><![CDATA[CommonTimeValuePoint(absoluteTime=1764417538, value=1.0752689)]]></desc>
					<extensions>
						<ns3:TrackPointExtension>
							<ns3:speed>0.9433963</ns3:speed>
							<ns3:cad>0.0</ns3:cad>
							<ns3:hr>85</ns3:hr>
						</ns3:TrackPointExtension>
					</extensions>
			</trkpt>
			<trkpt lat="47.611263" lon="12.16044">
				<ele>520.0</ele>
				<time>2025-11-29T11:59:03Z</time>
				<desc><![CDATA[CommonTimeValuePoint(absoluteTime=1764417543, value=1.1111112)]]></desc>
					<extensions>
						<ns3:TrackPointExtension>
							<ns3:speed>0.9090909</ns3:speed>
							<ns3:cad>0.0</ns3:cad>
							<ns3:hr>83</ns3:hr>
						</ns3:TrackPointExtension>
					</extensions>
			</trkpt>
			<trkpt lat="47.611214" lon="12.160404">
				<ele>520.0</ele>
				<time>2025-11-29T11:59:08Z</time>
				<desc><![CDATA[CommonTimeValuePoint(absoluteTime=1764417548, value=1.1363636)]]></desc>
					<extensions>
						<ns3:TrackPointExtension>
							<ns3:speed>0.88495576</ns3:speed>
							<ns3:cad>0.0</ns3:cad>
							<ns3:hr>86</ns3:hr>
						</ns3:TrackPointExtension>
					</extensions>
			</trkpt>
			<trkpt lat="47.61118" lon="12.160344">
				<ele>520.0</ele>
				<time>2025-11-29T11:59:13Z</time>
				<desc><![CDATA[CommonTimeValuePoint(absoluteTime=1764417553, value=1.1904762)]]></desc>
					<extensions>
						<ns3:TrackPointExtension>
							<ns3:speed>0.84745765</ns3:speed>
							<ns3:cad>0.0</ns3:cad>
						</ns3:TrackPointExtension>
					</extensions>
			</trkpt>
			<trkpt lat="47.611145" lon="12.1603">
				<ele>520.0</ele>
				<time>2025-11-29T11:59:17Z</time>
				<desc><![CDATA[CommonTimeValuePoint(absoluteTime=1764417557, value=1.2048193)]]></desc>
					<extensions>
						<ns3:TrackPointExtension>
							<ns3:speed>0.8403361</ns3:speed>
							<ns3:cad>0.0</ns3:cad>
							<ns3:hr>89</ns3:hr>
						</ns3:TrackPointExtension>
					</extensions>
			</trkpt>
			<trkpt lat="47.61112" lon="12.160233">
				<ele>520.0</ele>
				<time>2025-11-29T11:59:22Z</time>
				<desc><![CDATA[CommonTimeValuePoint(absoluteTime=1764417562, value=1.0869565)]]></desc>
					<extensions>
						<ns3:TrackPointExtension>
							<ns3:speed>0.9259259</ns3:speed>
							<ns3:cad>0.0</ns3:cad>
							<ns3:hr>87</ns3:hr>
						</ns3:TrackPointExtension>
					</extensions>
			</trkpt>
			<trkpt lat="47.6111" lon="12.160168">
				<ele>520.0</ele>
				<time>2025-11-29T11:59:26Z</time>
				<desc><![CDATA[CommonTimeValuePoint(absoluteTime=1764417566, value=1.010101)]]></desc>
					<extensions>
						<ns3:TrackPointExtension>
							<ns3:speed>1.0</ns3:speed>
							<ns3:cad>0.0</ns3:cad>
						</ns3:TrackPointExtension>
					</extensions>
			</trkpt>
			<trkpt lat="47.61107" lon="12.160096">
				<ele>520.0</ele>
				<time>2025-11-29T11:59:31Z</time>
				<desc><![CDATA[CommonTimeValuePoint(absoluteTime=1764417571, value=1.0869565)]]></desc>
					<extensions>
						<ns3:TrackPointExtension>
							<ns3:speed>0.9259259</ns3:speed>
							<ns3:cad>0.0</ns3:cad>
							<ns3:hr>88</ns3:hr>
						</ns3:TrackPointExtension>
					</extensions>
			</trkpt>
			<trkpt lat="47.611042" lon="12.160032">
				<ele>520.0</ele>
				<time>2025-11-29T11:59:36Z</time>
				<desc><![CDATA[CommonTimeValuePoint(absoluteTime=1764417576, value=1.098901)]]></desc>
					<extensions>
						<ns3:TrackPointExtension>
							<ns3:speed>0.9174312</ns3:speed>
							<ns3:cad>0.0</ns3:cad>
							<ns3:hr>89</ns3:hr>
						</ns3:TrackPointExtension>
					</extensions>
			</trkpt>
			<trkpt lat="47.610996" lon="12.159981">
				<ele>520.0</ele>
				<time>2025-11-29T11:59:40Z</time>
				<desc><![CDATA[CommonTimeValuePoint(absoluteTime=1764417580, value=1.1494253)]]></desc>
					<extensions>
						<ns3:TrackPointExtension>
							<ns3:speed>0.88495576</ns3:speed>
							<ns3:cad>0.0</ns3:cad>
							<ns3:hr>90</ns3:hr>
						</ns3:TrackPointExtension>
					</extensions>
			</trkpt>
			<trkpt lat="47.610954" lon="12.159936">
				<ele>520.0</ele>
				<time>2025-11-29T11:59:44Z</time>
				<desc><![CDATA[CommonTimeValuePoint(absoluteTime=1764417584, value=0.952381)]]></desc>
					<extensions>
						<ns3:TrackPointExtension>
							<ns3:speed>1.0638298</ns3:speed>
							<ns3:cad>0.0</ns3:cad>
							<ns3:hr>90</ns3:hr>
						</ns3:TrackPointExtension>
					</extensions>
			</trkpt>
			<trkpt lat="47.610924" lon="12.159885">
				<ele>520.0</ele>
				<time>2025-11-29T11:59:51Z</time>
				<desc><![CDATA[CommonTimeValuePoint(absoluteTime=1764417591, value=1.8)]]></desc>
					<extensions>
						<ns3:TrackPointExtension>
							<ns3:speed>0.5555556</ns3:speed>
							<ns3:cad>0.0</ns3:cad>
						</ns3:TrackPointExtension>
					</extensions>
			</trkpt>
			<trkpt lat="47.610874" lon="12.159869">
				<ele>520.0</ele>
				<time>2025-11-29T12:00:06Z</time>
				<desc><![CDATA[CommonTimeValuePoint(absoluteTime=1764417606, value=1.8)]]></desc>
					<extensions>
						<ns3:TrackPointExtension>
							<ns3:speed>0.5555556</ns3:speed>
							<ns3:cad>0.0</ns3:cad>
							<ns3:hr>86</ns3:hr>
						</ns3:TrackPointExtension>
					</extensions>
			</trkpt>
			<trkpt lat="47.61082" lon="12.159844">
				<ele>520.0</ele>
				<time>2025-11-29T12:00:11Z</time>
				<desc><![CDATA[CommonTimeValuePoint(absoluteTime=1764417611, value=1.1764705)]]></desc>
					<extensions>
						<ns3:TrackPointExtension>
							<ns3:speed>0.862069</ns3:speed>
							<ns3:cad>0.0</ns3:cad>
							<ns3:hr>84</ns3:hr>
						</ns3:TrackPointExtension>
					</extensions>
			</trkpt>
			<trkpt lat="47.610775" lon="12.159825">
				<ele>520.0</ele>
				<time>2025-11-29T12:00:16Z</time>
				<desc><![CDATA[CommonTimeValuePoint(absoluteTime=1764417616, value=0.990099)]]></desc>
					<extensions>
						<ns3:TrackPointExtension>
							<ns3:speed>1.0204082</ns3:speed>
							<ns3:cad>0.0</ns3:cad>
							<ns3:hr>82</ns3:hr>
						</ns3:TrackPointExtension>
					</extensions>
			</trkpt>
			<trkpt lat="47.61073" lon="12.159817">
				<ele>521.0</ele>
				<time>2025-11-29T12:00:21Z</time>
				<desc><![CDATA[CommonTimeValuePoint(absoluteTime=1764417621, value=0.9433963)]]></desc>
					<extensions>
						<ns3:TrackPointExtension>
							<ns3:speed>1.0638298</ns3:speed>
							<ns3:cad>0.0</ns3:cad>
							<ns3:hr>80</ns3:hr>
						</ns3:TrackPointExtension>
					</extensions>
			</trkpt>
			<trkpt lat="47.610676" lon="12.159795">
				<ele>521.0</ele>
				<time>2025-11-29T12:00:26Z</time>
				<desc><![CDATA[CommonTimeValuePoint(absoluteTime=1764417626, value=1.0)]]></desc>
					<extensions>
						<ns3:TrackPointExtension>
							<ns3:speed>1.010101</ns3:speed>
							<ns3:cad>0.0</ns3:cad>
							<ns3:hr>81</ns3:hr>
						</ns3:TrackPointExtension>
					</extensions>
			</trkpt>
			<trkpt lat="47.610634" lon="12.159771">
				<ele>521.0</ele>
				<time>2025-11-29T12:00:30Z</time>
				<desc><![CDATA[CommonTimeValuePoint(absoluteTime=1764417630, value=0.990099)]]></desc>
					<extensions>
						<ns3:TrackPointExtension>
							<ns3:speed>1.0204082</ns3:speed>
							<ns3:cad>0.0</ns3:cad>
							<ns3:hr>80</ns3:hr>
						</ns3:TrackPointExtension>
					</extensions>
			</trkpt>
			<trkpt lat="47.61059" lon="12.159729">
				<ele>521.0</ele>
				<time>2025-11-29T12:00:34Z</time>
				<desc><![CDATA[CommonTimeValuePoint(absoluteTime=1764417634, value=0.9433963)]]></desc>
					<extensions>
						<ns3:TrackPointExtension>
							<ns3:speed>1.0752689</ns3:speed>
							<ns3:cad>0.0</ns3:cad>
							<ns3:hr>79</ns3:hr>
						</ns3:TrackPointExtension>
					</extensions>
			</trkpt>
			<trkpt lat="47.610546" lon="12.159696">
				<ele>521.0</ele>
				<time>2025-11-29T12:00:38Z</time>
				<desc><![CDATA[CommonTimeValuePoint(absoluteTime=1764417638, value=0.89285713)]]></desc>
					<extensions>
						<ns3:TrackPointExtension>
							<ns3:speed>1.1363636</ns3:speed>
							<ns3:cad>0.0</ns3:cad>
							<ns3:hr>78</ns3:hr>
						</ns3:TrackPointExtension>
					</extensions>
			</trkpt>
			<trkpt lat="47.610497" lon="12.159667">
				<ele>521.0</ele>
				<time>2025-11-29T12:00:43Z</time>
				<desc><![CDATA[CommonTimeValuePoint(absoluteTime=1764417643, value=0.9345794)]]></desc>
					<extensions>
						<ns3:TrackPointExtension>
							<ns3:speed>1.0752689</ns3:speed>
							<ns3:cad>0.0</ns3:cad>
							<ns3:hr>81</ns3:hr>
						</ns3:TrackPointExtension>
					</extensions>
			</trkpt>
			<trkpt lat="47.610447" lon="12.159654">
				<ele>521.0</ele>
				<time>2025-11-29T12:00:47Z</time>
				<desc><![CDATA[CommonTimeValuePoint(absoluteTime=1764417647, value=0.952381)]]></desc>
					<extensions>
						<ns3:TrackPointExtension>
							<ns3:speed>1.0638298</ns3:speed>
							<ns3:cad>0.0</ns3:cad>
							<ns3:hr>83</ns3:hr>
						</ns3:TrackPointExtension>
					</extensions>
			</trkpt>
			<trkpt lat="47.610397" lon="12.159647">
				<ele>521.0</ele>
				<time>2025-11-29T12:00:51Z</time>
				<desc><![CDATA[CommonTimeValuePoint(absoluteTime=1764417651, value=0.9090909)]]></desc>
					<extensions>
						<ns3:TrackPointExtension>
							<ns3:speed>1.1111112</ns3:speed>
							<ns3:cad>0.0</ns3:cad>
							<ns3:hr>83</ns3:hr>
						</ns3:TrackPointExtension>
					</extensions>
			</trkpt>
			<trkpt lat="47.61035" lon="12.159654">
				<ele>521.0</ele>
				<time>2025-11-29T12:00:55Z</time>
				<desc><![CDATA[CommonTimeValuePoint(absoluteTime=1764417655, value=0.8403361)]]></desc>
					<extensions>
						<ns3:TrackPointExtension>
							<ns3:speed>1.1904762</ns3:speed>
							<ns3:cad>0.0</ns3:cad>
							<ns3:hr>82</ns3:hr>
						</ns3:TrackPointExtension>
					</extensions>
			</trkpt>
			<trkpt lat="47.6103" lon="12.159641">
				<ele>521.0</ele>
				<time>2025-11-29T12:01:00Z</time>
				<desc><![CDATA[CommonTimeValuePoint(absoluteTime=1764417660, value=0.84745765)]]></desc>
					<extensions>
						<ns3:TrackPointExtension>
							<ns3:speed>1.1904762</ns3:speed>
							<ns3:cad>0.0</ns3:cad>
							<ns3:hr>80</ns3:hr>
						</ns3:TrackPointExtension>
					</extensions>
			</trkpt>
			<trkpt lat="47.61025" lon="12.159642">
				<ele>521.0</ele>
				<time>2025-11-29T12:01:05Z</time>
				<desc><![CDATA[CommonTimeValuePoint(absoluteTime=1764417665, value=0.88495576)]]></desc>
					<extensions>
						<ns3:TrackPointExtension>
							<ns3:speed>1.1494253</ns3:speed>
							<ns3:cad>0.0</ns3:cad>
							<ns3:hr>81</ns3:hr>
						</ns3:TrackPointExtension>
					</extensions>
			</trkpt>
			<trkpt lat="47.610203" lon="12.159637">
				<ele>521.0</ele>
				<time>2025-11-29T12:01:09Z</time>
				<desc><![CDATA[CommonTimeValuePoint(absoluteTime=1764417669, value=0.9174312)]]></desc>
					<extensions>
						<ns3:TrackPointExtension>
							<ns3:speed>1.098901</ns3:speed>
							<ns3:cad>0.0</ns3:cad>
							<ns3:hr>82</ns3:hr>
						</ns3:TrackPointExtension>
					</extensions>
			</trkpt>
			<trkpt lat="47.610157" lon="12.159631">
				<ele>521.0</ele>
				<time>2025-11-29T12:01:15Z</time>
				<desc><![CDATA[CommonTimeValuePoint(absoluteTime=1764417675, value=1.2048193)]]></desc>
					<extensions>
						<ns3:TrackPointExtension>
							<ns3:speed>0.8333333</ns3:speed>
							<ns3:cad>0.0</ns3:cad>
							<ns3:hr>85</ns3:hr>
						</ns3:TrackPointExtension>
					</extensions>
			</trkpt>
			<trkpt lat="47.61011" lon="12.159637">
				<ele>521.0</ele>
				<time>2025-11-29T12:01:18Z</time>
				<desc><![CDATA[CommonTimeValuePoint(absoluteTime=1764417678, value=1.2048193)]]></desc>
					<extensions>
						<ns3:TrackPointExtension>
							<ns3:speed>0.8403361</ns3:speed>
							<ns3:cad>0.0</ns3:cad>
						</ns3:TrackPointExtension>
					</extensions>
			</trkpt>
			<trkpt lat="47.61006" lon="12.159635">
				<ele>521.0</ele>
				<time>2025-11-29T12:01:23Z</time>
				<desc><![CDATA[CommonTimeValuePoint(absoluteTime=1764417683, value=1.4084507)]]></desc>
					<extensions>
						<ns3:TrackPointExtension>
							<ns3:speed>0.7194245</ns3:speed>
							<ns3:cad>0.0</ns3:cad>
							<ns3:hr>87</ns3:hr>
						</ns3:TrackPointExtension>
					</extensions>
			</trkpt>
			<trkpt lat="47.610012" lon="12.1596155">
				<ele>521.0</ele>
				<time>2025-11-29T12:01:29Z</time>
				<desc><![CDATA[CommonTimeValuePoint(absoluteTime=1764417689, value=1.3888888)]]></desc>
					<extensions>
						<ns3:TrackPointExtension>
							<ns3:speed>0.729927</ns3:speed>
							<ns3:cad>0.0</ns3:cad>
							<ns3:hr>88</ns3:hr>
						</ns3:TrackPointExtension>
					</extensions>
			</trkpt>
			<trkpt lat="47.609962" lon="12.159582">
				<ele>521.0</ele>
				<time>2025-11-29T12:01:34Z</time>
				<desc><![CDATA[CommonTimeValuePoint(absoluteTime=1764417694, value=1.2820513)]]></desc>
					<extensions>
						<ns3:TrackPointExtension>
							<ns3:speed>0.78740156</ns3:speed>
							<ns3:cad>0.0</ns3:cad>
						</ns3:TrackPointExtension>
					</extensions>
			</trkpt>
			<trkpt lat="47.609905" lon="12.159549">
				<ele>522.0</ele>
				<time>2025-11-29T12:01:39Z</time>
				<desc><![CDATA[CommonTimeValuePoint(absoluteTime=1764417699, value=1.2048193)]]></desc>
					<extensions>
						<ns3:TrackPointExtension>
							<ns3:speed>0.8333333</ns3:speed>
							<ns3:cad>0.0</ns3:cad>
						</ns3:TrackPointExtension>
					</extensions>
			</trkpt>
			<trkpt lat="47.60986" lon="12.1595545">
				<ele>522.0</ele>
				<time>2025-11-29T12:01:43Z</time>
				<desc><![CDATA[CommonTimeValuePoint(absoluteTime=1764417703, value=1.1627907)]]></desc>
					<extensions>
						<ns3:TrackPointExtension>
							<ns3:speed>0.86956525</ns3:speed>
							<ns3:cad>0.0</ns3:cad>
							<ns3:hr>89</ns3:hr>
						</ns3:TrackPointExtension>
					</extensions>
			</trkpt>
			<trkpt lat="47.60981" lon="12.159564">
				<ele>522.0</ele>
				<time>2025-11-29T12:01:48Z</time>
				<desc><![CDATA[CommonTimeValuePoint(absoluteTime=1764417708, value=1.3157895)]]></desc>
					<extensions>
						<ns3:TrackPointExtension>
							<ns3:speed>0.76335883</ns3:speed>
							<ns3:cad>0.0</ns3:cad>
							<ns3:hr>89</ns3:hr>
						</ns3:TrackPointExtension>
					</extensions>
			</trkpt>
			<trkpt lat="47.609753" lon="12.159588">
				<ele>522.0</ele>
				<time>2025-11-29T12:01:53Z</time>
				<desc><![CDATA[CommonTimeValuePoint(absoluteTime=1764417713, value=1.5384616)]]></desc>
					<extensions>
						<ns3:TrackPointExtension>
							<ns3:speed>0.66225165</ns3:speed>
							<ns3:cad>0.0</ns3:cad>
							<ns3:hr>90</ns3:hr>
						</ns3:TrackPointExtension>
					</extensions>
			</trkpt>
			<trkpt lat="47.609707" lon="12.159611">
				<ele>522.0</ele>
				<time>2025-11-29T12:01:57Z</time>
				<desc><![CDATA[CommonTimeValuePoint(absoluteTime=1764417717, value=1.3513514)]]></desc>
					<extensions>
						<ns3:TrackPointExtension>
							<ns3:speed>0.74626863</ns3:speed>
							<ns3:cad>0.0</ns3:cad>
							<ns3:hr>88</ns3:hr>
						</ns3:TrackPointExtension>
					</extensions>
			</trkpt>
			<trkpt lat="47.609665" lon="12.159631">
				<ele>522.0</ele>
				<time>2025-11-29T12:02:00Z</time>
				<desc><![CDATA[CommonTimeValuePoint(absoluteTime=1764417720, value=1.3157895)]]></desc>
					<extensions>
						<ns3:TrackPointExtension>
							<ns3:speed>0.76335883</ns3:speed>
							<ns3:cad>0.0</ns3:cad>
							<ns3:hr>89</ns3:hr>
						</ns3:TrackPointExtension>
					</extensions>
			</trkpt>
			<trkpt lat="47.60961" lon="12.159657">
				<ele>522.0</ele>
				<time>2025-11-29T12:02:04Z</time>
				<desc><![CDATA[CommonTimeValuePoint(absoluteTime=1764417724, value=1.1111112)]]></desc>
					<extensions>
						<ns3:TrackPointExtension>
							<ns3:speed>0.9090909</ns3:speed>
							<ns3:cad>0.0</ns3:cad>
							<ns3:hr>88</ns3:hr>
						</ns3:TrackPointExtension>
					</extensions>
			</trkpt>
			<trkpt lat="47.609562" lon="12.159692">
				<ele>522.0</ele>
				<time>2025-11-29T12:02:08Z</time>
				<desc><![CDATA[CommonTimeValuePoint(absoluteTime=1764417728, value=1.0752689)]]></desc>
					<extensions>
						<ns3:TrackPointExtension>
							<ns3:speed>0.9345794</ns3:speed>
							<ns3:cad>0.0</ns3:cad>
							<ns3:hr>87</ns3:hr>
						</ns3:TrackPointExtension>
					</extensions>
			</trkpt>
			<trkpt lat="47.60951" lon="12.159706">
				<ele>522.0</ele>
				<time>2025-11-29T12:02:14Z</time>
				<desc><![CDATA[CommonTimeValuePoint(absoluteTime=1764417734, value=1.1235955)]]></desc>
					<extensions>
						<ns3:TrackPointExtension>
							<ns3:speed>0.9009009</ns3:speed>
							<ns3:cad>0.0</ns3:cad>
							<ns3:hr>89</ns3:hr>
						</ns3:TrackPointExtension>
					</extensions>
			</trkpt>
			<trkpt lat="47.609463" lon="12.159711">
				<ele>522.0</ele>
				<time>2025-11-29T12:02:18Z</time>
				<desc><![CDATA[CommonTimeValuePoint(absoluteTime=1764417738, value=1.1494253)]]></desc>
					<extensions>
						<ns3:TrackPointExtension>
							<ns3:speed>0.877193</ns3:speed>
							<ns3:cad>0.0</ns3:cad>
							<ns3:hr>90</ns3:hr>
						</ns3:TrackPointExtension>
					</extensions>
			</trkpt>
			<trkpt lat="47.609417" lon="12.159709">
				<ele>522.0</ele>
				<time>2025-11-29T12:02:23Z</time>
				<desc><![CDATA[CommonTimeValuePoint(absoluteTime=1764417743, value=1.3333334)]]></desc>
					<extensions>
						<ns3:TrackPointExtension>
							<ns3:speed>0.75757575</ns3:speed>
							<ns3:cad>0.0</ns3:cad>
							<ns3:hr>91</ns3:hr>
						</ns3:TrackPointExtension>
					</extensions>
			</trkpt>
			<trkpt lat="47.609364" lon="12.159686">
				<ele>522.0</ele>
				<time>2025-11-29T12:02:28Z</time>
				<desc><![CDATA[CommonTimeValuePoint(absoluteTime=1764417748, value=1.4084507)]]></desc>
					<extensions>
						<ns3:TrackPointExtension>
							<ns3:speed>0.7194245</ns3:speed>
							<ns3:cad>0.0</ns3:cad>
							<ns3:hr>89</ns3:hr>
						</ns3:TrackPointExtension>
					</extensions>
			</trkpt>
			<trkpt lat="47.609318" lon="12.15968">
				<ele>522.0</ele>
				<time>2025-11-29T12:02:33Z</time>
				<desc><![CDATA[CommonTimeValuePoint(absoluteTime=1764417753, value=1.4084507)]]></desc>
					<extensions>
						<ns3:TrackPointExtension>
							<ns3:speed>0.7194245</ns3:speed>
							<ns3:cad>0.0</ns3:cad>
						</ns3:TrackPointExtension>
					</extensions>
			</trkpt>
			<trkpt lat="47.609272" lon="12.159662">
				<ele>522.0</ele>
				<time>2025-11-29T12:02:38Z</time>
				<desc><![CDATA[CommonTimeValuePoint(absoluteTime=1764417758, value=1.4492754)]]></desc>
					<extensions>
						<ns3:TrackPointExtension>
							<ns3:speed>0.6944444</ns3:speed>
							<ns3:cad>0.0</ns3:cad>
							<ns3:hr>86</ns3:hr>
						</ns3:TrackPointExtension>
					</extensions>
			</trkpt>
			<trkpt lat="47.609222" lon="12.159646">
				<ele>522.0</ele>
				<time>2025-11-29T12:02:42Z</time>
				<desc><![CDATA[CommonTimeValuePoint(absoluteTime=1764417762, value=1.3888888)]]></desc>
					<extensions>
						<ns3:TrackPointExtension>
							<ns3:speed>0.7246377</ns3:speed>
							<ns3:cad>0.0</ns3:cad>
							<ns3:hr>88</ns3:hr>
						</ns3:TrackPointExtension>
					</extensions>
			</trkpt>
			<trkpt lat="47.60918" lon="12.159611">
				<ele>522.0</ele>
				<time>2025-11-29T12:02:46Z</time>
				<desc><![CDATA[CommonTimeValuePoint(absoluteTime=1764417766, value=1.25)]]></desc>
					<extensions>
						<ns3:TrackPointExtension>
							<ns3:speed>0.8064516</ns3:speed>
							<ns3:cad>0.0</ns3:cad>
							<ns3:hr>88</ns3:hr>
						</ns3:TrackPointExtension>
					</extensions>
			</trkpt>
			<trkpt lat="47.60914" lon="12.159582">
				<ele>522.0</ele>
				<time>2025-11-29T12:02:50Z</time>
				<desc><![CDATA[CommonTimeValuePoint(absoluteTime=1764417770, value=1.25)]]></desc>
					<extensions>
						<ns3:TrackPointExtension>
							<ns3:speed>0.8064516</ns3:speed>
							<ns3:cad>0.0</ns3:cad>
							<ns3:hr>87</ns3:hr>
						</ns3:TrackPointExtension>
					</extensions>
			</trkpt>
			<trkpt lat="47.60909" lon="12.159548">
				<ele>522.0</ele>
				<time>2025-11-29T12:02:55Z</time>
				<desc><![CDATA[CommonTimeValuePoint(absoluteTime=1764417775, value=1.2048193)]]></desc>
					<extensions>
						<ns3:TrackPointExtension>
							<ns3:speed>0.8403361</ns3:speed>
							<ns3:cad>0.0</ns3:cad>
							<ns3:hr>87</ns3:hr>
						</ns3:TrackPointExtension>
					</extensions>
			</trkpt>
			<trkpt lat="47.609047" lon="12.159509">
				<ele>522.0</ele>
				<time>2025-11-29T12:02:59Z</time>
				<desc><![CDATA[CommonTimeValuePoint(absoluteTime=1764417779, value=1.0416667)]]></desc>
					<extensions>
						<ns3:TrackPointExtension>
							<ns3:speed>0.97087383</ns3:speed>
							<ns3:cad>0.0</ns3:cad>
							<ns3:hr>87</ns3:hr>
						</ns3:TrackPointExtension>
					</extensions>
			</trkpt>
			<trkpt lat="47.608994" lon="12.159484">
				<ele>522.0</ele>
				<time>2025-11-29T12:03:04Z</time>
				<desc><![CDATA[CommonTimeValuePoint(absoluteTime=1764417784, value=1.1111112)]]></desc>
					<extensions>
						<ns3:TrackPointExtension>
							<ns3:speed>0.9090909</ns3:speed>
							<ns3:cad>0.0</ns3:cad>
							<ns3:hr>87</ns3:hr>
						</ns3:TrackPointExtension>
					</extensions>
			</trkpt>
			<trkpt lat="47.608944" lon="12.159461">
				<ele>522.0</ele>
				<time>2025-11-29T12:03:09Z</time>
				<desc><![CDATA[CommonTimeValuePoint(absoluteTime=1764417789, value=1.3333334)]]></desc>
					<extensions>
						<ns3:TrackPointExtension>
							<ns3:speed>0.75757575</ns3:speed>
							<ns3:cad>0.0</ns3:cad>
						</ns3:TrackPointExtension>
					</extensions>
			</trkpt>
			<trkpt lat="47.608894" lon="12.159426">
				<ele>522.0</ele>
				<time>2025-11-29T12:03:15Z</time>
				<desc><![CDATA[CommonTimeValuePoint(absoluteTime=1764417795, value=1.4705882)]]></desc>
					<extensions>
						<ns3:TrackPointExtension>
							<ns3:speed>0.6849315</ns3:speed>
							<ns3:cad>0.0</ns3:cad>
							<ns3:hr>83</ns3:hr>
						</ns3:TrackPointExtension>
					</extensions>
			</trkpt>
			<trkpt lat="47.608852" lon="12.159394">
				<ele>522.0</ele>
				<time>2025-11-29T12:03:20Z</time>
				<desc><![CDATA[CommonTimeValuePoint(absoluteTime=1764417800, value=1.6129032)]]></desc>
					<extensions>
						<ns3:TrackPointExtension>
							<ns3:speed>0.6289308</ns3:speed>
							<ns3:cad>0.0</ns3:cad>
							<ns3:hr>81</ns3:hr>
						</ns3:TrackPointExtension>
					</extensions>
			</trkpt>
			<trkpt lat="47.608807" lon="12.159364">
				<ele>522.0</ele>
				<time>2025-11-29T12:03:24Z</time>
				<desc><![CDATA[CommonTimeValuePoint(absoluteTime=1764417804, value=1.3513514)]]></desc>
					<extensions>
						<ns3:TrackPointExtension>
							<ns3:speed>0.74626863</ns3:speed>
							<ns3:cad>0.0</ns3:cad>
						</ns3:TrackPointExtension>
					</extensions>
			</trkpt>
			<trkpt lat="47.60876" lon="12.159354">
				<ele>522.0</ele>
				<time>2025-11-29T12:03:28Z</time>
				<desc><![CDATA[CommonTimeValuePoint(absoluteTime=1764417808, value=1.3513514)]]></desc>
					<extensions>
						<ns3:TrackPointExtension>
							<ns3:speed>0.7407407</ns3:speed>
							<ns3:cad>0.0</ns3:cad>
							<ns3:hr>79</ns3:hr>
						</ns3:TrackPointExtension>
					</extensions>
			</trkpt>
			<trkpt lat="47.608715" lon="12.159332">
				<ele>522.0</ele>
				<time>2025-11-29T12:03:32Z</time>
				<desc><![CDATA[CommonTimeValuePoint(absoluteTime=1764417812, value=1.4285715)]]></desc>
					<extensions>
						<ns3:TrackPointExtension>
							<ns3:speed>0.7092199</ns3:speed>
							<ns3:cad>0.0</ns3:cad>
							<ns3:hr>80</ns3:hr>
						</ns3:TrackPointExtension>
					</extensions>
			</trkpt>
			<trkpt lat="47.608665" lon="12.159298">
				<ele>522.0</ele>
				<time>2025-11-29T12:03:37Z</time>
				<desc><![CDATA[CommonTimeValuePoint(absoluteTime=1764417817, value=1.3888888)]]></desc>
					<extensions>
						<ns3:TrackPointExtension>
							<ns3:speed>0.7246377</ns3:speed>
							<ns3:cad>0.0</ns3:cad>
						</ns3:TrackPointExtension>
					</extensions>
			</trkpt>
			<trkpt lat="47.608612" lon="12.159258">
				<ele>522.0</ele>
				<time>2025-11-29T12:03:42Z</time>
				<desc><![CDATA[CommonTimeValuePoint(absoluteTime=1764417822, value=1.3888888)]]></desc>
					<extensions>
						<ns3:TrackPointExtension>
							<ns3:speed>0.7246377</ns3:speed>
							<ns3:cad>0.0</ns3:cad>
							<ns3:hr>82</ns3:hr>
						</ns3:TrackPointExtension>
					</extensions>
			</trkpt>
			<trkpt lat="47.608574" lon="12.159225">
				<ele>522.0</ele>
				<time>2025-11-29T12:03:46Z</time>
				<desc><![CDATA[CommonTimeValuePoint(absoluteTime=1764417826, value=1.3888888)]]></desc>
					<extensions>
						<ns3:TrackPointExtension>
							<ns3:speed>0.7246377</ns3:speed>
							<ns3:cad>0.0</ns3:cad>
							<ns3:hr>84</ns3:hr>
						</ns3:TrackPointExtension>
					</extensions>
			</trkpt>
			<trkpt lat="47.608532" lon="12.159183">
				<ele>522.0</ele>
				<time>2025-11-29T12:03:51Z</time>
				<desc><![CDATA[CommonTimeValuePoint(absoluteTime=1764417831, value=1.4492754)]]></desc>
					<extensions>
						<ns3:TrackPointExtension>
							<ns3:speed>0.6944444</ns3:speed>
							<ns3:cad>0.0</ns3:cad>
							<ns3:hr>83</ns3:hr>
						</ns3:TrackPointExtension>
					</extensions>
			</trkpt>
			<trkpt lat="47.608482" lon="12.159154">
				<ele>522.0</ele>
				<time>2025-11-29T12:03:56Z</time>
				<desc><![CDATA[CommonTimeValuePoint(absoluteTime=1764417836, value=1.4925373)]]></desc>
					<extensions>
						<ns3:TrackPointExtension>
							<ns3:speed>0.6802721</ns3:speed>
							<ns3:cad>0.0</ns3:cad>
							<ns3:hr>82</ns3:hr>
						</ns3:TrackPointExtension>
					</extensions>
			</trkpt>
			<trkpt lat="47.608433" lon="12.159124">
				<ele>522.0</ele>
				<time>2025-11-29T12:04:00Z</time>
				<desc><![CDATA[CommonTimeValuePoint(absoluteTime=1764417840, value=1.4084507)]]></desc>
					<extensions>
						<ns3:TrackPointExtension>
							<ns3:speed>0.7194245</ns3:speed>
							<ns3:cad>0.0</ns3:cad>
							<ns3:hr>81</ns3:hr>
						</ns3:TrackPointExtension>
					</extensions>
			</trkpt>
			<trkpt lat="47.60839" lon="12.159097">
				<ele>522.0</ele>
				<time>2025-11-29T12:04:04Z</time>
				<desc><![CDATA[CommonTimeValuePoint(absoluteTime=1764417844, value=1.3157895)]]></desc>
					<extensions>
						<ns3:TrackPointExtension>
							<ns3:speed>0.76335883</ns3:speed>
							<ns3:cad>0.0</ns3:cad>
							<ns3:hr>82</ns3:hr>
						</ns3:TrackPointExtension>
					</extensions>
			</trkpt>
			<trkpt lat="47.608345" lon="12.15908">
				<ele>522.0</ele>
				<time>2025-11-29T12:04:08Z</time>
				<desc><![CDATA[CommonTimeValuePoint(absoluteTime=1764417848, value=1.2987013)]]></desc>
					<extensions>
						<ns3:TrackPointExtension>
							<ns3:speed>0.7751938</ns3:speed>
							<ns3:cad>0.0</ns3:cad>
							<ns3:hr>81</ns3:hr>
						</ns3:TrackPointExtension>
					</extensions>
			</trkpt>
			<trkpt lat="47.6083" lon="12.159091">
				<ele>522.0</ele>
				<time>2025-11-29T12:04:12Z</time>
				<desc><![CDATA[CommonTimeValuePoint(absoluteTime=1764417852, value=1.3157895)]]></desc>
					<extensions>
						<ns3:TrackPointExtension>
							<ns3:speed>0.7692308</ns3:speed>
							<ns3:cad>0.0</ns3:cad>
							<ns3:hr>83</ns3:hr>
						</ns3:TrackPointExtension>
					</extensions>
			</trkpt>
			<trkpt lat="47.608246" lon="12.159116">
				<ele>522.0</ele>
				<time>2025-11-29T12:04:16Z</time>
				<desc><![CDATA[CommonTimeValuePoint(absoluteTime=1764417856, value=1.1904762)]]></desc>
					<extensions>
						<ns3:TrackPointExtension>
							<ns3:speed>0.84745765</ns3:speed>
							<ns3:cad>0.0</ns3:cad>
							<ns3:hr>83</ns3:hr>
						</ns3:TrackPointExtension>
					</extensions>
			</trkpt>
			<trkpt lat="47.608204" lon="12.159149">
				<ele>522.0</ele>
				<time>2025-11-29T12:04:25Z</time>
				<desc><![CDATA[CommonTimeValuePoint(absoluteTime=1764417865, value=1.8)]]></desc>
					<extensions>
						<ns3:TrackPointExtension>
							<ns3:speed>0.5555556</ns3:speed>
							<ns3:cad>0.0</ns3:cad>
						</ns3:TrackPointExtension>
					</extensions>
			</trkpt>
			<trkpt lat="47.608162" lon="12.159113">
				<ele>521.0</ele>
				<time>2025-11-29T12:04:48Z</time>
				<desc><![CDATA[CommonTimeValuePoint(absoluteTime=1764417888, value=1.8)]]></desc>
					<extensions>
						<ns3:TrackPointExtension>
							<ns3:speed>0.5555556</ns3:speed>
							<ns3:cad>0.0</ns3:cad>
							<ns3:hr>79</ns3:hr>
						</ns3:TrackPointExtension>
					</extensions>
			</trkpt>
			<trkpt lat="47.608074" lon="12.159141">
				<ele>521.0</ele>
				<time>2025-11-29T12:05:31Z</time>
				<desc><![CDATA[CommonTimeValuePoint(absoluteTime=1764417931, value=1.8)]]></desc>
					<extensions>
						<ns3:TrackPointExtension>
							<ns3:speed>0.5555556</ns3:speed>
							<ns3:cad>0.0</ns3:cad>
							<ns3:hr>59</ns3:hr>
						</ns3:TrackPointExtension>
					</extensions>
			</trkpt>
			<trkpt lat="47.608044" lon="12.159189">
				<ele>521.0</ele>
				<time>2025-11-29T12:05:35Z</time>
				<desc><![CDATA[CommonTimeValuePoint(absoluteTime=1764417935, value=1.8)]]></desc>
					<extensions>
						<ns3:TrackPointExtension>
							<ns3:speed>0.5555556</ns3:speed>
							<ns3:cad>0.0</ns3:cad>
							<ns3:hr>65</ns3:hr>
						</ns3:TrackPointExtension>
					</extensions>
			</trkpt>
			<trkpt lat="47.607994" lon="12.159221">
				<ele>521.0</ele>
				<time>2025-11-29T12:05:40Z</time>
				<desc><![CDATA[CommonTimeValuePoint(absoluteTime=1764417940, value=1.2820513)]]></desc>
					<extensions>
						<ns3:TrackPointExtension>
							<ns3:speed>0.7936508</ns3:speed>
							<ns3:cad>0.0</ns3:cad>
							<ns3:hr>78</ns3:hr>
						</ns3:TrackPointExtension>
					</extensions>
			</trkpt>
			<trkpt lat="47.60799" lon="12.159145">
				<ele>521.0</ele>
				<time>2025-11-29T12:05:49Z</time>
				<desc><![CDATA[CommonTimeValuePoint(absoluteTime=1764417949, value=1.4925373)]]></desc>
					<extensions>
						<ns3:TrackPointExtension>
							<ns3:speed>0.6802721</ns3:speed>
							<ns3:cad>0.0</ns3:cad>
							<ns3:hr>83</ns3:hr>
						</ns3:TrackPointExtension>
					</extensions>
			</trkpt>
			<trkpt lat="47.607998" lon="12.159073">
				<ele>521.0</ele>
				<time>2025-11-29T12:05:56Z</time>
				<desc><![CDATA[CommonTimeValuePoint(absoluteTime=1764417956, value=1.5625)]]></desc>
					<extensions>
						<ns3:TrackPointExtension>
							<ns3:speed>0.64935064</ns3:speed>
							<ns3:cad>0.0</ns3:cad>
						</ns3:TrackPointExtension>
					</extensions>
			</trkpt>
			<trkpt lat="47.608" lon="12.159006">
				<ele>521.0</ele>
				<time>2025-11-29T12:06:02Z</time>
				<desc><![CDATA[CommonTimeValuePoint(absoluteTime=1764417962, value=1.5873016)]]></desc>
					<extensions>
						<ns3:TrackPointExtension>
							<ns3:speed>0.64102566</ns3:speed>
							<ns3:cad>0.0</ns3:cad>
							<ns3:hr>82</ns3:hr>
						</ns3:TrackPointExtension>
					</extensions>
			</trkpt>
			<trkpt lat="47.60799" lon="12.158939">
				<ele>521.0</ele>
				<time>2025-11-29T12:06:10Z</time>
				<desc><![CDATA[CommonTimeValuePoint(absoluteTime=1764417970, value=1.8)]]></desc>
					<extensions>
						<ns3:TrackPointExtension>
							<ns3:speed>0.5555556</ns3:speed>
							<ns3:cad>0.0</ns3:cad>
							<ns3:hr>83</ns3:hr>
						</ns3:TrackPointExtension>
					</extensions>
			</trkpt>
			<trkpt lat="47.60798" lon="12.158871">
				<ele>521.0</ele>
				<time>2025-11-29T12:06:17Z</time>
				<desc><![CDATA[CommonTimeValuePoint(absoluteTime=1764417977, value=1.8)]]></desc>
					<extensions>
						<ns3:TrackPointExtension>
							<ns3:speed>0.5555556</ns3:speed>
							<ns3:cad>0.0</ns3:cad>
							<ns3:hr>84</ns3:hr>
						</ns3:TrackPointExtension>
					</extensions>
			</trkpt>
			<trkpt lat="47.60795" lon="12.1588125">
				<ele>521.0</ele>
				<time>2025-11-29T12:06:23Z</time>
				<desc><![CDATA[CommonTimeValuePoint(absoluteTime=1764417983, value=1.6666666)]]></desc>
					<extensions>
						<ns3:TrackPointExtension>
							<ns3:speed>0.6097561</ns3:speed>
							<ns3:cad>0.0</ns3:cad>
						</ns3:TrackPointExtension>
					</extensions>
			</trkpt>
			<trkpt lat="47.607918" lon="12.158761">
				<ele>521.0</ele>
				<time>2025-11-29T12:06:28Z</time>
				<desc><![CDATA[CommonTimeValuePoint(absoluteTime=1764417988, value=1.5625)]]></desc>
					<extensions>
						<ns3:TrackPointExtension>
							<ns3:speed>0.64516133</ns3:speed>
							<ns3:cad>0.0</ns3:cad>
							<ns3:hr>85</ns3:hr>
						</ns3:TrackPointExtension>
					</extensions>
			</trkpt>
			<trkpt lat="47.607876" lon="12.158708">
				<ele>521.0</ele>
				<time>2025-11-29T12:06:33Z</time>
				<desc><![CDATA[CommonTimeValuePoint(absoluteTime=1764417993, value=1.4492754)]]></desc>
					<extensions>
						<ns3:TrackPointExtension>
							<ns3:speed>0.6993007</ns3:speed>
							<ns3:cad>0.0</ns3:cad>
							<ns3:hr>84</ns3:hr>
						</ns3:TrackPointExtension>
					</extensions>
			</trkpt>
			<trkpt lat="47.60786" lon="12.158638">
				<ele>525.0</ele>
				<time>2025-11-29T12:06:38Z</time>
				<desc><![CDATA[CommonTimeValuePoint(absoluteTime=1764417998, value=1.2820513)]]></desc>
					<extensions>
						<ns3:TrackPointExtension>
							<ns3:speed>0.78740156</ns3:speed>
							<ns3:cad>0.0</ns3:cad>
							<ns3:hr>84</ns3:hr>
						</ns3:TrackPointExtension>
					</extensions>
			</trkpt>
			<trkpt lat="47.60783" lon="12.158586">
				<ele>525.0</ele>
				<time>2025-11-29T12:06:44Z</time>
				<desc><![CDATA[CommonTimeValuePoint(absoluteTime=1764418004, value=1.1764705)]]></desc>
					<extensions>
						<ns3:TrackPointExtension>
							<ns3:speed>0.862069</ns3:speed>
							<ns3:cad>0.0</ns3:cad>
							<ns3:hr>84</ns3:hr>
						</ns3:TrackPointExtension>
					</extensions>
			</trkpt>
			<trkpt lat="47.6078" lon="12.158536">
				<ele>526.0</ele>
				<time>2025-11-29T12:06:50Z</time>
				<desc><![CDATA[CommonTimeValuePoint(absoluteTime=1764418010, value=1.2987013)]]></desc>
					<extensions>
						<ns3:TrackPointExtension>
							<ns3:speed>0.78125</ns3:speed>
							<ns3:cad>0.0</ns3:cad>
							<ns3:hr>85</ns3:hr>
						</ns3:TrackPointExtension>
					</extensions>
			</trkpt>
			<trkpt lat="47.607758" lon="12.1585">
				<ele>527.0</ele>
				<time>2025-11-29T12:06:55Z</time>
				<desc><![CDATA[CommonTimeValuePoint(absoluteTime=1764418015, value=1.1904762)]]></desc>
					<extensions>
						<ns3:TrackPointExtension>
							<ns3:speed>0.85470086</ns3:speed>
							<ns3:cad>0.0</ns3:cad>
							<ns3:hr>85</ns3:hr>
						</ns3:TrackPointExtension>
					</extensions>
			</trkpt>
			<trkpt lat="47.60772" lon="12.158465">
				<ele>527.0</ele>
				<time>2025-11-29T12:07:00Z</time>
				<desc><![CDATA[CommonTimeValuePoint(absoluteTime=1764418020, value=1.1904762)]]></desc>
					<extensions>
						<ns3:TrackPointExtension>
							<ns3:speed>0.84745765</ns3:speed>
							<ns3:cad>0.0</ns3:cad>
							<ns3:hr>85</ns3:hr>
						</ns3:TrackPointExtension>
					</extensions>
			</trkpt>
			<trkpt lat="47.60768" lon="12.158429">
				<ele>527.0</ele>
				<time>2025-11-29T12:07:05Z</time>
				<desc><![CDATA[CommonTimeValuePoint(absoluteTime=1764418025, value=1.4084507)]]></desc>
					<extensions>
						<ns3:TrackPointExtension>
							<ns3:speed>0.71428573</ns3:speed>
							<ns3:cad>0.0</ns3:cad>
							<ns3:hr>87</ns3:hr>
						</ns3:TrackPointExtension>
					</extensions>
			</trkpt>
			<trkpt lat="47.60764" lon="12.158384">
				<ele>528.0</ele>
				<time>2025-11-29T12:07:11Z</time>
				<desc><![CDATA[CommonTimeValuePoint(absoluteTime=1764418031, value=1.25)]]></desc>
					<extensions>
						<ns3:TrackPointExtension>
							<ns3:speed>0.8064516</ns3:speed>
							<ns3:cad>0.0</ns3:cad>
							<ns3:hr>87</ns3:hr>
						</ns3:TrackPointExtension>
					</extensions>
			</trkpt>
			<trkpt lat="47.607597" lon="12.158347">
				<ele>528.0</ele>
				<time>2025-11-29T12:07:16Z</time>
				<desc><![CDATA[CommonTimeValuePoint(absoluteTime=1764418036, value=1.2820513)]]></desc>
					<extensions>
						<ns3:TrackPointExtension>
							<ns3:speed>0.78125</ns3:speed>
							<ns3:cad>0.0</ns3:cad>
							<ns3:hr>90</ns3:hr>
						</ns3:TrackPointExtension>
					</extensions>
			</trkpt>
			<trkpt lat="47.607555" lon="12.158309">
				<ele>529.0</ele>
				<time>2025-11-29T12:07:22Z</time>
				<desc><![CDATA[CommonTimeValuePoint(absoluteTime=1764418042, value=1.3513514)]]></desc>
					<extensions>
						<ns3:TrackPointExtension>
							<ns3:speed>0.7518797</ns3:speed>
							<ns3:cad>0.0</ns3:cad>
							<ns3:hr>92</ns3:hr>
						</ns3:TrackPointExtension>
					</extensions>
			</trkpt>
			<trkpt lat="47.607517" lon="12.158269">
				<ele>530.0</ele>
				<time>2025-11-29T12:07:28Z</time>
				<desc><![CDATA[CommonTimeValuePoint(absoluteTime=1764418048, value=1.4285715)]]></desc>
					<extensions>
						<ns3:TrackPointExtension>
							<ns3:speed>0.7092199</ns3:speed>
							<ns3:cad>0.0</ns3:cad>
							<ns3:hr>93</ns3:hr>
						</ns3:TrackPointExtension>
					</extensions>
			</trkpt>
			<trkpt lat="47.60748" lon="12.15823">
				<ele>530.0</ele>
				<time>2025-11-29T12:07:33Z</time>
				<desc><![CDATA[CommonTimeValuePoint(absoluteTime=1764418053, value=1.2345679)]]></desc>
					<extensions>
						<ns3:TrackPointExtension>
							<ns3:speed>0.8130081</ns3:speed>
							<ns3:cad>0.0</ns3:cad>
							<ns3:hr>97</ns3:hr>
						</ns3:TrackPointExtension>
					</extensions>
			</trkpt>
			<trkpt lat="47.607437" lon="12.158213">
				<ele>531.0</ele>
				<time>2025-11-29T12:07:38Z</time>
				<desc><![CDATA[CommonTimeValuePoint(absoluteTime=1764418058, value=1.2195122)]]></desc>
					<extensions>
						<ns3:TrackPointExtension>
							<ns3:speed>0.8333333</ns3:speed>
							<ns3:cad>0.0</ns3:cad>
							<ns3:hr>102</ns3:hr>
						</ns3:TrackPointExtension>
					</extensions>
			</trkpt>
			<trkpt lat="47.607384" lon="12.158188">
				<ele>532.0</ele>
				<time>2025-11-29T12:07:43Z</time>
				<desc><![CDATA[CommonTimeValuePoint(absoluteTime=1764418063, value=1.1904762)]]></desc>
					<extensions>
						<ns3:TrackPointExtension>
							<ns3:speed>0.84745765</ns3:speed>
							<ns3:cad>0.0</ns3:cad>
						</ns3:TrackPointExtension>
					</extensions>
			</trkpt>
			<trkpt lat="47.607346" lon="12.158148">
				<ele>533.0</ele>
				<time>2025-11-29T12:07:51Z</time>
				<desc><![CDATA[CommonTimeValuePoint(absoluteTime=1764418071, value=1.3333334)]]></desc>
					<extensions>
						<ns3:TrackPointExtension>
							<ns3:speed>0.75757575</ns3:speed>
							<ns3:cad>0.0</ns3:cad>
							<ns3:hr>102</ns3:hr>
						</ns3:TrackPointExtension>
					</extensions>
			</trkpt>
			<trkpt lat="47.607315" lon="12.158097">
				<ele>534.0</ele>
				<time>2025-11-29T12:07:58Z</time>
				<desc><![CDATA[CommonTimeValuePoint(absoluteTime=1764418078, value=1.3157895)]]></desc>
					<extensions>
						<ns3:TrackPointExtension>
							<ns3:speed>0.7692308</ns3:speed>
							<ns3:cad>0.0</ns3:cad>
							<ns3:hr>99</ns3:hr>
						</ns3:TrackPointExtension>
					</extensions>
			</trkpt>
			<trkpt lat="47.607265" lon="12.158072">
				<ele>534.0</ele>
				<time>2025-11-29T12:08:03Z</time>
				<desc><![CDATA[CommonTimeValuePoint(absoluteTime=1764418083, value=1.4285715)]]></desc>
					<extensions>
						<ns3:TrackPointExtension>
							<ns3:speed>0.7092199</ns3:speed>
							<ns3:cad>0.0</ns3:cad>
							<ns3:hr>97</ns3:hr>
						</ns3:TrackPointExtension>
					</extensions>
			</trkpt>
			<trkpt lat="47.60722" lon="12.15805">
				<ele>535.0</ele>
				<time>2025-11-29T12:08:08Z</time>
				<desc><![CDATA[CommonTimeValuePoint(absoluteTime=1764418088, value=1.2658228)]]></desc>
					<extensions>
						<ns3:TrackPointExtension>
							<ns3:speed>0.7936508</ns3:speed>
							<ns3:cad>0.0</ns3:cad>
							<ns3:hr>95</ns3:hr>
						</ns3:TrackPointExtension>
					</extensions>
			</trkpt>
			<trkpt lat="47.607174" lon="12.158013">
				<ele>535.0</ele>
				<time>2025-11-29T12:08:13Z</time>
				<desc><![CDATA[CommonTimeValuePoint(absoluteTime=1764418093, value=1.1363636)]]></desc>
					<extensions>
						<ns3:TrackPointExtension>
							<ns3:speed>0.89285713</ns3:speed>
							<ns3:cad>0.0</ns3:cad>
							<ns3:hr>95</ns3:hr>
						</ns3:TrackPointExtension>
					</extensions>
			</trkpt>
			<trkpt lat="47.607124" lon="12.157966">
				<ele>536.0</ele>
				<time>2025-11-29T12:08:19Z</time>
				<desc><![CDATA[CommonTimeValuePoint(absoluteTime=1764418099, value=1.2658228)]]></desc>
					<extensions>
						<ns3:TrackPointExtension>
							<ns3:speed>0.8</ns3:speed>
							<ns3:cad>0.0</ns3:cad>
						</ns3:TrackPointExtension>
					</extensions>
			</trkpt>
			<trkpt lat="47.60708" lon="12.157949">
				<ele>536.0</ele>
				<time>2025-11-29T12:08:24Z</time>
				<desc><![CDATA[CommonTimeValuePoint(absoluteTime=1764418104, value=0.990099)]]></desc>
					<extensions>
						<ns3:TrackPointExtension>
							<ns3:speed>1.0204082</ns3:speed>
							<ns3:cad>0.0</ns3:cad>
							<ns3:hr>93</ns3:hr>
						</ns3:TrackPointExtension>
					</extensions>
			</trkpt>
			<trkpt lat="47.607033" lon="12.157911">
				<ele>537.0</ele>
				<time>2025-11-29T12:08:30Z</time>
				<desc><![CDATA[CommonTimeValuePoint(absoluteTime=1764418110, value=1.0)]]></desc>
					<extensions>
						<ns3:TrackPointExtension>
							<ns3:speed>1.010101</ns3:speed>
							<ns3:cad>0.0</ns3:cad>
							<ns3:hr>98</ns3:hr>
						</ns3:TrackPointExtension>
					</extensions>
			</trkpt>
			<trkpt lat="47.60698" lon="12.157889">
				<ele>537.0</ele>
				<time>2025-11-29T12:08:36Z</time>
				<desc><![CDATA[CommonTimeValuePoint(absoluteTime=1764418116, value=1.1627907)]]></desc>
					<extensions>
						<ns3:TrackPointExtension>
							<ns3:speed>0.86956525</ns3:speed>
							<ns3:cad>0.0</ns3:cad>
							<ns3:hr>97</ns3:hr>
						</ns3:TrackPointExtension>
					</extensions>
			</trkpt>
			<trkpt lat="47.606934" lon="12.157886">
				<ele>537.0</ele>
				<time>2025-11-29T12:08:41Z</time>
				<desc><![CDATA[CommonTimeValuePoint(absoluteTime=1764418121, value=1.1904762)]]></desc>
					<extensions>
						<ns3:TrackPointExtension>
							<ns3:speed>0.85470086</ns3:speed>
							<ns3:cad>0.0</ns3:cad>
							<ns3:hr>97</ns3:hr>
						</ns3:TrackPointExtension>
					</extensions>
			</trkpt>
			<trkpt lat="47.60689" lon="12.157858">
				<ele>538.0</ele>
				<time>2025-11-29T12:08:47Z</time>
				<desc><![CDATA[CommonTimeValuePoint(absoluteTime=1764418127, value=0.990099)]]></desc>
					<extensions>
						<ns3:TrackPointExtension>
							<ns3:speed>1.0204082</ns3:speed>
							<ns3:cad>0.0</ns3:cad>
							<ns3:hr>98</ns3:hr>
						</ns3:TrackPointExtension>
					</extensions>
			</trkpt>
			<trkpt lat="47.60686" lon="12.157798">
				<ele>539.0</ele>
				<time>2025-11-29T12:08:53Z</time>
				<desc><![CDATA[CommonTimeValuePoint(absoluteTime=1764418133, value=1.0526316)]]></desc>
					<extensions>
						<ns3:TrackPointExtension>
							<ns3:speed>0.9615385</ns3:speed>
							<ns3:cad>0.0</ns3:cad>
							<ns3:hr>100</ns3:hr>
						</ns3:TrackPointExtension>
					</extensions>
			</trkpt>
			<trkpt lat="47.606823" lon="12.157747">
				<ele>539.0</ele>
				<time>2025-11-29T12:08:59Z</time>
				<desc><![CDATA[CommonTimeValuePoint(absoluteTime=1764418139, value=1.1235955)]]></desc>
					<extensions>
						<ns3:TrackPointExtension>
							<ns3:speed>0.9009009</ns3:speed>
							<ns3:cad>0.0</ns3:cad>
							<ns3:hr>97</ns3:hr>
						</ns3:TrackPointExtension>
					</extensions>
			</trkpt>
			<trkpt lat="47.606804" lon="12.157686">
				<ele>540.0</ele>
				<time>2025-11-29T12:09:05Z</time>
				<desc><![CDATA[CommonTimeValuePoint(absoluteTime=1764418145, value=1.2048193)]]></desc>
					<extensions>
						<ns3:TrackPointExtension>
							<ns3:speed>0.8333333</ns3:speed>
							<ns3:cad>0.0</ns3:cad>
							<ns3:hr>97</ns3:hr>
						</ns3:TrackPointExtension>
					</extensions>
			</trkpt>
			<trkpt lat="47.60677" lon="12.157628">
				<ele>541.0</ele>
				<time>2025-11-29T12:09:11Z</time>
				<desc><![CDATA[CommonTimeValuePoint(absoluteTime=1764418151, value=1.1363636)]]></desc>
					<extensions>
						<ns3:TrackPointExtension>
							<ns3:speed>0.88495576</ns3:speed>
							<ns3:cad>0.0</ns3:cad>
							<ns3:hr>97</ns3:hr>
						</ns3:TrackPointExtension>
					</extensions>
			</trkpt>
			<trkpt lat="47.606724" lon="12.157595">
				<ele>542.0</ele>
				<time>2025-11-29T12:09:18Z</time>
				<desc><![CDATA[CommonTimeValuePoint(absoluteTime=1764418158, value=1.2987013)]]></desc>
					<extensions>
						<ns3:TrackPointExtension>
							<ns3:speed>0.78125</ns3:speed>
							<ns3:cad>0.0</ns3:cad>
							<ns3:hr>97</ns3:hr>
						</ns3:TrackPointExtension>
					</extensions>
			</trkpt>
			<trkpt lat="47.606686" lon="12.157551">
				<ele>543.0</ele>
				<time>2025-11-29T12:09:23Z</time>
				<desc><![CDATA[CommonTimeValuePoint(absoluteTime=1764418163, value=1.2195122)]]></desc>
					<extensions>
						<ns3:TrackPointExtension>
							<ns3:speed>0.82644624</ns3:speed>
							<ns3:cad>0.0</ns3:cad>
							<ns3:hr>96</ns3:hr>
						</ns3:TrackPointExtension>
					</extensions>
			</trkpt>
			<trkpt lat="47.60665" lon="12.157501">
				<ele>543.0</ele>
				<time>2025-11-29T12:09:28Z</time>
				<desc><![CDATA[CommonTimeValuePoint(absoluteTime=1764418168, value=1.1111112)]]></desc>
					<extensions>
						<ns3:TrackPointExtension>
							<ns3:speed>0.9090909</ns3:speed>
							<ns3:cad>0.0</ns3:cad>
							<ns3:hr>102</ns3:hr>
						</ns3:TrackPointExtension>
					</extensions>
			</trkpt>
			<trkpt lat="47.60661" lon="12.157461">
				<ele>544.0</ele>
				<time>2025-11-29T12:09:33Z</time>
				<desc><![CDATA[CommonTimeValuePoint(absoluteTime=1764418173, value=1.0869565)]]></desc>
					<extensions>
						<ns3:TrackPointExtension>
							<ns3:speed>0.9345794</ns3:speed>
							<ns3:cad>0.0</ns3:cad>
							<ns3:hr>99</ns3:hr>
						</ns3:TrackPointExtension>
					</extensions>
			</trkpt>
			<trkpt lat="47.606564" lon="12.157426">
				<ele>545.0</ele>
				<time>2025-11-29T12:09:38Z</time>
				<desc><![CDATA[CommonTimeValuePoint(absoluteTime=1764418178, value=1.0204082)]]></desc>
					<extensions>
						<ns3:TrackPointExtension>
							<ns3:speed>0.990099</ns3:speed>
							<ns3:cad>0.0</ns3:cad>
						</ns3:TrackPointExtension>
					</extensions>
			</trkpt>
			<trkpt lat="47.606514" lon="12.157381">
				<ele>545.0</ele>
				<time>2025-11-29T12:09:43Z</time>
				<desc><![CDATA[CommonTimeValuePoint(absoluteTime=1764418183, value=1.0638298)]]></desc>
					<extensions>
						<ns3:TrackPointExtension>
							<ns3:speed>0.9433963</ns3:speed>
							<ns3:cad>0.0</ns3:cad>
							<ns3:hr>104</ns3:hr>
						</ns3:TrackPointExtension>
					</extensions>
			</trkpt>
			<trkpt lat="47.606464" lon="12.157348">
				<ele>545.0</ele>
				<time>2025-11-29T12:09:47Z</time>
				<desc><![CDATA[CommonTimeValuePoint(absoluteTime=1764418187, value=1.0309278)]]></desc>
					<extensions>
						<ns3:TrackPointExtension>
							<ns3:speed>0.98039216</ns3:speed>
							<ns3:cad>0.0</ns3:cad>
							<ns3:hr>102</ns3:hr>
						</ns3:TrackPointExtension>
					</extensions>
			</trkpt>
			<trkpt lat="47.606426" lon="12.157308">
				<ele>546.0</ele>
				<time>2025-11-29T12:09:51Z</time>
				<desc><![CDATA[CommonTimeValuePoint(absoluteTime=1764418191, value=1.0309278)]]></desc>
					<extensions>
						<ns3:TrackPointExtension>
							<ns3:speed>0.98039216</ns3:speed>
							<ns3:cad>0.0</ns3:cad>
							<ns3:hr>102</ns3:hr>
						</ns3:TrackPointExtension>
					</extensions>
			</trkpt>
			<trkpt lat="47.606388" lon="12.157271">
				<ele>546.0</ele>
				<time>2025-11-29T12:09:56Z</time>
				<desc><![CDATA[CommonTimeValuePoint(absoluteTime=1764418196, value=1.1235955)]]></desc>
					<extensions>
						<ns3:TrackPointExtension>
							<ns3:speed>0.9009009</ns3:speed>
							<ns3:cad>0.0</ns3:cad>
							<ns3:hr>105</ns3:hr>
						</ns3:TrackPointExtension>
					</extensions>
			</trkpt>
			<trkpt lat="47.606342" lon="12.157254">
				<ele>547.0</ele>
				<time>2025-11-29T12:10:01Z</time>
				<desc><![CDATA[CommonTimeValuePoint(absoluteTime=1764418201, value=1.2658228)]]></desc>
					<extensions>
						<ns3:TrackPointExtension>
							<ns3:speed>0.7936508</ns3:speed>
							<ns3:cad>0.0</ns3:cad>
							<ns3:hr>102</ns3:hr>
						</ns3:TrackPointExtension>
					</extensions>
			</trkpt>
			<trkpt lat="47.6063" lon="12.157211">
				<ele>549.0</ele>
				<time>2025-11-29T12:10:07Z</time>
				<desc><![CDATA[CommonTimeValuePoint(absoluteTime=1764418207, value=1.2345679)]]></desc>
					<extensions>
						<ns3:TrackPointExtension>
							<ns3:speed>0.8130081</ns3:speed>
							<ns3:cad>0.0</ns3:cad>
						</ns3:TrackPointExtension>
					</extensions>
			</trkpt>
			<trkpt lat="47.606247" lon="12.157181">
				<ele>549.0</ele>
				<time>2025-11-29T12:10:13Z</time>
				<desc><![CDATA[CommonTimeValuePoint(absoluteTime=1764418213, value=1.2195122)]]></desc>
					<extensions>
						<ns3:TrackPointExtension>
							<ns3:speed>0.8333333</ns3:speed>
							<ns3:cad>0.0</ns3:cad>
							<ns3:hr>102</ns3:hr>
						</ns3:TrackPointExtension>
					</extensions>
			</trkpt>
			<trkpt lat="47.606197" lon="12.157187">
				<ele>549.0</ele>
				<time>2025-11-29T12:10:18Z</time>
				<desc><![CDATA[CommonTimeValuePoint(absoluteTime=1764418218, value=1.1627907)]]></desc>
					<extensions>
						<ns3:TrackPointExtension>
							<ns3:speed>0.86956525</ns3:speed>
							<ns3:cad>0.0</ns3:cad>
							<ns3:hr>102</ns3:hr>
						</ns3:TrackPointExtension>
					</extensions>
			</trkpt>
			<trkpt lat="47.606148" lon="12.157169">
				<ele>550.0</ele>
				<time>2025-11-29T12:10:23Z</time>
				<desc><![CDATA[CommonTimeValuePoint(absoluteTime=1764418223, value=0.990099)]]></desc>
					<extensions>
						<ns3:TrackPointExtension>
							<ns3:speed>1.0204082</ns3:speed>
							<ns3:cad>0.0</ns3:cad>
							<ns3:hr>102</ns3:hr>
						</ns3:TrackPointExtension>
					</extensions>
			</trkpt>
			<trkpt lat="47.606106" lon="12.157127">
				<ele>551.0</ele>
				<time>2025-11-29T12:10:28Z</time>
				<desc><![CDATA[CommonTimeValuePoint(absoluteTime=1764418228, value=0.89285713)]]></desc>
					<extensions>
						<ns3:TrackPointExtension>
							<ns3:speed>1.1363636</ns3:speed>
							<ns3:cad>0.0</ns3:cad>
							<ns3:hr>100</ns3:hr>
						</ns3:TrackPointExtension>
					</extensions>
			</trkpt>
			<trkpt lat="47.606064" lon="12.157078">
				<ele>552.0</ele>
				<time>2025-11-29T12:10:34Z</time>
				<desc><![CDATA[CommonTimeValuePoint(absoluteTime=1764418234, value=1.0204082)]]></desc>
					<extensions>
						<ns3:TrackPointExtension>
							<ns3:speed>0.990099</ns3:speed>
							<ns3:cad>0.0</ns3:cad>
							<ns3:hr>100</ns3:hr>
						</ns3:TrackPointExtension>
					</extensions>
			</trkpt>
			<trkpt lat="47.606026" lon="12.157033">
				<ele>552.0</ele>
				<time>2025-11-29T12:10:42Z</time>
				<desc><![CDATA[CommonTimeValuePoint(absoluteTime=1764418242, value=1.2345679)]]></desc>
					<extensions>
						<ns3:TrackPointExtension>
							<ns3:speed>0.8196721</ns3:speed>
							<ns3:cad>0.0</ns3:cad>
						</ns3:TrackPointExtension>
					</extensions>
			</trkpt>
			<trkpt lat="47.605988" lon="12.156993">
				<ele>554.0</ele>
				<time>2025-11-29T12:10:49Z</time>
				<desc><![CDATA[CommonTimeValuePoint(absoluteTime=1764418249, value=1.4925373)]]></desc>
					<extensions>
						<ns3:TrackPointExtension>
							<ns3:speed>0.6756757</ns3:speed>
							<ns3:cad>0.0</ns3:cad>
							<ns3:hr>97</ns3:hr>
						</ns3:TrackPointExtension>
					</extensions>
			</trkpt>
			<trkpt lat="47.605946" lon="12.156941">
				<ele>555.0</ele>
				<time>2025-11-29T12:10:56Z</time>
				<desc><![CDATA[CommonTimeValuePoint(absoluteTime=1764418256, value=1.8)]]></desc>
					<extensions>
						<ns3:TrackPointExtension>
							<ns3:speed>0.5555556</ns3:speed>
							<ns3:cad>0.0</ns3:cad>
							<ns3:hr>102</ns3:hr>
						</ns3:TrackPointExtension>
					</extensions>
			</trkpt>
			<trkpt lat="47.605904" lon="12.156911">
				<ele>556.0</ele>
				<time>2025-11-29T12:11:02Z</time>
				<desc><![CDATA[CommonTimeValuePoint(absoluteTime=1764418262, value=1.7857143)]]></desc>
					<extensions>
						<ns3:TrackPointExtension>
							<ns3:speed>0.5681818</ns3:speed>
							<ns3:cad>0.0</ns3:cad>
							<ns3:hr>105</ns3:hr>
						</ns3:TrackPointExtension>
					</extensions>
			</trkpt>
			<trkpt lat="47.605858" lon="12.156868">
				<ele>557.0</ele>
				<time>2025-11-29T12:11:07Z</time>
				<desc><![CDATA[CommonTimeValuePoint(absoluteTime=1764418267, value=1.4925373)]]></desc>
					<extensions>
						<ns3:TrackPointExtension>
							<ns3:speed>0.6756757</ns3:speed>
							<ns3:cad>0.0</ns3:cad>
							<ns3:hr>103</ns3:hr>
						</ns3:TrackPointExtension>
					</extensions>
			</trkpt>
			<trkpt lat="47.605816" lon="12.156828">
				<ele>558.0</ele>
				<time>2025-11-29T12:11:13Z</time>
				<desc><![CDATA[CommonTimeValuePoint(absoluteTime=1764418273, value=1.4084507)]]></desc>
					<extensions>
						<ns3:TrackPointExtension>
							<ns3:speed>0.71428573</ns3:speed>
							<ns3:cad>0.0</ns3:cad>
						</ns3:TrackPointExtension>
					</extensions>
			</trkpt>
			<trkpt lat="47.605793" lon="12.156759">
				<ele>558.0</ele>
				<time>2025-11-29T12:11:19Z</time>
				<desc><![CDATA[CommonTimeValuePoint(absoluteTime=1764418279, value=1.2048193)]]></desc>
					<extensions>
						<ns3:TrackPointExtension>
							<ns3:speed>0.8403361</ns3:speed>
							<ns3:cad>0.0</ns3:cad>
							<ns3:hr>104</ns3:hr>
						</ns3:TrackPointExtension>
					</extensions>
			</trkpt>
			<trkpt lat="47.605755" lon="12.156711">
				<ele>559.0</ele>
				<time>2025-11-29T12:11:25Z</time>
				<desc><![CDATA[CommonTimeValuePoint(absoluteTime=1764418285, value=1.1111112)]]></desc>
					<extensions>
						<ns3:TrackPointExtension>
							<ns3:speed>0.9009009</ns3:speed>
							<ns3:cad>0.0</ns3:cad>
							<ns3:hr>110</ns3:hr>
						</ns3:TrackPointExtension>
					</extensions>
			</trkpt>
			<trkpt lat="47.605717" lon="12.156668">
				<ele>560.0</ele>
				<time>2025-11-29T12:11:31Z</time>
				<desc><![CDATA[CommonTimeValuePoint(absoluteTime=1764418291, value=1.1627907)]]></desc>
					<extensions>
						<ns3:TrackPointExtension>
							<ns3:speed>0.862069</ns3:speed>
							<ns3:cad>0.0</ns3:cad>
							<ns3:hr>110</ns3:hr>
						</ns3:TrackPointExtension>
					</extensions>
			</trkpt>
			<trkpt lat="47.60567" lon="12.156654">
				<ele>560.0</ele>
				<time>2025-11-29T12:11:36Z</time>
				<desc><![CDATA[CommonTimeValuePoint(absoluteTime=1764418296, value=1.1627907)]]></desc>
					<extensions>
						<ns3:TrackPointExtension>
							<ns3:speed>0.862069</ns3:speed>
							<ns3:cad>0.0</ns3:cad>
							<ns3:hr>109</ns3:hr>
						</ns3:TrackPointExtension>
					</extensions>
			</trkpt>
			<trkpt lat="47.60564" lon="12.156606">
				<ele>561.0</ele>
				<time>2025-11-29T12:11:41Z</time>
				<desc><![CDATA[CommonTimeValuePoint(absoluteTime=1764418301, value=1.1363636)]]></desc>
					<extensions>
						<ns3:TrackPointExtension>
							<ns3:speed>0.88495576</ns3:speed>
							<ns3:cad>0.0</ns3:cad>
							<ns3:hr>107</ns3:hr>
						</ns3:TrackPointExtension>
					</extensions>
			</trkpt>
			<trkpt lat="47.605606" lon="12.156556">
				<ele>561.0</ele>
				<time>2025-11-29T12:11:47Z</time>
				<desc><![CDATA[CommonTimeValuePoint(absoluteTime=1764418307, value=1.098901)]]></desc>
					<extensions>
						<ns3:TrackPointExtension>
							<ns3:speed>0.9174312</ns3:speed>
							<ns3:cad>0.0</ns3:cad>
							<ns3:hr>104</ns3:hr>
						</ns3:TrackPointExtension>
					</extensions>
			</trkpt>
			<trkpt lat="47.60557" lon="12.156511">
				<ele>561.0</ele>
				<time>2025-11-29T12:11:53Z</time>
				<desc><![CDATA[CommonTimeValuePoint(absoluteTime=1764418313, value=1.1494253)]]></desc>
					<extensions>
						<ns3:TrackPointExtension>
							<ns3:speed>0.877193</ns3:speed>
							<ns3:cad>0.0</ns3:cad>
							<ns3:hr>105</ns3:hr>
						</ns3:TrackPointExtension>
					</extensions>
			</trkpt>
			<trkpt lat="47.605534" lon="12.156463">
				<ele>562.0</ele>
				<time>2025-11-29T12:11:59Z</time>
				<desc><![CDATA[CommonTimeValuePoint(absoluteTime=1764418319, value=1.2048193)]]></desc>
					<extensions>
						<ns3:TrackPointExtension>
							<ns3:speed>0.8403361</ns3:speed>
							<ns3:cad>0.0</ns3:cad>
						</ns3:TrackPointExtension>
					</extensions>
			</trkpt>
			<trkpt lat="47.605495" lon="12.15642">
				<ele>563.0</ele>
				<time>2025-11-29T12:12:04Z</time>
				<desc><![CDATA[CommonTimeValuePoint(absoluteTime=1764418324, value=1.1235955)]]></desc>
					<extensions>
						<ns3:TrackPointExtension>
							<ns3:speed>0.89285713</ns3:speed>
							<ns3:cad>0.0</ns3:cad>
							<ns3:hr>106</ns3:hr>
						</ns3:TrackPointExtension>
					</extensions>
			</trkpt>
			<trkpt lat="47.605453" lon="12.156377">
				<ele>563.0</ele>
				<time>2025-11-29T12:12:08Z</time>
				<desc><![CDATA[CommonTimeValuePoint(absoluteTime=1764418328, value=1.1111112)]]></desc>
					<extensions>
						<ns3:TrackPointExtension>
							<ns3:speed>0.9090909</ns3:speed>
							<ns3:cad>0.0</ns3:cad>
							<ns3:hr>104</ns3:hr>
						</ns3:TrackPointExtension>
					</extensions>
			</trkpt>
			<trkpt lat="47.605404" lon="12.156349">
				<ele>564.0</ele>
				<time>2025-11-29T12:12:12Z</time>
				<desc><![CDATA[CommonTimeValuePoint(absoluteTime=1764418332, value=1.0638298)]]></desc>
					<extensions>
						<ns3:TrackPointExtension>
							<ns3:speed>0.9433963</ns3:speed>
							<ns3:cad>0.0</ns3:cad>
							<ns3:hr>104</ns3:hr>
						</ns3:TrackPointExtension>
					</extensions>
			</trkpt>
			<trkpt lat="47.60536" lon="12.156328">
				<ele>564.0</ele>
				<time>2025-11-29T12:12:16Z</time>
				<desc><![CDATA[CommonTimeValuePoint(absoluteTime=1764418336, value=1.098901)]]></desc>
					<extensions>
						<ns3:TrackPointExtension>
							<ns3:speed>0.9174312</ns3:speed>
							<ns3:cad>0.0</ns3:cad>
						</ns3:TrackPointExtension>
					</extensions>
			</trkpt>
			<trkpt lat="47.605305" lon="12.156291">
				<ele>564.0</ele>
				<time>2025-11-29T12:12:21Z</time>
				<desc><![CDATA[CommonTimeValuePoint(absoluteTime=1764418341, value=1.1494253)]]></desc>
					<extensions>
						<ns3:TrackPointExtension>
							<ns3:speed>0.877193</ns3:speed>
							<ns3:cad>0.0</ns3:cad>
							<ns3:hr>106</ns3:hr>
						</ns3:TrackPointExtension>
					</extensions>
			</trkpt>
			<trkpt lat="47.60526" lon="12.156264">
				<ele>564.0</ele>
				<time>2025-11-29T12:12:25Z</time>
				<desc><![CDATA[CommonTimeValuePoint(absoluteTime=1764418345, value=1.1494253)]]></desc>
					<extensions>
						<ns3:TrackPointExtension>
							<ns3:speed>0.877193</ns3:speed>
							<ns3:cad>0.0</ns3:cad>
						</ns3:TrackPointExtension>
					</extensions>
			</trkpt>
			<trkpt lat="47.605213" lon="12.156256">
				<ele>565.0</ele>
				<time>2025-11-29T12:12:29Z</time>
				<desc><![CDATA[CommonTimeValuePoint(absoluteTime=1764418349, value=1.1627907)]]></desc>
					<extensions>
						<ns3:TrackPointExtension>
							<ns3:speed>0.86956525</ns3:speed>
							<ns3:cad>0.0</ns3:cad>
							<ns3:hr>107</ns3:hr>
						</ns3:TrackPointExtension>
					</extensions>
			</trkpt>
			<trkpt lat="47.605175" lon="12.156203">
				<ele>565.0</ele>
				<time>2025-11-29T12:12:34Z</time>
				<desc><![CDATA[CommonTimeValuePoint(absoluteTime=1764418354, value=1.1904762)]]></desc>
					<extensions>
						<ns3:TrackPointExtension>
							<ns3:speed>0.84745765</ns3:speed>
							<ns3:cad>0.0</ns3:cad>
							<ns3:hr>107</ns3:hr>
						</ns3:TrackPointExtension>
					</extensions>
			</trkpt>
			<trkpt lat="47.605137" lon="12.156161">
				<ele>566.0</ele>
				<time>2025-11-29T12:12:39Z</time>
				<desc><![CDATA[CommonTimeValuePoint(absoluteTime=1764418359, value=1.2345679)]]></desc>
					<extensions>
						<ns3:TrackPointExtension>
							<ns3:speed>0.8130081</ns3:speed>
							<ns3:cad>0.0</ns3:cad>
						</ns3:TrackPointExtension>
					</extensions>
			</trkpt>
			<trkpt lat="47.605103" lon="12.156113">
				<ele>566.0</ele>
				<time>2025-11-29T12:12:44Z</time>
				<desc><![CDATA[CommonTimeValuePoint(absoluteTime=1764418364, value=1.2048193)]]></desc>
					<extensions>
						<ns3:TrackPointExtension>
							<ns3:speed>0.8333333</ns3:speed>
							<ns3:cad>0.0</ns3:cad>
							<ns3:hr>106</ns3:hr>
						</ns3:TrackPointExtension>
					</extensions>
			</trkpt>
			<trkpt lat="47.60506" lon="12.156058">
				<ele>566.0</ele>
				<time>2025-11-29T12:12:49Z</time>
				<desc><![CDATA[CommonTimeValuePoint(absoluteTime=1764418369, value=1.25)]]></desc>
					<extensions>
						<ns3:TrackPointExtension>
							<ns3:speed>0.8064516</ns3:speed>
							<ns3:cad>0.0</ns3:cad>
						</ns3:TrackPointExtension>
					</extensions>
			</trkpt>
			<trkpt lat="47.605034" lon="12.155999">
				<ele>566.0</ele>
				<time>2025-11-29T12:12:54Z</time>
				<desc><![CDATA[CommonTimeValuePoint(absoluteTime=1764418374, value=1.1111112)]]></desc>
					<extensions>
						<ns3:TrackPointExtension>
							<ns3:speed>0.9090909</ns3:speed>
							<ns3:cad>0.0</ns3:cad>
						</ns3:TrackPointExtension>
					</extensions>
			</trkpt>
			<trkpt lat="47.604984" lon="12.155965">
				<ele>566.0</ele>
				<time>2025-11-29T12:12:59Z</time>
				<desc><![CDATA[CommonTimeValuePoint(absoluteTime=1764418379, value=1.2195122)]]></desc>
					<extensions>
						<ns3:TrackPointExtension>
							<ns3:speed>0.82644624</ns3:speed>
							<ns3:cad>0.0</ns3:cad>
							<ns3:hr>106</ns3:hr>
						</ns3:TrackPointExtension>
					</extensions>
			</trkpt>
			<trkpt lat="47.604954" lon="12.155906">
				<ele>566.0</ele>
				<time>2025-11-29T12:13:03Z</time>
				<desc><![CDATA[CommonTimeValuePoint(absoluteTime=1764418383, value=1.2658228)]]></desc>
					<extensions>
						<ns3:TrackPointExtension>
							<ns3:speed>0.8</ns3:speed>
							<ns3:cad>0.0</ns3:cad>
							<ns3:hr>106</ns3:hr>
						</ns3:TrackPointExtension>
					</extensions>
			</trkpt>
			<trkpt lat="47.604904" lon="12.155865">
				<ele>567.0</ele>
				<time>2025-11-29T12:13:07Z</time>
				<desc><![CDATA[CommonTimeValuePoint(absoluteTime=1764418387, value=1.1627907)]]></desc>
					<extensions>
						<ns3:TrackPointExtension>
							<ns3:speed>0.862069</ns3:speed>
							<ns3:cad>0.0</ns3:cad>
							<ns3:hr>108</ns3:hr>
						</ns3:TrackPointExtension>
					</extensions>
			</trkpt>
			<trkpt lat="47.60487" lon="12.155814">
				<ele>567.0</ele>
				<time>2025-11-29T12:13:11Z</time>
				<desc><![CDATA[CommonTimeValuePoint(absoluteTime=1764418391, value=1.098901)]]></desc>
					<extensions>
						<ns3:TrackPointExtension>
							<ns3:speed>0.9174312</ns3:speed>
							<ns3:cad>0.0</ns3:cad>
						</ns3:TrackPointExtension>
					</extensions>
			</trkpt>
			<trkpt lat="47.60484" lon="12.155754">
				<ele>567.0</ele>
				<time>2025-11-29T12:13:15Z</time>
				<desc><![CDATA[CommonTimeValuePoint(absoluteTime=1764418395, value=1.0526316)]]></desc>
					<extensions>
						<ns3:TrackPointExtension>
							<ns3:speed>0.952381</ns3:speed>
							<ns3:cad>0.0</ns3:cad>
							<ns3:hr>107</ns3:hr>
						</ns3:TrackPointExtension>
					</extensions>
			</trkpt>
			<trkpt lat="47.6048" lon="12.1557045">
				<ele>568.0</ele>
				<time>2025-11-29T12:13:21Z</time>
				<desc><![CDATA[CommonTimeValuePoint(absoluteTime=1764418401, value=1.369863)]]></desc>
					<extensions>
						<ns3:TrackPointExtension>
							<ns3:speed>0.7352941</ns3:speed>
							<ns3:cad>0.0</ns3:cad>
							<ns3:hr>111</ns3:hr>
						</ns3:TrackPointExtension>
					</extensions>
			</trkpt>
			<trkpt lat="47.604755" lon="12.155663">
				<ele>568.0</ele>
				<time>2025-11-29T12:13:26Z</time>
				<desc><![CDATA[CommonTimeValuePoint(absoluteTime=1764418406, value=1.3513514)]]></desc>
					<extensions>
						<ns3:TrackPointExtension>
							<ns3:speed>0.74626863</ns3:speed>
							<ns3:cad>0.0</ns3:cad>
							<ns3:hr>109</ns3:hr>
						</ns3:TrackPointExtension>
					</extensions>
			</trkpt>
			<trkpt lat="47.604717" lon="12.155626">
				<ele>568.0</ele>
				<time>2025-11-29T12:13:31Z</time>
				<desc><![CDATA[CommonTimeValuePoint(absoluteTime=1764418411, value=1.3333334)]]></desc>
					<extensions>
						<ns3:TrackPointExtension>
							<ns3:speed>0.75757575</ns3:speed>
							<ns3:cad>0.0</ns3:cad>
							<ns3:hr>110</ns3:hr>
						</ns3:TrackPointExtension>
					</extensions>
			</trkpt>
			<trkpt lat="47.60468" lon="12.155578">
				<ele>569.0</ele>
				<time>2025-11-29T12:13:37Z</time>
				<desc><![CDATA[CommonTimeValuePoint(absoluteTime=1764418417, value=1.3333334)]]></desc>
					<extensions>
						<ns3:TrackPointExtension>
							<ns3:speed>0.76335883</ns3:speed>
							<ns3:cad>0.0</ns3:cad>
							<ns3:hr>111</ns3:hr>
						</ns3:TrackPointExtension>
					</extensions>
			</trkpt>
			<trkpt lat="47.60464" lon="12.155541">
				<ele>569.0</ele>
				<time>2025-11-29T12:13:42Z</time>
				<desc><![CDATA[CommonTimeValuePoint(absoluteTime=1764418422, value=1.5625)]]></desc>
					<extensions>
						<ns3:TrackPointExtension>
							<ns3:speed>0.64935064</ns3:speed>
							<ns3:cad>0.0</ns3:cad>
							<ns3:hr>111</ns3:hr>
						</ns3:TrackPointExtension>
					</extensions>
			</trkpt>
			<trkpt lat="47.60459" lon="12.155513">
				<ele>570.0</ele>
				<time>2025-11-29T12:13:47Z</time>
				<desc><![CDATA[CommonTimeValuePoint(absoluteTime=1764418427, value=1.4285715)]]></desc>
					<extensions>
						<ns3:TrackPointExtension>
							<ns3:speed>0.70422536</ns3:speed>
							<ns3:cad>0.0</ns3:cad>
							<ns3:hr>109</ns3:hr>
						</ns3:TrackPointExtension>
					</extensions>
			</trkpt>
			<trkpt lat="47.60455" lon="12.155476">
				<ele>570.0</ele>
				<time>2025-11-29T12:13:52Z</time>
				<desc><![CDATA[CommonTimeValuePoint(absoluteTime=1764418432, value=1.1904762)]]></desc>
					<extensions>
						<ns3:TrackPointExtension>
							<ns3:speed>0.85470086</ns3:speed>
							<ns3:cad>0.0</ns3:cad>
							<ns3:hr>109</ns3:hr>
						</ns3:TrackPointExtension>
					</extensions>
			</trkpt>
			<trkpt lat="47.604507" lon="12.155436">
				<ele>571.0</ele>
				<time>2025-11-29T12:13:57Z</time>
				<desc><![CDATA[CommonTimeValuePoint(absoluteTime=1764418437, value=1.1235955)]]></desc>
					<extensions>
						<ns3:TrackPointExtension>
							<ns3:speed>0.9009009</ns3:speed>
							<ns3:cad>0.0</ns3:cad>
							<ns3:hr>109</ns3:hr>
						</ns3:TrackPointExtension>
					</extensions>
			</trkpt>
			<trkpt lat="47.604477" lon="12.155365">
				<ele>571.0</ele>
				<time>2025-11-29T12:14:02Z</time>
				<desc><![CDATA[CommonTimeValuePoint(absoluteTime=1764418442, value=1.2658228)]]></desc>
					<extensions>
						<ns3:TrackPointExtension>
							<ns3:speed>0.8</ns3:speed>
							<ns3:cad>0.0</ns3:cad>
							<ns3:hr>108</ns3:hr>
						</ns3:TrackPointExtension>
					</extensions>
			</trkpt>
			<trkpt lat="47.604443" lon="12.155319">
				<ele>571.0</ele>
				<time>2025-11-29T12:14:07Z</time>
				<desc><![CDATA[CommonTimeValuePoint(absoluteTime=1764418447, value=1.2658228)]]></desc>
					<extensions>
						<ns3:TrackPointExtension>
							<ns3:speed>0.8</ns3:speed>
							<ns3:cad>0.0</ns3:cad>
							<ns3:hr>107</ns3:hr>
						</ns3:TrackPointExtension>
					</extensions>
			</trkpt>
			<trkpt lat="47.604424" lon="12.155252">
				<ele>571.0</ele>
				<time>2025-11-29T12:14:12Z</time>
				<desc><![CDATA[CommonTimeValuePoint(absoluteTime=1764418452, value=1.2820513)]]></desc>
					<extensions>
						<ns3:TrackPointExtension>
							<ns3:speed>0.78740156</ns3:speed>
							<ns3:cad>0.0</ns3:cad>
							<ns3:hr>107</ns3:hr>
						</ns3:TrackPointExtension>
					</extensions>
			</trkpt>
			<trkpt lat="47.60439" lon="12.155191">
				<ele>572.0</ele>
				<time>2025-11-29T12:14:17Z</time>
				<desc><![CDATA[CommonTimeValuePoint(absoluteTime=1764418457, value=1.1764705)]]></desc>
					<extensions>
						<ns3:TrackPointExtension>
							<ns3:speed>0.85470086</ns3:speed>
							<ns3:cad>0.0</ns3:cad>
							<ns3:hr>107</ns3:hr>
						</ns3:TrackPointExtension>
					</extensions>
			</trkpt>
			<trkpt lat="47.60436" lon="12.155129">
				<ele>572.0</ele>
				<time>2025-11-29T12:14:22Z</time>
				<desc><![CDATA[CommonTimeValuePoint(absoluteTime=1764418462, value=1.0)]]></desc>
					<extensions>
						<ns3:TrackPointExtension>
							<ns3:speed>1.0</ns3:speed>
							<ns3:cad>0.0</ns3:cad>
							<ns3:hr>106</ns3:hr>
						</ns3:TrackPointExtension>
					</extensions>
			</trkpt>
			<trkpt lat="47.60435" lon="12.155051">
				<ele>573.0</ele>
				<time>2025-11-29T12:14:27Z</time>
				<desc><![CDATA[CommonTimeValuePoint(absoluteTime=1764418467, value=0.9259259)]]></desc>
					<extensions>
						<ns3:TrackPointExtension>
							<ns3:speed>1.0869565</ns3:speed>
							<ns3:cad>0.0</ns3:cad>
							<ns3:hr>107</ns3:hr>
						</ns3:TrackPointExtension>
					</extensions>
			</trkpt>
			<trkpt lat="47.60431" lon="12.155006">
				<ele>573.0</ele>
				<time>2025-11-29T12:14:32Z</time>
				<desc><![CDATA[CommonTimeValuePoint(absoluteTime=1764418472, value=0.9345794)]]></desc>
					<extensions>
						<ns3:TrackPointExtension>
							<ns3:speed>1.0869565</ns3:speed>
							<ns3:cad>0.0</ns3:cad>
							<ns3:hr>107</ns3:hr>
						</ns3:TrackPointExtension>
					</extensions>
			</trkpt>
			<trkpt lat="47.604267" lon="12.154962">
				<ele>574.0</ele>
				<time>2025-11-29T12:14:37Z</time>
				<desc><![CDATA[CommonTimeValuePoint(absoluteTime=1764418477, value=1.0309278)]]></desc>
					<extensions>
						<ns3:TrackPointExtension>
							<ns3:speed>0.97087383</ns3:speed>
							<ns3:cad>0.0</ns3:cad>
							<ns3:hr>106</ns3:hr>
						</ns3:TrackPointExtension>
					</extensions>
			</trkpt>
			<trkpt lat="47.60422" lon="12.1549425">
				<ele>574.0</ele>
				<time>2025-11-29T12:14:41Z</time>
				<desc><![CDATA[CommonTimeValuePoint(absoluteTime=1764418481, value=1.0638298)]]></desc>
					<extensions>
						<ns3:TrackPointExtension>
							<ns3:speed>0.9433963</ns3:speed>
							<ns3:cad>0.0</ns3:cad>
							<ns3:hr>106</ns3:hr>
						</ns3:TrackPointExtension>
					</extensions>
			</trkpt>
			<trkpt lat="47.604183" lon="12.154897">
				<ele>575.0</ele>
				<time>2025-11-29T12:14:46Z</time>
				<desc><![CDATA[CommonTimeValuePoint(absoluteTime=1764418486, value=1.1111112)]]></desc>
					<extensions>
						<ns3:TrackPointExtension>
							<ns3:speed>0.9090909</ns3:speed>
							<ns3:cad>0.0</ns3:cad>
							<ns3:hr>106</ns3:hr>
						</ns3:TrackPointExtension>
					</extensions>
			</trkpt>
			<trkpt lat="47.604153" lon="12.154851">
				<ele>575.0</ele>
				<time>2025-11-29T12:14:50Z</time>
				<desc><![CDATA[CommonTimeValuePoint(absoluteTime=1764418490, value=1.0526316)]]></desc>
					<extensions>
						<ns3:TrackPointExtension>
							<ns3:speed>0.952381</ns3:speed>
							<ns3:cad>0.0</ns3:cad>
							<ns3:hr>105</ns3:hr>
						</ns3:TrackPointExtension>
					</extensions>
			</trkpt>
			<trkpt lat="47.60411" lon="12.1548195">
				<ele>576.0</ele>
				<time>2025-11-29T12:14:54Z</time>
				<desc><![CDATA[CommonTimeValuePoint(absoluteTime=1764418494, value=1.1235955)]]></desc>
					<extensions>
						<ns3:TrackPointExtension>
							<ns3:speed>0.9009009</ns3:speed>
							<ns3:cad>0.0</ns3:cad>
							<ns3:hr>106</ns3:hr>
						</ns3:TrackPointExtension>
					</extensions>
			</trkpt>
			<trkpt lat="47.604065" lon="12.154798">
				<ele>576.0</ele>
				<time>2025-11-29T12:14:58Z</time>
				<desc><![CDATA[CommonTimeValuePoint(absoluteTime=1764418498, value=1.0526316)]]></desc>
					<extensions>
						<ns3:TrackPointExtension>
							<ns3:speed>0.952381</ns3:speed>
							<ns3:cad>0.0</ns3:cad>
							<ns3:hr>108</ns3:hr>
						</ns3:TrackPointExtension>
					</extensions>
			</trkpt>
			<trkpt lat="47.604008" lon="12.154786">
				<ele>576.0</ele>
				<time>2025-11-29T12:15:02Z</time>
				<desc><![CDATA[CommonTimeValuePoint(absoluteTime=1764418502, value=1.0204082)]]></desc>
					<extensions>
						<ns3:TrackPointExtension>
							<ns3:speed>0.990099</ns3:speed>
							<ns3:cad>0.0</ns3:cad>
							<ns3:hr>109</ns3:hr>
						</ns3:TrackPointExtension>
					</extensions>
			</trkpt>
			<trkpt lat="47.603962" lon="12.154757">
				<ele>576.0</ele>
				<time>2025-11-29T12:15:08Z</time>
				<desc><![CDATA[CommonTimeValuePoint(absoluteTime=1764418508, value=1.098901)]]></desc>
					<extensions>
						<ns3:TrackPointExtension>
							<ns3:speed>0.9259259</ns3:speed>
							<ns3:cad>0.0</ns3:cad>
							<ns3:hr>111</ns3:hr>
						</ns3:TrackPointExtension>
					</extensions>
			</trkpt>
			<trkpt lat="47.603916" lon="12.154713">
				<ele>577.0</ele>
				<time>2025-11-29T12:15:14Z</time>
				<desc><![CDATA[CommonTimeValuePoint(absoluteTime=1764418514, value=1.8)]]></desc>
					<extensions>
						<ns3:TrackPointExtension>
							<ns3:speed>0.5555556</ns3:speed>
							<ns3:cad>0.0</ns3:cad>
							<ns3:hr>112</ns3:hr>
						</ns3:TrackPointExtension>
					</extensions>
			</trkpt>
			<trkpt lat="47.60387" lon="12.154675">
				<ele>577.0</ele>
				<time>2025-11-29T12:15:19Z</time>
				<desc><![CDATA[CommonTimeValuePoint(absoluteTime=1764418519, value=1.1904762)]]></desc>
					<extensions>
						<ns3:TrackPointExtension>
							<ns3:speed>0.84745765</ns3:speed>
							<ns3:cad>0.0</ns3:cad>
							<ns3:hr>113</ns3:hr>
						</ns3:TrackPointExtension>
					</extensions>
			</trkpt>
			<trkpt lat="47.603836" lon="12.154628">
				<ele>576.0</ele>
				<time>2025-11-29T12:15:24Z</time>
				<desc><![CDATA[CommonTimeValuePoint(absoluteTime=1764418524, value=1.1494253)]]></desc>
					<extensions>
						<ns3:TrackPointExtension>
							<ns3:speed>0.877193</ns3:speed>
							<ns3:cad>0.0</ns3:cad>
						</ns3:TrackPointExtension>
					</extensions>
			</trkpt>
			<trkpt lat="47.60379" lon="12.154585">
				<ele>576.0</ele>
				<time>2025-11-29T12:15:30Z</time>
				<desc><![CDATA[CommonTimeValuePoint(absoluteTime=1764418530, value=1.0869565)]]></desc>
					<extensions>
						<ns3:TrackPointExtension>
							<ns3:speed>0.9259259</ns3:speed>
							<ns3:cad>0.0</ns3:cad>
							<ns3:hr>114</ns3:hr>
						</ns3:TrackPointExtension>
					</extensions>
			</trkpt>
			<trkpt lat="47.60375" lon="12.154547">
				<ele>577.0</ele>
				<time>2025-11-29T12:15:35Z</time>
				<desc><![CDATA[CommonTimeValuePoint(absoluteTime=1764418535, value=1.0526316)]]></desc>
					<extensions>
						<ns3:TrackPointExtension>
							<ns3:speed>0.9615385</ns3:speed>
							<ns3:cad>0.0</ns3:cad>
							<ns3:hr>114</ns3:hr>
						</ns3:TrackPointExtension>
					</extensions>
			</trkpt>
			<trkpt lat="47.603703" lon="12.154509">
				<ele>578.0</ele>
				<time>2025-11-29T12:15:39Z</time>
				<desc><![CDATA[CommonTimeValuePoint(absoluteTime=1764418539, value=0.9615385)]]></desc>
					<extensions>
						<ns3:TrackPointExtension>
							<ns3:speed>1.0526316</ns3:speed>
							<ns3:cad>0.0</ns3:cad>
							<ns3:hr>113</ns3:hr>
						</ns3:TrackPointExtension>
					</extensions>
			</trkpt>
			<trkpt lat="47.603657" lon="12.154485">
				<ele>580.0</ele>
				<time>2025-11-29T12:15:43Z</time>
				<desc><![CDATA[CommonTimeValuePoint(absoluteTime=1764418543, value=0.88495576)]]></desc>
					<extensions>
						<ns3:TrackPointExtension>
							<ns3:speed>1.1494253</ns3:speed>
							<ns3:cad>0.0</ns3:cad>
						</ns3:TrackPointExtension>
					</extensions>
			</trkpt>
			<trkpt lat="47.603607" lon="12.154468">
				<ele>581.0</ele>
				<time>2025-11-29T12:15:47Z</time>
				<desc><![CDATA[CommonTimeValuePoint(absoluteTime=1764418547, value=0.86956525)]]></desc>
					<extensions>
						<ns3:TrackPointExtension>
							<ns3:speed>1.1627907</ns3:speed>
							<ns3:cad>0.0</ns3:cad>
							<ns3:hr>111</ns3:hr>
						</ns3:TrackPointExtension>
					</extensions>
			</trkpt>
			<trkpt lat="47.603554" lon="12.154449">
				<ele>582.0</ele>
				<time>2025-11-29T12:15:52Z</time>
				<desc><![CDATA[CommonTimeValuePoint(absoluteTime=1764418552, value=0.9615385)]]></desc>
					<extensions>
						<ns3:TrackPointExtension>
							<ns3:speed>1.0526316</ns3:speed>
							<ns3:cad>0.0</ns3:cad>
							<ns3:hr>112</ns3:hr>
						</ns3:TrackPointExtension>
					</extensions>
			</trkpt>
			<trkpt lat="47.603516" lon="12.154391">
				<ele>582.0</ele>
				<time>2025-11-29T12:15:57Z</time>
				<desc><![CDATA[CommonTimeValuePoint(absoluteTime=1764418557, value=1.0526316)]]></desc>
					<extensions>
						<ns3:TrackPointExtension>
							<ns3:speed>0.9615385</ns3:speed>
							<ns3:cad>0.0</ns3:cad>
							<ns3:hr>111</ns3:hr>
						</ns3:TrackPointExtension>
					</extensions>
			</trkpt>
			<trkpt lat="47.603477" lon="12.154348">
				<ele>582.0</ele>
				<time>2025-11-29T12:16:01Z</time>
				<desc><![CDATA[CommonTimeValuePoint(absoluteTime=1764418561, value=1.0752689)]]></desc>
					<extensions>
						<ns3:TrackPointExtension>
							<ns3:speed>0.9345794</ns3:speed>
							<ns3:cad>0.0</ns3:cad>
							<ns3:hr>112</ns3:hr>
						</ns3:TrackPointExtension>
					</extensions>
			</trkpt>
			<trkpt lat="47.60344" lon="12.154288">
				<ele>583.0</ele>
				<time>2025-11-29T12:16:05Z</time>
				<desc><![CDATA[CommonTimeValuePoint(absoluteTime=1764418565, value=0.9259259)]]></desc>
					<extensions>
						<ns3:TrackPointExtension>
							<ns3:speed>1.0869565</ns3:speed>
							<ns3:cad>0.0</ns3:cad>
							<ns3:hr>112</ns3:hr>
						</ns3:TrackPointExtension>
					</extensions>
			</trkpt>
			<trkpt lat="47.60341" lon="12.15423">
				<ele>584.0</ele>
				<time>2025-11-29T12:16:10Z</time>
				<desc><![CDATA[CommonTimeValuePoint(absoluteTime=1764418570, value=0.9615385)]]></desc>
					<extensions>
						<ns3:TrackPointExtension>
							<ns3:speed>1.0416667</ns3:speed>
							<ns3:cad>0.0</ns3:cad>
							<ns3:hr>110</ns3:hr>
						</ns3:TrackPointExtension>
					</extensions>
			</trkpt>
			<trkpt lat="47.603367" lon="12.15419">
				<ele>584.0</ele>
				<time>2025-11-29T12:16:15Z</time>
				<desc><![CDATA[CommonTimeValuePoint(absoluteTime=1764418575, value=1.0204082)]]></desc>
					<extensions>
						<ns3:TrackPointExtension>
							<ns3:speed>0.990099</ns3:speed>
							<ns3:cad>0.0</ns3:cad>
							<ns3:hr>113</ns3:hr>
						</ns3:TrackPointExtension>
					</extensions>
			</trkpt>
			<trkpt lat="47.603333" lon="12.154135">
				<ele>584.0</ele>
				<time>2025-11-29T12:16:20Z</time>
				<desc><![CDATA[CommonTimeValuePoint(absoluteTime=1764418580, value=1.0638298)]]></desc>
					<extensions>
						<ns3:TrackPointExtension>
							<ns3:speed>0.952381</ns3:speed>
							<ns3:cad>0.0</ns3:cad>
							<ns3:hr>113</ns3:hr>
						</ns3:TrackPointExtension>
					</extensions>
			</trkpt>
			<trkpt lat="47.6033" lon="12.154083">
				<ele>585.0</ele>
				<time>2025-11-29T12:16:26Z</time>
				<desc><![CDATA[CommonTimeValuePoint(absoluteTime=1764418586, value=1.0752689)]]></desc>
					<extensions>
						<ns3:TrackPointExtension>
							<ns3:speed>0.9345794</ns3:speed>
							<ns3:cad>0.0</ns3:cad>
							<ns3:hr>114</ns3:hr>
						</ns3:TrackPointExtension>
					</extensions>
			</trkpt>
			<trkpt lat="47.603268" lon="12.15403">
				<ele>586.0</ele>
				<time>2025-11-29T12:16:31Z</time>
				<desc><![CDATA[CommonTimeValuePoint(absoluteTime=1764418591, value=1.1111112)]]></desc>
					<extensions>
						<ns3:TrackPointExtension>
							<ns3:speed>0.9009009</ns3:speed>
							<ns3:cad>0.0</ns3:cad>
							<ns3:hr>114</ns3:hr>
						</ns3:TrackPointExtension>
					</extensions>
			</trkpt>
			<trkpt lat="47.60323" lon="12.153978">
				<ele>586.0</ele>
				<time>2025-11-29T12:16:36Z</time>
				<desc><![CDATA[CommonTimeValuePoint(absoluteTime=1764418596, value=1.0526316)]]></desc>
					<extensions>
						<ns3:TrackPointExtension>
							<ns3:speed>0.9615385</ns3:speed>
							<ns3:cad>0.0</ns3:cad>
							<ns3:hr>111</ns3:hr>
						</ns3:TrackPointExtension>
					</extensions>
			</trkpt>
			<trkpt lat="47.603184" lon="12.153943">
				<ele>587.0</ele>
				<time>2025-11-29T12:16:41Z</time>
				<desc><![CDATA[CommonTimeValuePoint(absoluteTime=1764418601, value=0.9615385)]]></desc>
					<extensions>
						<ns3:TrackPointExtension>
							<ns3:speed>1.0526316</ns3:speed>
							<ns3:cad>0.0</ns3:cad>
							<ns3:hr>111</ns3:hr>
						</ns3:TrackPointExtension>
					</extensions>
			</trkpt>
			<trkpt lat="47.603138" lon="12.153903">
				<ele>588.0</ele>
				<time>2025-11-29T12:16:47Z</time>
				<desc><![CDATA[CommonTimeValuePoint(absoluteTime=1764418607, value=0.9615385)]]></desc>
					<extensions>
						<ns3:TrackPointExtension>
							<ns3:speed>1.0526316</ns3:speed>
							<ns3:cad>0.0</ns3:cad>
							<ns3:hr>111</ns3:hr>
						</ns3:TrackPointExtension>
					</extensions>
			</trkpt>
			<trkpt lat="47.60309" lon="12.153876">
				<ele>588.0</ele>
				<time>2025-11-29T12:16:52Z</time>
				<desc><![CDATA[CommonTimeValuePoint(absoluteTime=1764418612, value=0.862069)]]></desc>
					<extensions>
						<ns3:TrackPointExtension>
							<ns3:speed>1.1627907</ns3:speed>
							<ns3:cad>0.0</ns3:cad>
							<ns3:hr>114</ns3:hr>
						</ns3:TrackPointExtension>
					</extensions>
			</trkpt>
			<trkpt lat="47.60305" lon="12.153843">
				<ele>588.0</ele>
				<time>2025-11-29T12:16:56Z</time>
				<desc><![CDATA[CommonTimeValuePoint(absoluteTime=1764418616, value=0.88495576)]]></desc>
					<extensions>
						<ns3:TrackPointExtension>
							<ns3:speed>1.1363636</ns3:speed>
							<ns3:cad>0.0</ns3:cad>
							<ns3:hr>115</ns3:hr>
						</ns3:TrackPointExtension>
					</extensions>
			</trkpt>
			<trkpt lat="47.60301" lon="12.153807">
				<ele>588.0</ele>
				<time>2025-11-29T12:17:00Z</time>
				<desc><![CDATA[CommonTimeValuePoint(absoluteTime=1764418620, value=0.9090909)]]></desc>
					<extensions>
						<ns3:TrackPointExtension>
							<ns3:speed>1.1111112</ns3:speed>
							<ns3:cad>0.0</ns3:cad>
						</ns3:TrackPointExtension>
					</extensions>
			</trkpt>
			<trkpt lat="47.602966" lon="12.153762">
				<ele>588.0</ele>
				<time>2025-11-29T12:17:04Z</time>
				<desc><![CDATA[CommonTimeValuePoint(absoluteTime=1764418624, value=0.952381)]]></desc>
					<extensions>
						<ns3:TrackPointExtension>
							<ns3:speed>1.0638298</ns3:speed>
							<ns3:cad>0.0</ns3:cad>
							<ns3:hr>114</ns3:hr>
						</ns3:TrackPointExtension>
					</extensions>
			</trkpt>
			<trkpt lat="47.602924" lon="12.153715">
				<ele>588.0</ele>
				<time>2025-11-29T12:17:08Z</time>
				<desc><![CDATA[CommonTimeValuePoint(absoluteTime=1764418628, value=0.97087383)]]></desc>
					<extensions>
						<ns3:TrackPointExtension>
							<ns3:speed>1.0416667</ns3:speed>
							<ns3:cad>0.0</ns3:cad>
						</ns3:TrackPointExtension>
					</extensions>
			</trkpt>
			<trkpt lat="47.602886" lon="12.153673">
				<ele>588.0</ele>
				<time>2025-11-29T12:17:13Z</time>
				<desc><![CDATA[CommonTimeValuePoint(absoluteTime=1764418633, value=1.0309278)]]></desc>
					<extensions>
						<ns3:TrackPointExtension>
							<ns3:speed>0.98039216</ns3:speed>
							<ns3:cad>0.0</ns3:cad>
							<ns3:hr>114</ns3:hr>
						</ns3:TrackPointExtension>
					</extensions>
			</trkpt>
			<trkpt lat="47.602844" lon="12.153638">
				<ele>588.0</ele>
				<time>2025-11-29T12:17:17Z</time>
				<desc><![CDATA[CommonTimeValuePoint(absoluteTime=1764418637, value=1.0)]]></desc>
					<extensions>
						<ns3:TrackPointExtension>
							<ns3:speed>1.010101</ns3:speed>
							<ns3:cad>0.0</ns3:cad>
							<ns3:hr>112</ns3:hr>
						</ns3:TrackPointExtension>
					</extensions>
			</trkpt>
			<trkpt lat="47.602806" lon="12.153603">
				<ele>590.0</ele>
				<time>2025-11-29T12:17:21Z</time>
				<desc><![CDATA[CommonTimeValuePoint(absoluteTime=1764418641, value=0.97087383)]]></desc>
					<extensions>
						<ns3:TrackPointExtension>
							<ns3:speed>1.0416667</ns3:speed>
							<ns3:cad>0.0</ns3:cad>
							<ns3:hr>111</ns3:hr>
						</ns3:TrackPointExtension>
					</extensions>
			</trkpt>
			<trkpt lat="47.602753" lon="12.153577">
				<ele>590.0</ele>
				<time>2025-11-29T12:17:27Z</time>
				<desc><![CDATA[CommonTimeValuePoint(absoluteTime=1764418647, value=1.0)]]></desc>
					<extensions>
						<ns3:TrackPointExtension>
							<ns3:speed>1.010101</ns3:speed>
							<ns3:cad>0.0</ns3:cad>
							<ns3:hr>110</ns3:hr>
						</ns3:TrackPointExtension>
					</extensions>
			</trkpt>
			<trkpt lat="47.602703" lon="12.153548">
				<ele>590.0</ele>
				<time>2025-11-29T12:17:33Z</time>
				<desc><![CDATA[CommonTimeValuePoint(absoluteTime=1764418653, value=1.1494253)]]></desc>
					<extensions>
						<ns3:TrackPointExtension>
							<ns3:speed>0.877193</ns3:speed>
							<ns3:cad>0.0</ns3:cad>
							<ns3:hr>109</ns3:hr>
						</ns3:TrackPointExtension>
					</extensions>
			</trkpt>
			<trkpt lat="47.602654" lon="12.153533">
				<ele>590.0</ele>
				<time>2025-11-29T12:17:38Z</time>
				<desc><![CDATA[CommonTimeValuePoint(absoluteTime=1764418658, value=1.2820513)]]></desc>
					<extensions>
						<ns3:TrackPointExtension>
							<ns3:speed>0.78740156</ns3:speed>
							<ns3:cad>0.0</ns3:cad>
							<ns3:hr>110</ns3:hr>
						</ns3:TrackPointExtension>
					</extensions>
			</trkpt>
			<trkpt lat="47.60261" lon="12.153497">
				<ele>590.0</ele>
				<time>2025-11-29T12:17:41Z</time>
				<desc><![CDATA[CommonTimeValuePoint(absoluteTime=1764418661, value=1.1494253)]]></desc>
					<extensions>
						<ns3:TrackPointExtension>
							<ns3:speed>0.88495576</ns3:speed>
							<ns3:cad>0.0</ns3:cad>
							<ns3:hr>112</ns3:hr>
						</ns3:TrackPointExtension>
					</extensions>
			</trkpt>
			<trkpt lat="47.60257" lon="12.15348">
				<ele>590.0</ele>
				<time>2025-11-29T12:17:44Z</time>
				<desc><![CDATA[CommonTimeValuePoint(absoluteTime=1764418664, value=1.0752689)]]></desc>
					<extensions>
						<ns3:TrackPointExtension>
							<ns3:speed>0.9433963</ns3:speed>
							<ns3:cad>0.0</ns3:cad>
						</ns3:TrackPointExtension>
					</extensions>
			</trkpt>
			<trkpt lat="47.602516" lon="12.153473">
				<ele>591.0</ele>
				<time>2025-11-29T12:17:48Z</time>
				<desc><![CDATA[CommonTimeValuePoint(absoluteTime=1764418668, value=1.010101)]]></desc>
					<extensions>
						<ns3:TrackPointExtension>
							<ns3:speed>1.0</ns3:speed>
							<ns3:cad>0.0</ns3:cad>
							<ns3:hr>111</ns3:hr>
						</ns3:TrackPointExtension>
					</extensions>
			</trkpt>
			<trkpt lat="47.602474" lon="12.153445">
				<ele>591.0</ele>
				<time>2025-11-29T12:17:52Z</time>
				<desc><![CDATA[CommonTimeValuePoint(absoluteTime=1764418672, value=0.9345794)]]></desc>
					<extensions>
						<ns3:TrackPointExtension>
							<ns3:speed>1.0869565</ns3:speed>
							<ns3:cad>0.0</ns3:cad>
						</ns3:TrackPointExtension>
					</extensions>
			</trkpt>
			<trkpt lat="47.60243" lon="12.153421">
				<ele>591.0</ele>
				<time>2025-11-29T12:17:56Z</time>
				<desc><![CDATA[CommonTimeValuePoint(absoluteTime=1764418676, value=0.952381)]]></desc>
					<extensions>
						<ns3:TrackPointExtension>
							<ns3:speed>1.0638298</ns3:speed>
							<ns3:cad>0.0</ns3:cad>
							<ns3:hr>110</ns3:hr>
						</ns3:TrackPointExtension>
					</extensions>
			</trkpt>
			<trkpt lat="47.60238" lon="12.1533985">
				<ele>591.0</ele>
				<time>2025-11-29T12:18:00Z</time>
				<desc><![CDATA[CommonTimeValuePoint(absoluteTime=1764418680, value=1.010101)]]></desc>
					<extensions>
						<ns3:TrackPointExtension>
							<ns3:speed>1.0</ns3:speed>
							<ns3:cad>0.0</ns3:cad>
							<ns3:hr>111</ns3:hr>
						</ns3:TrackPointExtension>
					</extensions>
			</trkpt>
			<trkpt lat="47.602333" lon="12.153392">
				<ele>592.0</ele>
				<time>2025-11-29T12:18:06Z</time>
				<desc><![CDATA[CommonTimeValuePoint(absoluteTime=1764418686, value=1.369863)]]></desc>
					<extensions>
						<ns3:TrackPointExtension>
							<ns3:speed>0.7352941</ns3:speed>
							<ns3:cad>0.0</ns3:cad>
						</ns3:TrackPointExtension>
					</extensions>
			</trkpt>
			<trkpt lat="47.602287" lon="12.1533785">
				<ele>592.0</ele>
				<time>2025-11-29T12:18:10Z</time>
				<desc><![CDATA[CommonTimeValuePoint(absoluteTime=1764418690, value=1.1494253)]]></desc>
					<extensions>
						<ns3:TrackPointExtension>
							<ns3:speed>0.877193</ns3:speed>
							<ns3:cad>0.0</ns3:cad>
						</ns3:TrackPointExtension>
					</extensions>
			</trkpt>
			<trkpt lat="47.60225" lon="12.153342">
				<ele>592.0</ele>
				<time>2025-11-29T12:18:13Z</time>
				<desc><![CDATA[CommonTimeValuePoint(absoluteTime=1764418693, value=1.1627907)]]></desc>
					<extensions>
						<ns3:TrackPointExtension>
							<ns3:speed>0.86956525</ns3:speed>
							<ns3:cad>0.0</ns3:cad>
							<ns3:hr>110</ns3:hr>
						</ns3:TrackPointExtension>
					</extensions>
			</trkpt>
			<trkpt lat="47.602203" lon="12.153301">
				<ele>592.0</ele>
				<time>2025-11-29T12:18:16Z</time>
				<desc><![CDATA[CommonTimeValuePoint(absoluteTime=1764418696, value=0.9433963)]]></desc>
					<extensions>
						<ns3:TrackPointExtension>
							<ns3:speed>1.0752689</ns3:speed>
							<ns3:cad>0.0</ns3:cad>
							<ns3:hr>110</ns3:hr>
						</ns3:TrackPointExtension>
					</extensions>
			</trkpt>
			<trkpt lat="47.602158" lon="12.1532545">
				<ele>592.0</ele>
				<time>2025-11-29T12:18:20Z</time>
				<desc><![CDATA[CommonTimeValuePoint(absoluteTime=1764418700, value=1.0)]]></desc>
					<extensions>
						<ns3:TrackPointExtension>
							<ns3:speed>1.010101</ns3:speed>
							<ns3:cad>0.0</ns3:cad>
						</ns3:TrackPointExtension>
					</extensions>
			</trkpt>
			<trkpt lat="47.60212" lon="12.153227">
				<ele>592.0</ele>
				<time>2025-11-29T12:18:23Z</time>
				<desc><![CDATA[CommonTimeValuePoint(absoluteTime=1764418703, value=0.9259259)]]></desc>
					<extensions>
						<ns3:TrackPointExtension>
							<ns3:speed>1.098901</ns3:speed>
							<ns3:cad>0.0</ns3:cad>
							<ns3:hr>109</ns3:hr>
						</ns3:TrackPointExtension>
					</extensions>
			</trkpt>
			<trkpt lat="47.602077" lon="12.1532">
				<ele>592.0</ele>
				<time>2025-11-29T12:18:27Z</time>
				<desc><![CDATA[CommonTimeValuePoint(absoluteTime=1764418707, value=0.9259259)]]></desc>
					<extensions>
						<ns3:TrackPointExtension>
							<ns3:speed>1.0869565</ns3:speed>
							<ns3:cad>0.0</ns3:cad>
							<ns3:hr>111</ns3:hr>
						</ns3:TrackPointExtension>
					</extensions>
			</trkpt>
			<trkpt lat="47.602036" lon="12.153168">
				<ele>592.0</ele>
				<time>2025-11-29T12:18:31Z</time>
				<desc><![CDATA[CommonTimeValuePoint(absoluteTime=1764418711, value=0.9345794)]]></desc>
					<extensions>
						<ns3:TrackPointExtension>
							<ns3:speed>1.0752689</ns3:speed>
							<ns3:cad>0.0</ns3:cad>
						</ns3:TrackPointExtension>
					</extensions>
			</trkpt>
			<trkpt lat="47.601982" lon="12.153142">
				<ele>592.0</ele>
				<time>2025-11-29T12:18:36Z</time>
				<desc><![CDATA[CommonTimeValuePoint(absoluteTime=1764418716, value=1.0309278)]]></desc>
					<extensions>
						<ns3:TrackPointExtension>
							<ns3:speed>0.98039216</ns3:speed>
							<ns3:cad>0.0</ns3:cad>
							<ns3:hr>109</ns3:hr>
						</ns3:TrackPointExtension>
					</extensions>
			</trkpt>
			<trkpt lat="47.601933" lon="12.153109">
				<ele>592.0</ele>
				<time>2025-11-29T12:18:40Z</time>
				<desc><![CDATA[CommonTimeValuePoint(absoluteTime=1764418720, value=1.0309278)]]></desc>
					<extensions>
						<ns3:TrackPointExtension>
							<ns3:speed>0.98039216</ns3:speed>
							<ns3:cad>0.0</ns3:cad>
							<ns3:hr>110</ns3:hr>
						</ns3:TrackPointExtension>
					</extensions>
			</trkpt>
			<trkpt lat="47.60188" lon="12.153091">
				<ele>593.0</ele>
				<time>2025-11-29T12:18:45Z</time>
				<desc><![CDATA[CommonTimeValuePoint(absoluteTime=1764418725, value=0.990099)]]></desc>
					<extensions>
						<ns3:TrackPointExtension>
							<ns3:speed>1.0204082</ns3:speed>
							<ns3:cad>0.0</ns3:cad>
							<ns3:hr>111</ns3:hr>
						</ns3:TrackPointExtension>
					</extensions>
			</trkpt>
			<trkpt lat="47.601826" lon="12.153073">
				<ele>593.0</ele>
				<time>2025-11-29T12:18:50Z</time>
				<desc><![CDATA[CommonTimeValuePoint(absoluteTime=1764418730, value=0.9345794)]]></desc>
					<extensions>
						<ns3:TrackPointExtension>
							<ns3:speed>1.0752689</ns3:speed>
							<ns3:cad>0.0</ns3:cad>
							<ns3:hr>112</ns3:hr>
						</ns3:TrackPointExtension>
					</extensions>
			</trkpt>
			<trkpt lat="47.601784" lon="12.153033">
				<ele>593.0</ele>
				<time>2025-11-29T12:18:55Z</time>
				<desc><![CDATA[CommonTimeValuePoint(absoluteTime=1764418735, value=1.0)]]></desc>
					<extensions>
						<ns3:TrackPointExtension>
							<ns3:speed>1.010101</ns3:speed>
							<ns3:cad>0.0</ns3:cad>
							<ns3:hr>110</ns3:hr>
						</ns3:TrackPointExtension>
					</extensions>
			</trkpt>
			<trkpt lat="47.601753" lon="12.152973">
				<ele>593.0</ele>
				<time>2025-11-29T12:19:00Z</time>
				<desc><![CDATA[CommonTimeValuePoint(absoluteTime=1764418740, value=1.0416667)]]></desc>
					<extensions>
						<ns3:TrackPointExtension>
							<ns3:speed>0.9615385</ns3:speed>
							<ns3:cad>0.0</ns3:cad>
						</ns3:TrackPointExtension>
					</extensions>
			</trkpt>
			<trkpt lat="47.60171" lon="12.152946">
				<ele>593.0</ele>
				<time>2025-11-29T12:19:05Z</time>
				<desc><![CDATA[CommonTimeValuePoint(absoluteTime=1764418745, value=1.0638298)]]></desc>
					<extensions>
						<ns3:TrackPointExtension>
							<ns3:speed>0.952381</ns3:speed>
							<ns3:cad>0.0</ns3:cad>
							<ns3:hr>109</ns3:hr>
						</ns3:TrackPointExtension>
					</extensions>
			</trkpt>
			<trkpt lat="47.601692" lon="12.15288">
				<ele>593.0</ele>
				<time>2025-11-29T12:19:11Z</time>
				<desc><![CDATA[CommonTimeValuePoint(absoluteTime=1764418751, value=1.0869565)]]></desc>
					<extensions>
						<ns3:TrackPointExtension>
							<ns3:speed>0.9345794</ns3:speed>
							<ns3:cad>0.0</ns3:cad>
							<ns3:hr>108</ns3:hr>
						</ns3:TrackPointExtension>
					</extensions>
			</trkpt>
			<trkpt lat="47.601665" lon="12.152813">
				<ele>594.0</ele>
				<time>2025-11-29T12:19:17Z</time>
				<desc><![CDATA[CommonTimeValuePoint(absoluteTime=1764418757, value=1.1235955)]]></desc>
					<extensions>
						<ns3:TrackPointExtension>
							<ns3:speed>0.89285713</ns3:speed>
							<ns3:cad>0.0</ns3:cad>
							<ns3:hr>115</ns3:hr>
						</ns3:TrackPointExtension>
					</extensions>
			</trkpt>
			<trkpt lat="47.60165" lon="12.152745">
				<ele>594.0</ele>
				<time>2025-11-29T12:19:23Z</time>
				<desc><![CDATA[CommonTimeValuePoint(absoluteTime=1764418763, value=1.1363636)]]></desc>
					<extensions>
						<ns3:TrackPointExtension>
							<ns3:speed>0.89285713</ns3:speed>
							<ns3:cad>0.0</ns3:cad>
							<ns3:hr>115</ns3:hr>
						</ns3:TrackPointExtension>
					</extensions>
			</trkpt>
			<trkpt lat="47.601624" lon="12.152686">
				<ele>595.0</ele>
				<time>2025-11-29T12:19:29Z</time>
				<desc><![CDATA[CommonTimeValuePoint(absoluteTime=1764418769, value=1.1764705)]]></desc>
					<extensions>
						<ns3:TrackPointExtension>
							<ns3:speed>0.85470086</ns3:speed>
							<ns3:cad>0.0</ns3:cad>
							<ns3:hr>115</ns3:hr>
						</ns3:TrackPointExtension>
					</extensions>
			</trkpt>
			<trkpt lat="47.601597" lon="12.15262">
				<ele>596.0</ele>
				<time>2025-11-29T12:19:37Z</time>
				<desc><![CDATA[CommonTimeValuePoint(absoluteTime=1764418777, value=1.3157895)]]></desc>
					<extensions>
						<ns3:TrackPointExtension>
							<ns3:speed>0.7692308</ns3:speed>
							<ns3:cad>0.0</ns3:cad>
							<ns3:hr>110</ns3:hr>
						</ns3:TrackPointExtension>
					</extensions>
			</trkpt>
			<trkpt lat="47.601574" lon="12.152563">
				<ele>597.0</ele>
				<time>2025-11-29T12:19:43Z</time>
				<desc><![CDATA[CommonTimeValuePoint(absoluteTime=1764418783, value=1.1764705)]]></desc>
					<extensions>
						<ns3:TrackPointExtension>
							<ns3:speed>0.862069</ns3:speed>
							<ns3:cad>0.0</ns3:cad>
							<ns3:hr>107</ns3:hr>
						</ns3:TrackPointExtension>
					</extensions>
			</trkpt>
			<trkpt lat="47.601532" lon="12.1525345">
				<ele>598.0</ele>
				<time>2025-11-29T12:19:48Z</time>
				<desc><![CDATA[CommonTimeValuePoint(absoluteTime=1764418788, value=1.1111112)]]></desc>
					<extensions>
						<ns3:TrackPointExtension>
							<ns3:speed>0.9090909</ns3:speed>
							<ns3:cad>0.0</ns3:cad>
							<ns3:hr>108</ns3:hr>
						</ns3:TrackPointExtension>
					</extensions>
			</trkpt>
			<trkpt lat="47.601494" lon="12.152496">
				<ele>598.0</ele>
				<time>2025-11-29T12:19:53Z</time>
				<desc><![CDATA[CommonTimeValuePoint(absoluteTime=1764418793, value=1.0752689)]]></desc>
					<extensions>
						<ns3:TrackPointExtension>
							<ns3:speed>0.9345794</ns3:speed>
							<ns3:cad>0.0</ns3:cad>
							<ns3:hr>106</ns3:hr>
						</ns3:TrackPointExtension>
					</extensions>
			</trkpt>
			<trkpt lat="47.601456" lon="12.152435">
				<ele>599.0</ele>
				<time>2025-11-29T12:19:59Z</time>
				<desc><![CDATA[CommonTimeValuePoint(absoluteTime=1764418799, value=1.0638298)]]></desc>
					<extensions>
						<ns3:TrackPointExtension>
							<ns3:speed>0.9433963</ns3:speed>
							<ns3:cad>0.0</ns3:cad>
							<ns3:hr>107</ns3:hr>
						</ns3:TrackPointExtension>
					</extensions>
			</trkpt>
			<trkpt lat="47.601425" lon="12.152373">
				<ele>600.0</ele>
				<time>2025-11-29T12:20:05Z</time>
				<desc><![CDATA[CommonTimeValuePoint(absoluteTime=1764418805, value=1.0204082)]]></desc>
					<extensions>
						<ns3:TrackPointExtension>
							<ns3:speed>0.990099</ns3:speed>
							<ns3:cad>0.0</ns3:cad>
							<ns3:hr>106</ns3:hr>
						</ns3:TrackPointExtension>
					</extensions>
			</trkpt>
			<trkpt lat="47.601387" lon="12.152327">
				<ele>601.0</ele>
				<time>2025-11-29T12:20:11Z</time>
				<desc><![CDATA[CommonTimeValuePoint(absoluteTime=1764418811, value=1.0416667)]]></desc>
					<extensions>
						<ns3:TrackPointExtension>
							<ns3:speed>0.97087383</ns3:speed>
							<ns3:cad>0.0</ns3:cad>
							<ns3:hr>106</ns3:hr>
						</ns3:TrackPointExtension>
					</extensions>
			</trkpt>
			<trkpt lat="47.60135" lon="12.152278">
				<ele>602.0</ele>
				<time>2025-11-29T12:20:15Z</time>
				<desc><![CDATA[CommonTimeValuePoint(absoluteTime=1764418815, value=1.0526316)]]></desc>
					<extensions>
						<ns3:TrackPointExtension>
							<ns3:speed>0.9615385</ns3:speed>
							<ns3:cad>0.0</ns3:cad>
						</ns3:TrackPointExtension>
					</extensions>
			</trkpt>
			<trkpt lat="47.601307" lon="12.152231">
				<ele>603.0</ele>
				<time>2025-11-29T12:20:19Z</time>
				<desc><![CDATA[CommonTimeValuePoint(absoluteTime=1764418819, value=1.0204082)]]></desc>
					<extensions>
						<ns3:TrackPointExtension>
							<ns3:speed>0.990099</ns3:speed>
							<ns3:cad>0.0</ns3:cad>
							<ns3:hr>107</ns3:hr>
						</ns3:TrackPointExtension>
					</extensions>
			</trkpt>
			<trkpt lat="47.60126" lon="12.152201">
				<ele>603.0</ele>
				<time>2025-11-29T12:20:23Z</time>
				<desc><![CDATA[CommonTimeValuePoint(absoluteTime=1764418823, value=0.97087383)]]></desc>
					<extensions>
						<ns3:TrackPointExtension>
							<ns3:speed>1.0416667</ns3:speed>
							<ns3:cad>0.0</ns3:cad>
							<ns3:hr>107</ns3:hr>
						</ns3:TrackPointExtension>
					</extensions>
			</trkpt>
			<trkpt lat="47.601215" lon="12.152218">
				<ele>603.0</ele>
				<time>2025-11-29T12:20:27Z</time>
				<desc><![CDATA[CommonTimeValuePoint(absoluteTime=1764418827, value=0.9433963)]]></desc>
					<extensions>
						<ns3:TrackPointExtension>
							<ns3:speed>1.0638298</ns3:speed>
							<ns3:cad>0.0</ns3:cad>
						</ns3:TrackPointExtension>
					</extensions>
			</trkpt>
			<trkpt lat="47.60117" lon="12.15221">
				<ele>603.0</ele>
				<time>2025-11-29T12:20:31Z</time>
				<desc><![CDATA[CommonTimeValuePoint(absoluteTime=1764418831, value=1.0204082)]]></desc>
					<extensions>
						<ns3:TrackPointExtension>
							<ns3:speed>0.990099</ns3:speed>
							<ns3:cad>0.0</ns3:cad>
							<ns3:hr>111</ns3:hr>
						</ns3:TrackPointExtension>
					</extensions>
			</trkpt>
			<trkpt lat="47.60112" lon="12.152237">
				<ele>604.0</ele>
				<time>2025-11-29T12:20:35Z</time>
				<desc><![CDATA[CommonTimeValuePoint(absoluteTime=1764418835, value=0.97087383)]]></desc>
					<extensions>
						<ns3:TrackPointExtension>
							<ns3:speed>1.0416667</ns3:speed>
							<ns3:cad>0.0</ns3:cad>
							<ns3:hr>115</ns3:hr>
						</ns3:TrackPointExtension>
					</extensions>
			</trkpt>
			<trkpt lat="47.601078" lon="12.152273">
				<ele>604.0</ele>
				<time>2025-11-29T12:20:39Z</time>
				<desc><![CDATA[CommonTimeValuePoint(absoluteTime=1764418839, value=0.97087383)]]></desc>
					<extensions>
						<ns3:TrackPointExtension>
							<ns3:speed>1.0416667</ns3:speed>
							<ns3:cad>0.0</ns3:cad>
							<ns3:hr>115</ns3:hr>
						</ns3:TrackPointExtension>
					</extensions>
			</trkpt>
			<trkpt lat="47.60104" lon="12.152322">
				<ele>605.0</ele>
				<time>2025-11-29T12:20:43Z</time>
				<desc><![CDATA[CommonTimeValuePoint(absoluteTime=1764418843, value=1.0204082)]]></desc>
					<extensions>
						<ns3:TrackPointExtension>
							<ns3:speed>0.990099</ns3:speed>
							<ns3:cad>0.0</ns3:cad>
							<ns3:hr>112</ns3:hr>
						</ns3:TrackPointExtension>
					</extensions>
			</trkpt>
			<trkpt lat="47.600998" lon="12.152376">
				<ele>605.0</ele>
				<time>2025-11-29T12:20:47Z</time>
				<desc><![CDATA[CommonTimeValuePoint(absoluteTime=1764418847, value=1.0204082)]]></desc>
					<extensions>
						<ns3:TrackPointExtension>
							<ns3:speed>0.990099</ns3:speed>
							<ns3:cad>0.0</ns3:cad>
							<ns3:hr>111</ns3:hr>
						</ns3:TrackPointExtension>
					</extensions>
			</trkpt>
			<trkpt lat="47.60097" lon="12.15243">
				<ele>605.0</ele>
				<time>2025-11-29T12:20:51Z</time>
				<desc><![CDATA[CommonTimeValuePoint(absoluteTime=1764418851, value=0.98039216)]]></desc>
					<extensions>
						<ns3:TrackPointExtension>
							<ns3:speed>1.0309278</ns3:speed>
							<ns3:cad>0.0</ns3:cad>
						</ns3:TrackPointExtension>
					</extensions>
			</trkpt>
			<trkpt lat="47.600945" lon="12.1525">
				<ele>606.0</ele>
				<time>2025-11-29T12:20:56Z</time>
				<desc><![CDATA[CommonTimeValuePoint(absoluteTime=1764418856, value=0.97087383)]]></desc>
					<extensions>
						<ns3:TrackPointExtension>
							<ns3:speed>1.0416667</ns3:speed>
							<ns3:cad>0.0</ns3:cad>
						</ns3:TrackPointExtension>
					</extensions>
			</trkpt>
			<trkpt lat="47.600918" lon="12.152565">
				<ele>607.0</ele>
				<time>2025-11-29T12:21:01Z</time>
				<desc><![CDATA[CommonTimeValuePoint(absoluteTime=1764418861, value=1.0309278)]]></desc>
					<extensions>
						<ns3:TrackPointExtension>
							<ns3:speed>0.97087383</ns3:speed>
							<ns3:cad>0.0</ns3:cad>
							<ns3:hr>109</ns3:hr>
						</ns3:TrackPointExtension>
					</extensions>
			</trkpt>
			<trkpt lat="47.60088" lon="12.152623">
				<ele>607.0</ele>
				<time>2025-11-29T12:21:06Z</time>
				<desc><![CDATA[CommonTimeValuePoint(absoluteTime=1764418866, value=1.1363636)]]></desc>
					<extensions>
						<ns3:TrackPointExtension>
							<ns3:speed>0.88495576</ns3:speed>
							<ns3:cad>0.0</ns3:cad>
							<ns3:hr>107</ns3:hr>
						</ns3:TrackPointExtension>
					</extensions>
			</trkpt>
			<trkpt lat="47.600853" lon="12.152685">
				<ele>608.0</ele>
				<time>2025-11-29T12:21:11Z</time>
				<desc><![CDATA[CommonTimeValuePoint(absoluteTime=1764418871, value=1.0752689)]]></desc>
					<extensions>
						<ns3:TrackPointExtension>
							<ns3:speed>0.9345794</ns3:speed>
							<ns3:cad>0.0</ns3:cad>
						</ns3:TrackPointExtension>
					</extensions>
			</trkpt>
			<trkpt lat="47.600906" lon="12.152739">
				<ele>609.0</ele>
				<time>2025-11-29T12:23:00Z</time>
				<desc><![CDATA[CommonTimeValuePoint(absoluteTime=1764418980, value=1.8)]]></desc>
					<extensions>
						<ns3:TrackPointExtension>
							<ns3:speed>0.5555556</ns3:speed>
							<ns3:cad>0.0</ns3:cad>
						</ns3:TrackPointExtension>
					</extensions>
			</trkpt>
			<trkpt lat="47.60094" lon="12.152797">
				<ele>609.0</ele>
				<time>2025-11-29T12:23:08Z</time>
				<desc><![CDATA[CommonTimeValuePoint(absoluteTime=1764418988, value=1.8)]]></desc>
					<extensions>
						<ns3:TrackPointExtension>
							<ns3:speed>0.5555556</ns3:speed>
							<ns3:cad>0.0</ns3:cad>
							<ns3:hr>85</ns3:hr>
						</ns3:TrackPointExtension>
					</extensions>
			</trkpt>
			<trkpt lat="47.600964" lon="12.152873">
				<ele>609.0</ele>
				<time>2025-11-29T12:23:13Z</time>
				<desc><![CDATA[CommonTimeValuePoint(absoluteTime=1764418993, value=0.952381)]]></desc>
					<extensions>
						<ns3:TrackPointExtension>
							<ns3:speed>1.0526316</ns3:speed>
							<ns3:cad>0.0</ns3:cad>
							<ns3:hr>85</ns3:hr>
						</ns3:TrackPointExtension>
					</extensions>
			</trkpt>
			<trkpt lat="47.601" lon="12.152935">
				<ele>609.0</ele>
				<time>2025-11-29T12:23:18Z</time>
				<desc><![CDATA[CommonTimeValuePoint(absoluteTime=1764418998, value=0.862069)]]></desc>
					<extensions>
						<ns3:TrackPointExtension>
							<ns3:speed>1.1764705</ns3:speed>
							<ns3:cad>0.0</ns3:cad>
							<ns3:hr>86</ns3:hr>
						</ns3:TrackPointExtension>
					</extensions>
			</trkpt>
			<trkpt lat="47.601036" lon="12.15298">
				<ele>609.0</ele>
				<time>2025-11-29T12:23:22Z</time>
				<desc><![CDATA[CommonTimeValuePoint(absoluteTime=1764419002, value=0.8)]]></desc>
					<extensions>
						<ns3:TrackPointExtension>
							<ns3:speed>1.2658228</ns3:speed>
							<ns3:cad>0.0</ns3:cad>
							<ns3:hr>87</ns3:hr>
						</ns3:TrackPointExtension>
					</extensions>
			</trkpt>
			<trkpt lat="47.601067" lon="12.153033">
				<ele>609.0</ele>
				<time>2025-11-29T12:23:27Z</time>
				<desc><![CDATA[CommonTimeValuePoint(absoluteTime=1764419007, value=0.8333333)]]></desc>
					<extensions>
						<ns3:TrackPointExtension>
							<ns3:speed>1.2048193</ns3:speed>
							<ns3:cad>0.0</ns3:cad>
							<ns3:hr>88</ns3:hr>
						</ns3:TrackPointExtension>
					</extensions>
			</trkpt>
			<trkpt lat="47.601097" lon="12.153096">
				<ele>609.0</ele>
				<time>2025-11-29T12:23:32Z</time>
				<desc><![CDATA[CommonTimeValuePoint(absoluteTime=1764419012, value=0.89285713)]]></desc>
					<extensions>
						<ns3:TrackPointExtension>
							<ns3:speed>1.1363636</ns3:speed>
							<ns3:cad>0.0</ns3:cad>
							<ns3:hr>93</ns3:hr>
						</ns3:TrackPointExtension>
					</extensions>
			</trkpt>
			<trkpt lat="47.601128" lon="12.153153">
				<ele>609.0</ele>
				<time>2025-11-29T12:23:36Z</time>
				<desc><![CDATA[CommonTimeValuePoint(absoluteTime=1764419016, value=0.9009009)]]></desc>
					<extensions>
						<ns3:TrackPointExtension>
							<ns3:speed>1.1235955</ns3:speed>
							<ns3:cad>0.0</ns3:cad>
							<ns3:hr>93</ns3:hr>
						</ns3:TrackPointExtension>
					</extensions>
			</trkpt>
			<trkpt lat="47.60117" lon="12.153203">
				<ele>613.0</ele>
				<time>2025-11-29T12:23:42Z</time>
				<desc><![CDATA[CommonTimeValuePoint(absoluteTime=1764419022, value=1.0204082)]]></desc>
					<extensions>
						<ns3:TrackPointExtension>
							<ns3:speed>0.990099</ns3:speed>
							<ns3:cad>0.0</ns3:cad>
							<ns3:hr>92</ns3:hr>
						</ns3:TrackPointExtension>
					</extensions>
			</trkpt>
			<trkpt lat="47.601196" lon="12.153256">
				<ele>613.0</ele>
				<time>2025-11-29T12:23:47Z</time>
				<desc><![CDATA[CommonTimeValuePoint(absoluteTime=1764419027, value=0.990099)]]></desc>
					<extensions>
						<ns3:TrackPointExtension>
							<ns3:speed>1.0204082</ns3:speed>
							<ns3:cad>0.0</ns3:cad>
							<ns3:hr>92</ns3:hr>
						</ns3:TrackPointExtension>
					</extensions>
			</trkpt>
			<trkpt lat="47.60122" lon="12.153323">
				<ele>613.0</ele>
				<time>2025-11-29T12:23:52Z</time>
				<desc><![CDATA[CommonTimeValuePoint(absoluteTime=1764419032, value=0.990099)]]></desc>
					<extensions>
						<ns3:TrackPointExtension>
							<ns3:speed>1.0204082</ns3:speed>
							<ns3:cad>0.0</ns3:cad>
							<ns3:hr>95</ns3:hr>
						</ns3:TrackPointExtension>
					</extensions>
			</trkpt>
			<trkpt lat="47.601234" lon="12.153395">
				<ele>614.0</ele>
				<time>2025-11-29T12:23:58Z</time>
				<desc><![CDATA[CommonTimeValuePoint(absoluteTime=1764419038, value=1.0526316)]]></desc>
					<extensions>
						<ns3:TrackPointExtension>
							<ns3:speed>0.952381</ns3:speed>
							<ns3:cad>0.0</ns3:cad>
							<ns3:hr>92</ns3:hr>
						</ns3:TrackPointExtension>
					</extensions>
			</trkpt>
			<trkpt lat="47.60124" lon="12.153463">
				<ele>615.0</ele>
				<time>2025-11-29T12:24:05Z</time>
				<desc><![CDATA[CommonTimeValuePoint(absoluteTime=1764419045, value=1.1627907)]]></desc>
					<extensions>
						<ns3:TrackPointExtension>
							<ns3:speed>0.86956525</ns3:speed>
							<ns3:cad>0.0</ns3:cad>
							<ns3:hr>92</ns3:hr>
						</ns3:TrackPointExtension>
					</extensions>
			</trkpt>
			<trkpt lat="47.601265" lon="12.153518">
				<ele>617.0</ele>
				<time>2025-11-29T12:24:14Z</time>
				<desc><![CDATA[CommonTimeValuePoint(absoluteTime=1764419054, value=1.4492754)]]></desc>
					<extensions>
						<ns3:TrackPointExtension>
							<ns3:speed>0.6944444</ns3:speed>
							<ns3:cad>0.0</ns3:cad>
							<ns3:hr>91</ns3:hr>
						</ns3:TrackPointExtension>
					</extensions>
			</trkpt>
			<trkpt lat="47.601303" lon="12.153571">
				<ele>617.0</ele>
				<time>2025-11-29T12:24:22Z</time>
				<desc><![CDATA[CommonTimeValuePoint(absoluteTime=1764419062, value=1.25)]]></desc>
					<extensions>
						<ns3:TrackPointExtension>
							<ns3:speed>0.8064516</ns3:speed>
							<ns3:cad>0.0</ns3:cad>
						</ns3:TrackPointExtension>
					</extensions>
			</trkpt>
			<trkpt lat="47.60131" lon="12.153645">
				<ele>618.0</ele>
				<time>2025-11-29T12:24:28Z</time>
				<desc><![CDATA[CommonTimeValuePoint(absoluteTime=1764419068, value=1.3157895)]]></desc>
					<extensions>
						<ns3:TrackPointExtension>
							<ns3:speed>0.7692308</ns3:speed>
							<ns3:cad>0.0</ns3:cad>
						</ns3:TrackPointExtension>
					</extensions>
			</trkpt>
			<trkpt lat="47.601334" lon="12.153713">
				<ele>618.0</ele>
				<time>2025-11-29T12:24:34Z</time>
				<desc><![CDATA[CommonTimeValuePoint(absoluteTime=1764419074, value=1.1764705)]]></desc>
					<extensions>
						<ns3:TrackPointExtension>
							<ns3:speed>0.85470086</ns3:speed>
							<ns3:cad>0.0</ns3:cad>
							<ns3:hr>90</ns3:hr>
						</ns3:TrackPointExtension>
					</extensions>
			</trkpt>
			<trkpt lat="47.60135" lon="12.153783">
				<ele>618.0</ele>
				<time>2025-11-29T12:24:39Z</time>
				<desc><![CDATA[CommonTimeValuePoint(absoluteTime=1764419079, value=1.0)]]></desc>
					<extensions>
						<ns3:TrackPointExtension>
							<ns3:speed>1.010101</ns3:speed>
							<ns3:cad>0.0</ns3:cad>
							<ns3:hr>98</ns3:hr>
						</ns3:TrackPointExtension>
					</extensions>
			</trkpt>
			<trkpt lat="47.601383" lon="12.153838">
				<ele>619.0</ele>
				<time>2025-11-29T12:24:45Z</time>
				<desc><![CDATA[CommonTimeValuePoint(absoluteTime=1764419085, value=0.98039216)]]></desc>
					<extensions>
						<ns3:TrackPointExtension>
							<ns3:speed>1.0309278</ns3:speed>
							<ns3:cad>0.0</ns3:cad>
							<ns3:hr>102</ns3:hr>
						</ns3:TrackPointExtension>
					</extensions>
			</trkpt>
			<trkpt lat="47.60141" lon="12.153901">
				<ele>620.0</ele>
				<time>2025-11-29T12:24:51Z</time>
				<desc><![CDATA[CommonTimeValuePoint(absoluteTime=1764419091, value=1.010101)]]></desc>
					<extensions>
						<ns3:TrackPointExtension>
							<ns3:speed>1.0</ns3:speed>
							<ns3:cad>0.0</ns3:cad>
							<ns3:hr>104</ns3:hr>
						</ns3:TrackPointExtension>
					</extensions>
			</trkpt>
			<trkpt lat="47.601448" lon="12.153945">
				<ele>621.0</ele>
				<time>2025-11-29T12:24:56Z</time>
				<desc><![CDATA[CommonTimeValuePoint(absoluteTime=1764419096, value=1.0204082)]]></desc>
					<extensions>
						<ns3:TrackPointExtension>
							<ns3:speed>0.990099</ns3:speed>
							<ns3:cad>0.0</ns3:cad>
							<ns3:hr>106</ns3:hr>
						</ns3:TrackPointExtension>
					</extensions>
			</trkpt>
			<trkpt lat="47.60147" lon="12.154006">
				<ele>622.0</ele>
				<time>2025-11-29T12:25:02Z</time>
				<desc><![CDATA[CommonTimeValuePoint(absoluteTime=1764419102, value=0.98039216)]]></desc>
					<extensions>
						<ns3:TrackPointExtension>
							<ns3:speed>1.0309278</ns3:speed>
							<ns3:cad>0.0</ns3:cad>
							<ns3:hr>107</ns3:hr>
						</ns3:TrackPointExtension>
					</extensions>
			</trkpt>
			<trkpt lat="47.60151" lon="12.154059">
				<ele>623.0</ele>
				<time>2025-11-29T12:25:09Z</time>
				<desc><![CDATA[CommonTimeValuePoint(absoluteTime=1764419109, value=1.098901)]]></desc>
					<extensions>
						<ns3:TrackPointExtension>
							<ns3:speed>0.9174312</ns3:speed>
							<ns3:cad>0.0</ns3:cad>
							<ns3:hr>107</ns3:hr>
						</ns3:TrackPointExtension>
					</extensions>
			</trkpt>
			<trkpt lat="47.601524" lon="12.15413">
				<ele>623.0</ele>
				<time>2025-11-29T12:25:16Z</time>
				<desc><![CDATA[CommonTimeValuePoint(absoluteTime=1764419116, value=1.1494253)]]></desc>
					<extensions>
						<ns3:TrackPointExtension>
							<ns3:speed>0.877193</ns3:speed>
							<ns3:cad>0.0</ns3:cad>
							<ns3:hr>104</ns3:hr>
						</ns3:TrackPointExtension>
					</extensions>
			</trkpt>
			<trkpt lat="47.601536" lon="12.154208">
				<ele>623.0</ele>
				<time>2025-11-29T12:25:21Z</time>
				<desc><![CDATA[CommonTimeValuePoint(absoluteTime=1764419121, value=1.0)]]></desc>
					<extensions>
						<ns3:TrackPointExtension>
							<ns3:speed>1.010101</ns3:speed>
							<ns3:cad>0.0</ns3:cad>
							<ns3:hr>104</ns3:hr>
						</ns3:TrackPointExtension>
					</extensions>
			</trkpt>
			<trkpt lat="47.601543" lon="12.1542845">
				<ele>624.0</ele>
				<time>2025-11-29T12:25:26Z</time>
				<desc><![CDATA[CommonTimeValuePoint(absoluteTime=1764419126, value=0.88495576)]]></desc>
					<extensions>
						<ns3:TrackPointExtension>
							<ns3:speed>1.1363636</ns3:speed>
							<ns3:cad>0.0</ns3:cad>
						</ns3:TrackPointExtension>
					</extensions>
			</trkpt>
			<trkpt lat="47.60155" lon="12.15436">
				<ele>624.0</ele>
				<time>2025-11-29T12:25:31Z</time>
				<desc><![CDATA[CommonTimeValuePoint(absoluteTime=1764419131, value=0.82644624)]]></desc>
					<extensions>
						<ns3:TrackPointExtension>
							<ns3:speed>1.2195122</ns3:speed>
							<ns3:cad>0.0</ns3:cad>
							<ns3:hr>106</ns3:hr>
						</ns3:TrackPointExtension>
					</extensions>
			</trkpt>
			<trkpt lat="47.60158" lon="12.1544285">
				<ele>624.0</ele>
				<time>2025-11-29T12:25:36Z</time>
				<desc><![CDATA[CommonTimeValuePoint(absoluteTime=1764419136, value=0.862069)]]></desc>
					<extensions>
						<ns3:TrackPointExtension>
							<ns3:speed>1.1764705</ns3:speed>
							<ns3:cad>0.0</ns3:cad>
							<ns3:hr>107</ns3:hr>
						</ns3:TrackPointExtension>
					</extensions>
			</trkpt>
			<trkpt lat="47.601612" lon="12.154478">
				<ele>624.0</ele>
				<time>2025-11-29T12:25:41Z</time>
				<desc><![CDATA[CommonTimeValuePoint(absoluteTime=1764419141, value=0.990099)]]></desc>
					<extensions>
						<ns3:TrackPointExtension>
							<ns3:speed>1.0204082</ns3:speed>
							<ns3:cad>0.0</ns3:cad>
							<ns3:hr>106</ns3:hr>
						</ns3:TrackPointExtension>
					</extensions>
			</trkpt>
			<trkpt lat="47.60164" lon="12.154538">
				<ele>624.0</ele>
				<time>2025-11-29T12:25:45Z</time>
				<desc><![CDATA[CommonTimeValuePoint(absoluteTime=1764419145, value=0.877193)]]></desc>
					<extensions>
						<ns3:TrackPointExtension>
							<ns3:speed>1.1494253</ns3:speed>
							<ns3:cad>0.0</ns3:cad>
						</ns3:TrackPointExtension>
					</extensions>
			</trkpt>
			<trkpt lat="47.601677" lon="12.15458">
				<ele>624.0</ele>
				<time>2025-11-29T12:25:50Z</time>
				<desc><![CDATA[CommonTimeValuePoint(absoluteTime=1764419150, value=0.9259259)]]></desc>
					<extensions>
						<ns3:TrackPointExtension>
							<ns3:speed>1.098901</ns3:speed>
							<ns3:cad>0.0</ns3:cad>
						</ns3:TrackPointExtension>
					</extensions>
			</trkpt>
			<trkpt lat="47.601715" lon="12.15463">
				<ele>624.0</ele>
				<time>2025-11-29T12:25:55Z</time>
				<desc><![CDATA[CommonTimeValuePoint(absoluteTime=1764419155, value=0.9090909)]]></desc>
					<extensions>
						<ns3:TrackPointExtension>
							<ns3:speed>1.1111112</ns3:speed>
							<ns3:cad>0.0</ns3:cad>
							<ns3:hr>105</ns3:hr>
						</ns3:TrackPointExtension>
					</extensions>
			</trkpt>
			<trkpt lat="47.601757" lon="12.154677">
				<ele>624.0</ele>
				<time>2025-11-29T12:26:00Z</time>
				<desc><![CDATA[CommonTimeValuePoint(absoluteTime=1764419160, value=0.9174312)]]></desc>
					<extensions>
						<ns3:TrackPointExtension>
							<ns3:speed>1.098901</ns3:speed>
							<ns3:cad>0.0</ns3:cad>
						</ns3:TrackPointExtension>
					</extensions>
			</trkpt>
			<trkpt lat="47.6018" lon="12.154709">
				<ele>624.0</ele>
				<time>2025-11-29T12:26:06Z</time>
				<desc><![CDATA[CommonTimeValuePoint(absoluteTime=1764419166, value=0.9615385)]]></desc>
					<extensions>
						<ns3:TrackPointExtension>
							<ns3:speed>1.0526316</ns3:speed>
							<ns3:cad>0.0</ns3:cad>
							<ns3:hr>108</ns3:hr>
						</ns3:TrackPointExtension>
					</extensions>
			</trkpt>
			<trkpt lat="47.601845" lon="12.154728">
				<ele>624.0</ele>
				<time>2025-11-29T12:26:12Z</time>
				<desc><![CDATA[CommonTimeValuePoint(absoluteTime=1764419172, value=1.1764705)]]></desc>
					<extensions>
						<ns3:TrackPointExtension>
							<ns3:speed>0.862069</ns3:speed>
							<ns3:cad>0.0</ns3:cad>
						</ns3:TrackPointExtension>
					</extensions>
			</trkpt>
			<trkpt lat="47.601887" lon="12.154766">
				<ele>624.0</ele>
				<time>2025-11-29T12:26:17Z</time>
				<desc><![CDATA[CommonTimeValuePoint(absoluteTime=1764419177, value=1.1764705)]]></desc>
					<extensions>
						<ns3:TrackPointExtension>
							<ns3:speed>0.862069</ns3:speed>
							<ns3:cad>0.0</ns3:cad>
						</ns3:TrackPointExtension>
					</extensions>
			</trkpt>
			<trkpt lat="47.601925" lon="12.154806">
				<ele>624.0</ele>
				<time>2025-11-29T12:26:22Z</time>
				<desc><![CDATA[CommonTimeValuePoint(absoluteTime=1764419182, value=1.0416667)]]></desc>
					<extensions>
						<ns3:TrackPointExtension>
							<ns3:speed>0.97087383</ns3:speed>
							<ns3:cad>0.0</ns3:cad>
						</ns3:TrackPointExtension>
					</extensions>
			</trkpt>
			<trkpt lat="47.601974" lon="12.154838">
				<ele>624.0</ele>
				<time>2025-11-29T12:26:28Z</time>
				<desc><![CDATA[CommonTimeValuePoint(absoluteTime=1764419188, value=1.0309278)]]></desc>
					<extensions>
						<ns3:TrackPointExtension>
							<ns3:speed>0.98039216</ns3:speed>
							<ns3:cad>0.0</ns3:cad>
							<ns3:hr>105</ns3:hr>
						</ns3:TrackPointExtension>
					</extensions>
			</trkpt>
			<trkpt lat="47.602013" lon="12.154873">
				<ele>624.0</ele>
				<time>2025-11-29T12:26:34Z</time>
				<desc><![CDATA[CommonTimeValuePoint(absoluteTime=1764419194, value=1.4285715)]]></desc>
					<extensions>
						<ns3:TrackPointExtension>
							<ns3:speed>0.7092199</ns3:speed>
							<ns3:cad>0.0</ns3:cad>
							<ns3:hr>104</ns3:hr>
						</ns3:TrackPointExtension>
					</extensions>
			</trkpt>
			<trkpt lat="47.602047" lon="12.154923">
				<ele>624.0</ele>
				<time>2025-11-29T12:26:39Z</time>
				<desc><![CDATA[CommonTimeValuePoint(absoluteTime=1764419199, value=1.2658228)]]></desc>
					<extensions>
						<ns3:TrackPointExtension>
							<ns3:speed>0.7936508</ns3:speed>
							<ns3:cad>0.0</ns3:cad>
							<ns3:hr>102</ns3:hr>
						</ns3:TrackPointExtension>
					</extensions>
			</trkpt>
			<trkpt lat="47.60209" lon="12.154958">
				<ele>624.0</ele>
				<time>2025-11-29T12:26:44Z</time>
				<desc><![CDATA[CommonTimeValuePoint(absoluteTime=1764419204, value=1.0638298)]]></desc>
					<extensions>
						<ns3:TrackPointExtension>
							<ns3:speed>0.952381</ns3:speed>
							<ns3:cad>0.0</ns3:cad>
							<ns3:hr>103</ns3:hr>
						</ns3:TrackPointExtension>
					</extensions>
			</trkpt>
			<trkpt lat="47.60212" lon="12.155015">
				<ele>624.0</ele>
				<time>2025-11-29T12:26:48Z</time>
				<desc><![CDATA[CommonTimeValuePoint(absoluteTime=1764419208, value=0.97087383)]]></desc>
					<extensions>
						<ns3:TrackPointExtension>
							<ns3:speed>1.0416667</ns3:speed>
							<ns3:cad>0.0</ns3:cad>
							<ns3:hr>103</ns3:hr>
						</ns3:TrackPointExtension>
					</extensions>
			</trkpt>
			<trkpt lat="47.602158" lon="12.155058">
				<ele>624.0</ele>
				<time>2025-11-29T12:26:53Z</time>
				<desc><![CDATA[CommonTimeValuePoint(absoluteTime=1764419213, value=1.0204082)]]></desc>
					<extensions>
						<ns3:TrackPointExtension>
							<ns3:speed>0.98039216</ns3:speed>
							<ns3:cad>0.0</ns3:cad>
							<ns3:hr>103</ns3:hr>
						</ns3:TrackPointExtension>
					</extensions>
			</trkpt>
			<trkpt lat="47.602203" lon="12.155088">
				<ele>624.0</ele>
				<time>2025-11-29T12:26:57Z</time>
				<desc><![CDATA[CommonTimeValuePoint(absoluteTime=1764419217, value=0.9090909)]]></desc>
					<extensions>
						<ns3:TrackPointExtension>
							<ns3:speed>1.1111112</ns3:speed>
							<ns3:cad>0.0</ns3:cad>
							<ns3:hr>101</ns3:hr>
						</ns3:TrackPointExtension>
					</extensions>
			</trkpt>
			<trkpt lat="47.60224" lon="12.155138">
				<ele>625.0</ele>
				<time>2025-11-29T12:27:02Z</time>
				<desc><![CDATA[CommonTimeValuePoint(absoluteTime=1764419222, value=0.9345794)]]></desc>
					<extensions>
						<ns3:TrackPointExtension>
							<ns3:speed>1.0752689</ns3:speed>
							<ns3:cad>0.0</ns3:cad>
							<ns3:hr>99</ns3:hr>
						</ns3:TrackPointExtension>
					</extensions>
			</trkpt>
			<trkpt lat="47.60228" lon="12.155185">
				<ele>625.0</ele>
				<time>2025-11-29T12:27:07Z</time>
				<desc><![CDATA[CommonTimeValuePoint(absoluteTime=1764419227, value=0.9433963)]]></desc>
					<extensions>
						<ns3:TrackPointExtension>
							<ns3:speed>1.0752689</ns3:speed>
							<ns3:cad>0.0</ns3:cad>
							<ns3:hr>100</ns3:hr>
						</ns3:TrackPointExtension>
					</extensions>
			</trkpt>
			<trkpt lat="47.602325" lon="12.155227">
				<ele>626.0</ele>
				<time>2025-11-29T12:27:12Z</time>
				<desc><![CDATA[CommonTimeValuePoint(absoluteTime=1764419232, value=0.98039216)]]></desc>
					<extensions>
						<ns3:TrackPointExtension>
							<ns3:speed>1.0309278</ns3:speed>
							<ns3:cad>0.0</ns3:cad>
							<ns3:hr>102</ns3:hr>
						</ns3:TrackPointExtension>
					</extensions>
			</trkpt>
			<trkpt lat="47.60236" lon="12.155267">
				<ele>626.0</ele>
				<time>2025-11-29T12:27:17Z</time>
				<desc><![CDATA[CommonTimeValuePoint(absoluteTime=1764419237, value=0.97087383)]]></desc>
					<extensions>
						<ns3:TrackPointExtension>
							<ns3:speed>1.0416667</ns3:speed>
							<ns3:cad>0.0</ns3:cad>
							<ns3:hr>103</ns3:hr>
						</ns3:TrackPointExtension>
					</extensions>
			</trkpt>
			<trkpt lat="47.602398" lon="12.155316">
				<ele>627.0</ele>
				<time>2025-11-29T12:27:22Z</time>
				<desc><![CDATA[CommonTimeValuePoint(absoluteTime=1764419242, value=0.98039216)]]></desc>
					<extensions>
						<ns3:TrackPointExtension>
							<ns3:speed>1.0309278</ns3:speed>
							<ns3:cad>0.0</ns3:cad>
							<ns3:hr>102</ns3:hr>
						</ns3:TrackPointExtension>
					</extensions>
			</trkpt>
			<trkpt lat="47.60243" lon="12.155378">
				<ele>628.0</ele>
				<time>2025-11-29T12:27:28Z</time>
				<desc><![CDATA[CommonTimeValuePoint(absoluteTime=1764419248, value=0.9615385)]]></desc>
					<extensions>
						<ns3:TrackPointExtension>
							<ns3:speed>1.0526316</ns3:speed>
							<ns3:cad>0.0</ns3:cad>
							<ns3:hr>103</ns3:hr>
						</ns3:TrackPointExtension>
					</extensions>
			</trkpt>
			<trkpt lat="47.602467" lon="12.15541">
				<ele>629.0</ele>
				<time>2025-11-29T12:27:33Z</time>
				<desc><![CDATA[CommonTimeValuePoint(absoluteTime=1764419253, value=0.97087383)]]></desc>
					<extensions>
						<ns3:TrackPointExtension>
							<ns3:speed>1.0416667</ns3:speed>
							<ns3:cad>0.0</ns3:cad>
							<ns3:hr>102</ns3:hr>
						</ns3:TrackPointExtension>
					</extensions>
			</trkpt>
			<trkpt lat="47.602516" lon="12.155432">
				<ele>629.0</ele>
				<time>2025-11-29T12:27:39Z</time>
				<desc><![CDATA[CommonTimeValuePoint(absoluteTime=1764419259, value=1.0)]]></desc>
					<extensions>
						<ns3:TrackPointExtension>
							<ns3:speed>1.010101</ns3:speed>
							<ns3:cad>0.0</ns3:cad>
							<ns3:hr>100</ns3:hr>
						</ns3:TrackPointExtension>
					</extensions>
			</trkpt>
			<trkpt lat="47.602566" lon="12.155471">
				<ele>630.0</ele>
				<time>2025-11-29T12:27:45Z</time>
				<desc><![CDATA[CommonTimeValuePoint(absoluteTime=1764419265, value=1.0309278)]]></desc>
					<extensions>
						<ns3:TrackPointExtension>
							<ns3:speed>0.98039216</ns3:speed>
							<ns3:cad>0.0</ns3:cad>
							<ns3:hr>100</ns3:hr>
						</ns3:TrackPointExtension>
					</extensions>
			</trkpt>
			<trkpt lat="47.602608" lon="12.155499">
				<ele>631.0</ele>
				<time>2025-11-29T12:27:51Z</time>
				<desc><![CDATA[CommonTimeValuePoint(absoluteTime=1764419271, value=1.1363636)]]></desc>
					<extensions>
						<ns3:TrackPointExtension>
							<ns3:speed>0.89285713</ns3:speed>
							<ns3:cad>0.0</ns3:cad>
							<ns3:hr>100</ns3:hr>
						</ns3:TrackPointExtension>
					</extensions>
			</trkpt>
			<trkpt lat="47.602646" lon="12.155541">
				<ele>632.0</ele>
				<time>2025-11-29T12:27:57Z</time>
				<desc><![CDATA[CommonTimeValuePoint(absoluteTime=1764419277, value=1.2195122)]]></desc>
					<extensions>
						<ns3:TrackPointExtension>
							<ns3:speed>0.8333333</ns3:speed>
							<ns3:cad>0.0</ns3:cad>
						</ns3:TrackPointExtension>
					</extensions>
			</trkpt>
			<trkpt lat="47.602688" lon="12.155568">
				<ele>633.0</ele>
				<time>2025-11-29T12:28:02Z</time>
				<desc><![CDATA[CommonTimeValuePoint(absoluteTime=1764419282, value=1.0869565)]]></desc>
					<extensions>
						<ns3:TrackPointExtension>
							<ns3:speed>0.9259259</ns3:speed>
							<ns3:cad>0.0</ns3:cad>
						</ns3:TrackPointExtension>
					</extensions>
			</trkpt>
			<trkpt lat="47.60274" lon="12.155594">
				<ele>634.0</ele>
				<time>2025-11-29T12:28:08Z</time>
				<desc><![CDATA[CommonTimeValuePoint(absoluteTime=1764419288, value=1.0638298)]]></desc>
					<extensions>
						<ns3:TrackPointExtension>
							<ns3:speed>0.952381</ns3:speed>
							<ns3:cad>0.0</ns3:cad>
							<ns3:hr>100</ns3:hr>
						</ns3:TrackPointExtension>
					</extensions>
			</trkpt>
			<trkpt lat="47.6028" lon="12.155607">
				<ele>634.0</ele>
				<time>2025-11-29T12:28:13Z</time>
				<desc><![CDATA[CommonTimeValuePoint(absoluteTime=1764419293, value=1.0526316)]]></desc>
					<extensions>
						<ns3:TrackPointExtension>
							<ns3:speed>0.952381</ns3:speed>
							<ns3:cad>0.0</ns3:cad>
							<ns3:hr>102</ns3:hr>
						</ns3:TrackPointExtension>
					</extensions>
			</trkpt>
			<trkpt lat="47.602848" lon="12.155584">
				<ele>635.0</ele>
				<time>2025-11-29T12:28:17Z</time>
				<desc><![CDATA[CommonTimeValuePoint(absoluteTime=1764419297, value=0.97087383)]]></desc>
					<extensions>
						<ns3:TrackPointExtension>
							<ns3:speed>1.0416667</ns3:speed>
							<ns3:cad>0.0</ns3:cad>
							<ns3:hr>104</ns3:hr>
						</ns3:TrackPointExtension>
					</extensions>
			</trkpt>
			<trkpt lat="47.602894" lon="12.155583">
				<ele>635.0</ele>
				<time>2025-11-29T12:28:21Z</time>
				<desc><![CDATA[CommonTimeValuePoint(absoluteTime=1764419301, value=0.88495576)]]></desc>
					<extensions>
						<ns3:TrackPointExtension>
							<ns3:speed>1.1494253</ns3:speed>
							<ns3:cad>0.0</ns3:cad>
							<ns3:hr>103</ns3:hr>
						</ns3:TrackPointExtension>
					</extensions>
			</trkpt>
			<trkpt lat="47.60294" lon="12.155598">
				<ele>636.0</ele>
				<time>2025-11-29T12:28:28Z</time>
				<desc><![CDATA[CommonTimeValuePoint(absoluteTime=1764419308, value=1.1494253)]]></desc>
					<extensions>
						<ns3:TrackPointExtension>
							<ns3:speed>0.877193</ns3:speed>
							<ns3:cad>0.0</ns3:cad>
							<ns3:hr>103</ns3:hr>
						</ns3:TrackPointExtension>
					</extensions>
			</trkpt>
			<trkpt lat="47.60292" lon="12.155511">
				<ele>636.0</ele>
				<time>2025-11-29T12:29:30Z</time>
				<desc><![CDATA[CommonTimeValuePoint(absoluteTime=1764419370, value=1.8)]]></desc>
					<extensions>
						<ns3:TrackPointExtension>
							<ns3:speed>0.5555556</ns3:speed>
							<ns3:cad>0.0</ns3:cad>
						</ns3:TrackPointExtension>
					</extensions>
			</trkpt>
			<trkpt lat="47.602867" lon="12.15553">
				<ele>636.0</ele>
				<time>2025-11-29T12:29:35Z</time>
				<desc><![CDATA[CommonTimeValuePoint(absoluteTime=1764419375, value=1.4492754)]]></desc>
					<extensions>
						<ns3:TrackPointExtension>
							<ns3:speed>0.6993007</ns3:speed>
							<ns3:cad>0.0</ns3:cad>
						</ns3:TrackPointExtension>
					</extensions>
			</trkpt>
			<trkpt lat="47.602818" lon="12.155517">
				<ele>636.0</ele>
				<time>2025-11-29T12:29:40Z</time>
				<desc><![CDATA[CommonTimeValuePoint(absoluteTime=1764419380, value=1.1627907)]]></desc>
					<extensions>
						<ns3:TrackPointExtension>
							<ns3:speed>0.86956525</ns3:speed>
							<ns3:cad>0.0</ns3:cad>
						</ns3:TrackPointExtension>
					</extensions>
			</trkpt>
			<trkpt lat="47.602768" lon="12.155544">
				<ele>636.0</ele>
				<time>2025-11-29T12:29:45Z</time>
				<desc><![CDATA[CommonTimeValuePoint(absoluteTime=1764419385, value=1.0869565)]]></desc>
					<extensions>
						<ns3:TrackPointExtension>
							<ns3:speed>0.9345794</ns3:speed>
							<ns3:cad>0.0</ns3:cad>
						</ns3:TrackPointExtension>
					</extensions>
			</trkpt>
			<trkpt lat="47.602726" lon="12.155548">
				<ele>636.0</ele>
				<time>2025-11-29T12:29:49Z</time>
				<desc><![CDATA[CommonTimeValuePoint(absoluteTime=1764419389, value=1.0309278)]]></desc>
					<extensions>
						<ns3:TrackPointExtension>
							<ns3:speed>0.98039216</ns3:speed>
							<ns3:cad>0.0</ns3:cad>
							<ns3:hr>92</ns3:hr>
						</ns3:TrackPointExtension>
					</extensions>
			</trkpt>
			<trkpt lat="47.602676" lon="12.155521">
				<ele>636.0</ele>
				<time>2025-11-29T12:29:54Z</time>
				<desc><![CDATA[CommonTimeValuePoint(absoluteTime=1764419394, value=1.0416667)]]></desc>
					<extensions>
						<ns3:TrackPointExtension>
							<ns3:speed>0.97087383</ns3:speed>
							<ns3:cad>0.0</ns3:cad>
							<ns3:hr>95</ns3:hr>
						</ns3:TrackPointExtension>
					</extensions>
			</trkpt>
			<trkpt lat="47.602634" lon="12.155491">
				<ele>636.0</ele>
				<time>2025-11-29T12:30:00Z</time>
				<desc><![CDATA[CommonTimeValuePoint(absoluteTime=1764419400, value=1.0752689)]]></desc>
					<extensions>
						<ns3:TrackPointExtension>
							<ns3:speed>0.9433963</ns3:speed>
							<ns3:cad>0.0</ns3:cad>
							<ns3:hr>96</ns3:hr>
						</ns3:TrackPointExtension>
					</extensions>
			</trkpt>
			<trkpt lat="47.6026" lon="12.155445">
				<ele>636.0</ele>
				<time>2025-11-29T12:30:05Z</time>
				<desc><![CDATA[CommonTimeValuePoint(absoluteTime=1764419405, value=1.0638298)]]></desc>
					<extensions>
						<ns3:TrackPointExtension>
							<ns3:speed>0.9433963</ns3:speed>
							<ns3:cad>0.0</ns3:cad>
							<ns3:hr>97</ns3:hr>
						</ns3:TrackPointExtension>
					</extensions>
			</trkpt>
			<trkpt lat="47.60256" lon="12.15541">
				<ele>636.0</ele>
				<time>2025-11-29T12:30:10Z</time>
				<desc><![CDATA[CommonTimeValuePoint(absoluteTime=1764419410, value=1.0416667)]]></desc>
					<extensions>
						<ns3:TrackPointExtension>
							<ns3:speed>0.97087383</ns3:speed>
							<ns3:cad>0.0</ns3:cad>
							<ns3:hr>97</ns3:hr>
						</ns3:TrackPointExtension>
					</extensions>
			</trkpt>
			<trkpt lat="47.602516" lon="12.155379">
				<ele>634.0</ele>
				<time>2025-11-29T12:30:16Z</time>
				<desc><![CDATA[CommonTimeValuePoint(absoluteTime=1764419416, value=1.0309278)]]></desc>
					<extensions>
						<ns3:TrackPointExtension>
							<ns3:speed>0.98039216</ns3:speed>
							<ns3:cad>0.0</ns3:cad>
							<ns3:hr>97</ns3:hr>
						</ns3:TrackPointExtension>
					</extensions>
			</trkpt>
			<trkpt lat="47.60247" lon="12.155366">
				<ele>633.0</ele>
				<time>2025-11-29T12:30:22Z</time>
				<desc><![CDATA[CommonTimeValuePoint(absoluteTime=1764419422, value=1.1235955)]]></desc>
					<extensions>
						<ns3:TrackPointExtension>
							<ns3:speed>0.9009009</ns3:speed>
							<ns3:cad>0.0</ns3:cad>
							<ns3:hr>97</ns3:hr>
						</ns3:TrackPointExtension>
					</extensions>
			</trkpt>
			<trkpt lat="47.602417" lon="12.155339">
				<ele>632.0</ele>
				<time>2025-11-29T12:30:27Z</time>
				<desc><![CDATA[CommonTimeValuePoint(absoluteTime=1764419427, value=0.877193)]]></desc>
					<extensions>
						<ns3:TrackPointExtension>
							<ns3:speed>1.1494253</ns3:speed>
							<ns3:cad>0.0</ns3:cad>
							<ns3:hr>98</ns3:hr>
						</ns3:TrackPointExtension>
					</extensions>
			</trkpt>
			<trkpt lat="47.602367" lon="12.155311">
				<ele>631.0</ele>
				<time>2025-11-29T12:30:31Z</time>
				<desc><![CDATA[CommonTimeValuePoint(absoluteTime=1764419431, value=0.8)]]></desc>
					<extensions>
						<ns3:TrackPointExtension>
							<ns3:speed>1.2658228</ns3:speed>
							<ns3:cad>0.0</ns3:cad>
						</ns3:TrackPointExtension>
					</extensions>
			</trkpt>
			<trkpt lat="47.602325" lon="12.155272">
				<ele>630.0</ele>
				<time>2025-11-29T12:30:36Z</time>
				<desc><![CDATA[CommonTimeValuePoint(absoluteTime=1764419436, value=0.729927)]]></desc>
					<extensions>
						<ns3:TrackPointExtension>
							<ns3:speed>1.3888888</ns3:speed>
							<ns3:cad>0.0</ns3:cad>
							<ns3:hr>97</ns3:hr>
						</ns3:TrackPointExtension>
					</extensions>
			</trkpt>
			<trkpt lat="47.60228" lon="12.15526">
				<ele>629.0</ele>
				<time>2025-11-29T12:30:41Z</time>
				<desc><![CDATA[CommonTimeValuePoint(absoluteTime=1764419441, value=0.7692308)]]></desc>
					<extensions>
						<ns3:TrackPointExtension>
							<ns3:speed>1.3157895</ns3:speed>
							<ns3:cad>0.0</ns3:cad>
							<ns3:hr>96</ns3:hr>
						</ns3:TrackPointExtension>
					</extensions>
			</trkpt>
			<trkpt lat="47.602238" lon="12.155214">
				<ele>629.0</ele>
				<time>2025-11-29T12:30:46Z</time>
				<desc><![CDATA[CommonTimeValuePoint(absoluteTime=1764419446, value=0.82644624)]]></desc>
					<extensions>
						<ns3:TrackPointExtension>
							<ns3:speed>1.2195122</ns3:speed>
							<ns3:cad>0.0</ns3:cad>
							<ns3:hr>96</ns3:hr>
						</ns3:TrackPointExtension>
					</extensions>
			</trkpt>
			<trkpt lat="47.602215" lon="12.155154">
				<ele>628.0</ele>
				<time>2025-11-29T12:30:51Z</time>
				<desc><![CDATA[CommonTimeValuePoint(absoluteTime=1764419451, value=0.862069)]]></desc>
					<extensions>
						<ns3:TrackPointExtension>
							<ns3:speed>1.1627907</ns3:speed>
							<ns3:cad>0.0</ns3:cad>
							<ns3:hr>95</ns3:hr>
						</ns3:TrackPointExtension>
					</extensions>
			</trkpt>
			<trkpt lat="47.602184" lon="12.155088">
				<ele>628.0</ele>
				<time>2025-11-29T12:30:56Z</time>
				<desc><![CDATA[CommonTimeValuePoint(absoluteTime=1764419456, value=0.877193)]]></desc>
					<extensions>
						<ns3:TrackPointExtension>
							<ns3:speed>1.1494253</ns3:speed>
							<ns3:cad>0.0</ns3:cad>
							<ns3:hr>97</ns3:hr>
						</ns3:TrackPointExtension>
					</extensions>
			</trkpt>
			<trkpt lat="47.602142" lon="12.155042">
				<ele>627.0</ele>
				<time>2025-11-29T12:31:01Z</time>
				<desc><![CDATA[CommonTimeValuePoint(absoluteTime=1764419461, value=0.88495576)]]></desc>
					<extensions>
						<ns3:TrackPointExtension>
							<ns3:speed>1.1363636</ns3:speed>
							<ns3:cad>0.0</ns3:cad>
							<ns3:hr>98</ns3:hr>
						</ns3:TrackPointExtension>
					</extensions>
			</trkpt>
			<trkpt lat="47.60211" lon="12.154982">
				<ele>627.0</ele>
				<time>2025-11-29T12:31:04Z</time>
				<desc><![CDATA[CommonTimeValuePoint(absoluteTime=1764419464, value=0.86956525)]]></desc>
					<extensions>
						<ns3:TrackPointExtension>
							<ns3:speed>1.1627907</ns3:speed>
							<ns3:cad>0.0</ns3:cad>
							<ns3:hr>99</ns3:hr>
						</ns3:TrackPointExtension>
					</extensions>
			</trkpt>
			<trkpt lat="47.602085" lon="12.154913">
				<ele>626.0</ele>
				<time>2025-11-29T12:31:10Z</time>
				<desc><![CDATA[CommonTimeValuePoint(absoluteTime=1764419470, value=0.9090909)]]></desc>
					<extensions>
						<ns3:TrackPointExtension>
							<ns3:speed>1.1111112</ns3:speed>
							<ns3:cad>0.0</ns3:cad>
						</ns3:TrackPointExtension>
					</extensions>
			</trkpt>
			<trkpt lat="47.602062" lon="12.15485">
				<ele>625.0</ele>
				<time>2025-11-29T12:31:14Z</time>
				<desc><![CDATA[CommonTimeValuePoint(absoluteTime=1764419474, value=0.89285713)]]></desc>
					<extensions>
						<ns3:TrackPointExtension>
							<ns3:speed>1.1363636</ns3:speed>
							<ns3:cad>0.0</ns3:cad>
							<ns3:hr>99</ns3:hr>
						</ns3:TrackPointExtension>
					</extensions>
			</trkpt>
			<trkpt lat="47.602028" lon="12.154799">
				<ele>625.0</ele>
				<time>2025-11-29T12:31:18Z</time>
				<desc><![CDATA[CommonTimeValuePoint(absoluteTime=1764419478, value=0.9009009)]]></desc>
					<extensions>
						<ns3:TrackPointExtension>
							<ns3:speed>1.1235955</ns3:speed>
							<ns3:cad>0.0</ns3:cad>
							<ns3:hr>105</ns3:hr>
						</ns3:TrackPointExtension>
					</extensions>
			</trkpt>
			<trkpt lat="47.601994" lon="12.15475">
				<ele>625.0</ele>
				<time>2025-11-29T12:31:22Z</time>
				<desc><![CDATA[CommonTimeValuePoint(absoluteTime=1764419482, value=0.8333333)]]></desc>
					<extensions>
						<ns3:TrackPointExtension>
							<ns3:speed>1.2195122</ns3:speed>
							<ns3:cad>0.0</ns3:cad>
						</ns3:TrackPointExtension>
					</extensions>
			</trkpt>
			<trkpt lat="47.601944" lon="12.154713">
				<ele>624.0</ele>
				<time>2025-11-29T12:31:27Z</time>
				<desc><![CDATA[CommonTimeValuePoint(absoluteTime=1764419487, value=0.84745765)]]></desc>
					<extensions>
						<ns3:TrackPointExtension>
							<ns3:speed>1.1904762</ns3:speed>
							<ns3:cad>0.0</ns3:cad>
							<ns3:hr>109</ns3:hr>
						</ns3:TrackPointExtension>
					</extensions>
			</trkpt>
			<trkpt lat="47.601894" lon="12.154678">
				<ele>624.0</ele>
				<time>2025-11-29T12:31:32Z</time>
				<desc><![CDATA[CommonTimeValuePoint(absoluteTime=1764419492, value=0.98039216)]]></desc>
					<extensions>
						<ns3:TrackPointExtension>
							<ns3:speed>1.0309278</ns3:speed>
							<ns3:cad>0.0</ns3:cad>
						</ns3:TrackPointExtension>
					</extensions>
			</trkpt>
			<trkpt lat="47.601803" lon="12.154837">
				<ele>624.0</ele>
				<time>2025-11-29T12:32:18Z</time>
				<desc><![CDATA[CommonTimeValuePoint(absoluteTime=1764419538, value=1.2987013)]]></desc>
					<extensions>
						<ns3:TrackPointExtension>
							<ns3:speed>0.7751938</ns3:speed>
							<ns3:cad>0.0</ns3:cad>
						</ns3:TrackPointExtension>
					</extensions>
			</trkpt>
			<trkpt lat="47.601788" lon="12.1549">
				<ele>624.0</ele>
				<time>2025-11-29T12:32:23Z</time>
				<desc><![CDATA[CommonTimeValuePoint(absoluteTime=1764419543, value=1.1363636)]]></desc>
					<extensions>
						<ns3:TrackPointExtension>
							<ns3:speed>0.89285713</ns3:speed>
							<ns3:cad>0.0</ns3:cad>
							<ns3:hr>105</ns3:hr>
						</ns3:TrackPointExtension>
					</extensions>
			</trkpt>
			<trkpt lat="47.601788" lon="12.154968">
				<ele>624.0</ele>
				<time>2025-11-29T12:32:30Z</time>
				<desc><![CDATA[CommonTimeValuePoint(absoluteTime=1764419550, value=1.2820513)]]></desc>
					<extensions>
						<ns3:TrackPointExtension>
							<ns3:speed>0.78740156</ns3:speed>
							<ns3:cad>0.0</ns3:cad>
							<ns3:hr>106</ns3:hr>
						</ns3:TrackPointExtension>
					</extensions>
			</trkpt>
			<trkpt lat="47.601776" lon="12.155042">
				<ele>624.0</ele>
				<time>2025-11-29T12:32:38Z</time>
				<desc><![CDATA[CommonTimeValuePoint(absoluteTime=1764419558, value=1.5625)]]></desc>
					<extensions>
						<ns3:TrackPointExtension>
							<ns3:speed>0.64935064</ns3:speed>
							<ns3:cad>0.0</ns3:cad>
							<ns3:hr>105</ns3:hr>
						</ns3:TrackPointExtension>
					</extensions>
			</trkpt>
			<trkpt lat="47.601753" lon="12.155108">
				<ele>624.0</ele>
				<time>2025-11-29T12:32:43Z</time>
				<desc><![CDATA[CommonTimeValuePoint(absoluteTime=1764419563, value=1.6666666)]]></desc>
					<extensions>
						<ns3:TrackPointExtension>
							<ns3:speed>0.6060606</ns3:speed>
							<ns3:cad>0.0</ns3:cad>
							<ns3:hr>105</ns3:hr>
						</ns3:TrackPointExtension>
					</extensions>
			</trkpt>
			<trkpt lat="47.601772" lon="12.15518">
				<ele>624.0</ele>
				<time>2025-11-29T12:32:48Z</time>
				<desc><![CDATA[CommonTimeValuePoint(absoluteTime=1764419568, value=1.3333334)]]></desc>
					<extensions>
						<ns3:TrackPointExtension>
							<ns3:speed>0.75757575</ns3:speed>
							<ns3:cad>0.0</ns3:cad>
							<ns3:hr>108</ns3:hr>
						</ns3:TrackPointExtension>
					</extensions>
			</trkpt>
			<trkpt lat="47.6018" lon="12.155247">
				<ele>624.0</ele>
				<time>2025-11-29T12:32:53Z</time>
				<desc><![CDATA[CommonTimeValuePoint(absoluteTime=1764419573, value=1.1494253)]]></desc>
					<extensions>
						<ns3:TrackPointExtension>
							<ns3:speed>0.877193</ns3:speed>
							<ns3:cad>0.0</ns3:cad>
						</ns3:TrackPointExtension>
					</extensions>
			</trkpt>
			<trkpt lat="47.60182" lon="12.155312">
				<ele>624.0</ele>
				<time>2025-11-29T12:33:01Z</time>
				<desc><![CDATA[CommonTimeValuePoint(absoluteTime=1764419581, value=1.1764705)]]></desc>
					<extensions>
						<ns3:TrackPointExtension>
							<ns3:speed>0.85470086</ns3:speed>
							<ns3:cad>0.0</ns3:cad>
							<ns3:hr>106</ns3:hr>
						</ns3:TrackPointExtension>
					</extensions>
			</trkpt>
			<trkpt lat="47.601818" lon="12.155383">
				<ele>625.0</ele>
				<time>2025-11-29T12:33:08Z</time>
				<desc><![CDATA[CommonTimeValuePoint(absoluteTime=1764419588, value=1.3333334)]]></desc>
					<extensions>
						<ns3:TrackPointExtension>
							<ns3:speed>0.76335883</ns3:speed>
							<ns3:cad>0.0</ns3:cad>
						</ns3:TrackPointExtension>
					</extensions>
			</trkpt>
			<trkpt lat="47.601833" lon="12.155448">
				<ele>625.0</ele>
				<time>2025-11-29T12:33:13Z</time>
				<desc><![CDATA[CommonTimeValuePoint(absoluteTime=1764419593, value=1.25)]]></desc>
					<extensions>
						<ns3:TrackPointExtension>
							<ns3:speed>0.8130081</ns3:speed>
							<ns3:cad>0.0</ns3:cad>
							<ns3:hr>108</ns3:hr>
						</ns3:TrackPointExtension>
					</extensions>
			</trkpt>
			<trkpt lat="47.601837" lon="12.155521">
				<ele>624.0</ele>
				<time>2025-11-29T12:33:19Z</time>
				<desc><![CDATA[CommonTimeValuePoint(absoluteTime=1764419599, value=1.3157895)]]></desc>
					<extensions>
						<ns3:TrackPointExtension>
							<ns3:speed>0.7692308</ns3:speed>
							<ns3:cad>0.0</ns3:cad>
							<ns3:hr>111</ns3:hr>
						</ns3:TrackPointExtension>
					</extensions>
			</trkpt>
			<trkpt lat="47.601875" lon="12.155575">
				<ele>624.0</ele>
				<time>2025-11-29T12:33:27Z</time>
				<desc><![CDATA[CommonTimeValuePoint(absoluteTime=1764419607, value=1.724138)]]></desc>
					<extensions>
						<ns3:TrackPointExtension>
							<ns3:speed>0.58823526</ns3:speed>
							<ns3:cad>0.0</ns3:cad>
							<ns3:hr>108</ns3:hr>
						</ns3:TrackPointExtension>
					</extensions>
			</trkpt>
			<trkpt lat="47.601875" lon="12.155644">
				<ele>624.0</ele>
				<time>2025-11-29T12:33:31Z</time>
				<desc><![CDATA[CommonTimeValuePoint(absoluteTime=1764419611, value=1.3333334)]]></desc>
					<extensions>
						<ns3:TrackPointExtension>
							<ns3:speed>0.75757575</ns3:speed>
							<ns3:cad>0.0</ns3:cad>
							<ns3:hr>108</ns3:hr>
						</ns3:TrackPointExtension>
					</extensions>
			</trkpt>
			<trkpt lat="47.60189" lon="12.155725">
				<ele>624.0</ele>
				<time>2025-11-29T12:33:36Z</time>
				<desc><![CDATA[CommonTimeValuePoint(absoluteTime=1764419616, value=1.2345679)]]></desc>
					<extensions>
						<ns3:TrackPointExtension>
							<ns3:speed>0.8196721</ns3:speed>
							<ns3:cad>0.0</ns3:cad>
						</ns3:TrackPointExtension>
					</extensions>
			</trkpt>
			<trkpt lat="47.601913" lon="12.155785">
				<ele>624.0</ele>
				<time>2025-11-29T12:33:42Z</time>
				<desc><![CDATA[CommonTimeValuePoint(absoluteTime=1764419622, value=1.1764705)]]></desc>
					<extensions>
						<ns3:TrackPointExtension>
							<ns3:speed>0.85470086</ns3:speed>
							<ns3:cad>0.0</ns3:cad>
							<ns3:hr>108</ns3:hr>
						</ns3:TrackPointExtension>
					</extensions>
			</trkpt>
			<trkpt lat="47.601913" lon="12.155853">
				<ele>624.0</ele>
				<time>2025-11-29T12:33:47Z</time>
				<desc><![CDATA[CommonTimeValuePoint(absoluteTime=1764419627, value=1.2048193)]]></desc>
					<extensions>
						<ns3:TrackPointExtension>
							<ns3:speed>0.8403361</ns3:speed>
							<ns3:cad>0.0</ns3:cad>
							<ns3:hr>107</ns3:hr>
						</ns3:TrackPointExtension>
					</extensions>
			</trkpt>
			<trkpt lat="47.601917" lon="12.155927">
				<ele>624.0</ele>
				<time>2025-11-29T12:33:52Z</time>
				<desc><![CDATA[CommonTimeValuePoint(absoluteTime=1764419632, value=1.0638298)]]></desc>
					<extensions>
						<ns3:TrackPointExtension>
							<ns3:speed>0.952381</ns3:speed>
							<ns3:cad>0.0</ns3:cad>
							<ns3:hr>107</ns3:hr>
						</ns3:TrackPointExtension>
					</extensions>
			</trkpt>
			<trkpt lat="47.601917" lon="12.156014">
				<ele>624.0</ele>
				<time>2025-11-29T12:33:57Z</time>
				<desc><![CDATA[CommonTimeValuePoint(absoluteTime=1764419637, value=1.0752689)]]></desc>
					<extensions>
						<ns3:TrackPointExtension>
							<ns3:speed>0.9433963</ns3:speed>
							<ns3:cad>0.0</ns3:cad>
							<ns3:hr>107</ns3:hr>
						</ns3:TrackPointExtension>
					</extensions>
			</trkpt>
			<trkpt lat="47.60191" lon="12.156083">
				<ele>624.0</ele>
				<time>2025-11-29T12:34:01Z</time>
				<desc><![CDATA[CommonTimeValuePoint(absoluteTime=1764419641, value=1.0309278)]]></desc>
					<extensions>
						<ns3:TrackPointExtension>
							<ns3:speed>0.98039216</ns3:speed>
							<ns3:cad>0.0</ns3:cad>
							<ns3:hr>106</ns3:hr>
						</ns3:TrackPointExtension>
					</extensions>
			</trkpt>
			<trkpt lat="47.601902" lon="12.1561575">
				<ele>623.0</ele>
				<time>2025-11-29T12:34:05Z</time>
				<desc><![CDATA[CommonTimeValuePoint(absoluteTime=1764419645, value=1.0204082)]]></desc>
					<extensions>
						<ns3:TrackPointExtension>
							<ns3:speed>0.990099</ns3:speed>
							<ns3:cad>0.0</ns3:cad>
							<ns3:hr>109</ns3:hr>
						</ns3:TrackPointExtension>
					</extensions>
			</trkpt>
			<trkpt lat="47.6019" lon="12.156228">
				<ele>623.0</ele>
				<time>2025-11-29T12:34:09Z</time>
				<desc><![CDATA[CommonTimeValuePoint(absoluteTime=1764419649, value=0.9259259)]]></desc>
					<extensions>
						<ns3:TrackPointExtension>
							<ns3:speed>1.0869565</ns3:speed>
							<ns3:cad>0.0</ns3:cad>
							<ns3:hr>109</ns3:hr>
						</ns3:TrackPointExtension>
					</extensions>
			</trkpt>
			<trkpt lat="47.601894" lon="12.1563015">
				<ele>623.0</ele>
				<time>2025-11-29T12:34:14Z</time>
				<desc><![CDATA[CommonTimeValuePoint(absoluteTime=1764419654, value=0.9259259)]]></desc>
					<extensions>
						<ns3:TrackPointExtension>
							<ns3:speed>1.0869565</ns3:speed>
							<ns3:cad>0.0</ns3:cad>
							<ns3:hr>108</ns3:hr>
						</ns3:TrackPointExtension>
					</extensions>
			</trkpt>
			<trkpt lat="47.6019" lon="12.156375">
				<ele>623.0</ele>
				<time>2025-11-29T12:34:19Z</time>
				<desc><![CDATA[CommonTimeValuePoint(absoluteTime=1764419659, value=0.88495576)]]></desc>
					<extensions>
						<ns3:TrackPointExtension>
							<ns3:speed>1.1363636</ns3:speed>
							<ns3:cad>0.0</ns3:cad>
						</ns3:TrackPointExtension>
					</extensions>
			</trkpt>
			<trkpt lat="47.601917" lon="12.156445">
				<ele>623.0</ele>
				<time>2025-11-29T12:34:23Z</time>
				<desc><![CDATA[CommonTimeValuePoint(absoluteTime=1764419663, value=0.85470086)]]></desc>
					<extensions>
						<ns3:TrackPointExtension>
							<ns3:speed>1.1764705</ns3:speed>
							<ns3:cad>0.0</ns3:cad>
							<ns3:hr>104</ns3:hr>
						</ns3:TrackPointExtension>
					</extensions>
			</trkpt>
			<trkpt lat="47.601936" lon="12.156507">
				<ele>623.0</ele>
				<time>2025-11-29T12:34:27Z</time>
				<desc><![CDATA[CommonTimeValuePoint(absoluteTime=1764419667, value=0.8130081)]]></desc>
					<extensions>
						<ns3:TrackPointExtension>
							<ns3:speed>1.2345679</ns3:speed>
							<ns3:cad>0.0</ns3:cad>
							<ns3:hr>102</ns3:hr>
						</ns3:TrackPointExtension>
					</extensions>
			</trkpt>
			<trkpt lat="47.60195" lon="12.1565695">
				<ele>623.0</ele>
				<time>2025-11-29T12:34:32Z</time>
				<desc><![CDATA[CommonTimeValuePoint(absoluteTime=1764419672, value=0.9090909)]]></desc>
					<extensions>
						<ns3:TrackPointExtension>
							<ns3:speed>1.1111112</ns3:speed>
							<ns3:cad>0.0</ns3:cad>
							<ns3:hr>104</ns3:hr>
						</ns3:TrackPointExtension>
					</extensions>
			</trkpt>
			<trkpt lat="47.601974" lon="12.156631">
				<ele>623.0</ele>
				<time>2025-11-29T12:34:37Z</time>
				<desc><![CDATA[CommonTimeValuePoint(absoluteTime=1764419677, value=0.952381)]]></desc>
					<extensions>
						<ns3:TrackPointExtension>
							<ns3:speed>1.0638298</ns3:speed>
							<ns3:cad>0.0</ns3:cad>
							<ns3:hr>105</ns3:hr>
						</ns3:TrackPointExtension>
					</extensions>
			</trkpt>
			<trkpt lat="47.601986" lon="12.156703">
				<ele>623.0</ele>
				<time>2025-11-29T12:34:42Z</time>
				<desc><![CDATA[CommonTimeValuePoint(absoluteTime=1764419682, value=0.952381)]]></desc>
					<extensions>
						<ns3:TrackPointExtension>
							<ns3:speed>1.0638298</ns3:speed>
							<ns3:cad>0.0</ns3:cad>
							<ns3:hr>106</ns3:hr>
						</ns3:TrackPointExtension>
					</extensions>
			</trkpt>
			<trkpt lat="47.60201" lon="12.156776">
				<ele>623.0</ele>
				<time>2025-11-29T12:34:47Z</time>
				<desc><![CDATA[CommonTimeValuePoint(absoluteTime=1764419687, value=0.952381)]]></desc>
					<extensions>
						<ns3:TrackPointExtension>
							<ns3:speed>1.0526316</ns3:speed>
							<ns3:cad>0.0</ns3:cad>
							<ns3:hr>105</ns3:hr>
						</ns3:TrackPointExtension>
					</extensions>
			</trkpt>
			<trkpt lat="47.60204" lon="12.156833">
				<ele>623.0</ele>
				<time>2025-11-29T12:34:51Z</time>
				<desc><![CDATA[CommonTimeValuePoint(absoluteTime=1764419691, value=0.9090909)]]></desc>
					<extensions>
						<ns3:TrackPointExtension>
							<ns3:speed>1.1111112</ns3:speed>
							<ns3:cad>0.0</ns3:cad>
							<ns3:hr>103</ns3:hr>
						</ns3:TrackPointExtension>
					</extensions>
			</trkpt>
			<trkpt lat="47.602066" lon="12.156898">
				<ele>623.0</ele>
				<time>2025-11-29T12:34:55Z</time>
				<desc><![CDATA[CommonTimeValuePoint(absoluteTime=1764419695, value=0.877193)]]></desc>
					<extensions>
						<ns3:TrackPointExtension>
							<ns3:speed>1.1494253</ns3:speed>
							<ns3:cad>0.0</ns3:cad>
							<ns3:hr>101</ns3:hr>
						</ns3:TrackPointExtension>
					</extensions>
			</trkpt>
			<trkpt lat="47.602085" lon="12.156977">
				<ele>622.0</ele>
				<time>2025-11-29T12:34:59Z</time>
				<desc><![CDATA[CommonTimeValuePoint(absoluteTime=1764419699, value=0.7936508)]]></desc>
					<extensions>
						<ns3:TrackPointExtension>
							<ns3:speed>1.2658228</ns3:speed>
							<ns3:cad>0.0</ns3:cad>
							<ns3:hr>98</ns3:hr>
						</ns3:TrackPointExtension>
					</extensions>
			</trkpt>
			<trkpt lat="47.602093" lon="12.157051">
				<ele>622.0</ele>
				<time>2025-11-29T12:35:03Z</time>
				<desc><![CDATA[CommonTimeValuePoint(absoluteTime=1764419703, value=0.7194245)]]></desc>
					<extensions>
						<ns3:TrackPointExtension>
							<ns3:speed>1.4084507</ns3:speed>
							<ns3:cad>0.0</ns3:cad>
							<ns3:hr>96</ns3:hr>
						</ns3:TrackPointExtension>
					</extensions>
			</trkpt>
			<trkpt lat="47.602108" lon="12.157122">
				<ele>621.0</ele>
				<time>2025-11-29T12:35:09Z</time>
				<desc><![CDATA[CommonTimeValuePoint(absoluteTime=1764419709, value=0.78740156)]]></desc>
					<extensions>
						<ns3:TrackPointExtension>
							<ns3:speed>1.2820513</ns3:speed>
							<ns3:cad>0.0</ns3:cad>
							<ns3:hr>103</ns3:hr>
						</ns3:TrackPointExtension>
					</extensions>
			</trkpt>
			<trkpt lat="47.602108" lon="12.157203">
				<ele>621.0</ele>
				<time>2025-11-29T12:35:14Z</time>
				<desc><![CDATA[CommonTimeValuePoint(absoluteTime=1764419714, value=0.82644624)]]></desc>
					<extensions>
						<ns3:TrackPointExtension>
							<ns3:speed>1.2195122</ns3:speed>
							<ns3:cad>0.0</ns3:cad>
							<ns3:hr>103</ns3:hr>
						</ns3:TrackPointExtension>
					</extensions>
			</trkpt>
			<trkpt lat="47.602104" lon="12.157274">
				<ele>621.0</ele>
				<time>2025-11-29T12:35:17Z</time>
				<desc><![CDATA[CommonTimeValuePoint(absoluteTime=1764419717, value=0.7936508)]]></desc>
					<extensions>
						<ns3:TrackPointExtension>
							<ns3:speed>1.2658228</ns3:speed>
							<ns3:cad>0.0</ns3:cad>
							<ns3:hr>107</ns3:hr>
						</ns3:TrackPointExtension>
					</extensions>
			</trkpt>
			<trkpt lat="47.602104" lon="12.157356">
				<ele>620.0</ele>
				<time>2025-11-29T12:35:22Z</time>
				<desc><![CDATA[CommonTimeValuePoint(absoluteTime=1764419722, value=0.7936508)]]></desc>
					<extensions>
						<ns3:TrackPointExtension>
							<ns3:speed>1.2820513</ns3:speed>
							<ns3:cad>0.0</ns3:cad>
							<ns3:hr>111</ns3:hr>
						</ns3:TrackPointExtension>
					</extensions>
			</trkpt>
			<trkpt lat="47.602104" lon="12.157436">
				<ele>620.0</ele>
				<time>2025-11-29T12:35:27Z</time>
				<desc><![CDATA[CommonTimeValuePoint(absoluteTime=1764419727, value=0.8064516)]]></desc>
					<extensions>
						<ns3:TrackPointExtension>
							<ns3:speed>1.25</ns3:speed>
							<ns3:cad>0.0</ns3:cad>
							<ns3:hr>108</ns3:hr>
						</ns3:TrackPointExtension>
					</extensions>
			</trkpt>
			<trkpt lat="47.602104" lon="12.1575165">
				<ele>619.0</ele>
				<time>2025-11-29T12:35:31Z</time>
				<desc><![CDATA[CommonTimeValuePoint(absoluteTime=1764419731, value=0.8130081)]]></desc>
					<extensions>
						<ns3:TrackPointExtension>
							<ns3:speed>1.25</ns3:speed>
							<ns3:cad>0.0</ns3:cad>
						</ns3:TrackPointExtension>
					</extensions>
			</trkpt>
			<trkpt lat="47.602093" lon="12.157584">
				<ele>619.0</ele>
				<time>2025-11-29T12:35:35Z</time>
				<desc><![CDATA[CommonTimeValuePoint(absoluteTime=1764419735, value=0.76335883)]]></desc>
					<extensions>
						<ns3:TrackPointExtension>
							<ns3:speed>1.3157895</ns3:speed>
							<ns3:cad>0.0</ns3:cad>
							<ns3:hr>109</ns3:hr>
						</ns3:TrackPointExtension>
					</extensions>
			</trkpt>
			<trkpt lat="47.60208" lon="12.15765">
				<ele>619.0</ele>
				<time>2025-11-29T12:35:40Z</time>
				<desc><![CDATA[CommonTimeValuePoint(absoluteTime=1764419740, value=0.7352941)]]></desc>
					<extensions>
						<ns3:TrackPointExtension>
							<ns3:speed>1.369863</ns3:speed>
							<ns3:cad>0.0</ns3:cad>
							<ns3:hr>108</ns3:hr>
						</ns3:TrackPointExtension>
					</extensions>
			</trkpt>
			<trkpt lat="47.60206" lon="12.157715">
				<ele>619.0</ele>
				<time>2025-11-29T12:35:44Z</time>
				<desc><![CDATA[CommonTimeValuePoint(absoluteTime=1764419744, value=0.78740156)]]></desc>
					<extensions>
						<ns3:TrackPointExtension>
							<ns3:speed>1.2820513</ns3:speed>
							<ns3:cad>0.0</ns3:cad>
							<ns3:hr>107</ns3:hr>
						</ns3:TrackPointExtension>
					</extensions>
			</trkpt>
			<trkpt lat="47.602028" lon="12.157793">
				<ele>618.0</ele>
				<time>2025-11-29T12:35:48Z</time>
				<desc><![CDATA[CommonTimeValuePoint(absoluteTime=1764419748, value=0.8333333)]]></desc>
					<extensions>
						<ns3:TrackPointExtension>
							<ns3:speed>1.2195122</ns3:speed>
							<ns3:cad>0.0</ns3:cad>
							<ns3:hr>108</ns3:hr>
						</ns3:TrackPointExtension>
					</extensions>
			</trkpt>
			<trkpt lat="47.602016" lon="12.157865">
				<ele>618.0</ele>
				<time>2025-11-29T12:35:52Z</time>
				<desc><![CDATA[CommonTimeValuePoint(absoluteTime=1764419752, value=0.8333333)]]></desc>
					<extensions>
						<ns3:TrackPointExtension>
							<ns3:speed>1.2195122</ns3:speed>
							<ns3:cad>0.0</ns3:cad>
							<ns3:hr>108</ns3:hr>
						</ns3:TrackPointExtension>
					</extensions>
			</trkpt>
			<trkpt lat="47.602013" lon="12.15794">
				<ele>618.0</ele>
				<time>2025-11-29T12:35:58Z</time>
				<desc><![CDATA[CommonTimeValuePoint(absoluteTime=1764419758, value=0.8403361)]]></desc>
					<extensions>
						<ns3:TrackPointExtension>
							<ns3:speed>1.2048193</ns3:speed>
							<ns3:cad>0.0</ns3:cad>
							<ns3:hr>108</ns3:hr>
						</ns3:TrackPointExtension>
					</extensions>
			</trkpt>
			<trkpt lat="47.602005" lon="12.158019">
				<ele>617.0</ele>
				<time>2025-11-29T12:36:03Z</time>
				<desc><![CDATA[CommonTimeValuePoint(absoluteTime=1764419763, value=0.85470086)]]></desc>
					<extensions>
						<ns3:TrackPointExtension>
							<ns3:speed>1.1764705</ns3:speed>
							<ns3:cad>0.0</ns3:cad>
						</ns3:TrackPointExtension>
					</extensions>
			</trkpt>
			<trkpt lat="47.60199" lon="12.158085">
				<ele>617.0</ele>
				<time>2025-11-29T12:36:08Z</time>
				<desc><![CDATA[CommonTimeValuePoint(absoluteTime=1764419768, value=0.8403361)]]></desc>
					<extensions>
						<ns3:TrackPointExtension>
							<ns3:speed>1.2048193</ns3:speed>
							<ns3:cad>0.0</ns3:cad>
						</ns3:TrackPointExtension>
					</extensions>
			</trkpt>
			<trkpt lat="47.601967" lon="12.158153">
				<ele>617.0</ele>
				<time>2025-11-29T12:36:14Z</time>
				<desc><![CDATA[CommonTimeValuePoint(absoluteTime=1764419774, value=0.86956525)]]></desc>
					<extensions>
						<ns3:TrackPointExtension>
							<ns3:speed>1.1627907</ns3:speed>
							<ns3:cad>0.0</ns3:cad>
							<ns3:hr>115</ns3:hr>
						</ns3:TrackPointExtension>
					</extensions>
			</trkpt>
			<trkpt lat="47.601944" lon="12.158223">
				<ele>617.0</ele>
				<time>2025-11-29T12:36:20Z</time>
				<desc><![CDATA[CommonTimeValuePoint(absoluteTime=1764419780, value=0.9433963)]]></desc>
					<extensions>
						<ns3:TrackPointExtension>
							<ns3:speed>1.0752689</ns3:speed>
							<ns3:cad>0.0</ns3:cad>
							<ns3:hr>118</ns3:hr>
						</ns3:TrackPointExtension>
					</extensions>
			</trkpt>
			<trkpt lat="47.601933" lon="12.158293">
				<ele>616.0</ele>
				<time>2025-11-29T12:36:25Z</time>
				<desc><![CDATA[CommonTimeValuePoint(absoluteTime=1764419785, value=0.952381)]]></desc>
					<extensions>
						<ns3:TrackPointExtension>
							<ns3:speed>1.0638298</ns3:speed>
							<ns3:cad>0.0</ns3:cad>
							<ns3:hr>116</ns3:hr>
						</ns3:TrackPointExtension>
					</extensions>
			</trkpt>
			<trkpt lat="47.601913" lon="12.158358">
				<ele>615.0</ele>
				<time>2025-11-29T12:36:29Z</time>
				<desc><![CDATA[CommonTimeValuePoint(absoluteTime=1764419789, value=0.952381)]]></desc>
					<extensions>
						<ns3:TrackPointExtension>
							<ns3:speed>1.0638298</ns3:speed>
							<ns3:cad>0.0</ns3:cad>
						</ns3:TrackPointExtension>
					</extensions>
			</trkpt>
			<trkpt lat="47.601894" lon="12.158422">
				<ele>615.0</ele>
				<time>2025-11-29T12:36:33Z</time>
				<desc><![CDATA[CommonTimeValuePoint(absoluteTime=1764419793, value=0.9090909)]]></desc>
					<extensions>
						<ns3:TrackPointExtension>
							<ns3:speed>1.1111112</ns3:speed>
							<ns3:cad>0.0</ns3:cad>
							<ns3:hr>116</ns3:hr>
						</ns3:TrackPointExtension>
					</extensions>
			</trkpt>
			<trkpt lat="47.601875" lon="12.158493">
				<ele>614.0</ele>
				<time>2025-11-29T12:36:37Z</time>
				<desc><![CDATA[CommonTimeValuePoint(absoluteTime=1764419797, value=0.8064516)]]></desc>
					<extensions>
						<ns3:TrackPointExtension>
							<ns3:speed>1.25</ns3:speed>
							<ns3:cad>0.0</ns3:cad>
						</ns3:TrackPointExtension>
					</extensions>
			</trkpt>
			<trkpt lat="47.60186" lon="12.158558">
				<ele>614.0</ele>
				<time>2025-11-29T12:36:41Z</time>
				<desc><![CDATA[CommonTimeValuePoint(absoluteTime=1764419801, value=0.7936508)]]></desc>
					<extensions>
						<ns3:TrackPointExtension>
							<ns3:speed>1.2658228</ns3:speed>
							<ns3:cad>0.0</ns3:cad>
							<ns3:hr>115</ns3:hr>
						</ns3:TrackPointExtension>
					</extensions>
			</trkpt>
			<trkpt lat="47.601852" lon="12.158629">
				<ele>613.0</ele>
				<time>2025-11-29T12:36:45Z</time>
				<desc><![CDATA[CommonTimeValuePoint(absoluteTime=1764419805, value=0.8130081)]]></desc>
					<extensions>
						<ns3:TrackPointExtension>
							<ns3:speed>1.2345679</ns3:speed>
							<ns3:cad>0.0</ns3:cad>
							<ns3:hr>114</ns3:hr>
						</ns3:TrackPointExtension>
					</extensions>
			</trkpt>
			<trkpt lat="47.60186" lon="12.158708">
				<ele>613.0</ele>
				<time>2025-11-29T12:36:51Z</time>
				<desc><![CDATA[CommonTimeValuePoint(absoluteTime=1764419811, value=1.010101)]]></desc>
					<extensions>
						<ns3:TrackPointExtension>
							<ns3:speed>1.0</ns3:speed>
							<ns3:cad>0.0</ns3:cad>
						</ns3:TrackPointExtension>
					</extensions>
			</trkpt>
			<trkpt lat="47.60186" lon="12.158776">
				<ele>613.0</ele>
				<time>2025-11-29T12:36:55Z</time>
				<desc><![CDATA[CommonTimeValuePoint(absoluteTime=1764419815, value=0.9174312)]]></desc>
					<extensions>
						<ns3:TrackPointExtension>
							<ns3:speed>1.098901</ns3:speed>
							<ns3:cad>0.0</ns3:cad>
						</ns3:TrackPointExtension>
					</extensions>
			</trkpt>
			<trkpt lat="47.60188" lon="12.158836">
				<ele>613.0</ele>
				<time>2025-11-29T12:37:00Z</time>
				<desc><![CDATA[CommonTimeValuePoint(absoluteTime=1764419820, value=0.89285713)]]></desc>
					<extensions>
						<ns3:TrackPointExtension>
							<ns3:speed>1.1363636</ns3:speed>
							<ns3:cad>0.0</ns3:cad>
							<ns3:hr>111</ns3:hr>
						</ns3:TrackPointExtension>
					</extensions>
			</trkpt>
			<trkpt lat="47.60185" lon="12.158886">
				<ele>613.0</ele>
				<time>2025-11-29T12:37:39Z</time>
				<desc><![CDATA[CommonTimeValuePoint(absoluteTime=1764419859, value=1.8)]]></desc>
					<extensions>
						<ns3:TrackPointExtension>
							<ns3:speed>0.5555556</ns3:speed>
							<ns3:cad>0.0</ns3:cad>
							<ns3:hr>107</ns3:hr>
						</ns3:TrackPointExtension>
					</extensions>
			</trkpt>
			<trkpt lat="47.60181" lon="12.158939">
				<ele>613.0</ele>
				<time>2025-11-29T12:37:45Z</time>
				<desc><![CDATA[CommonTimeValuePoint(absoluteTime=1764419865, value=1.1627907)]]></desc>
					<extensions>
						<ns3:TrackPointExtension>
							<ns3:speed>0.86956525</ns3:speed>
							<ns3:cad>0.0</ns3:cad>
							<ns3:hr>108</ns3:hr>
						</ns3:TrackPointExtension>
					</extensions>
			</trkpt>
			<trkpt lat="47.60177" lon="12.158983">
				<ele>613.0</ele>
				<time>2025-11-29T12:37:50Z</time>
				<desc><![CDATA[CommonTimeValuePoint(absoluteTime=1764419870, value=0.97087383)]]></desc>
					<extensions>
						<ns3:TrackPointExtension>
							<ns3:speed>1.0416667</ns3:speed>
							<ns3:cad>0.0</ns3:cad>
						</ns3:TrackPointExtension>
					</extensions>
			</trkpt>
			<trkpt lat="47.601734" lon="12.159029">
				<ele>613.0</ele>
				<time>2025-11-29T12:37:55Z</time>
				<desc><![CDATA[CommonTimeValuePoint(absoluteTime=1764419875, value=1.0)]]></desc>
					<extensions>
						<ns3:TrackPointExtension>
							<ns3:speed>1.010101</ns3:speed>
							<ns3:cad>0.0</ns3:cad>
						</ns3:TrackPointExtension>
					</extensions>
			</trkpt>
			<trkpt lat="47.601696" lon="12.159064">
				<ele>613.0</ele>
				<time>2025-11-29T12:38:00Z</time>
				<desc><![CDATA[CommonTimeValuePoint(absoluteTime=1764419880, value=1.1111112)]]></desc>
					<extensions>
						<ns3:TrackPointExtension>
							<ns3:speed>0.9090909</ns3:speed>
							<ns3:cad>0.0</ns3:cad>
						</ns3:TrackPointExtension>
					</extensions>
			</trkpt>
			<trkpt lat="47.601658" lon="12.159104">
				<ele>613.0</ele>
				<time>2025-11-29T12:38:06Z</time>
				<desc><![CDATA[CommonTimeValuePoint(absoluteTime=1764419886, value=1.2048193)]]></desc>
					<extensions>
						<ns3:TrackPointExtension>
							<ns3:speed>0.8333333</ns3:speed>
							<ns3:cad>0.0</ns3:cad>
						</ns3:TrackPointExtension>
					</extensions>
			</trkpt>
			<trkpt lat="47.601738" lon="12.159029">
				<ele>613.0</ele>
				<time>2025-11-29T12:38:45Z</time>
				<desc><![CDATA[CommonTimeValuePoint(absoluteTime=1764419925, value=1.8)]]></desc>
					<extensions>
						<ns3:TrackPointExtension>
							<ns3:speed>0.5555556</ns3:speed>
							<ns3:cad>0.0</ns3:cad>
							<ns3:hr>102</ns3:hr>
						</ns3:TrackPointExtension>
					</extensions>
			</trkpt>
			<trkpt lat="47.601776" lon="12.158995">
				<ele>613.0</ele>
				<time>2025-11-29T12:38:50Z</time>
				<desc><![CDATA[CommonTimeValuePoint(absoluteTime=1764419930, value=1.098901)]]></desc>
					<extensions>
						<ns3:TrackPointExtension>
							<ns3:speed>0.9259259</ns3:speed>
							<ns3:cad>0.0</ns3:cad>
							<ns3:hr>103</ns3:hr>
						</ns3:TrackPointExtension>
					</extensions>
			</trkpt>
			<trkpt lat="47.601818" lon="12.158962">
				<ele>613.0</ele>
				<time>2025-11-29T12:38:55Z</time>
				<desc><![CDATA[CommonTimeValuePoint(absoluteTime=1764419935, value=1.0)]]></desc>
					<extensions>
						<ns3:TrackPointExtension>
							<ns3:speed>1.010101</ns3:speed>
							<ns3:cad>0.0</ns3:cad>
							<ns3:hr>105</ns3:hr>
						</ns3:TrackPointExtension>
					</extensions>
			</trkpt>
			<trkpt lat="47.601856" lon="12.158923">
				<ele>613.0</ele>
				<time>2025-11-29T12:38:59Z</time>
				<desc><![CDATA[CommonTimeValuePoint(absoluteTime=1764419939, value=1.0309278)]]></desc>
					<extensions>
						<ns3:TrackPointExtension>
							<ns3:speed>0.98039216</ns3:speed>
							<ns3:cad>0.0</ns3:cad>
							<ns3:hr>105</ns3:hr>
						</ns3:TrackPointExtension>
					</extensions>
			</trkpt>
			<trkpt lat="47.601894" lon="12.158883">
				<ele>613.0</ele>
				<time>2025-11-29T12:39:04Z</time>
				<desc><![CDATA[CommonTimeValuePoint(absoluteTime=1764419944, value=1.0752689)]]></desc>
					<extensions>
						<ns3:TrackPointExtension>
							<ns3:speed>0.9345794</ns3:speed>
							<ns3:cad>0.0</ns3:cad>
						</ns3:TrackPointExtension>
					</extensions>
			</trkpt>
			<trkpt lat="47.60194" lon="12.158859">
				<ele>613.0</ele>
				<time>2025-11-29T12:39:08Z</time>
				<desc><![CDATA[CommonTimeValuePoint(absoluteTime=1764419948, value=1.0526316)]]></desc>
					<extensions>
						<ns3:TrackPointExtension>
							<ns3:speed>0.9615385</ns3:speed>
							<ns3:cad>0.0</ns3:cad>
						</ns3:TrackPointExtension>
					</extensions>
			</trkpt>
			<trkpt lat="47.601974" lon="12.158911">
				<ele>613.0</ele>
				<time>2025-11-29T12:39:13Z</time>
				<desc><![CDATA[CommonTimeValuePoint(absoluteTime=1764419953, value=1.010101)]]></desc>
					<extensions>
						<ns3:TrackPointExtension>
							<ns3:speed>1.0</ns3:speed>
							<ns3:cad>0.0</ns3:cad>
							<ns3:hr>106</ns3:hr>
						</ns3:TrackPointExtension>
					</extensions>
			</trkpt>
			<trkpt lat="47.602005" lon="12.158971">
				<ele>613.0</ele>
				<time>2025-11-29T12:39:19Z</time>
				<desc><![CDATA[CommonTimeValuePoint(absoluteTime=1764419959, value=1.0309278)]]></desc>
					<extensions>
						<ns3:TrackPointExtension>
							<ns3:speed>0.98039216</ns3:speed>
							<ns3:cad>0.0</ns3:cad>
							<ns3:hr>108</ns3:hr>
						</ns3:TrackPointExtension>
					</extensions>
			</trkpt>
			<trkpt lat="47.60202" lon="12.159038">
				<ele>613.0</ele>
				<time>2025-11-29T12:39:23Z</time>
				<desc><![CDATA[CommonTimeValuePoint(absoluteTime=1764419963, value=0.9259259)]]></desc>
					<extensions>
						<ns3:TrackPointExtension>
							<ns3:speed>1.098901</ns3:speed>
							<ns3:cad>0.0</ns3:cad>
						</ns3:TrackPointExtension>
					</extensions>
			</trkpt>
			<trkpt lat="47.602024" lon="12.159115">
				<ele>613.0</ele>
				<time>2025-11-29T12:39:31Z</time>
				<desc><![CDATA[CommonTimeValuePoint(absoluteTime=1764419971, value=0.990099)]]></desc>
					<extensions>
						<ns3:TrackPointExtension>
							<ns3:speed>1.0204082</ns3:speed>
							<ns3:cad>0.0</ns3:cad>
							<ns3:hr>110</ns3:hr>
						</ns3:TrackPointExtension>
					</extensions>
			</trkpt>
			<trkpt lat="47.60204" lon="12.159189">
				<ele>613.0</ele>
				<time>2025-11-29T12:39:38Z</time>
				<desc><![CDATA[CommonTimeValuePoint(absoluteTime=1764419978, value=1.2658228)]]></desc>
					<extensions>
						<ns3:TrackPointExtension>
							<ns3:speed>0.8</ns3:speed>
							<ns3:cad>0.0</ns3:cad>
						</ns3:TrackPointExtension>
					</extensions>
			</trkpt>
			<trkpt lat="47.60204" lon="12.159261">
				<ele>615.0</ele>
				<time>2025-11-29T12:39:44Z</time>
				<desc><![CDATA[CommonTimeValuePoint(absoluteTime=1764419984, value=1.1904762)]]></desc>
					<extensions>
						<ns3:TrackPointExtension>
							<ns3:speed>0.84745765</ns3:speed>
							<ns3:cad>0.0</ns3:cad>
							<ns3:hr>112</ns3:hr>
						</ns3:TrackPointExtension>
					</extensions>
			</trkpt>
			<trkpt lat="47.60204" lon="12.159339">
				<ele>616.0</ele>
				<time>2025-11-29T12:39:51Z</time>
				<desc><![CDATA[CommonTimeValuePoint(absoluteTime=1764419991, value=1.0)]]></desc>
					<extensions>
						<ns3:TrackPointExtension>
							<ns3:speed>1.010101</ns3:speed>
							<ns3:cad>0.0</ns3:cad>
							<ns3:hr>111</ns3:hr>
						</ns3:TrackPointExtension>
					</extensions>
			</trkpt>
			<trkpt lat="47.602016" lon="12.1594095">
				<ele>616.0</ele>
				<time>2025-11-29T12:39:57Z</time>
				<desc><![CDATA[CommonTimeValuePoint(absoluteTime=1764419997, value=0.88495576)]]></desc>
					<extensions>
						<ns3:TrackPointExtension>
							<ns3:speed>1.1363636</ns3:speed>
							<ns3:cad>0.0</ns3:cad>
							<ns3:hr>112</ns3:hr>
						</ns3:TrackPointExtension>
					</extensions>
			</trkpt>
			<trkpt lat="47.601994" lon="12.159479">
				<ele>616.0</ele>
				<time>2025-11-29T12:40:02Z</time>
				<desc><![CDATA[CommonTimeValuePoint(absoluteTime=1764420002, value=0.8333333)]]></desc>
					<extensions>
						<ns3:TrackPointExtension>
							<ns3:speed>1.2195122</ns3:speed>
							<ns3:cad>0.0</ns3:cad>
							<ns3:hr>111</ns3:hr>
						</ns3:TrackPointExtension>
					</extensions>
			</trkpt>
			<trkpt lat="47.601974" lon="12.159557">
				<ele>616.0</ele>
				<time>2025-11-29T12:40:09Z</time>
				<desc><![CDATA[CommonTimeValuePoint(absoluteTime=1764420009, value=0.98039216)]]></desc>
					<extensions>
						<ns3:TrackPointExtension>
							<ns3:speed>1.0204082</ns3:speed>
							<ns3:cad>0.0</ns3:cad>
							<ns3:hr>108</ns3:hr>
						</ns3:TrackPointExtension>
					</extensions>
			</trkpt>
			<trkpt lat="47.60196" lon="12.15963">
				<ele>616.0</ele>
				<time>2025-11-29T12:40:15Z</time>
				<desc><![CDATA[CommonTimeValuePoint(absoluteTime=1764420015, value=1.098901)]]></desc>
					<extensions>
						<ns3:TrackPointExtension>
							<ns3:speed>0.9174312</ns3:speed>
							<ns3:cad>0.0</ns3:cad>
							<ns3:hr>110</ns3:hr>
						</ns3:TrackPointExtension>
					</extensions>
			</trkpt>
			<trkpt lat="47.60193" lon="12.159698">
				<ele>616.0</ele>
				<time>2025-11-29T12:40:22Z</time>
				<desc><![CDATA[CommonTimeValuePoint(absoluteTime=1764420022, value=1.369863)]]></desc>
					<extensions>
						<ns3:TrackPointExtension>
							<ns3:speed>0.7352941</ns3:speed>
							<ns3:cad>0.0</ns3:cad>
						</ns3:TrackPointExtension>
					</extensions>
			</trkpt>
			<trkpt lat="47.60191" lon="12.159758">
				<ele>616.0</ele>
				<time>2025-11-29T12:40:27Z</time>
				<desc><![CDATA[CommonTimeValuePoint(absoluteTime=1764420027, value=1.0869565)]]></desc>
					<extensions>
						<ns3:TrackPointExtension>
							<ns3:speed>0.9345794</ns3:speed>
							<ns3:cad>0.0</ns3:cad>
							<ns3:hr>110</ns3:hr>
						</ns3:TrackPointExtension>
					</extensions>
			</trkpt>
			<trkpt lat="47.601883" lon="12.15982">
				<ele>616.0</ele>
				<time>2025-11-29T12:40:31Z</time>
				<desc><![CDATA[CommonTimeValuePoint(absoluteTime=1764420031, value=1.098901)]]></desc>
					<extensions>
						<ns3:TrackPointExtension>
							<ns3:speed>0.9174312</ns3:speed>
							<ns3:cad>0.0</ns3:cad>
						</ns3:TrackPointExtension>
					</extensions>
			</trkpt>
			<trkpt lat="47.601856" lon="12.159883">
				<ele>616.0</ele>
				<time>2025-11-29T12:40:35Z</time>
				<desc><![CDATA[CommonTimeValuePoint(absoluteTime=1764420035, value=0.89285713)]]></desc>
					<extensions>
						<ns3:TrackPointExtension>
							<ns3:speed>1.1235955</ns3:speed>
							<ns3:cad>0.0</ns3:cad>
							<ns3:hr>110</ns3:hr>
						</ns3:TrackPointExtension>
					</extensions>
			</trkpt>
			<trkpt lat="47.601845" lon="12.159953">
				<ele>616.0</ele>
				<time>2025-11-29T12:40:40Z</time>
				<desc><![CDATA[CommonTimeValuePoint(absoluteTime=1764420040, value=0.8196721)]]></desc>
					<extensions>
						<ns3:TrackPointExtension>
							<ns3:speed>1.2345679</ns3:speed>
							<ns3:cad>0.0</ns3:cad>
							<ns3:hr>109</ns3:hr>
						</ns3:TrackPointExtension>
					</extensions>
			</trkpt>
			<trkpt lat="47.601818" lon="12.160007">
				<ele>616.0</ele>
				<time>2025-11-29T12:40:45Z</time>
				<desc><![CDATA[CommonTimeValuePoint(absoluteTime=1764420045, value=0.86956525)]]></desc>
					<extensions>
						<ns3:TrackPointExtension>
							<ns3:speed>1.1627907</ns3:speed>
							<ns3:cad>0.0</ns3:cad>
							<ns3:hr>109</ns3:hr>
						</ns3:TrackPointExtension>
					</extensions>
			</trkpt>
			<trkpt lat="47.60178" lon="12.160065">
				<ele>616.0</ele>
				<time>2025-11-29T12:40:49Z</time>
				<desc><![CDATA[CommonTimeValuePoint(absoluteTime=1764420049, value=0.9090909)]]></desc>
					<extensions>
						<ns3:TrackPointExtension>
							<ns3:speed>1.1111112</ns3:speed>
							<ns3:cad>0.0</ns3:cad>
							<ns3:hr>109</ns3:hr>
						</ns3:TrackPointExtension>
					</extensions>
			</trkpt>
			<trkpt lat="47.601753" lon="12.160125">
				<ele>616.0</ele>
				<time>2025-11-29T12:40:52Z</time>
				<desc><![CDATA[CommonTimeValuePoint(absoluteTime=1764420052, value=0.9345794)]]></desc>
					<extensions>
						<ns3:TrackPointExtension>
							<ns3:speed>1.0752689</ns3:speed>
							<ns3:cad>0.0</ns3:cad>
						</ns3:TrackPointExtension>
					</extensions>
			</trkpt>
			<trkpt lat="47.60173" lon="12.160186">
				<ele>616.0</ele>
				<time>2025-11-29T12:40:56Z</time>
				<desc><![CDATA[CommonTimeValuePoint(absoluteTime=1764420056, value=0.9009009)]]></desc>
					<extensions>
						<ns3:TrackPointExtension>
							<ns3:speed>1.1111112</ns3:speed>
							<ns3:cad>0.0</ns3:cad>
							<ns3:hr>109</ns3:hr>
						</ns3:TrackPointExtension>
					</extensions>
			</trkpt>
			<trkpt lat="47.601707" lon="12.160261">
				<ele>616.0</ele>
				<time>2025-11-29T12:41:01Z</time>
				<desc><![CDATA[CommonTimeValuePoint(absoluteTime=1764420061, value=0.86956525)]]></desc>
					<extensions>
						<ns3:TrackPointExtension>
							<ns3:speed>1.1627907</ns3:speed>
							<ns3:cad>0.0</ns3:cad>
						</ns3:TrackPointExtension>
					</extensions>
			</trkpt>
			<trkpt lat="47.60168" lon="12.160329">
				<ele>616.0</ele>
				<time>2025-11-29T12:41:05Z</time>
				<desc><![CDATA[CommonTimeValuePoint(absoluteTime=1764420065, value=0.82644624)]]></desc>
					<extensions>
						<ns3:TrackPointExtension>
							<ns3:speed>1.2195122</ns3:speed>
							<ns3:cad>0.0</ns3:cad>
							<ns3:hr>107</ns3:hr>
						</ns3:TrackPointExtension>
					</extensions>
			</trkpt>
			<trkpt lat="47.601658" lon="12.160391">
				<ele>616.0</ele>
				<time>2025-11-29T12:41:08Z</time>
				<desc><![CDATA[CommonTimeValuePoint(absoluteTime=1764420068, value=0.8064516)]]></desc>
					<extensions>
						<ns3:TrackPointExtension>
							<ns3:speed>1.25</ns3:speed>
							<ns3:cad>0.0</ns3:cad>
						</ns3:TrackPointExtension>
					</extensions>
			</trkpt>
			<trkpt lat="47.601646" lon="12.160462">
				<ele>616.0</ele>
				<time>2025-11-29T12:41:13Z</time>
				<desc><![CDATA[CommonTimeValuePoint(absoluteTime=1764420073, value=0.86956525)]]></desc>
					<extensions>
						<ns3:TrackPointExtension>
							<ns3:speed>1.1627907</ns3:speed>
							<ns3:cad>0.0</ns3:cad>
						</ns3:TrackPointExtension>
					</extensions>
			</trkpt>
			<trkpt lat="47.601612" lon="12.160526">
				<ele>616.0</ele>
				<time>2025-11-29T12:41:17Z</time>
				<desc><![CDATA[CommonTimeValuePoint(absoluteTime=1764420077, value=0.9345794)]]></desc>
					<extensions>
						<ns3:TrackPointExtension>
							<ns3:speed>1.0869565</ns3:speed>
							<ns3:cad>0.0</ns3:cad>
						</ns3:TrackPointExtension>
					</extensions>
			</trkpt>
			<trkpt lat="47.601585" lon="12.160601">
				<ele>616.0</ele>
				<time>2025-11-29T12:41:22Z</time>
				<desc><![CDATA[CommonTimeValuePoint(absoluteTime=1764420082, value=0.9174312)]]></desc>
					<extensions>
						<ns3:TrackPointExtension>
							<ns3:speed>1.098901</ns3:speed>
							<ns3:cad>0.0</ns3:cad>
						</ns3:TrackPointExtension>
					</extensions>
			</trkpt>
			<trkpt lat="47.601562" lon="12.160672">
				<ele>616.0</ele>
				<time>2025-11-29T12:41:26Z</time>
				<desc><![CDATA[CommonTimeValuePoint(absoluteTime=1764420086, value=0.9174312)]]></desc>
					<extensions>
						<ns3:TrackPointExtension>
							<ns3:speed>1.098901</ns3:speed>
							<ns3:cad>0.0</ns3:cad>
							<ns3:hr>106</ns3:hr>
						</ns3:TrackPointExtension>
					</extensions>
			</trkpt>
			<trkpt lat="47.601532" lon="12.160729">
				<ele>616.0</ele>
				<time>2025-11-29T12:41:30Z</time>
				<desc><![CDATA[CommonTimeValuePoint(absoluteTime=1764420090, value=0.8333333)]]></desc>
					<extensions>
						<ns3:TrackPointExtension>
							<ns3:speed>1.2048193</ns3:speed>
							<ns3:cad>0.0</ns3:cad>
							<ns3:hr>107</ns3:hr>
						</ns3:TrackPointExtension>
					</extensions>
			</trkpt>
			<trkpt lat="47.60154" lon="12.160806">
				<ele>616.0</ele>
				<time>2025-11-29T12:41:36Z</time>
				<desc><![CDATA[CommonTimeValuePoint(absoluteTime=1764420096, value=0.8130081)]]></desc>
					<extensions>
						<ns3:TrackPointExtension>
							<ns3:speed>1.25</ns3:speed>
							<ns3:cad>0.0</ns3:cad>
							<ns3:hr>110</ns3:hr>
						</ns3:TrackPointExtension>
					</extensions>
			</trkpt>
			<trkpt lat="47.60154" lon="12.160872">
				<ele>616.0</ele>
				<time>2025-11-29T12:41:40Z</time>
				<desc><![CDATA[CommonTimeValuePoint(absoluteTime=1764420100, value=0.8196721)]]></desc>
					<extensions>
						<ns3:TrackPointExtension>
							<ns3:speed>1.2345679</ns3:speed>
							<ns3:cad>0.0</ns3:cad>
							<ns3:hr>109</ns3:hr>
						</ns3:TrackPointExtension>
					</extensions>
			</trkpt>
			<trkpt lat="47.60153" lon="12.16095">
				<ele>616.0</ele>
				<time>2025-11-29T12:41:44Z</time>
				<desc><![CDATA[CommonTimeValuePoint(absoluteTime=1764420104, value=0.8)]]></desc>
					<extensions>
						<ns3:TrackPointExtension>
							<ns3:speed>1.2658228</ns3:speed>
							<ns3:cad>0.0</ns3:cad>
							<ns3:hr>108</ns3:hr>
						</ns3:TrackPointExtension>
					</extensions>
			</trkpt>
			<trkpt lat="47.601532" lon="12.161037">
				<ele>617.0</ele>
				<time>2025-11-29T12:41:49Z</time>
				<desc><![CDATA[CommonTimeValuePoint(absoluteTime=1764420109, value=0.7407407)]]></desc>
					<extensions>
						<ns3:TrackPointExtension>
							<ns3:speed>1.3513514</ns3:speed>
							<ns3:cad>0.0</ns3:cad>
							<ns3:hr>109</ns3:hr>
						</ns3:TrackPointExtension>
					</extensions>
			</trkpt>
			<trkpt lat="47.601532" lon="12.161115">
				<ele>617.0</ele>
				<time>2025-11-29T12:41:53Z</time>
				<desc><![CDATA[CommonTimeValuePoint(absoluteTime=1764420113, value=0.729927)]]></desc>
					<extensions>
						<ns3:TrackPointExtension>
							<ns3:speed>1.3888888</ns3:speed>
							<ns3:cad>0.0</ns3:cad>
						</ns3:TrackPointExtension>
					</extensions>
			</trkpt>
			<trkpt lat="47.60155" lon="12.161189">
				<ele>617.0</ele>
				<time>2025-11-29T12:41:58Z</time>
				<desc><![CDATA[CommonTimeValuePoint(absoluteTime=1764420118, value=0.8196721)]]></desc>
					<extensions>
						<ns3:TrackPointExtension>
							<ns3:speed>1.2345679</ns3:speed>
							<ns3:cad>0.0</ns3:cad>
							<ns3:hr>108</ns3:hr>
						</ns3:TrackPointExtension>
					</extensions>
			</trkpt>
			<trkpt lat="47.601578" lon="12.161254">
				<ele>617.0</ele>
				<time>2025-11-29T12:42:03Z</time>
				<desc><![CDATA[CommonTimeValuePoint(absoluteTime=1764420123, value=1.010101)]]></desc>
					<extensions>
						<ns3:TrackPointExtension>
							<ns3:speed>1.0</ns3:speed>
							<ns3:cad>0.0</ns3:cad>
							<ns3:hr>108</ns3:hr>
						</ns3:TrackPointExtension>
					</extensions>
			</trkpt>
			<trkpt lat="47.601604" lon="12.161314">
				<ele>618.0</ele>
				<time>2025-11-29T12:42:08Z</time>
				<desc><![CDATA[CommonTimeValuePoint(absoluteTime=1764420128, value=1.0526316)]]></desc>
					<extensions>
						<ns3:TrackPointExtension>
							<ns3:speed>0.9615385</ns3:speed>
							<ns3:cad>0.0</ns3:cad>
							<ns3:hr>108</ns3:hr>
						</ns3:TrackPointExtension>
					</extensions>
			</trkpt>
			<trkpt lat="47.601654" lon="12.161334">
				<ele>618.0</ele>
				<time>2025-11-29T12:42:13Z</time>
				<desc><![CDATA[CommonTimeValuePoint(absoluteTime=1764420133, value=0.9174312)]]></desc>
					<extensions>
						<ns3:TrackPointExtension>
							<ns3:speed>1.098901</ns3:speed>
							<ns3:cad>0.0</ns3:cad>
							<ns3:hr>106</ns3:hr>
						</ns3:TrackPointExtension>
					</extensions>
			</trkpt>
			<trkpt lat="47.601677" lon="12.161396">
				<ele>618.0</ele>
				<time>2025-11-29T12:42:18Z</time>
				<desc><![CDATA[CommonTimeValuePoint(absoluteTime=1764420138, value=0.9090909)]]></desc>
					<extensions>
						<ns3:TrackPointExtension>
							<ns3:speed>1.1111112</ns3:speed>
							<ns3:cad>0.0</ns3:cad>
							<ns3:hr>103</ns3:hr>
						</ns3:TrackPointExtension>
					</extensions>
			</trkpt>
			<trkpt lat="47.60171" lon="12.161451">
				<ele>619.0</ele>
				<time>2025-11-29T12:42:23Z</time>
				<desc><![CDATA[CommonTimeValuePoint(absoluteTime=1764420143, value=0.9090909)]]></desc>
					<extensions>
						<ns3:TrackPointExtension>
							<ns3:speed>1.1111112</ns3:speed>
							<ns3:cad>0.0</ns3:cad>
						</ns3:TrackPointExtension>
					</extensions>
			</trkpt>
			<trkpt lat="47.601753" lon="12.161485">
				<ele>620.0</ele>
				<time>2025-11-29T12:42:28Z</time>
				<desc><![CDATA[CommonTimeValuePoint(absoluteTime=1764420148, value=0.98039216)]]></desc>
					<extensions>
						<ns3:TrackPointExtension>
							<ns3:speed>1.0309278</ns3:speed>
							<ns3:cad>0.0</ns3:cad>
						</ns3:TrackPointExtension>
					</extensions>
			</trkpt>
			<trkpt lat="47.601784" lon="12.161548">
				<ele>621.0</ele>
				<time>2025-11-29T12:42:34Z</time>
				<desc><![CDATA[CommonTimeValuePoint(absoluteTime=1764420154, value=1.0752689)]]></desc>
					<extensions>
						<ns3:TrackPointExtension>
							<ns3:speed>0.9433963</ns3:speed>
							<ns3:cad>0.0</ns3:cad>
							<ns3:hr>102</ns3:hr>
						</ns3:TrackPointExtension>
					</extensions>
			</trkpt>
			<trkpt lat="47.60182" lon="12.16159">
				<ele>621.0</ele>
				<time>2025-11-29T12:42:40Z</time>
				<desc><![CDATA[CommonTimeValuePoint(absoluteTime=1764420160, value=1.25)]]></desc>
					<extensions>
						<ns3:TrackPointExtension>
							<ns3:speed>0.8064516</ns3:speed>
							<ns3:cad>0.0</ns3:cad>
							<ns3:hr>100</ns3:hr>
						</ns3:TrackPointExtension>
					</extensions>
			</trkpt>
			<trkpt lat="47.601856" lon="12.161639">
				<ele>622.0</ele>
				<time>2025-11-29T12:42:47Z</time>
				<desc><![CDATA[CommonTimeValuePoint(absoluteTime=1764420167, value=1.3888888)]]></desc>
					<extensions>
						<ns3:TrackPointExtension>
							<ns3:speed>0.7246377</ns3:speed>
							<ns3:cad>0.0</ns3:cad>
							<ns3:hr>99</ns3:hr>
						</ns3:TrackPointExtension>
					</extensions>
			</trkpt>
			<trkpt lat="47.601887" lon="12.161695">
				<ele>623.0</ele>
				<time>2025-11-29T12:42:52Z</time>
				<desc><![CDATA[CommonTimeValuePoint(absoluteTime=1764420172, value=1.25)]]></desc>
					<extensions>
						<ns3:TrackPointExtension>
							<ns3:speed>0.8064516</ns3:speed>
							<ns3:cad>0.0</ns3:cad>
							<ns3:hr>103</ns3:hr>
						</ns3:TrackPointExtension>
					</extensions>
			</trkpt>
			<trkpt lat="47.601925" lon="12.161744">
				<ele>624.0</ele>
				<time>2025-11-29T12:42:58Z</time>
				<desc><![CDATA[CommonTimeValuePoint(absoluteTime=1764420178, value=1.098901)]]></desc>
					<extensions>
						<ns3:TrackPointExtension>
							<ns3:speed>0.9174312</ns3:speed>
							<ns3:cad>0.0</ns3:cad>
							<ns3:hr>103</ns3:hr>
						</ns3:TrackPointExtension>
					</extensions>
			</trkpt>
			<trkpt lat="47.60197" lon="12.161786">
				<ele>624.0</ele>
				<time>2025-11-29T12:43:03Z</time>
				<desc><![CDATA[CommonTimeValuePoint(absoluteTime=1764420183, value=1.0526316)]]></desc>
					<extensions>
						<ns3:TrackPointExtension>
							<ns3:speed>0.952381</ns3:speed>
							<ns3:cad>0.0</ns3:cad>
							<ns3:hr>103</ns3:hr>
						</ns3:TrackPointExtension>
					</extensions>
			</trkpt>
			<trkpt lat="47.60202" lon="12.161781">
				<ele>625.0</ele>
				<time>2025-11-29T12:43:09Z</time>
				<desc><![CDATA[CommonTimeValuePoint(absoluteTime=1764420189, value=1.0638298)]]></desc>
					<extensions>
						<ns3:TrackPointExtension>
							<ns3:speed>0.9433963</ns3:speed>
							<ns3:cad>0.0</ns3:cad>
							<ns3:hr>102</ns3:hr>
						</ns3:TrackPointExtension>
					</extensions>
			</trkpt>
			<trkpt lat="47.602066" lon="12.161773">
				<ele>626.0</ele>
				<time>2025-11-29T12:43:16Z</time>
				<desc><![CDATA[CommonTimeValuePoint(absoluteTime=1764420196, value=1.0526316)]]></desc>
					<extensions>
						<ns3:TrackPointExtension>
							<ns3:speed>0.952381</ns3:speed>
							<ns3:cad>0.0</ns3:cad>
						</ns3:TrackPointExtension>
					</extensions>
			</trkpt>
			<trkpt lat="47.602116" lon="12.161739">
				<ele>626.0</ele>
				<time>2025-11-29T12:43:22Z</time>
				<desc><![CDATA[CommonTimeValuePoint(absoluteTime=1764420202, value=1.2820513)]]></desc>
					<extensions>
						<ns3:TrackPointExtension>
							<ns3:speed>0.78740156</ns3:speed>
							<ns3:cad>0.0</ns3:cad>
						</ns3:TrackPointExtension>
					</extensions>
			</trkpt>
			<trkpt lat="47.60216" lon="12.161706">
				<ele>626.0</ele>
				<time>2025-11-29T12:43:28Z</time>
				<desc><![CDATA[CommonTimeValuePoint(absoluteTime=1764420208, value=1.7857143)]]></desc>
					<extensions>
						<ns3:TrackPointExtension>
							<ns3:speed>0.5681818</ns3:speed>
							<ns3:cad>0.0</ns3:cad>
							<ns3:hr>102</ns3:hr>
						</ns3:TrackPointExtension>
					</extensions>
			</trkpt>
			<trkpt lat="47.602207" lon="12.161697">
				<ele>626.0</ele>
				<time>2025-11-29T12:43:32Z</time>
				<desc><![CDATA[CommonTimeValuePoint(absoluteTime=1764420212, value=1.2658228)]]></desc>
					<extensions>
						<ns3:TrackPointExtension>
							<ns3:speed>0.8</ns3:speed>
							<ns3:cad>0.0</ns3:cad>
							<ns3:hr>102</ns3:hr>
						</ns3:TrackPointExtension>
					</extensions>
			</trkpt>
			<trkpt lat="47.60226" lon="12.161677">
				<ele>626.0</ele>
				<time>2025-11-29T12:43:36Z</time>
				<desc><![CDATA[CommonTimeValuePoint(absoluteTime=1764420216, value=1.25)]]></desc>
					<extensions>
						<ns3:TrackPointExtension>
							<ns3:speed>0.8130081</ns3:speed>
							<ns3:cad>0.0</ns3:cad>
							<ns3:hr>100</ns3:hr>
						</ns3:TrackPointExtension>
					</extensions>
			</trkpt>
			<trkpt lat="47.602306" lon="12.161691">
				<ele>626.0</ele>
				<time>2025-11-29T12:43:40Z</time>
				<desc><![CDATA[CommonTimeValuePoint(absoluteTime=1764420220, value=1.1904762)]]></desc>
					<extensions>
						<ns3:TrackPointExtension>
							<ns3:speed>0.84745765</ns3:speed>
							<ns3:cad>0.0</ns3:cad>
							<ns3:hr>101</ns3:hr>
						</ns3:TrackPointExtension>
					</extensions>
			</trkpt>
			<trkpt lat="47.602356" lon="12.161735">
				<ele>626.0</ele>
				<time>2025-11-29T12:43:45Z</time>
				<desc><![CDATA[CommonTimeValuePoint(absoluteTime=1764420225, value=1.098901)]]></desc>
					<extensions>
						<ns3:TrackPointExtension>
							<ns3:speed>0.9174312</ns3:speed>
							<ns3:cad>0.0</ns3:cad>
							<ns3:hr>100</ns3:hr>
						</ns3:TrackPointExtension>
					</extensions>
			</trkpt>
			<trkpt lat="47.602367" lon="12.161816">
				<ele>626.0</ele>
				<time>2025-11-29T12:43:49Z</time>
				<desc><![CDATA[CommonTimeValuePoint(absoluteTime=1764420229, value=0.9345794)]]></desc>
					<extensions>
						<ns3:TrackPointExtension>
							<ns3:speed>1.0752689</ns3:speed>
							<ns3:cad>0.0</ns3:cad>
							<ns3:hr>100</ns3:hr>
						</ns3:TrackPointExtension>
					</extensions>
			</trkpt>
			<trkpt lat="47.602398" lon="12.16188">
				<ele>626.0</ele>
				<time>2025-11-29T12:43:53Z</time>
				<desc><![CDATA[CommonTimeValuePoint(absoluteTime=1764420233, value=0.9259259)]]></desc>
					<extensions>
						<ns3:TrackPointExtension>
							<ns3:speed>1.0869565</ns3:speed>
							<ns3:cad>0.0</ns3:cad>
							<ns3:hr>100</ns3:hr>
						</ns3:TrackPointExtension>
					</extensions>
			</trkpt>
			<trkpt lat="47.602436" lon="12.161924">
				<ele>626.0</ele>
				<time>2025-11-29T12:43:57Z</time>
				<desc><![CDATA[CommonTimeValuePoint(absoluteTime=1764420237, value=0.862069)]]></desc>
					<extensions>
						<ns3:TrackPointExtension>
							<ns3:speed>1.1764705</ns3:speed>
							<ns3:cad>0.0</ns3:cad>
							<ns3:hr>100</ns3:hr>
						</ns3:TrackPointExtension>
					</extensions>
			</trkpt>
			<trkpt lat="47.602463" lon="12.161974">
				<ele>626.0</ele>
				<time>2025-11-29T12:44:01Z</time>
				<desc><![CDATA[CommonTimeValuePoint(absoluteTime=1764420241, value=0.85470086)]]></desc>
					<extensions>
						<ns3:TrackPointExtension>
							<ns3:speed>1.1764705</ns3:speed>
							<ns3:cad>0.0</ns3:cad>
							<ns3:hr>99</ns3:hr>
						</ns3:TrackPointExtension>
					</extensions>
			</trkpt>
			<trkpt lat="47.602474" lon="12.162043">
				<ele>626.0</ele>
				<time>2025-11-29T12:44:05Z</time>
				<desc><![CDATA[CommonTimeValuePoint(absoluteTime=1764420245, value=0.85470086)]]></desc>
					<extensions>
						<ns3:TrackPointExtension>
							<ns3:speed>1.1904762</ns3:speed>
							<ns3:cad>0.0</ns3:cad>
							<ns3:hr>98</ns3:hr>
						</ns3:TrackPointExtension>
					</extensions>
			</trkpt>
			<trkpt lat="47.602478" lon="12.162118">
				<ele>624.0</ele>
				<time>2025-11-29T12:44:09Z</time>
				<desc><![CDATA[CommonTimeValuePoint(absoluteTime=1764420249, value=0.84745765)]]></desc>
					<extensions>
						<ns3:TrackPointExtension>
							<ns3:speed>1.1904762</ns3:speed>
							<ns3:cad>0.0</ns3:cad>
							<ns3:hr>98</ns3:hr>
						</ns3:TrackPointExtension>
					</extensions>
			</trkpt>
			<trkpt lat="47.602478" lon="12.1621895">
				<ele>624.0</ele>
				<time>2025-11-29T12:44:13Z</time>
				<desc><![CDATA[CommonTimeValuePoint(absoluteTime=1764420253, value=0.8064516)]]></desc>
					<extensions>
						<ns3:TrackPointExtension>
							<ns3:speed>1.25</ns3:speed>
							<ns3:cad>0.0</ns3:cad>
							<ns3:hr>96</ns3:hr>
						</ns3:TrackPointExtension>
					</extensions>
			</trkpt>
			<trkpt lat="47.602474" lon="12.162261">
				<ele>624.0</ele>
				<time>2025-11-29T12:44:17Z</time>
				<desc><![CDATA[CommonTimeValuePoint(absoluteTime=1764420257, value=0.74626863)]]></desc>
					<extensions>
						<ns3:TrackPointExtension>
							<ns3:speed>1.3513514</ns3:speed>
							<ns3:cad>0.0</ns3:cad>
							<ns3:hr>97</ns3:hr>
						</ns3:TrackPointExtension>
					</extensions>
			</trkpt>
			<trkpt lat="47.602486" lon="12.162329">
				<ele>624.0</ele>
				<time>2025-11-29T12:44:22Z</time>
				<desc><![CDATA[CommonTimeValuePoint(absoluteTime=1764420262, value=0.7092199)]]></desc>
					<extensions>
						<ns3:TrackPointExtension>
							<ns3:speed>1.4285715</ns3:speed>
							<ns3:cad>0.0</ns3:cad>
							<ns3:hr>95</ns3:hr>
						</ns3:TrackPointExtension>
					</extensions>
			</trkpt>
			<trkpt lat="47.602497" lon="12.162397">
				<ele>624.0</ele>
				<time>2025-11-29T12:44:27Z</time>
				<desc><![CDATA[CommonTimeValuePoint(absoluteTime=1764420267, value=0.76335883)]]></desc>
					<extensions>
						<ns3:TrackPointExtension>
							<ns3:speed>1.3157895</ns3:speed>
							<ns3:cad>0.0</ns3:cad>
							<ns3:hr>94</ns3:hr>
						</ns3:TrackPointExtension>
					</extensions>
			</trkpt>
			<trkpt lat="47.60249" lon="12.162464">
				<ele>624.0</ele>
				<time>2025-11-29T12:44:32Z</time>
				<desc><![CDATA[CommonTimeValuePoint(absoluteTime=1764420272, value=0.8196721)]]></desc>
					<extensions>
						<ns3:TrackPointExtension>
							<ns3:speed>1.2345679</ns3:speed>
							<ns3:cad>0.0</ns3:cad>
							<ns3:hr>92</ns3:hr>
						</ns3:TrackPointExtension>
					</extensions>
			</trkpt>
			<trkpt lat="47.602478" lon="12.162536">
				<ele>624.0</ele>
				<time>2025-11-29T12:44:38Z</time>
				<desc><![CDATA[CommonTimeValuePoint(absoluteTime=1764420278, value=0.8)]]></desc>
					<extensions>
						<ns3:TrackPointExtension>
							<ns3:speed>1.25</ns3:speed>
							<ns3:cad>0.0</ns3:cad>
							<ns3:hr>91</ns3:hr>
						</ns3:TrackPointExtension>
					</extensions>
			</trkpt>
			<trkpt lat="47.60246" lon="12.1626005">
				<ele>624.0</ele>
				<time>2025-11-29T12:44:42Z</time>
				<desc><![CDATA[CommonTimeValuePoint(absoluteTime=1764420282, value=0.8130081)]]></desc>
					<extensions>
						<ns3:TrackPointExtension>
							<ns3:speed>1.2345679</ns3:speed>
							<ns3:cad>0.0</ns3:cad>
							<ns3:hr>93</ns3:hr>
						</ns3:TrackPointExtension>
					</extensions>
			</trkpt>
			<trkpt lat="47.602436" lon="12.162669">
				<ele>624.0</ele>
				<time>2025-11-29T12:44:47Z</time>
				<desc><![CDATA[CommonTimeValuePoint(absoluteTime=1764420287, value=0.8403361)]]></desc>
					<extensions>
						<ns3:TrackPointExtension>
							<ns3:speed>1.2048193</ns3:speed>
							<ns3:cad>0.0</ns3:cad>
							<ns3:hr>92</ns3:hr>
						</ns3:TrackPointExtension>
					</extensions>
			</trkpt>
			<trkpt lat="47.602413" lon="12.162738">
				<ele>624.0</ele>
				<time>2025-11-29T12:44:52Z</time>
				<desc><![CDATA[CommonTimeValuePoint(absoluteTime=1764420292, value=0.862069)]]></desc>
					<extensions>
						<ns3:TrackPointExtension>
							<ns3:speed>1.1627907</ns3:speed>
							<ns3:cad>0.0</ns3:cad>
							<ns3:hr>90</ns3:hr>
						</ns3:TrackPointExtension>
					</extensions>
			</trkpt>
			<trkpt lat="47.60239" lon="12.162814">
				<ele>624.0</ele>
				<time>2025-11-29T12:44:57Z</time>
				<desc><![CDATA[CommonTimeValuePoint(absoluteTime=1764420297, value=1.0869565)]]></desc>
					<extensions>
						<ns3:TrackPointExtension>
							<ns3:speed>0.9259259</ns3:speed>
							<ns3:cad>0.0</ns3:cad>
							<ns3:hr>91</ns3:hr>
						</ns3:TrackPointExtension>
					</extensions>
			</trkpt>
			<trkpt lat="47.602367" lon="12.162869">
				<ele>624.0</ele>
				<time>2025-11-29T12:45:01Z</time>
				<desc><![CDATA[CommonTimeValuePoint(absoluteTime=1764420301, value=1.0752689)]]></desc>
					<extensions>
						<ns3:TrackPointExtension>
							<ns3:speed>0.9345794</ns3:speed>
							<ns3:cad>0.0</ns3:cad>
							<ns3:hr>91</ns3:hr>
						</ns3:TrackPointExtension>
					</extensions>
			</trkpt>
			<trkpt lat="47.602337" lon="12.162926">
				<ele>624.0</ele>
				<time>2025-11-29T12:45:04Z</time>
				<desc><![CDATA[CommonTimeValuePoint(absoluteTime=1764420304, value=0.9345794)]]></desc>
					<extensions>
						<ns3:TrackPointExtension>
							<ns3:speed>1.0752689</ns3:speed>
							<ns3:cad>0.0</ns3:cad>
							<ns3:hr>90</ns3:hr>
						</ns3:TrackPointExtension>
					</extensions>
			</trkpt>
			<trkpt lat="47.602306" lon="12.162982">
				<ele>624.0</ele>
				<time>2025-11-29T12:45:07Z</time>
				<desc><![CDATA[CommonTimeValuePoint(absoluteTime=1764420307, value=0.89285713)]]></desc>
					<extensions>
						<ns3:TrackPointExtension>
							<ns3:speed>1.1363636</ns3:speed>
							<ns3:cad>0.0</ns3:cad>
							<ns3:hr>90</ns3:hr>
						</ns3:TrackPointExtension>
					</extensions>
			</trkpt>
			<trkpt lat="47.602276" lon="12.163037">
				<ele>624.0</ele>
				<time>2025-11-29T12:45:11Z</time>
				<desc><![CDATA[CommonTimeValuePoint(absoluteTime=1764420311, value=0.7751938)]]></desc>
					<extensions>
						<ns3:TrackPointExtension>
							<ns3:speed>1.2987013</ns3:speed>
							<ns3:cad>0.0</ns3:cad>
						</ns3:TrackPointExtension>
					</extensions>
			</trkpt>
			<trkpt lat="47.602234" lon="12.163086">
				<ele>623.0</ele>
				<time>2025-11-29T12:45:16Z</time>
				<desc><![CDATA[CommonTimeValuePoint(absoluteTime=1764420316, value=0.78125)]]></desc>
					<extensions>
						<ns3:TrackPointExtension>
							<ns3:speed>1.2987013</ns3:speed>
							<ns3:cad>0.0</ns3:cad>
							<ns3:hr>86</ns3:hr>
						</ns3:TrackPointExtension>
					</extensions>
			</trkpt>
			<trkpt lat="47.60221" lon="12.163147">
				<ele>623.0</ele>
				<time>2025-11-29T12:45:21Z</time>
				<desc><![CDATA[CommonTimeValuePoint(absoluteTime=1764420321, value=0.82644624)]]></desc>
					<extensions>
						<ns3:TrackPointExtension>
							<ns3:speed>1.2195122</ns3:speed>
							<ns3:cad>0.0</ns3:cad>
							<ns3:hr>83</ns3:hr>
						</ns3:TrackPointExtension>
					</extensions>
			</trkpt>
			<trkpt lat="47.60218" lon="12.163209">
				<ele>623.0</ele>
				<time>2025-11-29T12:45:26Z</time>
				<desc><![CDATA[CommonTimeValuePoint(absoluteTime=1764420326, value=0.85470086)]]></desc>
					<extensions>
						<ns3:TrackPointExtension>
							<ns3:speed>1.1764705</ns3:speed>
							<ns3:cad>0.0</ns3:cad>
							<ns3:hr>87</ns3:hr>
						</ns3:TrackPointExtension>
					</extensions>
			</trkpt>
			<trkpt lat="47.602146" lon="12.16328">
				<ele>623.0</ele>
				<time>2025-11-29T12:45:30Z</time>
				<desc><![CDATA[CommonTimeValuePoint(absoluteTime=1764420330, value=0.8196721)]]></desc>
					<extensions>
						<ns3:TrackPointExtension>
							<ns3:speed>1.2345679</ns3:speed>
							<ns3:cad>0.0</ns3:cad>
							<ns3:hr>91</ns3:hr>
						</ns3:TrackPointExtension>
					</extensions>
			</trkpt>
			<trkpt lat="47.60211" lon="12.163331">
				<ele>623.0</ele>
				<time>2025-11-29T12:45:34Z</time>
				<desc><![CDATA[CommonTimeValuePoint(absoluteTime=1764420334, value=0.7936508)]]></desc>
					<extensions>
						<ns3:TrackPointExtension>
							<ns3:speed>1.2820513</ns3:speed>
							<ns3:cad>0.0</ns3:cad>
							<ns3:hr>91</ns3:hr>
						</ns3:TrackPointExtension>
					</extensions>
			</trkpt>
			<trkpt lat="47.602066" lon="12.163379">
				<ele>623.0</ele>
				<time>2025-11-29T12:45:39Z</time>
				<desc><![CDATA[CommonTimeValuePoint(absoluteTime=1764420339, value=0.8403361)]]></desc>
					<extensions>
						<ns3:TrackPointExtension>
							<ns3:speed>1.2048193</ns3:speed>
							<ns3:cad>0.0</ns3:cad>
							<ns3:hr>90</ns3:hr>
						</ns3:TrackPointExtension>
					</extensions>
			</trkpt>
			<trkpt lat="47.60204" lon="12.163454">
				<ele>624.0</ele>
				<time>2025-11-29T12:45:44Z</time>
				<desc><![CDATA[CommonTimeValuePoint(absoluteTime=1764420344, value=0.8333333)]]></desc>
					<extensions>
						<ns3:TrackPointExtension>
							<ns3:speed>1.2048193</ns3:speed>
							<ns3:cad>0.0</ns3:cad>
							<ns3:hr>92</ns3:hr>
						</ns3:TrackPointExtension>
					</extensions>
			</trkpt>
			<trkpt lat="47.602" lon="12.163512">
				<ele>625.0</ele>
				<time>2025-11-29T12:45:48Z</time>
				<desc><![CDATA[CommonTimeValuePoint(absoluteTime=1764420348, value=0.7936508)]]></desc>
					<extensions>
						<ns3:TrackPointExtension>
							<ns3:speed>1.2658228</ns3:speed>
							<ns3:cad>0.0</ns3:cad>
							<ns3:hr>91</ns3:hr>
						</ns3:TrackPointExtension>
					</extensions>
			</trkpt>
			<trkpt lat="47.601955" lon="12.1635475">
				<ele>625.0</ele>
				<time>2025-11-29T12:45:53Z</time>
				<desc><![CDATA[CommonTimeValuePoint(absoluteTime=1764420353, value=0.8)]]></desc>
					<extensions>
						<ns3:TrackPointExtension>
							<ns3:speed>1.2658228</ns3:speed>
							<ns3:cad>0.0</ns3:cad>
							<ns3:hr>101</ns3:hr>
						</ns3:TrackPointExtension>
					</extensions>
			</trkpt>
			<trkpt lat="47.601917" lon="12.163592">
				<ele>626.0</ele>
				<time>2025-11-29T12:46:00Z</time>
				<desc><![CDATA[CommonTimeValuePoint(absoluteTime=1764420360, value=0.952381)]]></desc>
					<extensions>
						<ns3:TrackPointExtension>
							<ns3:speed>1.0638298</ns3:speed>
							<ns3:cad>0.0</ns3:cad>
							<ns3:hr>104</ns3:hr>
						</ns3:TrackPointExtension>
					</extensions>
			</trkpt>
			<trkpt lat="47.601894" lon="12.163659">
				<ele>627.0</ele>
				<time>2025-11-29T12:46:06Z</time>
				<desc><![CDATA[CommonTimeValuePoint(absoluteTime=1764420366, value=0.9009009)]]></desc>
					<extensions>
						<ns3:TrackPointExtension>
							<ns3:speed>1.1235955</ns3:speed>
							<ns3:cad>0.0</ns3:cad>
						</ns3:TrackPointExtension>
					</extensions>
			</trkpt>
			<trkpt lat="47.601883" lon="12.163724">
				<ele>628.0</ele>
				<time>2025-11-29T12:46:10Z</time>
				<desc><![CDATA[CommonTimeValuePoint(absoluteTime=1764420370, value=0.89285713)]]></desc>
					<extensions>
						<ns3:TrackPointExtension>
							<ns3:speed>1.1363636</ns3:speed>
							<ns3:cad>0.0</ns3:cad>
							<ns3:hr>102</ns3:hr>
						</ns3:TrackPointExtension>
					</extensions>
			</trkpt>
			<trkpt lat="47.601864" lon="12.1637945">
				<ele>628.0</ele>
				<time>2025-11-29T12:46:16Z</time>
				<desc><![CDATA[CommonTimeValuePoint(absoluteTime=1764420376, value=1.2658228)]]></desc>
					<extensions>
						<ns3:TrackPointExtension>
							<ns3:speed>0.8</ns3:speed>
							<ns3:cad>0.0</ns3:cad>
						</ns3:TrackPointExtension>
					</extensions>
			</trkpt>
			<trkpt lat="47.60185" lon="12.163867">
				<ele>628.0</ele>
				<time>2025-11-29T12:46:22Z</time>
				<desc><![CDATA[CommonTimeValuePoint(absoluteTime=1764420382, value=1.1904762)]]></desc>
					<extensions>
						<ns3:TrackPointExtension>
							<ns3:speed>0.84745765</ns3:speed>
							<ns3:cad>0.0</ns3:cad>
							<ns3:hr>103</ns3:hr>
						</ns3:TrackPointExtension>
					</extensions>
			</trkpt>
			<trkpt lat="47.60182" lon="12.163933">
				<ele>629.0</ele>
				<time>2025-11-29T12:46:28Z</time>
				<desc><![CDATA[CommonTimeValuePoint(absoluteTime=1764420388, value=1.1111112)]]></desc>
					<extensions>
						<ns3:TrackPointExtension>
							<ns3:speed>0.9174312</ns3:speed>
							<ns3:cad>0.0</ns3:cad>
							<ns3:hr>103</ns3:hr>
						</ns3:TrackPointExtension>
					</extensions>
			</trkpt>
			<trkpt lat="47.60182" lon="12.1640005">
				<ele>629.0</ele>
				<time>2025-11-29T12:46:33Z</time>
				<desc><![CDATA[CommonTimeValuePoint(absoluteTime=1764420393, value=1.0752689)]]></desc>
					<extensions>
						<ns3:TrackPointExtension>
							<ns3:speed>0.9433963</ns3:speed>
							<ns3:cad>0.0</ns3:cad>
							<ns3:hr>102</ns3:hr>
						</ns3:TrackPointExtension>
					</extensions>
			</trkpt>
			<trkpt lat="47.60184" lon="12.164078">
				<ele>630.0</ele>
				<time>2025-11-29T12:46:41Z</time>
				<desc><![CDATA[CommonTimeValuePoint(absoluteTime=1764420401, value=1.2987013)]]></desc>
					<extensions>
						<ns3:TrackPointExtension>
							<ns3:speed>0.7751938</ns3:speed>
							<ns3:cad>0.0</ns3:cad>
							<ns3:hr>99</ns3:hr>
						</ns3:TrackPointExtension>
					</extensions>
			</trkpt>
			<trkpt lat="47.601833" lon="12.164147">
				<ele>631.0</ele>
				<time>2025-11-29T12:46:46Z</time>
				<desc><![CDATA[CommonTimeValuePoint(absoluteTime=1764420406, value=1.369863)]]></desc>
					<extensions>
						<ns3:TrackPointExtension>
							<ns3:speed>0.7407407</ns3:speed>
							<ns3:cad>0.0</ns3:cad>
							<ns3:hr>102</ns3:hr>
						</ns3:TrackPointExtension>
					</extensions>
			</trkpt>
			<trkpt lat="47.601837" lon="12.164221">
				<ele>632.0</ele>
				<time>2025-11-29T12:46:53Z</time>
				<desc><![CDATA[CommonTimeValuePoint(absoluteTime=1764420413, value=1.1627907)]]></desc>
					<extensions>
						<ns3:TrackPointExtension>
							<ns3:speed>0.86956525</ns3:speed>
							<ns3:cad>0.0</ns3:cad>
							<ns3:hr>100</ns3:hr>
						</ns3:TrackPointExtension>
					</extensions>
			</trkpt>
			<trkpt lat="47.601845" lon="12.164289">
				<ele>632.0</ele>
				<time>2025-11-29T12:46:58Z</time>
				<desc><![CDATA[CommonTimeValuePoint(absoluteTime=1764420418, value=1.0869565)]]></desc>
					<extensions>
						<ns3:TrackPointExtension>
							<ns3:speed>0.9345794</ns3:speed>
							<ns3:cad>0.0</ns3:cad>
							<ns3:hr>100</ns3:hr>
						</ns3:TrackPointExtension>
					</extensions>
			</trkpt>
			<trkpt lat="47.601845" lon="12.164359">
				<ele>633.0</ele>
				<time>2025-11-29T12:47:03Z</time>
				<desc><![CDATA[CommonTimeValuePoint(absoluteTime=1764420423, value=1.0416667)]]></desc>
					<extensions>
						<ns3:TrackPointExtension>
							<ns3:speed>0.97087383</ns3:speed>
							<ns3:cad>0.0</ns3:cad>
						</ns3:TrackPointExtension>
					</extensions>
			</trkpt>
			<trkpt lat="47.601856" lon="12.164433">
				<ele>633.0</ele>
				<time>2025-11-29T12:47:08Z</time>
				<desc><![CDATA[CommonTimeValuePoint(absoluteTime=1764420428, value=1.0)]]></desc>
					<extensions>
						<ns3:TrackPointExtension>
							<ns3:speed>1.010101</ns3:speed>
							<ns3:cad>0.0</ns3:cad>
							<ns3:hr>101</ns3:hr>
						</ns3:TrackPointExtension>
					</extensions>
			</trkpt>
			<trkpt lat="47.601868" lon="12.1645">
				<ele>633.0</ele>
				<time>2025-11-29T12:47:13Z</time>
				<desc><![CDATA[CommonTimeValuePoint(absoluteTime=1764420433, value=0.98039216)]]></desc>
					<extensions>
						<ns3:TrackPointExtension>
							<ns3:speed>1.0309278</ns3:speed>
							<ns3:cad>0.0</ns3:cad>
							<ns3:hr>101</ns3:hr>
						</ns3:TrackPointExtension>
					</extensions>
			</trkpt>
			<trkpt lat="47.60188" lon="12.164567">
				<ele>633.0</ele>
				<time>2025-11-29T12:47:18Z</time>
				<desc><![CDATA[CommonTimeValuePoint(absoluteTime=1764420438, value=1.0)]]></desc>
					<extensions>
						<ns3:TrackPointExtension>
							<ns3:speed>1.010101</ns3:speed>
							<ns3:cad>0.0</ns3:cad>
							<ns3:hr>101</ns3:hr>
						</ns3:TrackPointExtension>
					</extensions>
			</trkpt>
			<trkpt lat="47.601902" lon="12.164636">
				<ele>634.0</ele>
				<time>2025-11-29T12:47:23Z</time>
				<desc><![CDATA[CommonTimeValuePoint(absoluteTime=1764420443, value=1.0)]]></desc>
					<extensions>
						<ns3:TrackPointExtension>
							<ns3:speed>1.010101</ns3:speed>
							<ns3:cad>0.0</ns3:cad>
						</ns3:TrackPointExtension>
					</extensions>
			</trkpt>
			<trkpt lat="47.60192" lon="12.164705">
				<ele>634.0</ele>
				<time>2025-11-29T12:47:28Z</time>
				<desc><![CDATA[CommonTimeValuePoint(absoluteTime=1764420448, value=0.97087383)]]></desc>
					<extensions>
						<ns3:TrackPointExtension>
							<ns3:speed>1.0416667</ns3:speed>
							<ns3:cad>0.0</ns3:cad>
							<ns3:hr>101</ns3:hr>
						</ns3:TrackPointExtension>
					</extensions>
			</trkpt>
			<trkpt lat="47.601944" lon="12.164771">
				<ele>635.0</ele>
				<time>2025-11-29T12:47:33Z</time>
				<desc><![CDATA[CommonTimeValuePoint(absoluteTime=1764420453, value=0.952381)]]></desc>
					<extensions>
						<ns3:TrackPointExtension>
							<ns3:speed>1.0526316</ns3:speed>
							<ns3:cad>0.0</ns3:cad>
							<ns3:hr>104</ns3:hr>
						</ns3:TrackPointExtension>
					</extensions>
			</trkpt>
			<trkpt lat="47.601948" lon="12.164849">
				<ele>635.0</ele>
				<time>2025-11-29T12:47:38Z</time>
				<desc><![CDATA[CommonTimeValuePoint(absoluteTime=1764420458, value=0.952381)]]></desc>
					<extensions>
						<ns3:TrackPointExtension>
							<ns3:speed>1.0638298</ns3:speed>
							<ns3:cad>0.0</ns3:cad>
							<ns3:hr>104</ns3:hr>
						</ns3:TrackPointExtension>
					</extensions>
			</trkpt>
			<trkpt lat="47.601913" lon="12.164897">
				<ele>636.0</ele>
				<time>2025-11-29T12:47:56Z</time>
				<desc><![CDATA[CommonTimeValuePoint(absoluteTime=1764420476, value=1.8)]]></desc>
					<extensions>
						<ns3:TrackPointExtension>
							<ns3:speed>0.5555556</ns3:speed>
							<ns3:cad>0.0</ns3:cad>
							<ns3:hr>104</ns3:hr>
						</ns3:TrackPointExtension>
					</extensions>
			</trkpt>
			<trkpt lat="47.60192" lon="12.164969">
				<ele>636.0</ele>
				<time>2025-11-29T12:56:11Z</time>
				<desc><![CDATA[CommonTimeValuePoint(absoluteTime=1764420971, value=1.8)]]></desc>
					<extensions>
						<ns3:TrackPointExtension>
							<ns3:speed>0.5555556</ns3:speed>
							<ns3:cad>0.0</ns3:cad>
							<ns3:hr>77</ns3:hr>
						</ns3:TrackPointExtension>
					</extensions>
			</trkpt>
			<trkpt lat="47.6019" lon="12.165039">
				<ele>636.0</ele>
				<time>2025-11-29T12:56:17Z</time>
				<desc><![CDATA[CommonTimeValuePoint(absoluteTime=1764420977, value=1.1627907)]]></desc>
					<extensions>
						<ns3:TrackPointExtension>
							<ns3:speed>0.862069</ns3:speed>
							<ns3:cad>0.0</ns3:cad>
							<ns3:hr>80</ns3:hr>
						</ns3:TrackPointExtension>
					</extensions>
			</trkpt>
			<trkpt lat="47.60188" lon="12.165099">
				<ele>636.0</ele>
				<time>2025-11-29T12:56:22Z</time>
				<desc><![CDATA[CommonTimeValuePoint(absoluteTime=1764420982, value=1.1363636)]]></desc>
					<extensions>
						<ns3:TrackPointExtension>
							<ns3:speed>0.88495576</ns3:speed>
							<ns3:cad>0.0</ns3:cad>
							<ns3:hr>85</ns3:hr>
						</ns3:TrackPointExtension>
					</extensions>
			</trkpt>
			<trkpt lat="47.60184" lon="12.165157">
				<ele>636.0</ele>
				<time>2025-11-29T12:56:26Z</time>
				<desc><![CDATA[CommonTimeValuePoint(absoluteTime=1764420986, value=1.098901)]]></desc>
					<extensions>
						<ns3:TrackPointExtension>
							<ns3:speed>0.9174312</ns3:speed>
							<ns3:cad>0.0</ns3:cad>
							<ns3:hr>86</ns3:hr>
						</ns3:TrackPointExtension>
					</extensions>
			</trkpt>
			<trkpt lat="47.601814" lon="12.165217">
				<ele>636.0</ele>
				<time>2025-11-29T12:56:31Z</time>
				<desc><![CDATA[CommonTimeValuePoint(absoluteTime=1764420991, value=1.0204082)]]></desc>
					<extensions>
						<ns3:TrackPointExtension>
							<ns3:speed>0.990099</ns3:speed>
							<ns3:cad>0.0</ns3:cad>
						</ns3:TrackPointExtension>
					</extensions>
			</trkpt>
			<trkpt lat="47.601807" lon="12.165289">
				<ele>636.0</ele>
				<time>2025-11-29T12:56:35Z</time>
				<desc><![CDATA[CommonTimeValuePoint(absoluteTime=1764420995, value=1.0)]]></desc>
					<extensions>
						<ns3:TrackPointExtension>
							<ns3:speed>1.010101</ns3:speed>
							<ns3:cad>0.0</ns3:cad>
						</ns3:TrackPointExtension>
					</extensions>
			</trkpt>
			<trkpt lat="47.601807" lon="12.165365">
				<ele>636.0</ele>
				<time>2025-11-29T12:56:41Z</time>
				<desc><![CDATA[CommonTimeValuePoint(absoluteTime=1764421001, value=0.98039216)]]></desc>
					<extensions>
						<ns3:TrackPointExtension>
							<ns3:speed>1.0309278</ns3:speed>
							<ns3:cad>0.0</ns3:cad>
							<ns3:hr>86</ns3:hr>
						</ns3:TrackPointExtension>
					</extensions>
			</trkpt>
			<trkpt lat="47.601814" lon="12.165438">
				<ele>636.0</ele>
				<time>2025-11-29T12:56:47Z</time>
				<desc><![CDATA[CommonTimeValuePoint(absoluteTime=1764421007, value=1.0526316)]]></desc>
					<extensions>
						<ns3:TrackPointExtension>
							<ns3:speed>0.952381</ns3:speed>
							<ns3:cad>0.0</ns3:cad>
							<ns3:hr>87</ns3:hr>
						</ns3:TrackPointExtension>
					</extensions>
			</trkpt>
			<trkpt lat="47.601833" lon="12.165501">
				<ele>636.0</ele>
				<time>2025-11-29T12:56:52Z</time>
				<desc><![CDATA[CommonTimeValuePoint(absoluteTime=1764421012, value=1.0869565)]]></desc>
					<extensions>
						<ns3:TrackPointExtension>
							<ns3:speed>0.9345794</ns3:speed>
							<ns3:cad>0.0</ns3:cad>
							<ns3:hr>85</ns3:hr>
						</ns3:TrackPointExtension>
					</extensions>
			</trkpt>
			<trkpt lat="47.601837" lon="12.165607">
				<ele>636.0</ele>
				<time>2025-11-29T12:59:38Z</time>
				<desc><![CDATA[CommonTimeValuePoint(absoluteTime=1764421178, value=1.8)]]></desc>
					<extensions>
						<ns3:TrackPointExtension>
							<ns3:speed>0.5555556</ns3:speed>
							<ns3:cad>0.0</ns3:cad>
							<ns3:hr>60</ns3:hr>
						</ns3:TrackPointExtension>
					</extensions>
			</trkpt>
			<trkpt lat="47.601852" lon="12.165681">
				<ele>636.0</ele>
				<time>2025-11-29T12:59:43Z</time>
				<desc><![CDATA[CommonTimeValuePoint(absoluteTime=1764421183, value=1.1904762)]]></desc>
					<extensions>
						<ns3:TrackPointExtension>
							<ns3:speed>0.85470086</ns3:speed>
							<ns3:cad>0.0</ns3:cad>
							<ns3:hr>66</ns3:hr>
						</ns3:TrackPointExtension>
					</extensions>
			</trkpt>
			<trkpt lat="47.60187" lon="12.165752">
				<ele>636.0</ele>
				<time>2025-11-29T12:59:49Z</time>
				<desc><![CDATA[CommonTimeValuePoint(absoluteTime=1764421189, value=1.0204082)]]></desc>
					<extensions>
						<ns3:TrackPointExtension>
							<ns3:speed>0.990099</ns3:speed>
							<ns3:cad>0.0</ns3:cad>
							<ns3:hr>76</ns3:hr>
						</ns3:TrackPointExtension>
					</extensions>
			</trkpt>
			<trkpt lat="47.601883" lon="12.16582">
				<ele>636.0</ele>
				<time>2025-11-29T12:59:55Z</time>
				<desc><![CDATA[CommonTimeValuePoint(absoluteTime=1764421195, value=1.0526316)]]></desc>
					<extensions>
						<ns3:TrackPointExtension>
							<ns3:speed>0.9615385</ns3:speed>
							<ns3:cad>0.0</ns3:cad>
							<ns3:hr>80</ns3:hr>
						</ns3:TrackPointExtension>
					</extensions>
			</trkpt>
			<trkpt lat="47.601883" lon="12.165893">
				<ele>636.0</ele>
				<time>2025-11-29T13:00:00Z</time>
				<desc><![CDATA[CommonTimeValuePoint(absoluteTime=1764421200, value=1.1494253)]]></desc>
					<extensions>
						<ns3:TrackPointExtension>
							<ns3:speed>0.877193</ns3:speed>
							<ns3:cad>0.0</ns3:cad>
							<ns3:hr>87</ns3:hr>
						</ns3:TrackPointExtension>
					</extensions>
			</trkpt>
			<trkpt lat="47.601875" lon="12.165967">
				<ele>637.0</ele>
				<time>2025-11-29T13:00:07Z</time>
				<desc><![CDATA[CommonTimeValuePoint(absoluteTime=1764421207, value=1.2345679)]]></desc>
					<extensions>
						<ns3:TrackPointExtension>
							<ns3:speed>0.8130081</ns3:speed>
							<ns3:cad>0.0</ns3:cad>
							<ns3:hr>90</ns3:hr>
						</ns3:TrackPointExtension>
					</extensions>
			</trkpt>
			<trkpt lat="47.60184" lon="12.166022">
				<ele>637.0</ele>
				<time>2025-11-29T13:00:15Z</time>
				<desc><![CDATA[CommonTimeValuePoint(absoluteTime=1764421215, value=1.8)]]></desc>
					<extensions>
						<ns3:TrackPointExtension>
							<ns3:speed>0.5555556</ns3:speed>
							<ns3:cad>0.0</ns3:cad>
							<ns3:hr>89</ns3:hr>
						</ns3:TrackPointExtension>
					</extensions>
			</trkpt>
			<trkpt lat="47.601887" lon="12.166004">
				<ele>637.0</ele>
				<time>2025-11-29T13:00:43Z</time>
				<desc><![CDATA[CommonTimeValuePoint(absoluteTime=1764421243, value=1.8)]]></desc>
					<extensions>
						<ns3:TrackPointExtension>
							<ns3:speed>0.5555556</ns3:speed>
							<ns3:cad>0.0</ns3:cad>
						</ns3:TrackPointExtension>
					</extensions>
			</trkpt>
			<trkpt lat="47.601883" lon="12.165877">
				<ele>637.0</ele>
				<time>2025-11-29T13:01:13Z</time>
				<desc><![CDATA[CommonTimeValuePoint(absoluteTime=1764421273, value=1.6949153)]]></desc>
					<extensions>
						<ns3:TrackPointExtension>
							<ns3:speed>0.5952381</ns3:speed>
							<ns3:cad>0.0</ns3:cad>
							<ns3:hr>86</ns3:hr>
						</ns3:TrackPointExtension>
					</extensions>
			</trkpt>
			<trkpt lat="47.6019" lon="12.165804">
				<ele>637.0</ele>
				<time>2025-11-29T13:01:18Z</time>
				<desc><![CDATA[CommonTimeValuePoint(absoluteTime=1764421278, value=1.369863)]]></desc>
					<extensions>
						<ns3:TrackPointExtension>
							<ns3:speed>0.7352941</ns3:speed>
							<ns3:cad>0.0</ns3:cad>
							<ns3:hr>84</ns3:hr>
						</ns3:TrackPointExtension>
					</extensions>
			</trkpt>
			<trkpt lat="47.6019" lon="12.165729">
				<ele>637.0</ele>
				<time>2025-11-29T13:01:23Z</time>
				<desc><![CDATA[CommonTimeValuePoint(absoluteTime=1764421283, value=1.1904762)]]></desc>
					<extensions>
						<ns3:TrackPointExtension>
							<ns3:speed>0.84745765</ns3:speed>
							<ns3:cad>0.0</ns3:cad>
							<ns3:hr>81</ns3:hr>
						</ns3:TrackPointExtension>
					</extensions>
			</trkpt>
			<trkpt lat="47.601856" lon="12.165749">
				<ele>637.0</ele>
				<time>2025-11-29T13:01:31Z</time>
				<desc><![CDATA[CommonTimeValuePoint(absoluteTime=1764421291, value=1.2658228)]]></desc>
					<extensions>
						<ns3:TrackPointExtension>
							<ns3:speed>0.8</ns3:speed>
							<ns3:cad>0.0</ns3:cad>
						</ns3:TrackPointExtension>
					</extensions>
			</trkpt>
			<trkpt lat="47.601837" lon="12.165819">
				<ele>637.0</ele>
				<time>2025-11-29T13:01:37Z</time>
				<desc><![CDATA[CommonTimeValuePoint(absoluteTime=1764421297, value=1.25)]]></desc>
					<extensions>
						<ns3:TrackPointExtension>
							<ns3:speed>0.8064516</ns3:speed>
							<ns3:cad>0.0</ns3:cad>
						</ns3:TrackPointExtension>
					</extensions>
			</trkpt>
			<trkpt lat="47.601807" lon="12.165879">
				<ele>637.0</ele>
				<time>2025-11-29T13:01:44Z</time>
				<desc><![CDATA[CommonTimeValuePoint(absoluteTime=1764421304, value=1.2658228)]]></desc>
					<extensions>
						<ns3:TrackPointExtension>
							<ns3:speed>0.7936508</ns3:speed>
							<ns3:cad>0.0</ns3:cad>
							<ns3:hr>84</ns3:hr>
						</ns3:TrackPointExtension>
					</extensions>
			</trkpt>
			<trkpt lat="47.601776" lon="12.1659355">
				<ele>637.0</ele>
				<time>2025-11-29T13:01:50Z</time>
				<desc><![CDATA[CommonTimeValuePoint(absoluteTime=1764421310, value=1.1627907)]]></desc>
					<extensions>
						<ns3:TrackPointExtension>
							<ns3:speed>0.86956525</ns3:speed>
							<ns3:cad>0.0</ns3:cad>
							<ns3:hr>87</ns3:hr>
						</ns3:TrackPointExtension>
					</extensions>
			</trkpt>
			<trkpt lat="47.601738" lon="12.165985">
				<ele>637.0</ele>
				<time>2025-11-29T13:01:56Z</time>
				<desc><![CDATA[CommonTimeValuePoint(absoluteTime=1764421316, value=1.1627907)]]></desc>
					<extensions>
						<ns3:TrackPointExtension>
							<ns3:speed>0.86956525</ns3:speed>
							<ns3:cad>0.0</ns3:cad>
							<ns3:hr>90</ns3:hr>
						</ns3:TrackPointExtension>
					</extensions>
			</trkpt>
			<trkpt lat="47.601696" lon="12.166034">
				<ele>631.0</ele>
				<time>2025-11-29T13:02:04Z</time>
				<desc><![CDATA[CommonTimeValuePoint(absoluteTime=1764421324, value=1.1904762)]]></desc>
					<extensions>
						<ns3:TrackPointExtension>
							<ns3:speed>0.84745765</ns3:speed>
							<ns3:cad>0.0</ns3:cad>
							<ns3:hr>91</ns3:hr>
						</ns3:TrackPointExtension>
					</extensions>
			</trkpt>
			<trkpt lat="47.601658" lon="12.166072">
				<ele>631.0</ele>
				<time>2025-11-29T13:02:10Z</time>
				<desc><![CDATA[CommonTimeValuePoint(absoluteTime=1764421330, value=1.2987013)]]></desc>
					<extensions>
						<ns3:TrackPointExtension>
							<ns3:speed>0.7751938</ns3:speed>
							<ns3:cad>0.0</ns3:cad>
							<ns3:hr>90</ns3:hr>
						</ns3:TrackPointExtension>
					</extensions>
			</trkpt>
			<trkpt lat="47.60162" lon="12.166107">
				<ele>629.0</ele>
				<time>2025-11-29T13:02:16Z</time>
				<desc><![CDATA[CommonTimeValuePoint(absoluteTime=1764421336, value=1.2987013)]]></desc>
					<extensions>
						<ns3:TrackPointExtension>
							<ns3:speed>0.7751938</ns3:speed>
							<ns3:cad>0.0</ns3:cad>
							<ns3:hr>92</ns3:hr>
						</ns3:TrackPointExtension>
					</extensions>
			</trkpt>
			<trkpt lat="47.60157" lon="12.166137">
				<ele>628.0</ele>
				<time>2025-11-29T13:02:21Z</time>
				<desc><![CDATA[CommonTimeValuePoint(absoluteTime=1764421341, value=1.369863)]]></desc>
					<extensions>
						<ns3:TrackPointExtension>
							<ns3:speed>0.7352941</ns3:speed>
							<ns3:cad>0.0</ns3:cad>
							<ns3:hr>94</ns3:hr>
						</ns3:TrackPointExtension>
					</extensions>
			</trkpt>
			<trkpt lat="47.60152" lon="12.166129">
				<ele>626.0</ele>
				<time>2025-11-29T13:02:28Z</time>
				<desc><![CDATA[CommonTimeValuePoint(absoluteTime=1764421348, value=1.5151515)]]></desc>
					<extensions>
						<ns3:TrackPointExtension>
							<ns3:speed>0.6666667</ns3:speed>
							<ns3:cad>0.0</ns3:cad>
							<ns3:hr>102</ns3:hr>
						</ns3:TrackPointExtension>
					</extensions>
			</trkpt>
			<trkpt lat="47.601425" lon="12.166102">
				<ele>622.0</ele>
				<time>2025-11-29T13:05:12Z</time>
				<desc><![CDATA[CommonTimeValuePoint(absoluteTime=1764421512, value=1.8)]]></desc>
					<extensions>
						<ns3:TrackPointExtension>
							<ns3:speed>0.5555556</ns3:speed>
							<ns3:cad>0.0</ns3:cad>
							<ns3:hr>85</ns3:hr>
						</ns3:TrackPointExtension>
					</extensions>
			</trkpt>
			<trkpt lat="47.60138" lon="12.1661005">
				<ele>622.0</ele>
				<time>2025-11-29T13:05:16Z</time>
				<desc><![CDATA[CommonTimeValuePoint(absoluteTime=1764421516, value=1.3157895)]]></desc>
					<extensions>
						<ns3:TrackPointExtension>
							<ns3:speed>0.76335883</ns3:speed>
							<ns3:cad>0.0</ns3:cad>
							<ns3:hr>85</ns3:hr>
						</ns3:TrackPointExtension>
					</extensions>
			</trkpt>
			<trkpt lat="47.601334" lon="12.166117">
				<ele>622.0</ele>
				<time>2025-11-29T13:05:22Z</time>
				<desc><![CDATA[CommonTimeValuePoint(absoluteTime=1764421522, value=1.1904762)]]></desc>
					<extensions>
						<ns3:TrackPointExtension>
							<ns3:speed>0.85470086</ns3:speed>
							<ns3:cad>0.0</ns3:cad>
						</ns3:TrackPointExtension>
					</extensions>
			</trkpt>
			<trkpt lat="47.60128" lon="12.166102">
				<ele>622.0</ele>
				<time>2025-11-29T13:05:26Z</time>
				<desc><![CDATA[CommonTimeValuePoint(absoluteTime=1764421526, value=1.1494253)]]></desc>
					<extensions>
						<ns3:TrackPointExtension>
							<ns3:speed>0.877193</ns3:speed>
							<ns3:cad>0.0</ns3:cad>
							<ns3:hr>86</ns3:hr>
						</ns3:TrackPointExtension>
					</extensions>
			</trkpt>
			<trkpt lat="47.601234" lon="12.166112">
				<ele>622.0</ele>
				<time>2025-11-29T13:05:30Z</time>
				<desc><![CDATA[CommonTimeValuePoint(absoluteTime=1764421530, value=1.2987013)]]></desc>
					<extensions>
						<ns3:TrackPointExtension>
							<ns3:speed>0.78125</ns3:speed>
							<ns3:cad>0.0</ns3:cad>
							<ns3:hr>88</ns3:hr>
						</ns3:TrackPointExtension>
					</extensions>
			</trkpt>
			<trkpt lat="47.60118" lon="12.166123">
				<ele>622.0</ele>
				<time>2025-11-29T13:05:37Z</time>
				<desc><![CDATA[CommonTimeValuePoint(absoluteTime=1764421537, value=1.3888888)]]></desc>
					<extensions>
						<ns3:TrackPointExtension>
							<ns3:speed>0.7246377</ns3:speed>
							<ns3:cad>0.0</ns3:cad>
							<ns3:hr>90</ns3:hr>
						</ns3:TrackPointExtension>
					</extensions>
			</trkpt>
			<trkpt lat="47.60114" lon="12.166142">
				<ele>622.0</ele>
				<time>2025-11-29T13:05:46Z</time>
				<desc><![CDATA[CommonTimeValuePoint(absoluteTime=1764421546, value=1.8)]]></desc>
					<extensions>
						<ns3:TrackPointExtension>
							<ns3:speed>0.5555556</ns3:speed>
							<ns3:cad>0.0</ns3:cad>
						</ns3:TrackPointExtension>
					</extensions>
			</trkpt>
			<trkpt lat="47.601177" lon="12.1661825">
				<ele>622.0</ele>
				<time>2025-11-29T13:06:05Z</time>
				<desc><![CDATA[CommonTimeValuePoint(absoluteTime=1764421565, value=1.8)]]></desc>
					<extensions>
						<ns3:TrackPointExtension>
							<ns3:speed>0.5555556</ns3:speed>
							<ns3:cad>0.0</ns3:cad>
							<ns3:hr>87</ns3:hr>
						</ns3:TrackPointExtension>
					</extensions>
			</trkpt>
			<trkpt lat="47.60122" lon="12.166221">
				<ele>622.0</ele>
				<time>2025-11-29T13:06:15Z</time>
				<desc><![CDATA[CommonTimeValuePoint(absoluteTime=1764421575, value=1.5873016)]]></desc>
					<extensions>
						<ns3:TrackPointExtension>
							<ns3:speed>0.6329114</ns3:speed>
							<ns3:cad>0.0</ns3:cad>
							<ns3:hr>88</ns3:hr>
						</ns3:TrackPointExtension>
					</extensions>
			</trkpt>
			<trkpt lat="47.601265" lon="12.166227">
				<ele>622.0</ele>
				<time>2025-11-29T13:06:24Z</time>
				<desc><![CDATA[CommonTimeValuePoint(absoluteTime=1764421584, value=1.8)]]></desc>
					<extensions>
						<ns3:TrackPointExtension>
							<ns3:speed>0.5555556</ns3:speed>
							<ns3:cad>0.0</ns3:cad>
							<ns3:hr>87</ns3:hr>
						</ns3:TrackPointExtension>
					</extensions>
			</trkpt>
			<trkpt lat="47.60132" lon="12.16621">
				<ele>622.0</ele>
				<time>2025-11-29T13:06:30Z</time>
				<desc><![CDATA[CommonTimeValuePoint(absoluteTime=1764421590, value=1.8)]]></desc>
					<extensions>
						<ns3:TrackPointExtension>
							<ns3:speed>0.5555556</ns3:speed>
							<ns3:cad>0.0</ns3:cad>
						</ns3:TrackPointExtension>
					</extensions>
			</trkpt>
			<trkpt lat="47.601368" lon="12.166241">
				<ele>622.0</ele>
				<time>2025-11-29T13:06:36Z</time>
				<desc><![CDATA[CommonTimeValuePoint(absoluteTime=1764421596, value=1.6129032)]]></desc>
					<extensions>
						<ns3:TrackPointExtension>
							<ns3:speed>0.6289308</ns3:speed>
							<ns3:cad>0.0</ns3:cad>
							<ns3:hr>88</ns3:hr>
						</ns3:TrackPointExtension>
					</extensions>
			</trkpt>
			<trkpt lat="47.601414" lon="12.166249">
				<ele>622.0</ele>
				<time>2025-11-29T13:06:51Z</time>
				<desc><![CDATA[CommonTimeValuePoint(absoluteTime=1764421611, value=1.2195122)]]></desc>
					<extensions>
						<ns3:TrackPointExtension>
							<ns3:speed>0.82644624</ns3:speed>
							<ns3:cad>0.0</ns3:cad>
							<ns3:hr>89</ns3:hr>
						</ns3:TrackPointExtension>
					</extensions>
			</trkpt>
			<trkpt lat="47.601448" lon="12.166205">
				<ele>622.0</ele>
				<time>2025-11-29T13:06:59Z</time>
				<desc><![CDATA[CommonTimeValuePoint(absoluteTime=1764421619, value=1.6949153)]]></desc>
					<extensions>
						<ns3:TrackPointExtension>
							<ns3:speed>0.5988024</ns3:speed>
							<ns3:cad>0.0</ns3:cad>
							<ns3:hr>88</ns3:hr>
						</ns3:TrackPointExtension>
					</extensions>
			</trkpt>
			<trkpt lat="47.601418" lon="12.166156">
				<ele>622.0</ele>
				<time>2025-11-29T13:07:07Z</time>
				<desc><![CDATA[CommonTimeValuePoint(absoluteTime=1764421627, value=1.8)]]></desc>
					<extensions>
						<ns3:TrackPointExtension>
							<ns3:speed>0.5555556</ns3:speed>
							<ns3:cad>0.0</ns3:cad>
						</ns3:TrackPointExtension>
					</extensions>
			</trkpt>
			<trkpt lat="47.601376" lon="12.16613">
				<ele>622.0</ele>
				<time>2025-11-29T13:07:14Z</time>
				<desc><![CDATA[CommonTimeValuePoint(absoluteTime=1764421634, value=1.8)]]></desc>
					<extensions>
						<ns3:TrackPointExtension>
							<ns3:speed>0.5555556</ns3:speed>
							<ns3:cad>0.0</ns3:cad>
						</ns3:TrackPointExtension>
					</extensions>
			</trkpt>
			<trkpt lat="47.60133" lon="12.166104">
				<ele>622.0</ele>
				<time>2025-11-29T13:07:25Z</time>
				<desc><![CDATA[CommonTimeValuePoint(absoluteTime=1764421645, value=1.8)]]></desc>
					<extensions>
						<ns3:TrackPointExtension>
							<ns3:speed>0.5555556</ns3:speed>
							<ns3:cad>0.0</ns3:cad>
							<ns3:hr>96</ns3:hr>
						</ns3:TrackPointExtension>
					</extensions>
			</trkpt>
			<trkpt lat="47.60128" lon="12.16606">
				<ele>622.0</ele>
				<time>2025-11-29T13:07:36Z</time>
				<desc><![CDATA[CommonTimeValuePoint(absoluteTime=1764421656, value=1.8)]]></desc>
					<extensions>
						<ns3:TrackPointExtension>
							<ns3:speed>0.5555556</ns3:speed>
							<ns3:cad>0.0</ns3:cad>
							<ns3:hr>103</ns3:hr>
						</ns3:TrackPointExtension>
					</extensions>
			</trkpt>
			<trkpt lat="47.60123" lon="12.166064">
				<ele>622.0</ele>
				<time>2025-11-29T13:07:41Z</time>
				<desc><![CDATA[CommonTimeValuePoint(absoluteTime=1764421661, value=1.8)]]></desc>
					<extensions>
						<ns3:TrackPointExtension>
							<ns3:speed>0.5555556</ns3:speed>
							<ns3:cad>0.0</ns3:cad>
							<ns3:hr>103</ns3:hr>
						</ns3:TrackPointExtension>
					</extensions>
			</trkpt>
			<trkpt lat="47.60118" lon="12.166049">
				<ele>622.0</ele>
				<time>2025-11-29T13:07:46Z</time>
				<desc><![CDATA[CommonTimeValuePoint(absoluteTime=1764421666, value=1.5151515)]]></desc>
					<extensions>
						<ns3:TrackPointExtension>
							<ns3:speed>0.66225165</ns3:speed>
							<ns3:cad>0.0</ns3:cad>
							<ns3:hr>102</ns3:hr>
						</ns3:TrackPointExtension>
					</extensions>
			</trkpt>
			<trkpt lat="47.60113" lon="12.166058">
				<ele>622.0</ele>
				<time>2025-11-29T13:07:51Z</time>
				<desc><![CDATA[CommonTimeValuePoint(absoluteTime=1764421671, value=1.4084507)]]></desc>
					<extensions>
						<ns3:TrackPointExtension>
							<ns3:speed>0.7194245</ns3:speed>
							<ns3:cad>0.0</ns3:cad>
							<ns3:hr>103</ns3:hr>
						</ns3:TrackPointExtension>
					</extensions>
			</trkpt>
			<trkpt lat="47.60108" lon="12.16604">
				<ele>622.0</ele>
				<time>2025-11-29T13:07:56Z</time>
				<desc><![CDATA[CommonTimeValuePoint(absoluteTime=1764421676, value=1.4492754)]]></desc>
					<extensions>
						<ns3:TrackPointExtension>
							<ns3:speed>0.6944444</ns3:speed>
							<ns3:cad>0.0</ns3:cad>
							<ns3:hr>105</ns3:hr>
						</ns3:TrackPointExtension>
					</extensions>
			</trkpt>
			<trkpt lat="47.60103" lon="12.166024">
				<ele>612.0</ele>
				<time>2025-11-29T13:08:02Z</time>
				<desc><![CDATA[CommonTimeValuePoint(absoluteTime=1764421682, value=1.8)]]></desc>
					<extensions>
						<ns3:TrackPointExtension>
							<ns3:speed>0.5555556</ns3:speed>
							<ns3:cad>0.0</ns3:cad>
							<ns3:hr>106</ns3:hr>
						</ns3:TrackPointExtension>
					</extensions>
			</trkpt>
			<trkpt lat="47.600983" lon="12.166047">
				<ele>611.0</ele>
				<time>2025-11-29T13:08:10Z</time>
				<desc><![CDATA[CommonTimeValuePoint(absoluteTime=1764421690, value=1.8)]]></desc>
					<extensions>
						<ns3:TrackPointExtension>
							<ns3:speed>0.5555556</ns3:speed>
							<ns3:cad>0.0</ns3:cad>
							<ns3:hr>105</ns3:hr>
						</ns3:TrackPointExtension>
					</extensions>
			</trkpt>
			<trkpt lat="47.600945" lon="12.166007">
				<ele>610.0</ele>
				<time>2025-11-29T13:08:17Z</time>
				<desc><![CDATA[CommonTimeValuePoint(absoluteTime=1764421697, value=1.8)]]></desc>
					<extensions>
						<ns3:TrackPointExtension>
							<ns3:speed>0.5555556</ns3:speed>
							<ns3:cad>0.0</ns3:cad>
						</ns3:TrackPointExtension>
					</extensions>
			</trkpt>
			<trkpt lat="47.600903" lon="12.166049">
				<ele>608.0</ele>
				<time>2025-11-29T13:08:40Z</time>
				<desc><![CDATA[CommonTimeValuePoint(absoluteTime=1764421720, value=1.8)]]></desc>
					<extensions>
						<ns3:TrackPointExtension>
							<ns3:speed>0.5555556</ns3:speed>
							<ns3:cad>0.0</ns3:cad>
						</ns3:TrackPointExtension>
					</extensions>
			</trkpt>
			<trkpt lat="47.600857" lon="12.166056">
				<ele>608.0</ele>
				<time>2025-11-29T13:08:46Z</time>
				<desc><![CDATA[CommonTimeValuePoint(absoluteTime=1764421726, value=1.8)]]></desc>
					<extensions>
						<ns3:TrackPointExtension>
							<ns3:speed>0.5555556</ns3:speed>
							<ns3:cad>0.0</ns3:cad>
						</ns3:TrackPointExtension>
					</extensions>
			</trkpt>
			<trkpt lat="47.600822" lon="12.16611">
				<ele>607.0</ele>
				<time>2025-11-29T13:09:00Z</time>
				<desc><![CDATA[CommonTimeValuePoint(absoluteTime=1764421740, value=1.8)]]></desc>
					<extensions>
						<ns3:TrackPointExtension>
							<ns3:speed>0.5555556</ns3:speed>
							<ns3:cad>0.0</ns3:cad>
							<ns3:hr>108</ns3:hr>
						</ns3:TrackPointExtension>
					</extensions>
			</trkpt>
			<trkpt lat="47.600796" lon="12.16617">
				<ele>604.0</ele>
				<time>2025-11-29T13:09:21Z</time>
				<desc><![CDATA[CommonTimeValuePoint(absoluteTime=1764421761, value=1.7857143)]]></desc>
					<extensions>
						<ns3:TrackPointExtension>
							<ns3:speed>0.56497175</ns3:speed>
							<ns3:cad>0.0</ns3:cad>
							<ns3:hr>101</ns3:hr>
						</ns3:TrackPointExtension>
					</extensions>
			</trkpt>
			<trkpt lat="47.60075" lon="12.166179">
				<ele>603.0</ele>
				<time>2025-11-29T13:09:29Z</time>
				<desc><![CDATA[CommonTimeValuePoint(absoluteTime=1764421769, value=1.8)]]></desc>
					<extensions>
						<ns3:TrackPointExtension>
							<ns3:speed>0.5555556</ns3:speed>
							<ns3:cad>0.0</ns3:cad>
							<ns3:hr>101</ns3:hr>
						</ns3:TrackPointExtension>
					</extensions>
			</trkpt>
			<trkpt lat="47.600704" lon="12.166214">
				<ele>603.0</ele>
				<time>2025-11-29T13:09:36Z</time>
				<desc><![CDATA[CommonTimeValuePoint(absoluteTime=1764421776, value=1.8)]]></desc>
					<extensions>
						<ns3:TrackPointExtension>
							<ns3:speed>0.5555556</ns3:speed>
							<ns3:cad>0.0</ns3:cad>
							<ns3:hr>98</ns3:hr>
						</ns3:TrackPointExtension>
					</extensions>
			</trkpt>
			<trkpt lat="47.600655" lon="12.166223">
				<ele>602.0</ele>
				<time>2025-11-29T13:09:47Z</time>
				<desc><![CDATA[CommonTimeValuePoint(absoluteTime=1764421787, value=1.8)]]></desc>
					<extensions>
						<ns3:TrackPointExtension>
							<ns3:speed>0.5555556</ns3:speed>
							<ns3:cad>0.0</ns3:cad>
						</ns3:TrackPointExtension>
					</extensions>
			</trkpt>
			<trkpt lat="47.600616" lon="12.166263">
				<ele>600.0</ele>
				<time>2025-11-29T13:09:59Z</time>
				<desc><![CDATA[CommonTimeValuePoint(absoluteTime=1764421799, value=1.8)]]></desc>
					<extensions>
						<ns3:TrackPointExtension>
							<ns3:speed>0.5555556</ns3:speed>
							<ns3:cad>0.0</ns3:cad>
							<ns3:hr>98</ns3:hr>
						</ns3:TrackPointExtension>
					</extensions>
			</trkpt>
			<trkpt lat="47.600574" lon="12.166306">
				<ele>600.0</ele>
				<time>2025-11-29T13:10:11Z</time>
				<desc><![CDATA[CommonTimeValuePoint(absoluteTime=1764421811, value=1.8)]]></desc>
					<extensions>
						<ns3:TrackPointExtension>
							<ns3:speed>0.5555556</ns3:speed>
							<ns3:cad>0.0</ns3:cad>
							<ns3:hr>98</ns3:hr>
						</ns3:TrackPointExtension>
					</extensions>
			</trkpt>
			<trkpt lat="47.600533" lon="12.166342">
				<ele>600.0</ele>
				<time>2025-11-29T13:10:25Z</time>
				<desc><![CDATA[CommonTimeValuePoint(absoluteTime=1764421825, value=1.6393442)]]></desc>
					<extensions>
						<ns3:TrackPointExtension>
							<ns3:speed>0.61728394</ns3:speed>
							<ns3:cad>0.0</ns3:cad>
						</ns3:TrackPointExtension>
					</extensions>
			</trkpt>
			<trkpt lat="47.60049" lon="12.166375">
				<ele>599.0</ele>
				<time>2025-11-29T13:10:32Z</time>
				<desc><![CDATA[CommonTimeValuePoint(absoluteTime=1764421832, value=1.369863)]]></desc>
					<extensions>
						<ns3:TrackPointExtension>
							<ns3:speed>0.7352941</ns3:speed>
							<ns3:cad>0.0</ns3:cad>
							<ns3:hr>105</ns3:hr>
						</ns3:TrackPointExtension>
					</extensions>
			</trkpt>
			<trkpt lat="47.600445" lon="12.166368">
				<ele>598.0</ele>
				<time>2025-11-29T13:10:37Z</time>
				<desc><![CDATA[CommonTimeValuePoint(absoluteTime=1764421837, value=1.3157895)]]></desc>
					<extensions>
						<ns3:TrackPointExtension>
							<ns3:speed>0.7751938</ns3:speed>
							<ns3:cad>0.0</ns3:cad>
						</ns3:TrackPointExtension>
					</extensions>
			</trkpt>
			<trkpt lat="47.600395" lon="12.166374">
				<ele>598.0</ele>
				<time>2025-11-29T13:10:41Z</time>
				<desc><![CDATA[CommonTimeValuePoint(absoluteTime=1764421841, value=1.1627907)]]></desc>
					<extensions>
						<ns3:TrackPointExtension>
							<ns3:speed>0.86956525</ns3:speed>
							<ns3:cad>0.0</ns3:cad>
							<ns3:hr>108</ns3:hr>
						</ns3:TrackPointExtension>
					</extensions>
			</trkpt>
			<trkpt lat="47.60034" lon="12.166371">
				<ele>597.0</ele>
				<time>2025-11-29T13:10:45Z</time>
				<desc><![CDATA[CommonTimeValuePoint(absoluteTime=1764421845, value=1.0204082)]]></desc>
					<extensions>
						<ns3:TrackPointExtension>
							<ns3:speed>0.990099</ns3:speed>
							<ns3:cad>0.0</ns3:cad>
							<ns3:hr>109</ns3:hr>
						</ns3:TrackPointExtension>
					</extensions>
			</trkpt>
			<trkpt lat="47.600296" lon="12.166388">
				<ele>596.0</ele>
				<time>2025-11-29T13:10:49Z</time>
				<desc><![CDATA[CommonTimeValuePoint(absoluteTime=1764421849, value=1.0309278)]]></desc>
					<extensions>
						<ns3:TrackPointExtension>
							<ns3:speed>0.98039216</ns3:speed>
							<ns3:cad>0.0</ns3:cad>
							<ns3:hr>109</ns3:hr>
						</ns3:TrackPointExtension>
					</extensions>
			</trkpt>
			<trkpt lat="47.600254" lon="12.166439">
				<ele>596.0</ele>
				<time>2025-11-29T13:10:53Z</time>
				<desc><![CDATA[CommonTimeValuePoint(absoluteTime=1764421853, value=0.877193)]]></desc>
					<extensions>
						<ns3:TrackPointExtension>
							<ns3:speed>1.1494253</ns3:speed>
							<ns3:cad>0.0</ns3:cad>
							<ns3:hr>111</ns3:hr>
						</ns3:TrackPointExtension>
					</extensions>
			</trkpt>
			<trkpt lat="47.60023" lon="12.166504">
				<ele>595.0</ele>
				<time>2025-11-29T13:10:58Z</time>
				<desc><![CDATA[CommonTimeValuePoint(absoluteTime=1764421858, value=0.97087383)]]></desc>
					<extensions>
						<ns3:TrackPointExtension>
							<ns3:speed>1.0416667</ns3:speed>
							<ns3:cad>0.0</ns3:cad>
							<ns3:hr>111</ns3:hr>
						</ns3:TrackPointExtension>
					</extensions>
			</trkpt>
			<trkpt lat="47.60023" lon="12.166577">
				<ele>594.0</ele>
				<time>2025-11-29T13:11:05Z</time>
				<desc><![CDATA[CommonTimeValuePoint(absoluteTime=1764421865, value=1.369863)]]></desc>
					<extensions>
						<ns3:TrackPointExtension>
							<ns3:speed>0.7352941</ns3:speed>
							<ns3:cad>0.0</ns3:cad>
						</ns3:TrackPointExtension>
					</extensions>
			</trkpt>
			<trkpt lat="47.600224" lon="12.166647">
				<ele>594.0</ele>
				<time>2025-11-29T13:11:10Z</time>
				<desc><![CDATA[CommonTimeValuePoint(absoluteTime=1764421870, value=0.7518797)]]></desc>
					<extensions>
						<ns3:TrackPointExtension>
							<ns3:speed>1.3513514</ns3:speed>
							<ns3:cad>0.0</ns3:cad>
						</ns3:TrackPointExtension>
					</extensions>
			</trkpt>
			<trkpt lat="47.600204" lon="12.166712">
				<ele>594.0</ele>
				<time>2025-11-29T13:11:16Z</time>
				<desc><![CDATA[CommonTimeValuePoint(absoluteTime=1764421876, value=1.2987013)]]></desc>
					<extensions>
						<ns3:TrackPointExtension>
							<ns3:speed>0.7751938</ns3:speed>
							<ns3:cad>0.0</ns3:cad>
							<ns3:hr>111</ns3:hr>
						</ns3:TrackPointExtension>
					</extensions>
			</trkpt>
			<trkpt lat="47.600216" lon="12.166609">
				<ele>593.0</ele>
				<time>2025-11-29T13:12:13Z</time>
				<desc><![CDATA[CommonTimeValuePoint(absoluteTime=1764421933, value=1.8)]]></desc>
					<extensions>
						<ns3:TrackPointExtension>
							<ns3:speed>0.5555556</ns3:speed>
							<ns3:cad>0.0</ns3:cad>
							<ns3:hr>86</ns3:hr>
						</ns3:TrackPointExtension>
					</extensions>
			</trkpt>
			<trkpt lat="47.600178" lon="12.166566">
				<ele>593.0</ele>
				<time>2025-11-29T13:12:21Z</time>
				<desc><![CDATA[CommonTimeValuePoint(absoluteTime=1764421941, value=1.25)]]></desc>
					<extensions>
						<ns3:TrackPointExtension>
							<ns3:speed>0.8064516</ns3:speed>
							<ns3:cad>0.0</ns3:cad>
							<ns3:hr>88</ns3:hr>
						</ns3:TrackPointExtension>
					</extensions>
			</trkpt>
			<trkpt lat="47.60013" lon="12.166552">
				<ele>593.0</ele>
				<time>2025-11-29T13:12:28Z</time>
				<desc><![CDATA[CommonTimeValuePoint(absoluteTime=1764421948, value=1.2195122)]]></desc>
					<extensions>
						<ns3:TrackPointExtension>
							<ns3:speed>0.8333333</ns3:speed>
							<ns3:cad>0.0</ns3:cad>
							<ns3:hr>88</ns3:hr>
						</ns3:TrackPointExtension>
					</extensions>
			</trkpt>
			<trkpt lat="47.600086" lon="12.166543">
				<ele>593.0</ele>
				<time>2025-11-29T13:12:36Z</time>
				<desc><![CDATA[CommonTimeValuePoint(absoluteTime=1764421956, value=1.6949153)]]></desc>
					<extensions>
						<ns3:TrackPointExtension>
							<ns3:speed>0.5988024</ns3:speed>
							<ns3:cad>0.0</ns3:cad>
						</ns3:TrackPointExtension>
					</extensions>
			</trkpt>
			<trkpt lat="47.60003" lon="12.166574">
				<ele>593.0</ele>
				<time>2025-11-29T13:12:42Z</time>
				<desc><![CDATA[CommonTimeValuePoint(absoluteTime=1764421962, value=1.2195122)]]></desc>
					<extensions>
						<ns3:TrackPointExtension>
							<ns3:speed>0.82644624</ns3:speed>
							<ns3:cad>0.0</ns3:cad>
							<ns3:hr>83</ns3:hr>
						</ns3:TrackPointExtension>
					</extensions>
			</trkpt>
			<trkpt lat="47.59998" lon="12.166599">
				<ele>593.0</ele>
				<time>2025-11-29T13:12:46Z</time>
				<desc><![CDATA[CommonTimeValuePoint(absoluteTime=1764421966, value=0.86956525)]]></desc>
					<extensions>
						<ns3:TrackPointExtension>
							<ns3:speed>1.1627907</ns3:speed>
							<ns3:cad>0.0</ns3:cad>
							<ns3:hr>83</ns3:hr>
						</ns3:TrackPointExtension>
					</extensions>
			</trkpt>
			<trkpt lat="47.599934" lon="12.16664">
				<ele>593.0</ele>
				<time>2025-11-29T13:12:50Z</time>
				<desc><![CDATA[CommonTimeValuePoint(absoluteTime=1764421970, value=1.0309278)]]></desc>
					<extensions>
						<ns3:TrackPointExtension>
							<ns3:speed>0.98039216</ns3:speed>
							<ns3:cad>0.0</ns3:cad>
							<ns3:hr>82</ns3:hr>
						</ns3:TrackPointExtension>
					</extensions>
			</trkpt>
			<trkpt lat="47.599884" lon="12.166658">
				<ele>593.0</ele>
				<time>2025-11-29T13:12:55Z</time>
				<desc><![CDATA[CommonTimeValuePoint(absoluteTime=1764421975, value=1.0869565)]]></desc>
					<extensions>
						<ns3:TrackPointExtension>
							<ns3:speed>0.9259259</ns3:speed>
							<ns3:cad>0.0</ns3:cad>
							<ns3:hr>84</ns3:hr>
						</ns3:TrackPointExtension>
					</extensions>
			</trkpt>
			<trkpt lat="47.59984" lon="12.166638">
				<ele>593.0</ele>
				<time>2025-11-29T13:12:59Z</time>
				<desc><![CDATA[CommonTimeValuePoint(absoluteTime=1764421979, value=1.1363636)]]></desc>
					<extensions>
						<ns3:TrackPointExtension>
							<ns3:speed>0.88495576</ns3:speed>
							<ns3:cad>0.0</ns3:cad>
						</ns3:TrackPointExtension>
					</extensions>
			</trkpt>
			<trkpt lat="47.59979" lon="12.166625">
				<ele>593.0</ele>
				<time>2025-11-29T13:13:04Z</time>
				<desc><![CDATA[CommonTimeValuePoint(absoluteTime=1764421984, value=1.1363636)]]></desc>
					<extensions>
						<ns3:TrackPointExtension>
							<ns3:speed>0.88495576</ns3:speed>
							<ns3:cad>0.0</ns3:cad>
							<ns3:hr>81</ns3:hr>
						</ns3:TrackPointExtension>
					</extensions>
			</trkpt>
			<trkpt lat="47.599735" lon="12.166629">
				<ele>594.0</ele>
				<time>2025-11-29T13:13:09Z</time>
				<desc><![CDATA[CommonTimeValuePoint(absoluteTime=1764421989, value=1.0526316)]]></desc>
					<extensions>
						<ns3:TrackPointExtension>
							<ns3:speed>0.952381</ns3:speed>
							<ns3:cad>0.0</ns3:cad>
							<ns3:hr>81</ns3:hr>
						</ns3:TrackPointExtension>
					</extensions>
			</trkpt>
			<trkpt lat="47.599686" lon="12.166622">
				<ele>594.0</ele>
				<time>2025-11-29T13:13:13Z</time>
				<desc><![CDATA[CommonTimeValuePoint(absoluteTime=1764421993, value=1.0416667)]]></desc>
					<extensions>
						<ns3:TrackPointExtension>
							<ns3:speed>0.97087383</ns3:speed>
							<ns3:cad>0.0</ns3:cad>
							<ns3:hr>80</ns3:hr>
						</ns3:TrackPointExtension>
					</extensions>
			</trkpt>
			<trkpt lat="47.599648" lon="12.166654">
				<ele>594.0</ele>
				<time>2025-11-29T13:13:17Z</time>
				<desc><![CDATA[CommonTimeValuePoint(absoluteTime=1764421997, value=1.0416667)]]></desc>
					<extensions>
						<ns3:TrackPointExtension>
							<ns3:speed>0.97087383</ns3:speed>
							<ns3:cad>0.0</ns3:cad>
							<ns3:hr>80</ns3:hr>
						</ns3:TrackPointExtension>
					</extensions>
			</trkpt>
			<trkpt lat="47.599606" lon="12.166689">
				<ele>594.0</ele>
				<time>2025-11-29T13:13:20Z</time>
				<desc><![CDATA[CommonTimeValuePoint(absoluteTime=1764422000, value=1.010101)]]></desc>
					<extensions>
						<ns3:TrackPointExtension>
							<ns3:speed>1.0</ns3:speed>
							<ns3:cad>0.0</ns3:cad>
							<ns3:hr>82</ns3:hr>
						</ns3:TrackPointExtension>
					</extensions>
			</trkpt>
			<trkpt lat="47.59956" lon="12.166724">
				<ele>595.0</ele>
				<time>2025-11-29T13:13:26Z</time>
				<desc><![CDATA[CommonTimeValuePoint(absoluteTime=1764422006, value=1.1627907)]]></desc>
					<extensions>
						<ns3:TrackPointExtension>
							<ns3:speed>0.862069</ns3:speed>
							<ns3:cad>0.0</ns3:cad>
							<ns3:hr>82</ns3:hr>
						</ns3:TrackPointExtension>
					</extensions>
			</trkpt>
			<trkpt lat="47.59951" lon="12.166764">
				<ele>595.0</ele>
				<time>2025-11-29T13:13:30Z</time>
				<desc><![CDATA[CommonTimeValuePoint(absoluteTime=1764422010, value=1.1235955)]]></desc>
					<extensions>
						<ns3:TrackPointExtension>
							<ns3:speed>0.9009009</ns3:speed>
							<ns3:cad>0.0</ns3:cad>
							<ns3:hr>83</ns3:hr>
						</ns3:TrackPointExtension>
					</extensions>
			</trkpt>
			<trkpt lat="47.599472" lon="12.166803">
				<ele>595.0</ele>
				<time>2025-11-29T13:13:35Z</time>
				<desc><![CDATA[CommonTimeValuePoint(absoluteTime=1764422015, value=1.25)]]></desc>
					<extensions>
						<ns3:TrackPointExtension>
							<ns3:speed>0.8064516</ns3:speed>
							<ns3:cad>0.0</ns3:cad>
							<ns3:hr>83</ns3:hr>
						</ns3:TrackPointExtension>
					</extensions>
			</trkpt>
			<trkpt lat="47.599434" lon="12.166856">
				<ele>595.0</ele>
				<time>2025-11-29T13:13:39Z</time>
				<desc><![CDATA[CommonTimeValuePoint(absoluteTime=1764422019, value=0.88495576)]]></desc>
					<extensions>
						<ns3:TrackPointExtension>
							<ns3:speed>1.1363636</ns3:speed>
							<ns3:cad>0.0</ns3:cad>
						</ns3:TrackPointExtension>
					</extensions>
			</trkpt>
			<trkpt lat="47.59939" lon="12.166899">
				<ele>595.0</ele>
				<time>2025-11-29T13:13:43Z</time>
				<desc><![CDATA[CommonTimeValuePoint(absoluteTime=1764422023, value=0.862069)]]></desc>
					<extensions>
						<ns3:TrackPointExtension>
							<ns3:speed>1.1764705</ns3:speed>
							<ns3:cad>0.0</ns3:cad>
							<ns3:hr>87</ns3:hr>
						</ns3:TrackPointExtension>
					</extensions>
			</trkpt>
			<trkpt lat="47.599346" lon="12.166934">
				<ele>595.0</ele>
				<time>2025-11-29T13:13:47Z</time>
				<desc><![CDATA[CommonTimeValuePoint(absoluteTime=1764422027, value=0.8403361)]]></desc>
					<extensions>
						<ns3:TrackPointExtension>
							<ns3:speed>1.2048193</ns3:speed>
							<ns3:cad>0.0</ns3:cad>
							<ns3:hr>86</ns3:hr>
						</ns3:TrackPointExtension>
					</extensions>
			</trkpt>
			<trkpt lat="47.5993" lon="12.166954">
				<ele>594.0</ele>
				<time>2025-11-29T13:13:51Z</time>
				<desc><![CDATA[CommonTimeValuePoint(absoluteTime=1764422031, value=0.97087383)]]></desc>
					<extensions>
						<ns3:TrackPointExtension>
							<ns3:speed>1.0416667</ns3:speed>
							<ns3:cad>0.0</ns3:cad>
							<ns3:hr>85</ns3:hr>
						</ns3:TrackPointExtension>
					</extensions>
			</trkpt>
			<trkpt lat="47.599255" lon="12.166935">
				<ele>594.0</ele>
				<time>2025-11-29T13:13:58Z</time>
				<desc><![CDATA[CommonTimeValuePoint(absoluteTime=1764422038, value=1.1627907)]]></desc>
					<extensions>
						<ns3:TrackPointExtension>
							<ns3:speed>0.862069</ns3:speed>
							<ns3:cad>0.0</ns3:cad>
							<ns3:hr>92</ns3:hr>
						</ns3:TrackPointExtension>
					</extensions>
			</trkpt>
			<trkpt lat="47.599216" lon="12.166909">
				<ele>594.0</ele>
				<time>2025-11-29T13:14:04Z</time>
				<desc><![CDATA[CommonTimeValuePoint(absoluteTime=1764422044, value=1.2345679)]]></desc>
					<extensions>
						<ns3:TrackPointExtension>
							<ns3:speed>0.8196721</ns3:speed>
							<ns3:cad>0.0</ns3:cad>
							<ns3:hr>101</ns3:hr>
						</ns3:TrackPointExtension>
					</extensions>
			</trkpt>
			<trkpt lat="47.599174" lon="12.166872">
				<ele>594.0</ele>
				<time>2025-11-29T13:14:09Z</time>
				<desc><![CDATA[CommonTimeValuePoint(absoluteTime=1764422049, value=1.1111112)]]></desc>
					<extensions>
						<ns3:TrackPointExtension>
							<ns3:speed>0.9174312</ns3:speed>
							<ns3:cad>0.0</ns3:cad>
							<ns3:hr>100</ns3:hr>
						</ns3:TrackPointExtension>
					</extensions>
			</trkpt>
			<trkpt lat="47.599144" lon="12.166819">
				<ele>594.0</ele>
				<time>2025-11-29T13:14:17Z</time>
				<desc><![CDATA[CommonTimeValuePoint(absoluteTime=1764422057, value=1.0526316)]]></desc>
					<extensions>
						<ns3:TrackPointExtension>
							<ns3:speed>0.9615385</ns3:speed>
							<ns3:cad>0.0</ns3:cad>
							<ns3:hr>97</ns3:hr>
						</ns3:TrackPointExtension>
					</extensions>
			</trkpt>
			<trkpt lat="47.599102" lon="12.166777">
				<ele>594.0</ele>
				<time>2025-11-29T13:14:24Z</time>
				<desc><![CDATA[CommonTimeValuePoint(absoluteTime=1764422064, value=1.0416667)]]></desc>
					<extensions>
						<ns3:TrackPointExtension>
							<ns3:speed>0.97087383</ns3:speed>
							<ns3:cad>0.0</ns3:cad>
							<ns3:hr>94</ns3:hr>
						</ns3:TrackPointExtension>
					</extensions>
			</trkpt>
			<trkpt lat="47.599068" lon="12.1667185">
				<ele>594.0</ele>
				<time>2025-11-29T13:14:29Z</time>
				<desc><![CDATA[CommonTimeValuePoint(absoluteTime=1764422069, value=1.0526316)]]></desc>
					<extensions>
						<ns3:TrackPointExtension>
							<ns3:speed>0.9615385</ns3:speed>
							<ns3:cad>0.0</ns3:cad>
							<ns3:hr>94</ns3:hr>
						</ns3:TrackPointExtension>
					</extensions>
			</trkpt>
			<trkpt lat="47.599022" lon="12.166678">
				<ele>594.0</ele>
				<time>2025-11-29T13:14:34Z</time>
				<desc><![CDATA[CommonTimeValuePoint(absoluteTime=1764422074, value=1.0)]]></desc>
					<extensions>
						<ns3:TrackPointExtension>
							<ns3:speed>1.010101</ns3:speed>
							<ns3:cad>0.0</ns3:cad>
							<ns3:hr>94</ns3:hr>
						</ns3:TrackPointExtension>
					</extensions>
			</trkpt>
			<trkpt lat="47.598988" lon="12.166632">
				<ele>594.0</ele>
				<time>2025-11-29T13:14:39Z</time>
				<desc><![CDATA[CommonTimeValuePoint(absoluteTime=1764422079, value=0.98039216)]]></desc>
					<extensions>
						<ns3:TrackPointExtension>
							<ns3:speed>1.0309278</ns3:speed>
							<ns3:cad>0.0</ns3:cad>
							<ns3:hr>96</ns3:hr>
						</ns3:TrackPointExtension>
					</extensions>
			</trkpt>
			<trkpt lat="47.598957" lon="12.166575">
				<ele>594.0</ele>
				<time>2025-11-29T13:14:44Z</time>
				<desc><![CDATA[CommonTimeValuePoint(absoluteTime=1764422084, value=0.98039216)]]></desc>
					<extensions>
						<ns3:TrackPointExtension>
							<ns3:speed>1.0309278</ns3:speed>
							<ns3:cad>0.0</ns3:cad>
							<ns3:hr>97</ns3:hr>
						</ns3:TrackPointExtension>
					</extensions>
			</trkpt>
			<trkpt lat="47.598938" lon="12.166507">
				<ele>595.0</ele>
				<time>2025-11-29T13:14:49Z</time>
				<desc><![CDATA[CommonTimeValuePoint(absoluteTime=1764422089, value=1.0416667)]]></desc>
					<extensions>
						<ns3:TrackPointExtension>
							<ns3:speed>0.9615385</ns3:speed>
							<ns3:cad>0.0</ns3:cad>
							<ns3:hr>100</ns3:hr>
						</ns3:TrackPointExtension>
					</extensions>
			</trkpt>
			<trkpt lat="47.598907" lon="12.16644">
				<ele>594.0</ele>
				<time>2025-11-29T13:14:54Z</time>
				<desc><![CDATA[CommonTimeValuePoint(absoluteTime=1764422094, value=1.0638298)]]></desc>
					<extensions>
						<ns3:TrackPointExtension>
							<ns3:speed>0.952381</ns3:speed>
							<ns3:cad>0.0</ns3:cad>
							<ns3:hr>99</ns3:hr>
						</ns3:TrackPointExtension>
					</extensions>
			</trkpt>
			<trkpt lat="47.59888" lon="12.16637">
				<ele>594.0</ele>
				<time>2025-11-29T13:14:58Z</time>
				<desc><![CDATA[CommonTimeValuePoint(absoluteTime=1764422098, value=0.990099)]]></desc>
					<extensions>
						<ns3:TrackPointExtension>
							<ns3:speed>1.0204082</ns3:speed>
							<ns3:cad>0.0</ns3:cad>
						</ns3:TrackPointExtension>
					</extensions>
			</trkpt>
			<trkpt lat="47.598854" lon="12.166307">
				<ele>593.0</ele>
				<time>2025-11-29T13:15:02Z</time>
				<desc><![CDATA[CommonTimeValuePoint(absoluteTime=1764422102, value=0.9009009)]]></desc>
					<extensions>
						<ns3:TrackPointExtension>
							<ns3:speed>1.1235955</ns3:speed>
							<ns3:cad>0.0</ns3:cad>
						</ns3:TrackPointExtension>
					</extensions>
			</trkpt>
			<trkpt lat="47.598827" lon="12.166237">
				<ele>592.0</ele>
				<time>2025-11-29T13:15:07Z</time>
				<desc><![CDATA[CommonTimeValuePoint(absoluteTime=1764422107, value=0.8064516)]]></desc>
					<extensions>
						<ns3:TrackPointExtension>
							<ns3:speed>1.25</ns3:speed>
							<ns3:cad>0.0</ns3:cad>
							<ns3:hr>99</ns3:hr>
						</ns3:TrackPointExtension>
					</extensions>
			</trkpt>
			<trkpt lat="47.598793" lon="12.16619">
				<ele>592.0</ele>
				<time>2025-11-29T13:15:11Z</time>
				<desc><![CDATA[CommonTimeValuePoint(absoluteTime=1764422111, value=0.8)]]></desc>
					<extensions>
						<ns3:TrackPointExtension>
							<ns3:speed>1.25</ns3:speed>
							<ns3:cad>0.0</ns3:cad>
							<ns3:hr>96</ns3:hr>
						</ns3:TrackPointExtension>
					</extensions>
			</trkpt>
			<trkpt lat="47.59875" lon="12.166136">
				<ele>591.0</ele>
				<time>2025-11-29T13:15:16Z</time>
				<desc><![CDATA[CommonTimeValuePoint(absoluteTime=1764422116, value=0.8333333)]]></desc>
					<extensions>
						<ns3:TrackPointExtension>
							<ns3:speed>1.2048193</ns3:speed>
							<ns3:cad>0.0</ns3:cad>
						</ns3:TrackPointExtension>
					</extensions>
			</trkpt>
			<trkpt lat="47.598713" lon="12.166092">
				<ele>591.0</ele>
				<time>2025-11-29T13:15:20Z</time>
				<desc><![CDATA[CommonTimeValuePoint(absoluteTime=1764422120, value=0.8333333)]]></desc>
					<extensions>
						<ns3:TrackPointExtension>
							<ns3:speed>1.2048193</ns3:speed>
							<ns3:cad>0.0</ns3:cad>
						</ns3:TrackPointExtension>
					</extensions>
			</trkpt>
			<trkpt lat="47.598682" lon="12.166042">
				<ele>590.0</ele>
				<time>2025-11-29T13:15:24Z</time>
				<desc><![CDATA[CommonTimeValuePoint(absoluteTime=1764422124, value=0.8403361)]]></desc>
					<extensions>
						<ns3:TrackPointExtension>
							<ns3:speed>1.2048193</ns3:speed>
							<ns3:cad>0.0</ns3:cad>
							<ns3:hr>94</ns3:hr>
						</ns3:TrackPointExtension>
					</extensions>
			</trkpt>
			<trkpt lat="47.598656" lon="12.165978">
				<ele>590.0</ele>
				<time>2025-11-29T13:15:28Z</time>
				<desc><![CDATA[CommonTimeValuePoint(absoluteTime=1764422128, value=0.8403361)]]></desc>
					<extensions>
						<ns3:TrackPointExtension>
							<ns3:speed>1.2048193</ns3:speed>
							<ns3:cad>0.0</ns3:cad>
							<ns3:hr>96</ns3:hr>
						</ns3:TrackPointExtension>
					</extensions>
			</trkpt>
			<trkpt lat="47.598644" lon="12.165899">
				<ele>589.0</ele>
				<time>2025-11-29T13:15:33Z</time>
				<desc><![CDATA[CommonTimeValuePoint(absoluteTime=1764422133, value=0.85470086)]]></desc>
					<extensions>
						<ns3:TrackPointExtension>
							<ns3:speed>1.1764705</ns3:speed>
							<ns3:cad>0.0</ns3:cad>
							<ns3:hr>96</ns3:hr>
						</ns3:TrackPointExtension>
					</extensions>
			</trkpt>
			<trkpt lat="47.598618" lon="12.165839">
				<ele>589.0</ele>
				<time>2025-11-29T13:15:37Z</time>
				<desc><![CDATA[CommonTimeValuePoint(absoluteTime=1764422137, value=0.84745765)]]></desc>
					<extensions>
						<ns3:TrackPointExtension>
							<ns3:speed>1.1904762</ns3:speed>
							<ns3:cad>0.0</ns3:cad>
							<ns3:hr>95</ns3:hr>
						</ns3:TrackPointExtension>
					</extensions>
			</trkpt>
			<trkpt lat="47.598568" lon="12.165793">
				<ele>588.0</ele>
				<time>2025-11-29T13:15:41Z</time>
				<desc><![CDATA[CommonTimeValuePoint(absoluteTime=1764422141, value=0.78125)]]></desc>
					<extensions>
						<ns3:TrackPointExtension>
							<ns3:speed>1.2987013</ns3:speed>
							<ns3:cad>0.0</ns3:cad>
							<ns3:hr>95</ns3:hr>
						</ns3:TrackPointExtension>
					</extensions>
			</trkpt>
			<trkpt lat="47.598522" lon="12.165774">
				<ele>588.0</ele>
				<time>2025-11-29T13:15:44Z</time>
				<desc><![CDATA[CommonTimeValuePoint(absoluteTime=1764422144, value=0.7246377)]]></desc>
					<extensions>
						<ns3:TrackPointExtension>
							<ns3:speed>1.3888888</ns3:speed>
							<ns3:cad>0.0</ns3:cad>
							<ns3:hr>94</ns3:hr>
						</ns3:TrackPointExtension>
					</extensions>
			</trkpt>
			<trkpt lat="47.5985" lon="12.165714">
				<ele>588.0</ele>
				<time>2025-11-29T13:15:48Z</time>
				<desc><![CDATA[CommonTimeValuePoint(absoluteTime=1764422148, value=0.65789473)]]></desc>
					<extensions>
						<ns3:TrackPointExtension>
							<ns3:speed>1.5384616</ns3:speed>
							<ns3:cad>0.0</ns3:cad>
						</ns3:TrackPointExtension>
					</extensions>
			</trkpt>
			<trkpt lat="47.598476" lon="12.165656">
				<ele>588.0</ele>
				<time>2025-11-29T13:15:52Z</time>
				<desc><![CDATA[CommonTimeValuePoint(absoluteTime=1764422152, value=0.7194245)]]></desc>
					<extensions>
						<ns3:TrackPointExtension>
							<ns3:speed>1.4084507</ns3:speed>
							<ns3:cad>0.0</ns3:cad>
							<ns3:hr>95</ns3:hr>
						</ns3:TrackPointExtension>
					</extensions>
			</trkpt>
			<trkpt lat="47.598457" lon="12.165579">
				<ele>588.0</ele>
				<time>2025-11-29T13:15:57Z</time>
				<desc><![CDATA[CommonTimeValuePoint(absoluteTime=1764422157, value=0.8333333)]]></desc>
					<extensions>
						<ns3:TrackPointExtension>
							<ns3:speed>1.2048193</ns3:speed>
							<ns3:cad>0.0</ns3:cad>
							<ns3:hr>95</ns3:hr>
						</ns3:TrackPointExtension>
					</extensions>
			</trkpt>
			<trkpt lat="47.598442" lon="12.165507">
				<ele>588.0</ele>
				<time>2025-11-29T13:16:01Z</time>
				<desc><![CDATA[CommonTimeValuePoint(absoluteTime=1764422161, value=0.85470086)]]></desc>
					<extensions>
						<ns3:TrackPointExtension>
							<ns3:speed>1.1764705</ns3:speed>
							<ns3:cad>0.0</ns3:cad>
							<ns3:hr>94</ns3:hr>
						</ns3:TrackPointExtension>
					</extensions>
			</trkpt>
			<trkpt lat="47.59843" lon="12.165442">
				<ele>587.0</ele>
				<time>2025-11-29T13:16:05Z</time>
				<desc><![CDATA[CommonTimeValuePoint(absoluteTime=1764422165, value=0.862069)]]></desc>
					<extensions>
						<ns3:TrackPointExtension>
							<ns3:speed>1.1764705</ns3:speed>
							<ns3:cad>0.0</ns3:cad>
							<ns3:hr>95</ns3:hr>
						</ns3:TrackPointExtension>
					</extensions>
			</trkpt>
			<trkpt lat="47.598423" lon="12.165365">
				<ele>587.0</ele>
				<time>2025-11-29T13:16:09Z</time>
				<desc><![CDATA[CommonTimeValuePoint(absoluteTime=1764422169, value=0.8403361)]]></desc>
					<extensions>
						<ns3:TrackPointExtension>
							<ns3:speed>1.1904762</ns3:speed>
							<ns3:cad>0.0</ns3:cad>
							<ns3:hr>92</ns3:hr>
						</ns3:TrackPointExtension>
					</extensions>
			</trkpt>
			<trkpt lat="47.598408" lon="12.165294">
				<ele>587.0</ele>
				<time>2025-11-29T13:16:13Z</time>
				<desc><![CDATA[CommonTimeValuePoint(absoluteTime=1764422173, value=0.8130081)]]></desc>
					<extensions>
						<ns3:TrackPointExtension>
							<ns3:speed>1.2345679</ns3:speed>
							<ns3:cad>0.0</ns3:cad>
							<ns3:hr>90</ns3:hr>
						</ns3:TrackPointExtension>
					</extensions>
			</trkpt>
			<trkpt lat="47.59839" lon="12.165227">
				<ele>587.0</ele>
				<time>2025-11-29T13:16:18Z</time>
				<desc><![CDATA[CommonTimeValuePoint(absoluteTime=1764422178, value=0.8130081)]]></desc>
					<extensions>
						<ns3:TrackPointExtension>
							<ns3:speed>1.2345679</ns3:speed>
							<ns3:cad>0.0</ns3:cad>
							<ns3:hr>95</ns3:hr>
						</ns3:TrackPointExtension>
					</extensions>
			</trkpt>
			<trkpt lat="47.59838" lon="12.165157">
				<ele>587.0</ele>
				<time>2025-11-29T13:16:23Z</time>
				<desc><![CDATA[CommonTimeValuePoint(absoluteTime=1764422183, value=0.9345794)]]></desc>
					<extensions>
						<ns3:TrackPointExtension>
							<ns3:speed>1.0869565</ns3:speed>
							<ns3:cad>0.0</ns3:cad>
							<ns3:hr>99</ns3:hr>
						</ns3:TrackPointExtension>
					</extensions>
			</trkpt>
			<trkpt lat="47.59836" lon="12.165079">
				<ele>587.0</ele>
				<time>2025-11-29T13:16:28Z</time>
				<desc><![CDATA[CommonTimeValuePoint(absoluteTime=1764422188, value=0.9174312)]]></desc>
					<extensions>
						<ns3:TrackPointExtension>
							<ns3:speed>1.098901</ns3:speed>
							<ns3:cad>0.0</ns3:cad>
							<ns3:hr>98</ns3:hr>
						</ns3:TrackPointExtension>
					</extensions>
			</trkpt>
			<trkpt lat="47.598347" lon="12.165008">
				<ele>587.0</ele>
				<time>2025-11-29T13:16:32Z</time>
				<desc><![CDATA[CommonTimeValuePoint(absoluteTime=1764422192, value=0.877193)]]></desc>
					<extensions>
						<ns3:TrackPointExtension>
							<ns3:speed>1.1494253</ns3:speed>
							<ns3:cad>0.0</ns3:cad>
							<ns3:hr>96</ns3:hr>
						</ns3:TrackPointExtension>
					</extensions>
			</trkpt>
			<trkpt lat="47.59833" lon="12.164939">
				<ele>587.0</ele>
				<time>2025-11-29T13:16:36Z</time>
				<desc><![CDATA[CommonTimeValuePoint(absoluteTime=1764422196, value=0.8130081)]]></desc>
					<extensions>
						<ns3:TrackPointExtension>
							<ns3:speed>1.2345679</ns3:speed>
							<ns3:cad>0.0</ns3:cad>
							<ns3:hr>95</ns3:hr>
						</ns3:TrackPointExtension>
					</extensions>
			</trkpt>
			<trkpt lat="47.598293" lon="12.164879">
				<ele>587.0</ele>
				<time>2025-11-29T13:16:41Z</time>
				<desc><![CDATA[CommonTimeValuePoint(absoluteTime=1764422201, value=0.78740156)]]></desc>
					<extensions>
						<ns3:TrackPointExtension>
							<ns3:speed>1.2820513</ns3:speed>
							<ns3:cad>0.0</ns3:cad>
							<ns3:hr>92</ns3:hr>
						</ns3:TrackPointExtension>
					</extensions>
			</trkpt>
			<trkpt lat="47.59825" lon="12.164843">
				<ele>587.0</ele>
				<time>2025-11-29T13:16:45Z</time>
				<desc><![CDATA[CommonTimeValuePoint(absoluteTime=1764422205, value=0.8)]]></desc>
					<extensions>
						<ns3:TrackPointExtension>
							<ns3:speed>1.2658228</ns3:speed>
							<ns3:cad>0.0</ns3:cad>
						</ns3:TrackPointExtension>
					</extensions>
			</trkpt>
			<trkpt lat="47.598206" lon="12.16481">
				<ele>587.0</ele>
				<time>2025-11-29T13:16:49Z</time>
				<desc><![CDATA[CommonTimeValuePoint(absoluteTime=1764422209, value=0.8403361)]]></desc>
					<extensions>
						<ns3:TrackPointExtension>
							<ns3:speed>1.2048193</ns3:speed>
							<ns3:cad>0.0</ns3:cad>
							<ns3:hr>93</ns3:hr>
						</ns3:TrackPointExtension>
					</extensions>
			</trkpt>
			<trkpt lat="47.598156" lon="12.164789">
				<ele>587.0</ele>
				<time>2025-11-29T13:16:53Z</time>
				<desc><![CDATA[CommonTimeValuePoint(absoluteTime=1764422213, value=0.85470086)]]></desc>
					<extensions>
						<ns3:TrackPointExtension>
							<ns3:speed>1.1904762</ns3:speed>
							<ns3:cad>0.0</ns3:cad>
							<ns3:hr>92</ns3:hr>
						</ns3:TrackPointExtension>
					</extensions>
			</trkpt>
			<trkpt lat="47.5981" lon="12.1647625">
				<ele>586.0</ele>
				<time>2025-11-29T13:16:58Z</time>
				<desc><![CDATA[CommonTimeValuePoint(absoluteTime=1764422218, value=0.85470086)]]></desc>
					<extensions>
						<ns3:TrackPointExtension>
							<ns3:speed>1.1764705</ns3:speed>
							<ns3:cad>0.0</ns3:cad>
							<ns3:hr>90</ns3:hr>
						</ns3:TrackPointExtension>
					</extensions>
			</trkpt>
			<trkpt lat="47.598053" lon="12.164742">
				<ele>586.0</ele>
				<time>2025-11-29T13:17:02Z</time>
				<desc><![CDATA[CommonTimeValuePoint(absoluteTime=1764422222, value=0.877193)]]></desc>
					<extensions>
						<ns3:TrackPointExtension>
							<ns3:speed>1.1494253</ns3:speed>
							<ns3:cad>0.0</ns3:cad>
							<ns3:hr>90</ns3:hr>
						</ns3:TrackPointExtension>
					</extensions>
			</trkpt>
			<trkpt lat="47.598003" lon="12.164729">
				<ele>586.0</ele>
				<time>2025-11-29T13:17:07Z</time>
				<desc><![CDATA[CommonTimeValuePoint(absoluteTime=1764422227, value=0.9090909)]]></desc>
					<extensions>
						<ns3:TrackPointExtension>
							<ns3:speed>1.1111112</ns3:speed>
							<ns3:cad>0.0</ns3:cad>
							<ns3:hr>88</ns3:hr>
						</ns3:TrackPointExtension>
					</extensions>
			</trkpt>
			<trkpt lat="47.597958" lon="12.164699">
				<ele>586.0</ele>
				<time>2025-11-29T13:17:12Z</time>
				<desc><![CDATA[CommonTimeValuePoint(absoluteTime=1764422232, value=0.9259259)]]></desc>
					<extensions>
						<ns3:TrackPointExtension>
							<ns3:speed>1.098901</ns3:speed>
							<ns3:cad>0.0</ns3:cad>
							<ns3:hr>94</ns3:hr>
						</ns3:TrackPointExtension>
					</extensions>
			</trkpt>
			<trkpt lat="47.59791" lon="12.16467">
				<ele>586.0</ele>
				<time>2025-11-29T13:17:16Z</time>
				<desc><![CDATA[CommonTimeValuePoint(absoluteTime=1764422236, value=0.9009009)]]></desc>
					<extensions>
						<ns3:TrackPointExtension>
							<ns3:speed>1.1235955</ns3:speed>
							<ns3:cad>0.0</ns3:cad>
							<ns3:hr>102</ns3:hr>
						</ns3:TrackPointExtension>
					</extensions>
			</trkpt>
			<trkpt lat="47.59787" lon="12.164634">
				<ele>586.0</ele>
				<time>2025-11-29T13:17:21Z</time>
				<desc><![CDATA[CommonTimeValuePoint(absoluteTime=1764422241, value=0.9345794)]]></desc>
					<extensions>
						<ns3:TrackPointExtension>
							<ns3:speed>1.0752689</ns3:speed>
							<ns3:cad>0.0</ns3:cad>
							<ns3:hr>103</ns3:hr>
						</ns3:TrackPointExtension>
					</extensions>
			</trkpt>
			<trkpt lat="47.59782" lon="12.164616">
				<ele>587.0</ele>
				<time>2025-11-29T13:17:26Z</time>
				<desc><![CDATA[CommonTimeValuePoint(absoluteTime=1764422246, value=0.9433963)]]></desc>
					<extensions>
						<ns3:TrackPointExtension>
							<ns3:speed>1.0638298</ns3:speed>
							<ns3:cad>0.0</ns3:cad>
							<ns3:hr>103</ns3:hr>
						</ns3:TrackPointExtension>
					</extensions>
			</trkpt>
			<trkpt lat="47.59778" lon="12.164582">
				<ele>587.0</ele>
				<time>2025-11-29T13:17:31Z</time>
				<desc><![CDATA[CommonTimeValuePoint(absoluteTime=1764422251, value=0.9345794)]]></desc>
					<extensions>
						<ns3:TrackPointExtension>
							<ns3:speed>1.0752689</ns3:speed>
							<ns3:cad>0.0</ns3:cad>
							<ns3:hr>105</ns3:hr>
						</ns3:TrackPointExtension>
					</extensions>
			</trkpt>
			<trkpt lat="47.597736" lon="12.164552">
				<ele>588.0</ele>
				<time>2025-11-29T13:17:35Z</time>
				<desc><![CDATA[CommonTimeValuePoint(absoluteTime=1764422255, value=0.9345794)]]></desc>
					<extensions>
						<ns3:TrackPointExtension>
							<ns3:speed>1.0869565</ns3:speed>
							<ns3:cad>0.0</ns3:cad>
							<ns3:hr>104</ns3:hr>
						</ns3:TrackPointExtension>
					</extensions>
			</trkpt>
			<trkpt lat="47.59769" lon="12.164511">
				<ele>588.0</ele>
				<time>2025-11-29T13:17:39Z</time>
				<desc><![CDATA[CommonTimeValuePoint(absoluteTime=1764422259, value=0.9259259)]]></desc>
					<extensions>
						<ns3:TrackPointExtension>
							<ns3:speed>1.098901</ns3:speed>
							<ns3:cad>0.0</ns3:cad>
							<ns3:hr>105</ns3:hr>
						</ns3:TrackPointExtension>
					</extensions>
			</trkpt>
			<trkpt lat="47.597637" lon="12.164499">
				<ele>589.0</ele>
				<time>2025-11-29T13:17:44Z</time>
				<desc><![CDATA[CommonTimeValuePoint(absoluteTime=1764422264, value=0.9009009)]]></desc>
					<extensions>
						<ns3:TrackPointExtension>
							<ns3:speed>1.1235955</ns3:speed>
							<ns3:cad>0.0</ns3:cad>
							<ns3:hr>106</ns3:hr>
						</ns3:TrackPointExtension>
					</extensions>
			</trkpt>
			<trkpt lat="47.597588" lon="12.164477">
				<ele>590.0</ele>
				<time>2025-11-29T13:17:48Z</time>
				<desc><![CDATA[CommonTimeValuePoint(absoluteTime=1764422268, value=0.9090909)]]></desc>
					<extensions>
						<ns3:TrackPointExtension>
							<ns3:speed>1.1111112</ns3:speed>
							<ns3:cad>0.0</ns3:cad>
							<ns3:hr>106</ns3:hr>
						</ns3:TrackPointExtension>
					</extensions>
			</trkpt>
			<trkpt lat="47.597538" lon="12.16445">
				<ele>590.0</ele>
				<time>2025-11-29T13:17:53Z</time>
				<desc><![CDATA[CommonTimeValuePoint(absoluteTime=1764422273, value=0.9259259)]]></desc>
					<extensions>
						<ns3:TrackPointExtension>
							<ns3:speed>1.0869565</ns3:speed>
							<ns3:cad>0.0</ns3:cad>
							<ns3:hr>105</ns3:hr>
						</ns3:TrackPointExtension>
					</extensions>
			</trkpt>
			<trkpt lat="47.597496" lon="12.164422">
				<ele>591.0</ele>
				<time>2025-11-29T13:17:58Z</time>
				<desc><![CDATA[CommonTimeValuePoint(absoluteTime=1764422278, value=0.9259259)]]></desc>
					<extensions>
						<ns3:TrackPointExtension>
							<ns3:speed>1.0869565</ns3:speed>
							<ns3:cad>0.0</ns3:cad>
							<ns3:hr>105</ns3:hr>
						</ns3:TrackPointExtension>
					</extensions>
			</trkpt>
			<trkpt lat="47.597454" lon="12.164394">
				<ele>592.0</ele>
				<time>2025-11-29T13:18:03Z</time>
				<desc><![CDATA[CommonTimeValuePoint(absoluteTime=1764422283, value=0.9174312)]]></desc>
					<extensions>
						<ns3:TrackPointExtension>
							<ns3:speed>1.098901</ns3:speed>
							<ns3:cad>0.0</ns3:cad>
							<ns3:hr>108</ns3:hr>
						</ns3:TrackPointExtension>
					</extensions>
			</trkpt>
			<trkpt lat="47.59741" lon="12.164374">
				<ele>592.0</ele>
				<time>2025-11-29T13:18:07Z</time>
				<desc><![CDATA[CommonTimeValuePoint(absoluteTime=1764422287, value=0.9174312)]]></desc>
					<extensions>
						<ns3:TrackPointExtension>
							<ns3:speed>1.098901</ns3:speed>
							<ns3:cad>0.0</ns3:cad>
							<ns3:hr>109</ns3:hr>
						</ns3:TrackPointExtension>
					</extensions>
			</trkpt>
			<trkpt lat="47.597363" lon="12.164345">
				<ele>592.0</ele>
				<time>2025-11-29T13:18:12Z</time>
				<desc><![CDATA[CommonTimeValuePoint(absoluteTime=1764422292, value=0.9433963)]]></desc>
					<extensions>
						<ns3:TrackPointExtension>
							<ns3:speed>1.0752689</ns3:speed>
							<ns3:cad>0.0</ns3:cad>
							<ns3:hr>109</ns3:hr>
						</ns3:TrackPointExtension>
					</extensions>
			</trkpt>
			<trkpt lat="47.597317" lon="12.164315">
				<ele>592.0</ele>
				<time>2025-11-29T13:18:17Z</time>
				<desc><![CDATA[CommonTimeValuePoint(absoluteTime=1764422297, value=0.952381)]]></desc>
					<extensions>
						<ns3:TrackPointExtension>
							<ns3:speed>1.0638298</ns3:speed>
							<ns3:cad>0.0</ns3:cad>
							<ns3:hr>109</ns3:hr>
						</ns3:TrackPointExtension>
					</extensions>
			</trkpt>
			<trkpt lat="47.59727" lon="12.164295">
				<ele>593.0</ele>
				<time>2025-11-29T13:18:21Z</time>
				<desc><![CDATA[CommonTimeValuePoint(absoluteTime=1764422301, value=0.9259259)]]></desc>
					<extensions>
						<ns3:TrackPointExtension>
							<ns3:speed>1.0869565</ns3:speed>
							<ns3:cad>0.0</ns3:cad>
						</ns3:TrackPointExtension>
					</extensions>
			</trkpt>
			<trkpt lat="47.59722" lon="12.164282">
				<ele>593.0</ele>
				<time>2025-11-29T13:18:26Z</time>
				<desc><![CDATA[CommonTimeValuePoint(absoluteTime=1764422306, value=0.9174312)]]></desc>
					<extensions>
						<ns3:TrackPointExtension>
							<ns3:speed>1.098901</ns3:speed>
							<ns3:cad>0.0</ns3:cad>
							<ns3:hr>109</ns3:hr>
						</ns3:TrackPointExtension>
					</extensions>
			</trkpt>
			<trkpt lat="47.59718" lon="12.164266">
				<ele>594.0</ele>
				<time>2025-11-29T13:18:31Z</time>
				<desc><![CDATA[CommonTimeValuePoint(absoluteTime=1764422311, value=0.97087383)]]></desc>
					<extensions>
						<ns3:TrackPointExtension>
							<ns3:speed>1.0416667</ns3:speed>
							<ns3:cad>0.0</ns3:cad>
							<ns3:hr>113</ns3:hr>
						</ns3:TrackPointExtension>
					</extensions>
			</trkpt>
			<trkpt lat="47.59713" lon="12.164243">
				<ele>594.0</ele>
				<time>2025-11-29T13:18:36Z</time>
				<desc><![CDATA[CommonTimeValuePoint(absoluteTime=1764422316, value=0.98039216)]]></desc>
					<extensions>
						<ns3:TrackPointExtension>
							<ns3:speed>1.0309278</ns3:speed>
							<ns3:cad>0.0</ns3:cad>
						</ns3:TrackPointExtension>
					</extensions>
			</trkpt>
			<trkpt lat="47.59709" lon="12.164197">
				<ele>595.0</ele>
				<time>2025-11-29T13:18:41Z</time>
				<desc><![CDATA[CommonTimeValuePoint(absoluteTime=1764422321, value=0.990099)]]></desc>
					<extensions>
						<ns3:TrackPointExtension>
							<ns3:speed>1.0204082</ns3:speed>
							<ns3:cad>0.0</ns3:cad>
							<ns3:hr>112</ns3:hr>
						</ns3:TrackPointExtension>
					</extensions>
			</trkpt>
			<trkpt lat="47.59706" lon="12.164134">
				<ele>595.0</ele>
				<time>2025-11-29T13:18:46Z</time>
				<desc><![CDATA[CommonTimeValuePoint(absoluteTime=1764422326, value=0.9433963)]]></desc>
					<extensions>
						<ns3:TrackPointExtension>
							<ns3:speed>1.0752689</ns3:speed>
							<ns3:cad>0.0</ns3:cad>
							<ns3:hr>110</ns3:hr>
						</ns3:TrackPointExtension>
					</extensions>
			</trkpt>
			<trkpt lat="47.59703" lon="12.164064">
				<ele>596.0</ele>
				<time>2025-11-29T13:18:51Z</time>
				<desc><![CDATA[CommonTimeValuePoint(absoluteTime=1764422331, value=0.9090909)]]></desc>
					<extensions>
						<ns3:TrackPointExtension>
							<ns3:speed>1.1111112</ns3:speed>
							<ns3:cad>0.0</ns3:cad>
							<ns3:hr>110</ns3:hr>
						</ns3:TrackPointExtension>
					</extensions>
			</trkpt>
			<trkpt lat="47.597" lon="12.163996">
				<ele>597.0</ele>
				<time>2025-11-29T13:18:56Z</time>
				<desc><![CDATA[CommonTimeValuePoint(absoluteTime=1764422336, value=0.862069)]]></desc>
					<extensions>
						<ns3:TrackPointExtension>
							<ns3:speed>1.1764705</ns3:speed>
							<ns3:cad>0.0</ns3:cad>
							<ns3:hr>109</ns3:hr>
						</ns3:TrackPointExtension>
					</extensions>
			</trkpt>
			<trkpt lat="47.59697" lon="12.163947">
				<ele>597.0</ele>
				<time>2025-11-29T13:19:00Z</time>
				<desc><![CDATA[CommonTimeValuePoint(absoluteTime=1764422340, value=0.862069)]]></desc>
					<extensions>
						<ns3:TrackPointExtension>
							<ns3:speed>1.1764705</ns3:speed>
							<ns3:cad>0.0</ns3:cad>
							<ns3:hr>108</ns3:hr>
						</ns3:TrackPointExtension>
					</extensions>
			</trkpt>
			<trkpt lat="47.596935" lon="12.1638975">
				<ele>597.0</ele>
				<time>2025-11-29T13:19:04Z</time>
				<desc><![CDATA[CommonTimeValuePoint(absoluteTime=1764422344, value=0.877193)]]></desc>
					<extensions>
						<ns3:TrackPointExtension>
							<ns3:speed>1.1494253</ns3:speed>
							<ns3:cad>0.0</ns3:cad>
						</ns3:TrackPointExtension>
					</extensions>
			</trkpt>
			<trkpt lat="47.5969" lon="12.163835">
				<ele>597.0</ele>
				<time>2025-11-29T13:19:09Z</time>
				<desc><![CDATA[CommonTimeValuePoint(absoluteTime=1764422349, value=0.85470086)]]></desc>
					<extensions>
						<ns3:TrackPointExtension>
							<ns3:speed>1.1764705</ns3:speed>
							<ns3:cad>0.0</ns3:cad>
						</ns3:TrackPointExtension>
					</extensions>
			</trkpt>
			<trkpt lat="47.596905" lon="12.163764">
				<ele>597.0</ele>
				<time>2025-11-29T13:19:17Z</time>
				<desc><![CDATA[CommonTimeValuePoint(absoluteTime=1764422357, value=1.0869565)]]></desc>
					<extensions>
						<ns3:TrackPointExtension>
							<ns3:speed>0.9345794</ns3:speed>
							<ns3:cad>0.0</ns3:cad>
						</ns3:TrackPointExtension>
					</extensions>
			</trkpt>
			<trkpt lat="47.59694" lon="12.163708">
				<ele>597.0</ele>
				<time>2025-11-29T13:19:23Z</time>
				<desc><![CDATA[CommonTimeValuePoint(absoluteTime=1764422363, value=1.1363636)]]></desc>
					<extensions>
						<ns3:TrackPointExtension>
							<ns3:speed>0.88495576</ns3:speed>
							<ns3:cad>0.0</ns3:cad>
						</ns3:TrackPointExtension>
					</extensions>
			</trkpt>
			<trkpt lat="47.596973" lon="12.163657">
				<ele>597.0</ele>
				<time>2025-11-29T13:19:28Z</time>
				<desc><![CDATA[CommonTimeValuePoint(absoluteTime=1764422368, value=1.010101)]]></desc>
					<extensions>
						<ns3:TrackPointExtension>
							<ns3:speed>1.0</ns3:speed>
							<ns3:cad>0.0</ns3:cad>
							<ns3:hr>107</ns3:hr>
						</ns3:TrackPointExtension>
					</extensions>
			</trkpt>
			<trkpt lat="47.59701" lon="12.163619">
				<ele>597.0</ele>
				<time>2025-11-29T13:19:33Z</time>
				<desc><![CDATA[CommonTimeValuePoint(absoluteTime=1764422373, value=0.952381)]]></desc>
					<extensions>
						<ns3:TrackPointExtension>
							<ns3:speed>1.0638298</ns3:speed>
							<ns3:cad>0.0</ns3:cad>
							<ns3:hr>106</ns3:hr>
						</ns3:TrackPointExtension>
					</extensions>
			</trkpt>
			<trkpt lat="47.597057" lon="12.163596">
				<ele>598.0</ele>
				<time>2025-11-29T13:19:40Z</time>
				<desc><![CDATA[CommonTimeValuePoint(absoluteTime=1764422380, value=1.8)]]></desc>
					<extensions>
						<ns3:TrackPointExtension>
							<ns3:speed>0.5555556</ns3:speed>
							<ns3:cad>0.0</ns3:cad>
							<ns3:hr>104</ns3:hr>
						</ns3:TrackPointExtension>
					</extensions>
			</trkpt>
			<trkpt lat="47.597107" lon="12.163579">
				<ele>598.0</ele>
				<time>2025-11-29T13:19:47Z</time>
				<desc><![CDATA[CommonTimeValuePoint(absoluteTime=1764422387, value=1.754386)]]></desc>
					<extensions>
						<ns3:TrackPointExtension>
							<ns3:speed>0.5714286</ns3:speed>
							<ns3:cad>0.0</ns3:cad>
							<ns3:hr>103</ns3:hr>
						</ns3:TrackPointExtension>
					</extensions>
			</trkpt>
			<trkpt lat="47.597157" lon="12.16355">
				<ele>599.0</ele>
				<time>2025-11-29T13:19:53Z</time>
				<desc><![CDATA[CommonTimeValuePoint(absoluteTime=1764422393, value=1.1764705)]]></desc>
					<extensions>
						<ns3:TrackPointExtension>
							<ns3:speed>0.85470086</ns3:speed>
							<ns3:cad>0.0</ns3:cad>
							<ns3:hr>104</ns3:hr>
						</ns3:TrackPointExtension>
					</extensions>
			</trkpt>
			<trkpt lat="47.597206" lon="12.163523">
				<ele>599.0</ele>
				<time>2025-11-29T13:20:00Z</time>
				<desc><![CDATA[CommonTimeValuePoint(absoluteTime=1764422400, value=1.010101)]]></desc>
					<extensions>
						<ns3:TrackPointExtension>
							<ns3:speed>1.0</ns3:speed>
							<ns3:cad>0.0</ns3:cad>
							<ns3:hr>104</ns3:hr>
						</ns3:TrackPointExtension>
					</extensions>
			</trkpt>
			<trkpt lat="47.597248" lon="12.163518">
				<ele>600.0</ele>
				<time>2025-11-29T13:20:05Z</time>
				<desc><![CDATA[CommonTimeValuePoint(absoluteTime=1764422405, value=0.98039216)]]></desc>
					<extensions>
						<ns3:TrackPointExtension>
							<ns3:speed>1.0204082</ns3:speed>
							<ns3:cad>0.0</ns3:cad>
							<ns3:hr>110</ns3:hr>
						</ns3:TrackPointExtension>
					</extensions>
			</trkpt>
			<trkpt lat="47.597298" lon="12.163511">
				<ele>601.0</ele>
				<time>2025-11-29T13:20:12Z</time>
				<desc><![CDATA[CommonTimeValuePoint(absoluteTime=1764422412, value=1.1904762)]]></desc>
					<extensions>
						<ns3:TrackPointExtension>
							<ns3:speed>0.84745765</ns3:speed>
							<ns3:cad>0.0</ns3:cad>
							<ns3:hr>108</ns3:hr>
						</ns3:TrackPointExtension>
					</extensions>
			</trkpt>
			<trkpt lat="47.597343" lon="12.163515">
				<ele>602.0</ele>
				<time>2025-11-29T13:20:17Z</time>
				<desc><![CDATA[CommonTimeValuePoint(absoluteTime=1764422417, value=1.1764705)]]></desc>
					<extensions>
						<ns3:TrackPointExtension>
							<ns3:speed>0.862069</ns3:speed>
							<ns3:cad>0.0</ns3:cad>
							<ns3:hr>110</ns3:hr>
						</ns3:TrackPointExtension>
					</extensions>
			</trkpt>
			<trkpt lat="47.59739" lon="12.163499">
				<ele>602.0</ele>
				<time>2025-11-29T13:20:21Z</time>
				<desc><![CDATA[CommonTimeValuePoint(absoluteTime=1764422421, value=1.0526316)]]></desc>
					<extensions>
						<ns3:TrackPointExtension>
							<ns3:speed>0.9615385</ns3:speed>
							<ns3:cad>0.0</ns3:cad>
							<ns3:hr>110</ns3:hr>
						</ns3:TrackPointExtension>
					</extensions>
			</trkpt>
			<trkpt lat="47.59743" lon="12.163438">
				<ele>602.0</ele>
				<time>2025-11-29T13:20:25Z</time>
				<desc><![CDATA[CommonTimeValuePoint(absoluteTime=1764422425, value=0.990099)]]></desc>
					<extensions>
						<ns3:TrackPointExtension>
							<ns3:speed>1.0204082</ns3:speed>
							<ns3:cad>0.0</ns3:cad>
						</ns3:TrackPointExtension>
					</extensions>
			</trkpt>
			<trkpt lat="47.59746" lon="12.16338">
				<ele>603.0</ele>
				<time>2025-11-29T13:20:30Z</time>
				<desc><![CDATA[CommonTimeValuePoint(absoluteTime=1764422430, value=0.88495576)]]></desc>
					<extensions>
						<ns3:TrackPointExtension>
							<ns3:speed>1.1363636</ns3:speed>
							<ns3:cad>0.0</ns3:cad>
							<ns3:hr>112</ns3:hr>
						</ns3:TrackPointExtension>
					</extensions>
			</trkpt>
			<trkpt lat="47.597485" lon="12.163309">
				<ele>604.0</ele>
				<time>2025-11-29T13:20:36Z</time>
				<desc><![CDATA[CommonTimeValuePoint(absoluteTime=1764422436, value=0.98039216)]]></desc>
					<extensions>
						<ns3:TrackPointExtension>
							<ns3:speed>1.0309278</ns3:speed>
							<ns3:cad>0.0</ns3:cad>
							<ns3:hr>111</ns3:hr>
						</ns3:TrackPointExtension>
					</extensions>
			</trkpt>
			<trkpt lat="47.59752" lon="12.163256">
				<ele>605.0</ele>
				<time>2025-11-29T13:20:40Z</time>
				<desc><![CDATA[CommonTimeValuePoint(absoluteTime=1764422440, value=0.98039216)]]></desc>
					<extensions>
						<ns3:TrackPointExtension>
							<ns3:speed>1.0309278</ns3:speed>
							<ns3:cad>0.0</ns3:cad>
							<ns3:hr>109</ns3:hr>
						</ns3:TrackPointExtension>
					</extensions>
			</trkpt>
			<trkpt lat="47.59755" lon="12.163204">
				<ele>606.0</ele>
				<time>2025-11-29T13:20:44Z</time>
				<desc><![CDATA[CommonTimeValuePoint(absoluteTime=1764422444, value=0.9433963)]]></desc>
					<extensions>
						<ns3:TrackPointExtension>
							<ns3:speed>1.0752689</ns3:speed>
							<ns3:cad>0.0</ns3:cad>
						</ns3:TrackPointExtension>
					</extensions>
			</trkpt>
			<trkpt lat="47.597584" lon="12.163151">
				<ele>607.0</ele>
				<time>2025-11-29T13:20:50Z</time>
				<desc><![CDATA[CommonTimeValuePoint(absoluteTime=1764422450, value=1.1363636)]]></desc>
					<extensions>
						<ns3:TrackPointExtension>
							<ns3:speed>0.88495576</ns3:speed>
							<ns3:cad>0.0</ns3:cad>
							<ns3:hr>107</ns3:hr>
						</ns3:TrackPointExtension>
					</extensions>
			</trkpt>
			<trkpt lat="47.597614" lon="12.163093">
				<ele>608.0</ele>
				<time>2025-11-29T13:20:56Z</time>
				<desc><![CDATA[CommonTimeValuePoint(absoluteTime=1764422456, value=1.1764705)]]></desc>
					<extensions>
						<ns3:TrackPointExtension>
							<ns3:speed>0.85470086</ns3:speed>
							<ns3:cad>0.0</ns3:cad>
							<ns3:hr>106</ns3:hr>
						</ns3:TrackPointExtension>
					</extensions>
			</trkpt>
			<trkpt lat="47.597652" lon="12.163057">
				<ele>608.0</ele>
				<time>2025-11-29T13:21:11Z</time>
				<desc><![CDATA[CommonTimeValuePoint(absoluteTime=1764422471, value=1.8)]]></desc>
					<extensions>
						<ns3:TrackPointExtension>
							<ns3:speed>0.5555556</ns3:speed>
							<ns3:cad>0.0</ns3:cad>
							<ns3:hr>105</ns3:hr>
						</ns3:TrackPointExtension>
					</extensions>
			</trkpt>
			<trkpt lat="47.5977" lon="12.163017">
				<ele>608.0</ele>
				<time>2025-11-29T13:21:27Z</time>
				<desc><![CDATA[CommonTimeValuePoint(absoluteTime=1764422487, value=1.8)]]></desc>
					<extensions>
						<ns3:TrackPointExtension>
							<ns3:speed>0.5555556</ns3:speed>
							<ns3:cad>0.0</ns3:cad>
							<ns3:hr>107</ns3:hr>
						</ns3:TrackPointExtension>
					</extensions>
			</trkpt>
			<trkpt lat="47.59772" lon="12.162954">
				<ele>609.0</ele>
				<time>2025-11-29T13:21:37Z</time>
				<desc><![CDATA[CommonTimeValuePoint(absoluteTime=1764422497, value=1.8)]]></desc>
					<extensions>
						<ns3:TrackPointExtension>
							<ns3:speed>0.5555556</ns3:speed>
							<ns3:cad>0.0</ns3:cad>
							<ns3:hr>102</ns3:hr>
						</ns3:TrackPointExtension>
					</extensions>
			</trkpt>
			<trkpt lat="47.59775" lon="12.162903">
				<ele>610.0</ele>
				<time>2025-11-29T13:21:43Z</time>
				<desc><![CDATA[CommonTimeValuePoint(absoluteTime=1764422503, value=1.6949153)]]></desc>
					<extensions>
						<ns3:TrackPointExtension>
							<ns3:speed>0.60240966</ns3:speed>
							<ns3:cad>0.0</ns3:cad>
							<ns3:hr>105</ns3:hr>
						</ns3:TrackPointExtension>
					</extensions>
			</trkpt>
			<trkpt lat="47.59775" lon="12.162834">
				<ele>610.0</ele>
				<time>2025-11-29T13:21:49Z</time>
				<desc><![CDATA[CommonTimeValuePoint(absoluteTime=1764422509, value=1.4492754)]]></desc>
					<extensions>
						<ns3:TrackPointExtension>
							<ns3:speed>0.6944444</ns3:speed>
							<ns3:cad>0.0</ns3:cad>
							<ns3:hr>106</ns3:hr>
						</ns3:TrackPointExtension>
					</extensions>
			</trkpt>
			<trkpt lat="47.59775" lon="12.1627655">
				<ele>611.0</ele>
				<time>2025-11-29T13:21:53Z</time>
				<desc><![CDATA[CommonTimeValuePoint(absoluteTime=1764422513, value=1.2658228)]]></desc>
					<extensions>
						<ns3:TrackPointExtension>
							<ns3:speed>0.8</ns3:speed>
							<ns3:cad>0.0</ns3:cad>
							<ns3:hr>108</ns3:hr>
						</ns3:TrackPointExtension>
					</extensions>
			</trkpt>
			<trkpt lat="47.597736" lon="12.162701">
				<ele>611.0</ele>
				<time>2025-11-29T13:21:57Z</time>
				<desc><![CDATA[CommonTimeValuePoint(absoluteTime=1764422517, value=1.1764705)]]></desc>
					<extensions>
						<ns3:TrackPointExtension>
							<ns3:speed>0.85470086</ns3:speed>
							<ns3:cad>0.0</ns3:cad>
						</ns3:TrackPointExtension>
					</extensions>
			</trkpt>
			<trkpt lat="47.597763" lon="12.1626425">
				<ele>611.0</ele>
				<time>2025-11-29T13:22:01Z</time>
				<desc><![CDATA[CommonTimeValuePoint(absoluteTime=1764422521, value=1.1904762)]]></desc>
					<extensions>
						<ns3:TrackPointExtension>
							<ns3:speed>0.85470086</ns3:speed>
							<ns3:cad>0.0</ns3:cad>
							<ns3:hr>107</ns3:hr>
						</ns3:TrackPointExtension>
					</extensions>
			</trkpt>
			<trkpt lat="47.597805" lon="12.162618">
				<ele>611.0</ele>
				<time>2025-11-29T13:22:08Z</time>
				<desc><![CDATA[CommonTimeValuePoint(absoluteTime=1764422528, value=1.2195122)]]></desc>
					<extensions>
						<ns3:TrackPointExtension>
							<ns3:speed>0.8333333</ns3:speed>
							<ns3:cad>0.0</ns3:cad>
							<ns3:hr>110</ns3:hr>
						</ns3:TrackPointExtension>
					</extensions>
			</trkpt>
			<trkpt lat="47.597847" lon="12.162638">
				<ele>611.0</ele>
				<time>2025-11-29T13:22:14Z</time>
				<desc><![CDATA[CommonTimeValuePoint(absoluteTime=1764422534, value=1.1235955)]]></desc>
					<extensions>
						<ns3:TrackPointExtension>
							<ns3:speed>0.89285713</ns3:speed>
							<ns3:cad>0.0</ns3:cad>
							<ns3:hr>109</ns3:hr>
						</ns3:TrackPointExtension>
					</extensions>
			</trkpt>
			<trkpt lat="47.59789" lon="12.162664">
				<ele>611.0</ele>
				<time>2025-11-29T13:22:20Z</time>
				<desc><![CDATA[CommonTimeValuePoint(absoluteTime=1764422540, value=1.1235955)]]></desc>
					<extensions>
						<ns3:TrackPointExtension>
							<ns3:speed>0.9009009</ns3:speed>
							<ns3:cad>0.0</ns3:cad>
							<ns3:hr>108</ns3:hr>
						</ns3:TrackPointExtension>
					</extensions>
			</trkpt>
			<trkpt lat="47.59793" lon="12.162691">
				<ele>613.0</ele>
				<time>2025-11-29T13:22:29Z</time>
				<desc><![CDATA[CommonTimeValuePoint(absoluteTime=1764422549, value=1.3888888)]]></desc>
					<extensions>
						<ns3:TrackPointExtension>
							<ns3:speed>0.729927</ns3:speed>
							<ns3:cad>0.0</ns3:cad>
							<ns3:hr>108</ns3:hr>
						</ns3:TrackPointExtension>
					</extensions>
			</trkpt>
			<trkpt lat="47.597973" lon="12.16272">
				<ele>615.0</ele>
				<time>2025-11-29T13:22:40Z</time>
				<desc><![CDATA[CommonTimeValuePoint(absoluteTime=1764422560, value=1.6393442)]]></desc>
					<extensions>
						<ns3:TrackPointExtension>
							<ns3:speed>0.621118</ns3:speed>
							<ns3:cad>0.0</ns3:cad>
						</ns3:TrackPointExtension>
					</extensions>
			</trkpt>
			<trkpt lat="47.598015" lon="12.162749">
				<ele>617.0</ele>
				<time>2025-11-29T13:22:47Z</time>
				<desc><![CDATA[CommonTimeValuePoint(absoluteTime=1764422567, value=1.5151515)]]></desc>
					<extensions>
						<ns3:TrackPointExtension>
							<ns3:speed>0.6666667</ns3:speed>
							<ns3:cad>0.0</ns3:cad>
							<ns3:hr>103</ns3:hr>
						</ns3:TrackPointExtension>
					</extensions>
			</trkpt>
			<trkpt lat="47.598053" lon="12.162789">
				<ele>618.0</ele>
				<time>2025-11-29T13:22:54Z</time>
				<desc><![CDATA[CommonTimeValuePoint(absoluteTime=1764422574, value=1.4925373)]]></desc>
					<extensions>
						<ns3:TrackPointExtension>
							<ns3:speed>0.6756757</ns3:speed>
							<ns3:cad>0.0</ns3:cad>
						</ns3:TrackPointExtension>
					</extensions>
			</trkpt>
			<trkpt lat="47.598095" lon="12.1628275">
				<ele>619.0</ele>
				<time>2025-11-29T13:23:00Z</time>
				<desc><![CDATA[CommonTimeValuePoint(absoluteTime=1764422580, value=1.3888888)]]></desc>
					<extensions>
						<ns3:TrackPointExtension>
							<ns3:speed>0.729927</ns3:speed>
							<ns3:cad>0.0</ns3:cad>
							<ns3:hr>98</ns3:hr>
						</ns3:TrackPointExtension>
					</extensions>
			</trkpt>
			<trkpt lat="47.598145" lon="12.162863">
				<ele>619.0</ele>
				<time>2025-11-29T13:23:07Z</time>
				<desc><![CDATA[CommonTimeValuePoint(absoluteTime=1764422587, value=1.25)]]></desc>
					<extensions>
						<ns3:TrackPointExtension>
							<ns3:speed>0.8130081</ns3:speed>
							<ns3:cad>0.0</ns3:cad>
						</ns3:TrackPointExtension>
					</extensions>
			</trkpt>
			<trkpt lat="47.598186" lon="12.162904">
				<ele>621.0</ele>
				<time>2025-11-29T13:23:15Z</time>
				<desc><![CDATA[CommonTimeValuePoint(absoluteTime=1764422595, value=1.4084507)]]></desc>
					<extensions>
						<ns3:TrackPointExtension>
							<ns3:speed>0.71428573</ns3:speed>
							<ns3:cad>0.0</ns3:cad>
						</ns3:TrackPointExtension>
					</extensions>
			</trkpt>
			<trkpt lat="47.598225" lon="12.162943">
				<ele>622.0</ele>
				<time>2025-11-29T13:23:22Z</time>
				<desc><![CDATA[CommonTimeValuePoint(absoluteTime=1764422602, value=1.5151515)]]></desc>
					<extensions>
						<ns3:TrackPointExtension>
							<ns3:speed>0.66225165</ns3:speed>
							<ns3:cad>0.0</ns3:cad>
							<ns3:hr>95</ns3:hr>
						</ns3:TrackPointExtension>
					</extensions>
			</trkpt>
			<trkpt lat="47.59826" lon="12.162991">
				<ele>624.0</ele>
				<time>2025-11-29T13:23:30Z</time>
				<desc><![CDATA[CommonTimeValuePoint(absoluteTime=1764422610, value=1.754386)]]></desc>
					<extensions>
						<ns3:TrackPointExtension>
							<ns3:speed>0.5780347</ns3:speed>
							<ns3:cad>0.0</ns3:cad>
							<ns3:hr>91</ns3:hr>
						</ns3:TrackPointExtension>
					</extensions>
			</trkpt>
			<trkpt lat="47.5983" lon="12.163021">
				<ele>624.0</ele>
				<time>2025-11-29T13:23:37Z</time>
				<desc><![CDATA[CommonTimeValuePoint(absoluteTime=1764422617, value=1.724138)]]></desc>
					<extensions>
						<ns3:TrackPointExtension>
							<ns3:speed>0.58823526</ns3:speed>
							<ns3:cad>0.0</ns3:cad>
							<ns3:hr>95</ns3:hr>
						</ns3:TrackPointExtension>
					</extensions>
			</trkpt>
			<trkpt lat="47.598347" lon="12.163043">
				<ele>626.0</ele>
				<time>2025-11-29T13:23:47Z</time>
				<desc><![CDATA[CommonTimeValuePoint(absoluteTime=1764422627, value=1.8)]]></desc>
					<extensions>
						<ns3:TrackPointExtension>
							<ns3:speed>0.5555556</ns3:speed>
							<ns3:cad>0.0</ns3:cad>
							<ns3:hr>90</ns3:hr>
						</ns3:TrackPointExtension>
					</extensions>
			</trkpt>
			<trkpt lat="47.59839" lon="12.163084">
				<ele>627.0</ele>
				<time>2025-11-29T13:23:53Z</time>
				<desc><![CDATA[CommonTimeValuePoint(absoluteTime=1764422633, value=1.369863)]]></desc>
					<extensions>
						<ns3:TrackPointExtension>
							<ns3:speed>0.7352941</ns3:speed>
							<ns3:cad>0.0</ns3:cad>
							<ns3:hr>96</ns3:hr>
						</ns3:TrackPointExtension>
					</extensions>
			</trkpt>
			<trkpt lat="47.59843" lon="12.163117">
				<ele>627.0</ele>
				<time>2025-11-29T13:23:58Z</time>
				<desc><![CDATA[CommonTimeValuePoint(absoluteTime=1764422638, value=1.0526316)]]></desc>
					<extensions>
						<ns3:TrackPointExtension>
							<ns3:speed>0.9615385</ns3:speed>
							<ns3:cad>0.0</ns3:cad>
							<ns3:hr>100</ns3:hr>
						</ns3:TrackPointExtension>
					</extensions>
			</trkpt>
			<trkpt lat="47.598476" lon="12.163153">
				<ele>628.0</ele>
				<time>2025-11-29T13:24:05Z</time>
				<desc><![CDATA[CommonTimeValuePoint(absoluteTime=1764422645, value=1.1764705)]]></desc>
					<extensions>
						<ns3:TrackPointExtension>
							<ns3:speed>0.85470086</ns3:speed>
							<ns3:cad>0.0</ns3:cad>
							<ns3:hr>103</ns3:hr>
						</ns3:TrackPointExtension>
					</extensions>
			</trkpt>
			<trkpt lat="47.598522" lon="12.163173">
				<ele>629.0</ele>
				<time>2025-11-29T13:24:10Z</time>
				<desc><![CDATA[CommonTimeValuePoint(absoluteTime=1764422650, value=1.098901)]]></desc>
					<extensions>
						<ns3:TrackPointExtension>
							<ns3:speed>0.9174312</ns3:speed>
							<ns3:cad>0.0</ns3:cad>
						</ns3:TrackPointExtension>
					</extensions>
			</trkpt>
			<trkpt lat="47.598568" lon="12.163188">
				<ele>630.0</ele>
				<time>2025-11-29T13:24:16Z</time>
				<desc><![CDATA[CommonTimeValuePoint(absoluteTime=1764422656, value=1.1111112)]]></desc>
					<extensions>
						<ns3:TrackPointExtension>
							<ns3:speed>0.9090909</ns3:speed>
							<ns3:cad>0.0</ns3:cad>
						</ns3:TrackPointExtension>
					</extensions>
			</trkpt>
			<trkpt lat="47.59862" lon="12.163181">
				<ele>630.0</ele>
				<time>2025-11-29T13:24:22Z</time>
				<desc><![CDATA[CommonTimeValuePoint(absoluteTime=1764422662, value=1.0526316)]]></desc>
					<extensions>
						<ns3:TrackPointExtension>
							<ns3:speed>0.9615385</ns3:speed>
							<ns3:cad>0.0</ns3:cad>
						</ns3:TrackPointExtension>
					</extensions>
			</trkpt>
			<trkpt lat="47.598667" lon="12.1631775">
				<ele>631.0</ele>
				<time>2025-11-29T13:24:27Z</time>
				<desc><![CDATA[CommonTimeValuePoint(absoluteTime=1764422667, value=1.1627907)]]></desc>
					<extensions>
						<ns3:TrackPointExtension>
							<ns3:speed>0.86956525</ns3:speed>
							<ns3:cad>0.0</ns3:cad>
							<ns3:hr>103</ns3:hr>
						</ns3:TrackPointExtension>
					</extensions>
			</trkpt>
			<trkpt lat="47.598717" lon="12.163156">
				<ele>631.0</ele>
				<time>2025-11-29T13:24:33Z</time>
				<desc><![CDATA[CommonTimeValuePoint(absoluteTime=1764422673, value=1.1494253)]]></desc>
					<extensions>
						<ns3:TrackPointExtension>
							<ns3:speed>0.877193</ns3:speed>
							<ns3:cad>0.0</ns3:cad>
							<ns3:hr>104</ns3:hr>
						</ns3:TrackPointExtension>
					</extensions>
			</trkpt>
			<trkpt lat="47.59877" lon="12.163139">
				<ele>632.0</ele>
				<time>2025-11-29T13:24:38Z</time>
				<desc><![CDATA[CommonTimeValuePoint(absoluteTime=1764422678, value=1.0869565)]]></desc>
					<extensions>
						<ns3:TrackPointExtension>
							<ns3:speed>0.9259259</ns3:speed>
							<ns3:cad>0.0</ns3:cad>
							<ns3:hr>105</ns3:hr>
						</ns3:TrackPointExtension>
					</extensions>
			</trkpt>
			<trkpt lat="47.598816" lon="12.163119">
				<ele>632.0</ele>
				<time>2025-11-29T13:24:42Z</time>
				<desc><![CDATA[CommonTimeValuePoint(absoluteTime=1764422682, value=1.1111112)]]></desc>
					<extensions>
						<ns3:TrackPointExtension>
							<ns3:speed>0.9090909</ns3:speed>
							<ns3:cad>0.0</ns3:cad>
							<ns3:hr>105</ns3:hr>
						</ns3:TrackPointExtension>
					</extensions>
			</trkpt>
			<trkpt lat="47.598866" lon="12.163108">
				<ele>632.0</ele>
				<time>2025-11-29T13:24:47Z</time>
				<desc><![CDATA[CommonTimeValuePoint(absoluteTime=1764422687, value=1.1764705)]]></desc>
					<extensions>
						<ns3:TrackPointExtension>
							<ns3:speed>0.862069</ns3:speed>
							<ns3:cad>0.0</ns3:cad>
						</ns3:TrackPointExtension>
					</extensions>
			</trkpt>
			<trkpt lat="47.59891" lon="12.163137">
				<ele>632.0</ele>
				<time>2025-11-29T13:24:54Z</time>
				<desc><![CDATA[CommonTimeValuePoint(absoluteTime=1764422694, value=1.0752689)]]></desc>
					<extensions>
						<ns3:TrackPointExtension>
							<ns3:speed>0.9345794</ns3:speed>
							<ns3:cad>0.0</ns3:cad>
							<ns3:hr>104</ns3:hr>
						</ns3:TrackPointExtension>
					</extensions>
			</trkpt>
			<trkpt lat="47.59895" lon="12.163189">
				<ele>632.0</ele>
				<time>2025-11-29T13:24:59Z</time>
				<desc><![CDATA[CommonTimeValuePoint(absoluteTime=1764422699, value=1.1363636)]]></desc>
					<extensions>
						<ns3:TrackPointExtension>
							<ns3:speed>0.89285713</ns3:speed>
							<ns3:cad>0.0</ns3:cad>
							<ns3:hr>104</ns3:hr>
						</ns3:TrackPointExtension>
					</extensions>
			</trkpt>
			<trkpt lat="47.598972" lon="12.163258">
				<ele>632.0</ele>
				<time>2025-11-29T13:25:05Z</time>
				<desc><![CDATA[CommonTimeValuePoint(absoluteTime=1764422705, value=1.098901)]]></desc>
					<extensions>
						<ns3:TrackPointExtension>
							<ns3:speed>0.9174312</ns3:speed>
							<ns3:cad>0.0</ns3:cad>
							<ns3:hr>102</ns3:hr>
						</ns3:TrackPointExtension>
					</extensions>
			</trkpt>
			<trkpt lat="47.598995" lon="12.16332">
				<ele>632.0</ele>
				<time>2025-11-29T13:25:15Z</time>
				<desc><![CDATA[CommonTimeValuePoint(absoluteTime=1764422715, value=1.8)]]></desc>
					<extensions>
						<ns3:TrackPointExtension>
							<ns3:speed>0.5555556</ns3:speed>
							<ns3:cad>0.0</ns3:cad>
							<ns3:hr>100</ns3:hr>
						</ns3:TrackPointExtension>
					</extensions>
			</trkpt>
			<trkpt lat="47.59903" lon="12.163382">
				<ele>632.0</ele>
				<time>2025-11-29T13:25:23Z</time>
				<desc><![CDATA[CommonTimeValuePoint(absoluteTime=1764422723, value=1.2658228)]]></desc>
					<extensions>
						<ns3:TrackPointExtension>
							<ns3:speed>0.7936508</ns3:speed>
							<ns3:cad>0.0</ns3:cad>
						</ns3:TrackPointExtension>
					</extensions>
			</trkpt>
			<trkpt lat="47.599056" lon="12.163441">
				<ele>632.0</ele>
				<time>2025-11-29T13:25:30Z</time>
				<desc><![CDATA[CommonTimeValuePoint(absoluteTime=1764422730, value=1.8)]]></desc>
					<extensions>
						<ns3:TrackPointExtension>
							<ns3:speed>0.5555556</ns3:speed>
							<ns3:cad>0.0</ns3:cad>
							<ns3:hr>103</ns3:hr>
						</ns3:TrackPointExtension>
					</extensions>
			</trkpt>
			<trkpt lat="47.599087" lon="12.163496">
				<ele>634.0</ele>
				<time>2025-11-29T13:25:37Z</time>
				<desc><![CDATA[CommonTimeValuePoint(absoluteTime=1764422737, value=1.4925373)]]></desc>
					<extensions>
						<ns3:TrackPointExtension>
							<ns3:speed>0.6756757</ns3:speed>
							<ns3:cad>0.0</ns3:cad>
						</ns3:TrackPointExtension>
					</extensions>
			</trkpt>
			<trkpt lat="47.599125" lon="12.163547">
				<ele>635.0</ele>
				<time>2025-11-29T13:25:42Z</time>
				<desc><![CDATA[CommonTimeValuePoint(absoluteTime=1764422742, value=1.25)]]></desc>
					<extensions>
						<ns3:TrackPointExtension>
							<ns3:speed>0.8130081</ns3:speed>
							<ns3:cad>0.0</ns3:cad>
						</ns3:TrackPointExtension>
					</extensions>
			</trkpt>
			<trkpt lat="47.599148" lon="12.163604">
				<ele>636.0</ele>
				<time>2025-11-29T13:25:51Z</time>
				<desc><![CDATA[CommonTimeValuePoint(absoluteTime=1764422751, value=1.4925373)]]></desc>
					<extensions>
						<ns3:TrackPointExtension>
							<ns3:speed>0.6756757</ns3:speed>
							<ns3:cad>0.0</ns3:cad>
							<ns3:hr>99</ns3:hr>
						</ns3:TrackPointExtension>
					</extensions>
			</trkpt>
			<trkpt lat="47.59918" lon="12.163661">
				<ele>638.0</ele>
				<time>2025-11-29T13:26:04Z</time>
				<desc><![CDATA[CommonTimeValuePoint(absoluteTime=1764422764, value=1.8)]]></desc>
					<extensions>
						<ns3:TrackPointExtension>
							<ns3:speed>0.5555556</ns3:speed>
							<ns3:cad>0.0</ns3:cad>
							<ns3:hr>109</ns3:hr>
						</ns3:TrackPointExtension>
					</extensions>
			</trkpt>
			<trkpt lat="47.599197" lon="12.163728">
				<ele>640.0</ele>
				<time>2025-11-29T13:26:15Z</time>
				<desc><![CDATA[CommonTimeValuePoint(absoluteTime=1764422775, value=1.6949153)]]></desc>
					<extensions>
						<ns3:TrackPointExtension>
							<ns3:speed>0.5952381</ns3:speed>
							<ns3:cad>0.0</ns3:cad>
							<ns3:hr>114</ns3:hr>
						</ns3:TrackPointExtension>
					</extensions>
			</trkpt>
			<trkpt lat="47.599167" lon="12.163793">
				<ele>641.0</ele>
				<time>2025-11-29T13:26:23Z</time>
				<desc><![CDATA[CommonTimeValuePoint(absoluteTime=1764422783, value=1.5151515)]]></desc>
					<extensions>
						<ns3:TrackPointExtension>
							<ns3:speed>0.66225165</ns3:speed>
							<ns3:cad>0.0</ns3:cad>
							<ns3:hr>111</ns3:hr>
						</ns3:TrackPointExtension>
					</extensions>
			</trkpt>
			<trkpt lat="47.599144" lon="12.163859">
				<ele>642.0</ele>
				<time>2025-11-29T13:26:29Z</time>
				<desc><![CDATA[CommonTimeValuePoint(absoluteTime=1764422789, value=1.3888888)]]></desc>
					<extensions>
						<ns3:TrackPointExtension>
							<ns3:speed>0.729927</ns3:speed>
							<ns3:cad>0.0</ns3:cad>
						</ns3:TrackPointExtension>
					</extensions>
			</trkpt>
			<trkpt lat="47.599144" lon="12.163926">
				<ele>643.0</ele>
				<time>2025-11-29T13:26:36Z</time>
				<desc><![CDATA[CommonTimeValuePoint(absoluteTime=1764422796, value=1.2987013)]]></desc>
					<extensions>
						<ns3:TrackPointExtension>
							<ns3:speed>0.78125</ns3:speed>
							<ns3:cad>0.0</ns3:cad>
							<ns3:hr>110</ns3:hr>
						</ns3:TrackPointExtension>
					</extensions>
			</trkpt>
			<trkpt lat="47.599102" lon="12.163956">
				<ele>644.0</ele>
				<time>2025-11-29T13:26:44Z</time>
				<desc><![CDATA[CommonTimeValuePoint(absoluteTime=1764422804, value=1.2820513)]]></desc>
					<extensions>
						<ns3:TrackPointExtension>
							<ns3:speed>0.78740156</ns3:speed>
							<ns3:cad>0.0</ns3:cad>
							<ns3:hr>108</ns3:hr>
						</ns3:TrackPointExtension>
					</extensions>
			</trkpt>
			<trkpt lat="47.59915" lon="12.163987">
				<ele>646.0</ele>
				<time>2025-11-29T13:26:59Z</time>
				<desc><![CDATA[CommonTimeValuePoint(absoluteTime=1764422819, value=1.8)]]></desc>
					<extensions>
						<ns3:TrackPointExtension>
							<ns3:speed>0.5555556</ns3:speed>
							<ns3:cad>0.0</ns3:cad>
							<ns3:hr>108</ns3:hr>
						</ns3:TrackPointExtension>
					</extensions>
			</trkpt>
			<trkpt lat="47.5992" lon="12.164">
				<ele>647.0</ele>
				<time>2025-11-29T13:27:05Z</time>
				<desc><![CDATA[CommonTimeValuePoint(absoluteTime=1764422825, value=1.6393442)]]></desc>
					<extensions>
						<ns3:TrackPointExtension>
							<ns3:speed>0.61349696</ns3:speed>
							<ns3:cad>0.0</ns3:cad>
							<ns3:hr>106</ns3:hr>
						</ns3:TrackPointExtension>
					</extensions>
			</trkpt>
			<trkpt lat="47.599255" lon="12.163987">
				<ele>647.0</ele>
				<time>2025-11-29T13:27:11Z</time>
				<desc><![CDATA[CommonTimeValuePoint(absoluteTime=1764422831, value=1.6129032)]]></desc>
					<extensions>
						<ns3:TrackPointExtension>
							<ns3:speed>0.6289308</ns3:speed>
							<ns3:cad>0.0</ns3:cad>
							<ns3:hr>109</ns3:hr>
						</ns3:TrackPointExtension>
					</extensions>
			</trkpt>
			<trkpt lat="47.5993" lon="12.163953">
				<ele>648.0</ele>
				<time>2025-11-29T13:27:17Z</time>
				<desc><![CDATA[CommonTimeValuePoint(absoluteTime=1764422837, value=1.6393442)]]></desc>
					<extensions>
						<ns3:TrackPointExtension>
							<ns3:speed>0.61728394</ns3:speed>
							<ns3:cad>0.0</ns3:cad>
							<ns3:hr>115</ns3:hr>
						</ns3:TrackPointExtension>
					</extensions>
			</trkpt>
			<trkpt lat="47.599293" lon="12.16402">
				<ele>650.0</ele>
				<time>2025-11-29T13:27:30Z</time>
				<desc><![CDATA[CommonTimeValuePoint(absoluteTime=1764422850, value=1.5384616)]]></desc>
					<extensions>
						<ns3:TrackPointExtension>
							<ns3:speed>0.6535948</ns3:speed>
							<ns3:cad>0.0</ns3:cad>
							<ns3:hr>116</ns3:hr>
						</ns3:TrackPointExtension>
					</extensions>
			</trkpt>
			<trkpt lat="47.599274" lon="12.164084">
				<ele>651.0</ele>
				<time>2025-11-29T13:27:45Z</time>
				<desc><![CDATA[CommonTimeValuePoint(absoluteTime=1764422865, value=1.5384616)]]></desc>
					<extensions>
						<ns3:TrackPointExtension>
							<ns3:speed>0.6535948</ns3:speed>
							<ns3:cad>0.0</ns3:cad>
							<ns3:hr>119</ns3:hr>
						</ns3:TrackPointExtension>
					</extensions>
			</trkpt>
			<trkpt lat="47.59924" lon="12.164143">
				<ele>652.0</ele>
				<time>2025-11-29T13:27:50Z</time>
				<desc><![CDATA[CommonTimeValuePoint(absoluteTime=1764422870, value=1.1904762)]]></desc>
					<extensions>
						<ns3:TrackPointExtension>
							<ns3:speed>0.84745765</ns3:speed>
							<ns3:cad>0.0</ns3:cad>
							<ns3:hr>117</ns3:hr>
						</ns3:TrackPointExtension>
					</extensions>
			</trkpt>
			<trkpt lat="47.59921" lon="12.164197">
				<ele>652.0</ele>
				<time>2025-11-29T13:27:57Z</time>
				<desc><![CDATA[CommonTimeValuePoint(absoluteTime=1764422877, value=1.4925373)]]></desc>
					<extensions>
						<ns3:TrackPointExtension>
							<ns3:speed>0.6756757</ns3:speed>
							<ns3:cad>0.0</ns3:cad>
							<ns3:hr>113</ns3:hr>
						</ns3:TrackPointExtension>
					</extensions>
			</trkpt>
			<trkpt lat="47.59925" lon="12.164232">
				<ele>653.0</ele>
				<time>2025-11-29T13:28:08Z</time>
				<desc><![CDATA[CommonTimeValuePoint(absoluteTime=1764422888, value=1.4492754)]]></desc>
					<extensions>
						<ns3:TrackPointExtension>
							<ns3:speed>0.6993007</ns3:speed>
							<ns3:cad>0.0</ns3:cad>
							<ns3:hr>112</ns3:hr>
						</ns3:TrackPointExtension>
					</extensions>
			</trkpt>
			<trkpt lat="47.599297" lon="12.164234">
				<ele>654.0</ele>
				<time>2025-11-29T13:28:15Z</time>
				<desc><![CDATA[CommonTimeValuePoint(absoluteTime=1764422895, value=1.1904762)]]></desc>
					<extensions>
						<ns3:TrackPointExtension>
							<ns3:speed>0.84745765</ns3:speed>
							<ns3:cad>0.0</ns3:cad>
						</ns3:TrackPointExtension>
					</extensions>
			</trkpt>
			<trkpt lat="47.5993" lon="12.1643095">
				<ele>656.0</ele>
				<time>2025-11-29T13:28:27Z</time>
				<desc><![CDATA[CommonTimeValuePoint(absoluteTime=1764422907, value=1.6129032)]]></desc>
					<extensions>
						<ns3:TrackPointExtension>
							<ns3:speed>0.625</ns3:speed>
							<ns3:cad>0.0</ns3:cad>
							<ns3:hr>107</ns3:hr>
						</ns3:TrackPointExtension>
					</extensions>
			</trkpt>
			<trkpt lat="47.59927" lon="12.164368">
				<ele>657.0</ele>
				<time>2025-11-29T13:28:33Z</time>
				<desc><![CDATA[CommonTimeValuePoint(absoluteTime=1764422913, value=1.1764705)]]></desc>
					<extensions>
						<ns3:TrackPointExtension>
							<ns3:speed>0.862069</ns3:speed>
							<ns3:cad>0.0</ns3:cad>
						</ns3:TrackPointExtension>
					</extensions>
			</trkpt>
			<trkpt lat="47.599236" lon="12.164428">
				<ele>657.0</ele>
				<time>2025-11-29T13:28:40Z</time>
				<desc><![CDATA[CommonTimeValuePoint(absoluteTime=1764422920, value=1.1111112)]]></desc>
					<extensions>
						<ns3:TrackPointExtension>
							<ns3:speed>0.9090909</ns3:speed>
							<ns3:cad>0.0</ns3:cad>
						</ns3:TrackPointExtension>
					</extensions>
			</trkpt>
			<trkpt lat="47.59922" lon="12.164511">
				<ele>658.0</ele>
				<time>2025-11-29T13:28:47Z</time>
				<desc><![CDATA[CommonTimeValuePoint(absoluteTime=1764422927, value=1.0526316)]]></desc>
					<extensions>
						<ns3:TrackPointExtension>
							<ns3:speed>0.9615385</ns3:speed>
							<ns3:cad>0.0</ns3:cad>
							<ns3:hr>102</ns3:hr>
						</ns3:TrackPointExtension>
					</extensions>
			</trkpt>
			<trkpt lat="47.599266" lon="12.164491">
				<ele>660.0</ele>
				<time>2025-11-29T13:28:56Z</time>
				<desc><![CDATA[CommonTimeValuePoint(absoluteTime=1764422936, value=1.3888888)]]></desc>
					<extensions>
						<ns3:TrackPointExtension>
							<ns3:speed>0.729927</ns3:speed>
							<ns3:cad>0.0</ns3:cad>
						</ns3:TrackPointExtension>
					</extensions>
			</trkpt>
			<trkpt lat="47.59931" lon="12.164468">
				<ele>661.0</ele>
				<time>2025-11-29T13:29:05Z</time>
				<desc><![CDATA[CommonTimeValuePoint(absoluteTime=1764422945, value=1.6129032)]]></desc>
					<extensions>
						<ns3:TrackPointExtension>
							<ns3:speed>0.625</ns3:speed>
							<ns3:cad>0.0</ns3:cad>
							<ns3:hr>100</ns3:hr>
						</ns3:TrackPointExtension>
					</extensions>
			</trkpt>
			<trkpt lat="47.59936" lon="12.164461">
				<ele>662.0</ele>
				<time>2025-11-29T13:29:09Z</time>
				<desc><![CDATA[CommonTimeValuePoint(absoluteTime=1764422949, value=0.9174312)]]></desc>
					<extensions>
						<ns3:TrackPointExtension>
							<ns3:speed>1.098901</ns3:speed>
							<ns3:cad>0.0</ns3:cad>
							<ns3:hr>100</ns3:hr>
						</ns3:TrackPointExtension>
					</extensions>
			</trkpt>
			<trkpt lat="47.59941" lon="12.164439">
				<ele>662.0</ele>
				<time>2025-11-29T13:29:15Z</time>
				<desc><![CDATA[CommonTimeValuePoint(absoluteTime=1764422955, value=1.0416667)]]></desc>
					<extensions>
						<ns3:TrackPointExtension>
							<ns3:speed>0.9615385</ns3:speed>
							<ns3:cad>0.0</ns3:cad>
							<ns3:hr>98</ns3:hr>
						</ns3:TrackPointExtension>
					</extensions>
			</trkpt>
			<trkpt lat="47.599438" lon="12.164497">
				<ele>666.0</ele>
				<time>2025-11-29T13:29:46Z</time>
				<desc><![CDATA[CommonTimeValuePoint(absoluteTime=1764422986, value=1.6666666)]]></desc>
					<extensions>
						<ns3:TrackPointExtension>
							<ns3:speed>0.6060606</ns3:speed>
							<ns3:cad>0.0</ns3:cad>
						</ns3:TrackPointExtension>
					</extensions>
			</trkpt>
			<trkpt lat="47.59942" lon="12.16456">
				<ele>668.0</ele>
				<time>2025-11-29T13:29:56Z</time>
				<desc><![CDATA[CommonTimeValuePoint(absoluteTime=1764422996, value=1.3513514)]]></desc>
					<extensions>
						<ns3:TrackPointExtension>
							<ns3:speed>0.7407407</ns3:speed>
							<ns3:cad>0.0</ns3:cad>
							<ns3:hr>96</ns3:hr>
						</ns3:TrackPointExtension>
					</extensions>
			</trkpt>
			<trkpt lat="47.59942" lon="12.164634">
				<ele>669.0</ele>
				<time>2025-11-29T13:30:04Z</time>
				<desc><![CDATA[CommonTimeValuePoint(absoluteTime=1764423004, value=1.754386)]]></desc>
					<extensions>
						<ns3:TrackPointExtension>
							<ns3:speed>0.5780347</ns3:speed>
							<ns3:cad>0.0</ns3:cad>
							<ns3:hr>97</ns3:hr>
						</ns3:TrackPointExtension>
					</extensions>
			</trkpt>
			<trkpt lat="47.599445" lon="12.164694">
				<ele>670.0</ele>
				<time>2025-11-29T13:30:11Z</time>
				<desc><![CDATA[CommonTimeValuePoint(absoluteTime=1764423011, value=1.8)]]></desc>
					<extensions>
						<ns3:TrackPointExtension>
							<ns3:speed>0.5555556</ns3:speed>
							<ns3:cad>0.0</ns3:cad>
							<ns3:hr>96</ns3:hr>
						</ns3:TrackPointExtension>
					</extensions>
			</trkpt>
			<trkpt lat="47.59948" lon="12.164741">
				<ele>675.0</ele>
				<time>2025-11-29T13:30:38Z</time>
				<desc><![CDATA[CommonTimeValuePoint(absoluteTime=1764423038, value=1.8)]]></desc>
					<extensions>
						<ns3:TrackPointExtension>
							<ns3:speed>0.5555556</ns3:speed>
							<ns3:cad>0.0</ns3:cad>
						</ns3:TrackPointExtension>
					</extensions>
			</trkpt>
			<trkpt lat="47.599518" lon="12.164682">
				<ele>676.0</ele>
				<time>2025-11-29T13:30:51Z</time>
				<desc><![CDATA[CommonTimeValuePoint(absoluteTime=1764423051, value=1.754386)]]></desc>
					<extensions>
						<ns3:TrackPointExtension>
							<ns3:speed>0.57471263</ns3:speed>
							<ns3:cad>0.0</ns3:cad>
						</ns3:TrackPointExtension>
					</extensions>
			</trkpt>
			<trkpt lat="47.59954" lon="12.16462">
				<ele>678.0</ele>
				<time>2025-11-29T13:30:58Z</time>
				<desc><![CDATA[CommonTimeValuePoint(absoluteTime=1764423058, value=1.3888888)]]></desc>
					<extensions>
						<ns3:TrackPointExtension>
							<ns3:speed>0.7246377</ns3:speed>
							<ns3:cad>0.0</ns3:cad>
							<ns3:hr>89</ns3:hr>
						</ns3:TrackPointExtension>
					</extensions>
			</trkpt>
			<trkpt lat="47.599575" lon="12.164574">
				<ele>679.0</ele>
				<time>2025-11-29T13:31:05Z</time>
				<desc><![CDATA[CommonTimeValuePoint(absoluteTime=1764423065, value=1.5384616)]]></desc>
					<extensions>
						<ns3:TrackPointExtension>
							<ns3:speed>0.6535948</ns3:speed>
							<ns3:cad>0.0</ns3:cad>
							<ns3:hr>89</ns3:hr>
						</ns3:TrackPointExtension>
					</extensions>
			</trkpt>
			<trkpt lat="47.59961" lon="12.164524">
				<ele>680.0</ele>
				<time>2025-11-29T13:31:12Z</time>
				<desc><![CDATA[CommonTimeValuePoint(absoluteTime=1764423072, value=1.4705882)]]></desc>
					<extensions>
						<ns3:TrackPointExtension>
							<ns3:speed>0.6849315</ns3:speed>
							<ns3:cad>0.0</ns3:cad>
							<ns3:hr>92</ns3:hr>
						</ns3:TrackPointExtension>
					</extensions>
			</trkpt>
			<trkpt lat="47.599636" lon="12.164455">
				<ele>681.0</ele>
				<time>2025-11-29T13:31:22Z</time>
				<desc><![CDATA[CommonTimeValuePoint(absoluteTime=1764423082, value=1.8)]]></desc>
					<extensions>
						<ns3:TrackPointExtension>
							<ns3:speed>0.5555556</ns3:speed>
							<ns3:cad>0.0</ns3:cad>
							<ns3:hr>95</ns3:hr>
						</ns3:TrackPointExtension>
					</extensions>
			</trkpt>
			<trkpt lat="47.59966" lon="12.164395">
				<ele>681.0</ele>
				<time>2025-11-29T13:31:27Z</time>
				<desc><![CDATA[CommonTimeValuePoint(absoluteTime=1764423087, value=1.4925373)]]></desc>
					<extensions>
						<ns3:TrackPointExtension>
							<ns3:speed>0.6711409</ns3:speed>
							<ns3:cad>0.0</ns3:cad>
							<ns3:hr>95</ns3:hr>
						</ns3:TrackPointExtension>
					</extensions>
			</trkpt>
			<trkpt lat="47.599655" lon="12.164317">
				<ele>681.0</ele>
				<time>2025-11-29T13:31:32Z</time>
				<desc><![CDATA[CommonTimeValuePoint(absoluteTime=1764423092, value=1.3157895)]]></desc>
					<extensions>
						<ns3:TrackPointExtension>
							<ns3:speed>0.7692308</ns3:speed>
							<ns3:cad>0.0</ns3:cad>
							<ns3:hr>95</ns3:hr>
						</ns3:TrackPointExtension>
					</extensions>
			</trkpt>
			<trkpt lat="47.59968" lon="12.164263">
				<ele>681.0</ele>
				<time>2025-11-29T13:31:39Z</time>
				<desc><![CDATA[CommonTimeValuePoint(absoluteTime=1764423099, value=1.5151515)]]></desc>
					<extensions>
						<ns3:TrackPointExtension>
							<ns3:speed>0.6666667</ns3:speed>
							<ns3:cad>0.0</ns3:cad>
							<ns3:hr>92</ns3:hr>
						</ns3:TrackPointExtension>
					</extensions>
			</trkpt>
			<trkpt lat="47.599728" lon="12.164236">
				<ele>681.0</ele>
				<time>2025-11-29T13:31:43Z</time>
				<desc><![CDATA[CommonTimeValuePoint(absoluteTime=1764423103, value=1.1363636)]]></desc>
					<extensions>
						<ns3:TrackPointExtension>
							<ns3:speed>0.88495576</ns3:speed>
							<ns3:cad>0.0</ns3:cad>
						</ns3:TrackPointExtension>
					</extensions>
			</trkpt>
			<trkpt lat="47.59976" lon="12.164186">
				<ele>682.0</ele>
				<time>2025-11-29T13:31:49Z</time>
				<desc><![CDATA[CommonTimeValuePoint(absoluteTime=1764423109, value=1.2820513)]]></desc>
					<extensions>
						<ns3:TrackPointExtension>
							<ns3:speed>0.7936508</ns3:speed>
							<ns3:cad>0.0</ns3:cad>
							<ns3:hr>98</ns3:hr>
						</ns3:TrackPointExtension>
					</extensions>
			</trkpt>
			<trkpt lat="47.599796" lon="12.164123">
				<ele>683.0</ele>
				<time>2025-11-29T13:31:57Z</time>
				<desc><![CDATA[CommonTimeValuePoint(absoluteTime=1764423117, value=1.7857143)]]></desc>
					<extensions>
						<ns3:TrackPointExtension>
							<ns3:speed>0.56497175</ns3:speed>
							<ns3:cad>0.0</ns3:cad>
							<ns3:hr>100</ns3:hr>
						</ns3:TrackPointExtension>
					</extensions>
			</trkpt>
			<trkpt lat="47.59984" lon="12.164067">
				<ele>683.0</ele>
				<time>2025-11-29T13:32:03Z</time>
				<desc><![CDATA[CommonTimeValuePoint(absoluteTime=1764423123, value=1.25)]]></desc>
					<extensions>
						<ns3:TrackPointExtension>
							<ns3:speed>0.8130081</ns3:speed>
							<ns3:cad>0.0</ns3:cad>
							<ns3:hr>101</ns3:hr>
						</ns3:TrackPointExtension>
					</extensions>
			</trkpt>
			<trkpt lat="47.599888" lon="12.164034">
				<ele>683.0</ele>
				<time>2025-11-29T13:32:08Z</time>
				<desc><![CDATA[CommonTimeValuePoint(absoluteTime=1764423128, value=1.2195122)]]></desc>
					<extensions>
						<ns3:TrackPointExtension>
							<ns3:speed>0.82644624</ns3:speed>
							<ns3:cad>0.0</ns3:cad>
							<ns3:hr>98</ns3:hr>
						</ns3:TrackPointExtension>
					</extensions>
			</trkpt>
			<trkpt lat="47.599926" lon="12.164067">
				<ele>685.0</ele>
				<time>2025-11-29T13:32:19Z</time>
				<desc><![CDATA[CommonTimeValuePoint(absoluteTime=1764423139, value=1.3513514)]]></desc>
					<extensions>
						<ns3:TrackPointExtension>
							<ns3:speed>0.7518797</ns3:speed>
							<ns3:cad>0.0</ns3:cad>
							<ns3:hr>94</ns3:hr>
						</ns3:TrackPointExtension>
					</extensions>
			</trkpt>
			<trkpt lat="47.599957" lon="12.164125">
				<ele>685.0</ele>
				<time>2025-11-29T13:32:25Z</time>
				<desc><![CDATA[CommonTimeValuePoint(absoluteTime=1764423145, value=1.3157895)]]></desc>
					<extensions>
						<ns3:TrackPointExtension>
							<ns3:speed>0.7692308</ns3:speed>
							<ns3:cad>0.0</ns3:cad>
							<ns3:hr>98</ns3:hr>
						</ns3:TrackPointExtension>
					</extensions>
			</trkpt>
			<trkpt lat="47.599995" lon="12.164163">
				<ele>686.0</ele>
				<time>2025-11-29T13:32:32Z</time>
				<desc><![CDATA[CommonTimeValuePoint(absoluteTime=1764423152, value=1.2987013)]]></desc>
					<extensions>
						<ns3:TrackPointExtension>
							<ns3:speed>0.7751938</ns3:speed>
							<ns3:cad>0.0</ns3:cad>
							<ns3:hr>99</ns3:hr>
						</ns3:TrackPointExtension>
					</extensions>
			</trkpt>
			<trkpt lat="47.600033" lon="12.164205">
				<ele>688.0</ele>
				<time>2025-11-29T13:32:39Z</time>
				<desc><![CDATA[CommonTimeValuePoint(absoluteTime=1764423159, value=1.3333334)]]></desc>
					<extensions>
						<ns3:TrackPointExtension>
							<ns3:speed>0.75757575</ns3:speed>
							<ns3:cad>0.0</ns3:cad>
							<ns3:hr>98</ns3:hr>
						</ns3:TrackPointExtension>
					</extensions>
			</trkpt>
			<trkpt lat="47.60008" lon="12.164224">
				<ele>689.0</ele>
				<time>2025-11-29T13:32:45Z</time>
				<desc><![CDATA[CommonTimeValuePoint(absoluteTime=1764423165, value=0.89285713)]]></desc>
					<extensions>
						<ns3:TrackPointExtension>
							<ns3:speed>1.1235955</ns3:speed>
							<ns3:cad>0.0</ns3:cad>
							<ns3:hr>100</ns3:hr>
						</ns3:TrackPointExtension>
					</extensions>
			</trkpt>
			<trkpt lat="47.600117" lon="12.164263">
				<ele>691.0</ele>
				<time>2025-11-29T13:32:53Z</time>
				<desc><![CDATA[CommonTimeValuePoint(absoluteTime=1764423173, value=1.0752689)]]></desc>
					<extensions>
						<ns3:TrackPointExtension>
							<ns3:speed>0.9433963</ns3:speed>
							<ns3:cad>0.0</ns3:cad>
							<ns3:hr>98</ns3:hr>
						</ns3:TrackPointExtension>
					</extensions>
			</trkpt>
			<trkpt lat="47.600163" lon="12.16425">
				<ele>692.0</ele>
				<time>2025-11-29T13:33:00Z</time>
				<desc><![CDATA[CommonTimeValuePoint(absoluteTime=1764423180, value=1.25)]]></desc>
					<extensions>
						<ns3:TrackPointExtension>
							<ns3:speed>0.8064516</ns3:speed>
							<ns3:cad>0.0</ns3:cad>
							<ns3:hr>95</ns3:hr>
						</ns3:TrackPointExtension>
					</extensions>
			</trkpt>
			<trkpt lat="47.60021" lon="12.164229">
				<ele>693.0</ele>
				<time>2025-11-29T13:33:04Z</time>
				<desc><![CDATA[CommonTimeValuePoint(absoluteTime=1764423184, value=1.369863)]]></desc>
					<extensions>
						<ns3:TrackPointExtension>
							<ns3:speed>0.7352941</ns3:speed>
							<ns3:cad>0.0</ns3:cad>
							<ns3:hr>93</ns3:hr>
						</ns3:TrackPointExtension>
					</extensions>
			</trkpt>
			<trkpt lat="47.600258" lon="12.164209">
				<ele>694.0</ele>
				<time>2025-11-29T13:33:10Z</time>
				<desc><![CDATA[CommonTimeValuePoint(absoluteTime=1764423190, value=1.5151515)]]></desc>
					<extensions>
						<ns3:TrackPointExtension>
							<ns3:speed>0.6711409</ns3:speed>
							<ns3:cad>0.0</ns3:cad>
							<ns3:hr>94</ns3:hr>
						</ns3:TrackPointExtension>
					</extensions>
			</trkpt>
			<trkpt lat="47.600307" lon="12.164196">
				<ele>694.0</ele>
				<time>2025-11-29T13:33:17Z</time>
				<desc><![CDATA[CommonTimeValuePoint(absoluteTime=1764423197, value=1.5384616)]]></desc>
					<extensions>
						<ns3:TrackPointExtension>
							<ns3:speed>0.65789473</ns3:speed>
							<ns3:cad>0.0</ns3:cad>
						</ns3:TrackPointExtension>
					</extensions>
			</trkpt>
			<trkpt lat="47.600353" lon="12.164203">
				<ele>695.0</ele>
				<time>2025-11-29T13:33:24Z</time>
				<desc><![CDATA[CommonTimeValuePoint(absoluteTime=1764423204, value=1.5151515)]]></desc>
					<extensions>
						<ns3:TrackPointExtension>
							<ns3:speed>0.66225165</ns3:speed>
							<ns3:cad>0.0</ns3:cad>
							<ns3:hr>97</ns3:hr>
						</ns3:TrackPointExtension>
					</extensions>
			</trkpt>
			<trkpt lat="47.600388" lon="12.164249">
				<ele>697.0</ele>
				<time>2025-11-29T13:33:33Z</time>
				<desc><![CDATA[CommonTimeValuePoint(absoluteTime=1764423213, value=1.369863)]]></desc>
					<extensions>
						<ns3:TrackPointExtension>
							<ns3:speed>0.7407407</ns3:speed>
							<ns3:cad>0.0</ns3:cad>
							<ns3:hr>93</ns3:hr>
						</ns3:TrackPointExtension>
					</extensions>
			</trkpt>
			<trkpt lat="47.600403" lon="12.164324">
				<ele>698.0</ele>
				<time>2025-11-29T13:33:41Z</time>
				<desc><![CDATA[CommonTimeValuePoint(absoluteTime=1764423221, value=1.4285715)]]></desc>
					<extensions>
						<ns3:TrackPointExtension>
							<ns3:speed>0.70422536</ns3:speed>
							<ns3:cad>0.0</ns3:cad>
						</ns3:TrackPointExtension>
					</extensions>
			</trkpt>
			<trkpt lat="47.600395" lon="12.164392">
				<ele>700.0</ele>
				<time>2025-11-29T13:33:53Z</time>
				<desc><![CDATA[CommonTimeValuePoint(absoluteTime=1764423233, value=1.6949153)]]></desc>
					<extensions>
						<ns3:TrackPointExtension>
							<ns3:speed>0.5988024</ns3:speed>
							<ns3:cad>0.0</ns3:cad>
							<ns3:hr>89</ns3:hr>
						</ns3:TrackPointExtension>
					</extensions>
			</trkpt>
			<trkpt lat="47.600365" lon="12.164455">
				<ele>701.0</ele>
				<time>2025-11-29T13:34:01Z</time>
				<desc><![CDATA[CommonTimeValuePoint(absoluteTime=1764423241, value=1.8)]]></desc>
					<extensions>
						<ns3:TrackPointExtension>
							<ns3:speed>0.5555556</ns3:speed>
							<ns3:cad>0.0</ns3:cad>
							<ns3:hr>90</ns3:hr>
						</ns3:TrackPointExtension>
					</extensions>
			</trkpt>
			<trkpt lat="47.60032" lon="12.1644745">
				<ele>704.0</ele>
				<time>2025-11-29T13:34:16Z</time>
				<desc><![CDATA[CommonTimeValuePoint(absoluteTime=1764423256, value=1.6666666)]]></desc>
					<extensions>
						<ns3:TrackPointExtension>
							<ns3:speed>0.6097561</ns3:speed>
							<ns3:cad>0.0</ns3:cad>
							<ns3:hr>92</ns3:hr>
						</ns3:TrackPointExtension>
					</extensions>
			</trkpt>
			<trkpt lat="47.600273" lon="12.164508">
				<ele>706.0</ele>
				<time>2025-11-29T13:34:25Z</time>
				<desc><![CDATA[CommonTimeValuePoint(absoluteTime=1764423265, value=1.6393442)]]></desc>
					<extensions>
						<ns3:TrackPointExtension>
							<ns3:speed>0.61349696</ns3:speed>
							<ns3:cad>0.0</ns3:cad>
							<ns3:hr>88</ns3:hr>
						</ns3:TrackPointExtension>
					</extensions>
			</trkpt>
			<trkpt lat="47.600235" lon="12.164547">
				<ele>707.0</ele>
				<time>2025-11-29T13:34:39Z</time>
				<desc><![CDATA[CommonTimeValuePoint(absoluteTime=1764423279, value=1.8)]]></desc>
					<extensions>
						<ns3:TrackPointExtension>
							<ns3:speed>0.5555556</ns3:speed>
							<ns3:cad>0.0</ns3:cad>
						</ns3:TrackPointExtension>
					</extensions>
			</trkpt>
			<trkpt lat="47.600193" lon="12.164567">
				<ele>708.0</ele>
				<time>2025-11-29T13:34:46Z</time>
				<desc><![CDATA[CommonTimeValuePoint(absoluteTime=1764423286, value=1.5151515)]]></desc>
					<extensions>
						<ns3:TrackPointExtension>
							<ns3:speed>0.6666667</ns3:speed>
							<ns3:cad>0.0</ns3:cad>
							<ns3:hr>95</ns3:hr>
						</ns3:TrackPointExtension>
					</extensions>
			</trkpt>
			<trkpt lat="47.600147" lon="12.16458">
				<ele>709.0</ele>
				<time>2025-11-29T13:34:56Z</time>
				<desc><![CDATA[CommonTimeValuePoint(absoluteTime=1764423296, value=1.5151515)]]></desc>
					<extensions>
						<ns3:TrackPointExtension>
							<ns3:speed>0.6666667</ns3:speed>
							<ns3:cad>0.0</ns3:cad>
							<ns3:hr>90</ns3:hr>
						</ns3:TrackPointExtension>
					</extensions>
			</trkpt>
			<trkpt lat="47.600086" lon="12.164534">
				<ele>711.0</ele>
				<time>2025-11-29T13:37:18Z</time>
				<desc><![CDATA[CommonTimeValuePoint(absoluteTime=1764423438, value=1.8)]]></desc>
					<extensions>
						<ns3:TrackPointExtension>
							<ns3:speed>0.5555556</ns3:speed>
							<ns3:cad>0.0</ns3:cad>
							<ns3:hr>85</ns3:hr>
						</ns3:TrackPointExtension>
					</extensions>
			</trkpt>
			<trkpt lat="47.600143" lon="12.164528">
				<ele>726.0</ele>
				<time>2025-11-29T13:40:01Z</time>
				<desc><![CDATA[CommonTimeValuePoint(absoluteTime=1764423601, value=1.8)]]></desc>
					<extensions>
						<ns3:TrackPointExtension>
							<ns3:speed>0.5555556</ns3:speed>
							<ns3:cad>0.0</ns3:cad>
							<ns3:hr>107</ns3:hr>
						</ns3:TrackPointExtension>
					</extensions>
			</trkpt>
			<trkpt lat="47.60015" lon="12.164556">
				<ele>727.0</ele>
				<time>2025-11-29T13:40:07Z</time>
				<desc><![CDATA[CommonTimeValuePoint(absoluteTime=1764423607, value=1.8)]]></desc>
					<extensions>
						<ns3:TrackPointExtension>
							<ns3:speed>0.5555556</ns3:speed>
							<ns3:cad>0.0</ns3:cad>
							<ns3:hr>107</ns3:hr>
						</ns3:TrackPointExtension>
					</extensions>
			</trkpt>
			<trkpt lat="47.600105" lon="12.164579">
				<ele>727.0</ele>
				<time>2025-11-29T13:40:37Z</time>
				<desc><![CDATA[CommonTimeValuePoint(absoluteTime=1764423637, value=1.8)]]></desc>
					<extensions>
						<ns3:TrackPointExtension>
							<ns3:speed>0.5555556</ns3:speed>
							<ns3:cad>0.0</ns3:cad>
							<ns3:hr>87</ns3:hr>
						</ns3:TrackPointExtension>
					</extensions>
			</trkpt>
			<trkpt lat="47.600048" lon="12.164611">
				<ele>727.0</ele>
				<time>2025-11-29T13:42:00Z</time>
				<desc><![CDATA[CommonTimeValuePoint(absoluteTime=1764423720, value=1.8)]]></desc>
					<extensions>
						<ns3:TrackPointExtension>
							<ns3:speed>0.5555556</ns3:speed>
							<ns3:cad>0.0</ns3:cad>
							<ns3:hr>78</ns3:hr>
						</ns3:TrackPointExtension>
					</extensions>
			</trkpt>
			<trkpt lat="47.600075" lon="12.164551">
				<ele>727.0</ele>
				<time>2025-11-29T13:43:58Z</time>
				<desc><![CDATA[CommonTimeValuePoint(absoluteTime=1764423838, value=1.8)]]></desc>
					<extensions>
						<ns3:TrackPointExtension>
							<ns3:speed>0.5555556</ns3:speed>
							<ns3:cad>0.0</ns3:cad>
							<ns3:hr>84</ns3:hr>
						</ns3:TrackPointExtension>
					</extensions>
			</trkpt>
			<trkpt lat="47.59999" lon="12.164573">
				<ele>727.0</ele>
				<time>2025-11-29T14:02:29Z</time>
				<desc><![CDATA[CommonTimeValuePoint(absoluteTime=1764424949, value=1.7857143)]]></desc>
					<extensions>
						<ns3:TrackPointExtension>
							<ns3:speed>0.56497175</ns3:speed>
							<ns3:cad>0.0</ns3:cad>
						</ns3:TrackPointExtension>
					</extensions>
			</trkpt>
			<trkpt lat="47.59994" lon="12.16456">
				<ele>727.0</ele>
				<time>2025-11-29T14:02:38Z</time>
				<desc><![CDATA[CommonTimeValuePoint(absoluteTime=1764424958, value=1.2658228)]]></desc>
					<extensions>
						<ns3:TrackPointExtension>
							<ns3:speed>0.8</ns3:speed>
							<ns3:cad>0.0</ns3:cad>
							<ns3:hr>73</ns3:hr>
						</ns3:TrackPointExtension>
					</extensions>
			</trkpt>
			<trkpt lat="47.599987" lon="12.164596">
				<ele>727.0</ele>
				<time>2025-11-29T14:02:48Z</time>
				<desc><![CDATA[CommonTimeValuePoint(absoluteTime=1764424968, value=1.0752689)]]></desc>
					<extensions>
						<ns3:TrackPointExtension>
							<ns3:speed>0.9345794</ns3:speed>
							<ns3:cad>0.0</ns3:cad>
							<ns3:hr>73</ns3:hr>
						</ns3:TrackPointExtension>
					</extensions>
			</trkpt>
			<trkpt lat="47.600056" lon="12.164616">
				<ele>727.0</ele>
				<time>2025-11-29T14:02:55Z</time>
				<desc><![CDATA[CommonTimeValuePoint(absoluteTime=1764424975, value=0.6849315)]]></desc>
					<extensions>
						<ns3:TrackPointExtension>
							<ns3:speed>1.4705882</ns3:speed>
							<ns3:cad>0.0</ns3:cad>
						</ns3:TrackPointExtension>
					</extensions>
			</trkpt>
			<trkpt lat="47.600006" lon="12.164636">
				<ele>727.0</ele>
				<time>2025-11-29T14:03:06Z</time>
				<desc><![CDATA[CommonTimeValuePoint(absoluteTime=1764424986, value=1.8)]]></desc>
					<extensions>
						<ns3:TrackPointExtension>
							<ns3:speed>0.5555556</ns3:speed>
							<ns3:cad>0.0</ns3:cad>
						</ns3:TrackPointExtension>
					</extensions>
			</trkpt>
			<trkpt lat="47.59996" lon="12.164587">
				<ele>727.0</ele>
				<time>2025-11-29T14:03:08Z</time>
				<desc><![CDATA[CommonTimeValuePoint(absoluteTime=1764424988, value=1.8)]]></desc>
					<extensions>
						<ns3:TrackPointExtension>
							<ns3:speed>0.5555556</ns3:speed>
							<ns3:cad>0.0</ns3:cad>
							<ns3:hr>72</ns3:hr>
						</ns3:TrackPointExtension>
					</extensions>
			</trkpt>
			<trkpt lat="47.599903" lon="12.164537">
				<ele>727.0</ele>
				<time>2025-11-29T14:03:11Z</time>
				<desc><![CDATA[CommonTimeValuePoint(absoluteTime=1764424991, value=0.8403361)]]></desc>
					<extensions>
						<ns3:TrackPointExtension>
							<ns3:speed>1.2048193</ns3:speed>
							<ns3:cad>0.0</ns3:cad>
							<ns3:hr>73</ns3:hr>
						</ns3:TrackPointExtension>
					</extensions>
			</trkpt>
			<trkpt lat="47.59989" lon="12.164471">
				<ele>727.0</ele>
				<time>2025-11-29T14:03:16Z</time>
				<desc><![CDATA[CommonTimeValuePoint(absoluteTime=1764424996, value=0.8333333)]]></desc>
					<extensions>
						<ns3:TrackPointExtension>
							<ns3:speed>1.2195122</ns3:speed>
							<ns3:cad>0.0</ns3:cad>
							<ns3:hr>73</ns3:hr>
						</ns3:TrackPointExtension>
					</extensions>
			</trkpt>
			<trkpt lat="47.59994" lon="12.164449">
				<ele>727.0</ele>
				<time>2025-11-29T14:03:20Z</time>
				<desc><![CDATA[CommonTimeValuePoint(absoluteTime=1764425000, value=0.6802721)]]></desc>
					<extensions>
						<ns3:TrackPointExtension>
							<ns3:speed>1.4925373</ns3:speed>
							<ns3:cad>0.0</ns3:cad>
							<ns3:hr>74</ns3:hr>
						</ns3:TrackPointExtension>
					</extensions>
			</trkpt>
			<trkpt lat="47.599995" lon="12.164439">
				<ele>727.0</ele>
				<time>2025-11-29T14:03:24Z</time>
				<desc><![CDATA[CommonTimeValuePoint(absoluteTime=1764425004, value=0.64516133)]]></desc>
					<extensions>
						<ns3:TrackPointExtension>
							<ns3:speed>1.5625</ns3:speed>
							<ns3:cad>0.0</ns3:cad>
							<ns3:hr>73</ns3:hr>
						</ns3:TrackPointExtension>
					</extensions>
			</trkpt>
			<trkpt lat="47.60005" lon="12.164448">
				<ele>727.0</ele>
				<time>2025-11-29T14:03:37Z</time>
				<desc><![CDATA[CommonTimeValuePoint(absoluteTime=1764425017, value=0.55865926)]]></desc>
					<extensions>
						<ns3:TrackPointExtension>
							<ns3:speed>1.8181818</ns3:speed>
							<ns3:cad>0.0</ns3:cad>
							<ns3:hr>74</ns3:hr>
						</ns3:TrackPointExtension>
					</extensions>
			</trkpt>
			<trkpt lat="47.6001" lon="12.164495">
				<ele>727.0</ele>
				<time>2025-11-29T14:03:38Z</time>
				<desc><![CDATA[CommonTimeValuePoint(absoluteTime=1764425018, value=0.59171593)]]></desc>
					<extensions>
						<ns3:TrackPointExtension>
							<ns3:speed>1.6949153</ns3:speed>
							<ns3:cad>0.0</ns3:cad>
							<ns3:hr>74</ns3:hr>
						</ns3:TrackPointExtension>
					</extensions>
			</trkpt>
			<trkpt lat="47.599983" lon="12.164274">
				<ele>727.0</ele>
				<time>2025-11-29T14:03:40Z</time>
				<desc><![CDATA[CommonTimeValuePoint(absoluteTime=1764425020, value=0.5524862)]]></desc>
					<extensions>
						<ns3:TrackPointExtension>
							<ns3:speed>1.8181818</ns3:speed>
							<ns3:cad>0.0</ns3:cad>
						</ns3:TrackPointExtension>
					</extensions>
			</trkpt>
			<trkpt lat="47.599937" lon="12.164222">
				<ele>727.0</ele>
				<time>2025-11-29T14:03:41Z</time>
				<desc><![CDATA[CommonTimeValuePoint(absoluteTime=1764425021, value=0.4672897)]]></desc>
					<extensions>
						<ns3:TrackPointExtension>
							<ns3:speed>2.173913</ns3:speed>
							<ns3:cad>0.0</ns3:cad>
						</ns3:TrackPointExtension>
					</extensions>
			</trkpt>
			<trkpt lat="47.59989" lon="12.164176">
				<ele>727.0</ele>
				<time>2025-11-29T14:03:42Z</time>
				<desc><![CDATA[CommonTimeValuePoint(absoluteTime=1764425022, value=0.4672897)]]></desc>
					<extensions>
						<ns3:TrackPointExtension>
							<ns3:speed>2.173913</ns3:speed>
							<ns3:cad>0.0</ns3:cad>
						</ns3:TrackPointExtension>
					</extensions>
			</trkpt>
			<trkpt lat="47.599823" lon="12.164051">
				<ele>723.0</ele>
				<time>2025-11-29T14:03:43Z</time>
				<desc><![CDATA[CommonTimeValuePoint(absoluteTime=1764425023, value=0.41841003)]]></desc>
					<extensions>
						<ns3:TrackPointExtension>
							<ns3:speed>2.4390244</ns3:speed>
							<ns3:cad>0.0</ns3:cad>
							<ns3:hr>74</ns3:hr>
						</ns3:TrackPointExtension>
					</extensions>
			</trkpt>
			<trkpt lat="47.599773" lon="12.16398">
				<ele>723.0</ele>
				<time>2025-11-29T14:03:44Z</time>
				<desc><![CDATA[CommonTimeValuePoint(absoluteTime=1764425024, value=0.38910508)]]></desc>
					<extensions>
						<ns3:TrackPointExtension>
							<ns3:speed>2.631579</ns3:speed>
							<ns3:cad>0.0</ns3:cad>
							<ns3:hr>74</ns3:hr>
						</ns3:TrackPointExtension>
					</extensions>
			</trkpt>
			<trkpt lat="47.599716" lon="12.1638775">
				<ele>723.0</ele>
				<time>2025-11-29T14:03:45Z</time>
				<desc><![CDATA[CommonTimeValuePoint(absoluteTime=1764425025, value=0.37037036)]]></desc>
					<extensions>
						<ns3:TrackPointExtension>
							<ns3:speed>2.7027028</ns3:speed>
							<ns3:cad>0.0</ns3:cad>
							<ns3:hr>74</ns3:hr>
						</ns3:TrackPointExtension>
					</extensions>
			</trkpt>
			<trkpt lat="47.59967" lon="12.163809">
				<ele>723.0</ele>
				<time>2025-11-29T14:03:46Z</time>
				<desc><![CDATA[CommonTimeValuePoint(absoluteTime=1764425026, value=0.35714287)]]></desc>
					<extensions>
						<ns3:TrackPointExtension>
							<ns3:speed>2.857143</ns3:speed>
							<ns3:cad>0.0</ns3:cad>
						</ns3:TrackPointExtension>
					</extensions>
			</trkpt>
			<trkpt lat="47.599636" lon="12.1637745">
				<ele>723.0</ele>
				<time>2025-11-29T14:03:48Z</time>
				<desc><![CDATA[CommonTimeValuePoint(absoluteTime=1764425028, value=0.34843206)]]></desc>
					<extensions>
						<ns3:TrackPointExtension>
							<ns3:speed>2.9411764</ns3:speed>
							<ns3:cad>0.0</ns3:cad>
							<ns3:hr>74</ns3:hr>
						</ns3:TrackPointExtension>
					</extensions>
			</trkpt>
			<trkpt lat="47.599377" lon="12.163744">
				<ele>723.0</ele>
				<time>2025-11-29T14:03:58Z</time>
				<desc><![CDATA[CommonTimeValuePoint(absoluteTime=1764425038, value=1.8)]]></desc>
					<extensions>
						<ns3:TrackPointExtension>
							<ns3:speed>0.5555556</ns3:speed>
							<ns3:cad>0.0</ns3:cad>
						</ns3:TrackPointExtension>
					</extensions>
			</trkpt>
			<trkpt lat="47.59952" lon="12.164049">
				<ele>723.0</ele>
				<time>2025-11-29T14:04:00Z</time>
				<desc><![CDATA[CommonTimeValuePoint(absoluteTime=1764425040, value=1.3333334)]]></desc>
					<extensions>
						<ns3:TrackPointExtension>
							<ns3:speed>0.75757575</ns3:speed>
							<ns3:cad>0.0</ns3:cad>
							<ns3:hr>74</ns3:hr>
						</ns3:TrackPointExtension>
					</extensions>
			</trkpt>
			<trkpt lat="47.599613" lon="12.1641655">
				<ele>723.0</ele>
				<time>2025-11-29T14:04:01Z</time>
				<desc><![CDATA[CommonTimeValuePoint(absoluteTime=1764425041, value=0.9433963)]]></desc>
					<extensions>
						<ns3:TrackPointExtension>
							<ns3:speed>1.0752689</ns3:speed>
							<ns3:cad>0.0</ns3:cad>
							<ns3:hr>74</ns3:hr>
						</ns3:TrackPointExtension>
					</extensions>
			</trkpt>
			<trkpt lat="47.59966" lon="12.164214">
				<ele>723.0</ele>
				<time>2025-11-29T14:04:02Z</time>
				<desc><![CDATA[CommonTimeValuePoint(absoluteTime=1764425042, value=0.7751938)]]></desc>
					<extensions>
						<ns3:TrackPointExtension>
							<ns3:speed>1.2987013</ns3:speed>
							<ns3:cad>0.0</ns3:cad>
							<ns3:hr>74</ns3:hr>
						</ns3:TrackPointExtension>
					</extensions>
			</trkpt>
			<trkpt lat="47.599705" lon="12.164276">
				<ele>723.0</ele>
				<time>2025-11-29T14:04:03Z</time>
				<desc><![CDATA[CommonTimeValuePoint(absoluteTime=1764425043, value=0.6849315)]]></desc>
					<extensions>
						<ns3:TrackPointExtension>
							<ns3:speed>1.4705882</ns3:speed>
							<ns3:cad>0.0</ns3:cad>
						</ns3:TrackPointExtension>
					</extensions>
			</trkpt>
			<trkpt lat="47.59975" lon="12.164342">
				<ele>723.0</ele>
				<time>2025-11-29T14:04:07Z</time>
				<desc><![CDATA[CommonTimeValuePoint(absoluteTime=1764425047, value=0.5988024)]]></desc>
					<extensions>
						<ns3:TrackPointExtension>
							<ns3:speed>1.6949153</ns3:speed>
							<ns3:cad>0.0</ns3:cad>
							<ns3:hr>74</ns3:hr>
						</ns3:TrackPointExtension>
					</extensions>
			</trkpt>
			<trkpt lat="47.59942" lon="12.164096">
				<ele>723.0</ele>
				<time>2025-11-29T14:04:22Z</time>
				<desc><![CDATA[CommonTimeValuePoint(absoluteTime=1764425062, value=1.8)]]></desc>
					<extensions>
						<ns3:TrackPointExtension>
							<ns3:speed>0.5555556</ns3:speed>
							<ns3:cad>0.0</ns3:cad>
							<ns3:hr>74</ns3:hr>
						</ns3:TrackPointExtension>
					</extensions>
			</trkpt>
			<trkpt lat="47.59948" lon="12.164178">
				<ele>723.0</ele>
				<time>2025-11-29T14:04:23Z</time>
				<desc><![CDATA[CommonTimeValuePoint(absoluteTime=1764425063, value=1.8)]]></desc>
					<extensions>
						<ns3:TrackPointExtension>
							<ns3:speed>0.5555556</ns3:speed>
							<ns3:cad>0.0</ns3:cad>
							<ns3:hr>74</ns3:hr>
						</ns3:TrackPointExtension>
					</extensions>
			</trkpt>
			<trkpt lat="47.599564" lon="12.164261">
				<ele>723.0</ele>
				<time>2025-11-29T14:04:24Z</time>
				<desc><![CDATA[CommonTimeValuePoint(absoluteTime=1764425064, value=1.8)]]></desc>
					<extensions>
						<ns3:TrackPointExtension>
							<ns3:speed>0.5555556</ns3:speed>
							<ns3:cad>0.0</ns3:cad>
							<ns3:hr>74</ns3:hr>
						</ns3:TrackPointExtension>
					</extensions>
			</trkpt>
			<trkpt lat="47.600086" lon="12.164556">
				<ele>715.0</ele>
				<time>2025-11-29T14:08:31Z</time>
				<desc><![CDATA[CommonTimeValuePoint(absoluteTime=1764425311, value=1.8)]]></desc>
					<extensions>
						<ns3:TrackPointExtension>
							<ns3:speed>0.5555556</ns3:speed>
							<ns3:cad>0.0</ns3:cad>
							<ns3:hr>86</ns3:hr>
						</ns3:TrackPointExtension>
					</extensions>
			</trkpt>
			<trkpt lat="47.600094" lon="12.164557">
				<ele>715.0</ele>
				<time>2025-11-29T14:08:32Z</time>
				<desc><![CDATA[CommonTimeValuePoint(absoluteTime=1764425312, value=1.8)]]></desc>
					<extensions>
						<ns3:TrackPointExtension>
							<ns3:speed>0.5555556</ns3:speed>
							<ns3:cad>0.0</ns3:cad>
						</ns3:TrackPointExtension>
					</extensions>
			</trkpt>
			<trkpt lat="47.600143" lon="12.164535">
				<ele>715.0</ele>
				<time>2025-11-29T14:08:38Z</time>
				<desc><![CDATA[CommonTimeValuePoint(absoluteTime=1764425318, value=1.8)]]></desc>
					<extensions>
						<ns3:TrackPointExtension>
							<ns3:speed>0.5555556</ns3:speed>
							<ns3:cad>0.0</ns3:cad>
						</ns3:TrackPointExtension>
					</extensions>
			</trkpt>
			<trkpt lat="47.600193" lon="12.164524">
				<ele>714.0</ele>
				<time>2025-11-29T14:08:43Z</time>
				<desc><![CDATA[CommonTimeValuePoint(absoluteTime=1764425323, value=1.8)]]></desc>
					<extensions>
						<ns3:TrackPointExtension>
							<ns3:speed>0.5555556</ns3:speed>
							<ns3:cad>0.0</ns3:cad>
						</ns3:TrackPointExtension>
					</extensions>
			</trkpt>
			<trkpt lat="47.600235" lon="12.164502">
				<ele>714.0</ele>
				<time>2025-11-29T14:08:46Z</time>
				<desc><![CDATA[CommonTimeValuePoint(absoluteTime=1764425326, value=1.4492754)]]></desc>
					<extensions>
						<ns3:TrackPointExtension>
							<ns3:speed>0.6993007</ns3:speed>
							<ns3:cad>0.0</ns3:cad>
							<ns3:hr>85</ns3:hr>
						</ns3:TrackPointExtension>
					</extensions>
			</trkpt>
			<trkpt lat="47.600285" lon="12.164502">
				<ele>713.0</ele>
				<time>2025-11-29T14:08:50Z</time>
				<desc><![CDATA[CommonTimeValuePoint(absoluteTime=1764425330, value=1.3888888)]]></desc>
					<extensions>
						<ns3:TrackPointExtension>
							<ns3:speed>0.729927</ns3:speed>
							<ns3:cad>0.0</ns3:cad>
						</ns3:TrackPointExtension>
					</extensions>
			</trkpt>
			<trkpt lat="47.600327" lon="12.1644745">
				<ele>712.0</ele>
				<time>2025-11-29T14:08:59Z</time>
				<desc><![CDATA[CommonTimeValuePoint(absoluteTime=1764425339, value=1.2820513)]]></desc>
					<extensions>
						<ns3:TrackPointExtension>
							<ns3:speed>0.78740156</ns3:speed>
							<ns3:cad>0.0</ns3:cad>
							<ns3:hr>90</ns3:hr>
						</ns3:TrackPointExtension>
					</extensions>
			</trkpt>
			<trkpt lat="47.600376" lon="12.1644945">
				<ele>710.0</ele>
				<time>2025-11-29T14:09:10Z</time>
				<desc><![CDATA[CommonTimeValuePoint(absoluteTime=1764425350, value=1.5625)]]></desc>
					<extensions>
						<ns3:TrackPointExtension>
							<ns3:speed>0.64935064</ns3:speed>
							<ns3:cad>0.0</ns3:cad>
							<ns3:hr>89</ns3:hr>
						</ns3:TrackPointExtension>
					</extensions>
			</trkpt>
			<trkpt lat="47.600418" lon="12.164491">
				<ele>709.0</ele>
				<time>2025-11-29T14:09:17Z</time>
				<desc><![CDATA[CommonTimeValuePoint(absoluteTime=1764425357, value=1.3888888)]]></desc>
					<extensions>
						<ns3:TrackPointExtension>
							<ns3:speed>0.7246377</ns3:speed>
							<ns3:cad>0.0</ns3:cad>
							<ns3:hr>91</ns3:hr>
						</ns3:TrackPointExtension>
					</extensions>
			</trkpt>
			<trkpt lat="47.600464" lon="12.164489">
				<ele>708.0</ele>
				<time>2025-11-29T14:09:23Z</time>
				<desc><![CDATA[CommonTimeValuePoint(absoluteTime=1764425363, value=1.1904762)]]></desc>
					<extensions>
						<ns3:TrackPointExtension>
							<ns3:speed>0.85470086</ns3:speed>
							<ns3:cad>0.0</ns3:cad>
							<ns3:hr>96</ns3:hr>
						</ns3:TrackPointExtension>
					</extensions>
			</trkpt>
			<trkpt lat="47.600494" lon="12.164435">
				<ele>708.0</ele>
				<time>2025-11-29T14:09:30Z</time>
				<desc><![CDATA[CommonTimeValuePoint(absoluteTime=1764425370, value=1.8)]]></desc>
					<extensions>
						<ns3:TrackPointExtension>
							<ns3:speed>0.5555556</ns3:speed>
							<ns3:cad>0.0</ns3:cad>
						</ns3:TrackPointExtension>
					</extensions>
			</trkpt>
			<trkpt lat="47.6005" lon="12.16437">
				<ele>707.0</ele>
				<time>2025-11-29T14:09:37Z</time>
				<desc><![CDATA[CommonTimeValuePoint(absoluteTime=1764425377, value=1.6666666)]]></desc>
					<extensions>
						<ns3:TrackPointExtension>
							<ns3:speed>0.6060606</ns3:speed>
							<ns3:cad>0.0</ns3:cad>
							<ns3:hr>95</ns3:hr>
						</ns3:TrackPointExtension>
					</extensions>
			</trkpt>
			<trkpt lat="47.600487" lon="12.164299">
				<ele>706.0</ele>
				<time>2025-11-29T14:09:43Z</time>
				<desc><![CDATA[CommonTimeValuePoint(absoluteTime=1764425383, value=1.4084507)]]></desc>
					<extensions>
						<ns3:TrackPointExtension>
							<ns3:speed>0.71428573</ns3:speed>
							<ns3:cad>0.0</ns3:cad>
							<ns3:hr>100</ns3:hr>
						</ns3:TrackPointExtension>
					</extensions>
			</trkpt>
			<trkpt lat="47.6005" lon="12.164234">
				<ele>705.0</ele>
				<time>2025-11-29T14:09:50Z</time>
				<desc><![CDATA[CommonTimeValuePoint(absoluteTime=1764425390, value=1.8)]]></desc>
					<extensions>
						<ns3:TrackPointExtension>
							<ns3:speed>0.5555556</ns3:speed>
							<ns3:cad>0.0</ns3:cad>
							<ns3:hr>101</ns3:hr>
						</ns3:TrackPointExtension>
					</extensions>
			</trkpt>
			<trkpt lat="47.60047" lon="12.164171">
				<ele>704.0</ele>
				<time>2025-11-29T14:10:01Z</time>
				<desc><![CDATA[CommonTimeValuePoint(absoluteTime=1764425401, value=1.8)]]></desc>
					<extensions>
						<ns3:TrackPointExtension>
							<ns3:speed>0.5555556</ns3:speed>
							<ns3:cad>0.0</ns3:cad>
							<ns3:hr>100</ns3:hr>
						</ns3:TrackPointExtension>
					</extensions>
			</trkpt>
			<trkpt lat="47.600426" lon="12.164139">
				<ele>703.0</ele>
				<time>2025-11-29T14:10:10Z</time>
				<desc><![CDATA[CommonTimeValuePoint(absoluteTime=1764425410, value=1.5151515)]]></desc>
					<extensions>
						<ns3:TrackPointExtension>
							<ns3:speed>0.6666667</ns3:speed>
							<ns3:cad>0.0</ns3:cad>
							<ns3:hr>99</ns3:hr>
						</ns3:TrackPointExtension>
					</extensions>
			</trkpt>
			<trkpt lat="47.600384" lon="12.164116">
				<ele>702.0</ele>
				<time>2025-11-29T14:10:15Z</time>
				<desc><![CDATA[CommonTimeValuePoint(absoluteTime=1764425415, value=1.1904762)]]></desc>
					<extensions>
						<ns3:TrackPointExtension>
							<ns3:speed>0.85470086</ns3:speed>
							<ns3:cad>0.0</ns3:cad>
							<ns3:hr>98</ns3:hr>
						</ns3:TrackPointExtension>
					</extensions>
			</trkpt>
			<trkpt lat="47.600338" lon="12.164092">
				<ele>702.0</ele>
				<time>2025-11-29T14:10:20Z</time>
				<desc><![CDATA[CommonTimeValuePoint(absoluteTime=1764425420, value=1.1764705)]]></desc>
					<extensions>
						<ns3:TrackPointExtension>
							<ns3:speed>0.862069</ns3:speed>
							<ns3:cad>0.0</ns3:cad>
							<ns3:hr>99</ns3:hr>
						</ns3:TrackPointExtension>
					</extensions>
			</trkpt>
			<trkpt lat="47.60029" lon="12.164092">
				<ele>702.0</ele>
				<time>2025-11-29T14:10:25Z</time>
				<desc><![CDATA[CommonTimeValuePoint(absoluteTime=1764425425, value=1.1363636)]]></desc>
					<extensions>
						<ns3:TrackPointExtension>
							<ns3:speed>0.88495576</ns3:speed>
							<ns3:cad>0.0</ns3:cad>
							<ns3:hr>106</ns3:hr>
						</ns3:TrackPointExtension>
					</extensions>
			</trkpt>
			<trkpt lat="47.600243" lon="12.164099">
				<ele>701.0</ele>
				<time>2025-11-29T14:10:29Z</time>
				<desc><![CDATA[CommonTimeValuePoint(absoluteTime=1764425429, value=1.0309278)]]></desc>
					<extensions>
						<ns3:TrackPointExtension>
							<ns3:speed>0.98039216</ns3:speed>
							<ns3:cad>0.0</ns3:cad>
							<ns3:hr>104</ns3:hr>
						</ns3:TrackPointExtension>
					</extensions>
			</trkpt>
			<trkpt lat="47.600197" lon="12.164119">
				<ele>700.0</ele>
				<time>2025-11-29T14:10:35Z</time>
				<desc><![CDATA[CommonTimeValuePoint(absoluteTime=1764425435, value=1.1235955)]]></desc>
					<extensions>
						<ns3:TrackPointExtension>
							<ns3:speed>0.89285713</ns3:speed>
							<ns3:cad>0.0</ns3:cad>
							<ns3:hr>103</ns3:hr>
						</ns3:TrackPointExtension>
					</extensions>
			</trkpt>
			<trkpt lat="47.60015" lon="12.164129">
				<ele>699.0</ele>
				<time>2025-11-29T14:10:41Z</time>
				<desc><![CDATA[CommonTimeValuePoint(absoluteTime=1764425441, value=1.3888888)]]></desc>
					<extensions>
						<ns3:TrackPointExtension>
							<ns3:speed>0.729927</ns3:speed>
							<ns3:cad>0.0</ns3:cad>
							<ns3:hr>108</ns3:hr>
						</ns3:TrackPointExtension>
					</extensions>
			</trkpt>
			<trkpt lat="47.60011" lon="12.164107">
				<ele>697.0</ele>
				<time>2025-11-29T14:10:52Z</time>
				<desc><![CDATA[CommonTimeValuePoint(absoluteTime=1764425452, value=1.8)]]></desc>
					<extensions>
						<ns3:TrackPointExtension>
							<ns3:speed>0.5555556</ns3:speed>
							<ns3:cad>0.0</ns3:cad>
							<ns3:hr>107</ns3:hr>
						</ns3:TrackPointExtension>
					</extensions>
			</trkpt>
			<trkpt lat="47.600067" lon="12.164072">
				<ele>695.0</ele>
				<time>2025-11-29T14:11:01Z</time>
				<desc><![CDATA[CommonTimeValuePoint(absoluteTime=1764425461, value=1.8)]]></desc>
					<extensions>
						<ns3:TrackPointExtension>
							<ns3:speed>0.5555556</ns3:speed>
							<ns3:cad>0.0</ns3:cad>
							<ns3:hr>106</ns3:hr>
						</ns3:TrackPointExtension>
					</extensions>
			</trkpt>
			<trkpt lat="47.600018" lon="12.164041">
				<ele>694.0</ele>
				<time>2025-11-29T14:11:12Z</time>
				<desc><![CDATA[CommonTimeValuePoint(absoluteTime=1764425472, value=1.8)]]></desc>
					<extensions>
						<ns3:TrackPointExtension>
							<ns3:speed>0.5555556</ns3:speed>
							<ns3:cad>0.0</ns3:cad>
							<ns3:hr>106</ns3:hr>
						</ns3:TrackPointExtension>
					</extensions>
			</trkpt>
			<trkpt lat="47.59997" lon="12.164007">
				<ele>693.0</ele>
				<time>2025-11-29T14:11:16Z</time>
				<desc><![CDATA[CommonTimeValuePoint(absoluteTime=1764425476, value=1.1904762)]]></desc>
					<extensions>
						<ns3:TrackPointExtension>
							<ns3:speed>0.84745765</ns3:speed>
							<ns3:cad>0.0</ns3:cad>
						</ns3:TrackPointExtension>
					</extensions>
			</trkpt>
			<trkpt lat="47.59993" lon="12.163974">
				<ele>691.0</ele>
				<time>2025-11-29T14:11:22Z</time>
				<desc><![CDATA[CommonTimeValuePoint(absoluteTime=1764425482, value=1.1904762)]]></desc>
					<extensions>
						<ns3:TrackPointExtension>
							<ns3:speed>0.85470086</ns3:speed>
							<ns3:cad>0.0</ns3:cad>
							<ns3:hr>110</ns3:hr>
						</ns3:TrackPointExtension>
					</extensions>
			</trkpt>
			<trkpt lat="47.59988" lon="12.164004">
				<ele>689.0</ele>
				<time>2025-11-29T14:11:32Z</time>
				<desc><![CDATA[CommonTimeValuePoint(absoluteTime=1764425492, value=1.5873016)]]></desc>
					<extensions>
						<ns3:TrackPointExtension>
							<ns3:speed>0.6329114</ns3:speed>
							<ns3:cad>0.0</ns3:cad>
							<ns3:hr>112</ns3:hr>
						</ns3:TrackPointExtension>
					</extensions>
			</trkpt>
			<trkpt lat="47.59984" lon="12.164036">
				<ele>688.0</ele>
				<time>2025-11-29T14:11:39Z</time>
				<desc><![CDATA[CommonTimeValuePoint(absoluteTime=1764425499, value=1.6129032)]]></desc>
					<extensions>
						<ns3:TrackPointExtension>
							<ns3:speed>0.6289308</ns3:speed>
							<ns3:cad>0.0</ns3:cad>
							<ns3:hr>110</ns3:hr>
						</ns3:TrackPointExtension>
					</extensions>
			</trkpt>
			<trkpt lat="47.599808" lon="12.164098">
				<ele>688.0</ele>
				<time>2025-11-29T14:11:47Z</time>
				<desc><![CDATA[CommonTimeValuePoint(absoluteTime=1764425507, value=1.724138)]]></desc>
					<extensions>
						<ns3:TrackPointExtension>
							<ns3:speed>0.58823526</ns3:speed>
							<ns3:cad>0.0</ns3:cad>
							<ns3:hr>109</ns3:hr>
						</ns3:TrackPointExtension>
					</extensions>
			</trkpt>
			<trkpt lat="47.599785" lon="12.164159">
				<ele>687.0</ele>
				<time>2025-11-29T14:11:53Z</time>
				<desc><![CDATA[CommonTimeValuePoint(absoluteTime=1764425513, value=1.5384616)]]></desc>
					<extensions>
						<ns3:TrackPointExtension>
							<ns3:speed>0.65789473</ns3:speed>
							<ns3:cad>0.0</ns3:cad>
							<ns3:hr>106</ns3:hr>
						</ns3:TrackPointExtension>
					</extensions>
			</trkpt>
			<trkpt lat="47.599754" lon="12.164225">
				<ele>687.0</ele>
				<time>2025-11-29T14:11:59Z</time>
				<desc><![CDATA[CommonTimeValuePoint(absoluteTime=1764425519, value=1.4705882)]]></desc>
					<extensions>
						<ns3:TrackPointExtension>
							<ns3:speed>0.6896551</ns3:speed>
							<ns3:cad>0.0</ns3:cad>
							<ns3:hr>113</ns3:hr>
						</ns3:TrackPointExtension>
					</extensions>
			</trkpt>
			<trkpt lat="47.59973" lon="12.164297">
				<ele>686.0</ele>
				<time>2025-11-29T14:12:05Z</time>
				<desc><![CDATA[CommonTimeValuePoint(absoluteTime=1764425525, value=1.4705882)]]></desc>
					<extensions>
						<ns3:TrackPointExtension>
							<ns3:speed>0.6849315</ns3:speed>
							<ns3:cad>0.0</ns3:cad>
						</ns3:TrackPointExtension>
					</extensions>
			</trkpt>
			<trkpt lat="47.599728" lon="12.164368">
				<ele>685.0</ele>
				<time>2025-11-29T14:12:11Z</time>
				<desc><![CDATA[CommonTimeValuePoint(absoluteTime=1764425531, value=1.3513514)]]></desc>
					<extensions>
						<ns3:TrackPointExtension>
							<ns3:speed>0.74626863</ns3:speed>
							<ns3:cad>0.0</ns3:cad>
							<ns3:hr>111</ns3:hr>
						</ns3:TrackPointExtension>
					</extensions>
			</trkpt>
			<trkpt lat="47.599705" lon="12.164433">
				<ele>684.0</ele>
				<time>2025-11-29T14:12:17Z</time>
				<desc><![CDATA[CommonTimeValuePoint(absoluteTime=1764425537, value=1.3157895)]]></desc>
					<extensions>
						<ns3:TrackPointExtension>
							<ns3:speed>0.7692308</ns3:speed>
							<ns3:cad>0.0</ns3:cad>
							<ns3:hr>114</ns3:hr>
						</ns3:TrackPointExtension>
					</extensions>
			</trkpt>
			<trkpt lat="47.59967" lon="12.164477">
				<ele>683.0</ele>
				<time>2025-11-29T14:12:21Z</time>
				<desc><![CDATA[CommonTimeValuePoint(absoluteTime=1764425541, value=1.4084507)]]></desc>
					<extensions>
						<ns3:TrackPointExtension>
							<ns3:speed>0.71428573</ns3:speed>
							<ns3:cad>0.0</ns3:cad>
							<ns3:hr>113</ns3:hr>
						</ns3:TrackPointExtension>
					</extensions>
			</trkpt>
			<trkpt lat="47.599636" lon="12.164529">
				<ele>683.0</ele>
				<time>2025-11-29T14:12:38Z</time>
				<desc><![CDATA[CommonTimeValuePoint(absoluteTime=1764425558, value=1.8)]]></desc>
					<extensions>
						<ns3:TrackPointExtension>
							<ns3:speed>0.5555556</ns3:speed>
							<ns3:cad>0.0</ns3:cad>
							<ns3:hr>112</ns3:hr>
						</ns3:TrackPointExtension>
					</extensions>
			</trkpt>
			<trkpt lat="47.5996" lon="12.1645975">
				<ele>683.0</ele>
				<time>2025-11-29T14:12:45Z</time>
				<desc><![CDATA[CommonTimeValuePoint(absoluteTime=1764425565, value=1.8)]]></desc>
					<extensions>
						<ns3:TrackPointExtension>
							<ns3:speed>0.5555556</ns3:speed>
							<ns3:cad>0.0</ns3:cad>
							<ns3:hr>112</ns3:hr>
						</ns3:TrackPointExtension>
					</extensions>
			</trkpt>
			<trkpt lat="47.599586" lon="12.164662">
				<ele>682.0</ele>
				<time>2025-11-29T14:12:52Z</time>
				<desc><![CDATA[CommonTimeValuePoint(absoluteTime=1764425572, value=1.6393442)]]></desc>
					<extensions>
						<ns3:TrackPointExtension>
							<ns3:speed>0.61349696</ns3:speed>
							<ns3:cad>0.0</ns3:cad>
							<ns3:hr>114</ns3:hr>
						</ns3:TrackPointExtension>
					</extensions>
			</trkpt>
			<trkpt lat="47.599537" lon="12.164644">
				<ele>675.0</ele>
				<time>2025-11-29T14:13:22Z</time>
				<desc><![CDATA[CommonTimeValuePoint(absoluteTime=1764425602, value=1.5625)]]></desc>
					<extensions>
						<ns3:TrackPointExtension>
							<ns3:speed>0.64935064</ns3:speed>
							<ns3:cad>0.0</ns3:cad>
						</ns3:TrackPointExtension>
					</extensions>
			</trkpt>
			<trkpt lat="47.599506" lon="12.164696">
				<ele>674.0</ele>
				<time>2025-11-29T14:13:29Z</time>
				<desc><![CDATA[CommonTimeValuePoint(absoluteTime=1764425609, value=1.8)]]></desc>
					<extensions>
						<ns3:TrackPointExtension>
							<ns3:speed>0.5555556</ns3:speed>
							<ns3:cad>0.0</ns3:cad>
							<ns3:hr>118</ns3:hr>
						</ns3:TrackPointExtension>
					</extensions>
			</trkpt>
			<trkpt lat="47.599503" lon="12.164624">
				<ele>672.0</ele>
				<time>2025-11-29T14:13:41Z</time>
				<desc><![CDATA[CommonTimeValuePoint(absoluteTime=1764425621, value=1.8)]]></desc>
					<extensions>
						<ns3:TrackPointExtension>
							<ns3:speed>0.5555556</ns3:speed>
							<ns3:cad>0.0</ns3:cad>
						</ns3:TrackPointExtension>
					</extensions>
			</trkpt>
			<trkpt lat="47.599514" lon="12.164555">
				<ele>670.0</ele>
				<time>2025-11-29T14:13:48Z</time>
				<desc><![CDATA[CommonTimeValuePoint(absoluteTime=1764425628, value=1.8)]]></desc>
					<extensions>
						<ns3:TrackPointExtension>
							<ns3:speed>0.5555556</ns3:speed>
							<ns3:cad>0.0</ns3:cad>
							<ns3:hr>118</ns3:hr>
						</ns3:TrackPointExtension>
					</extensions>
			</trkpt>
			<trkpt lat="47.599545" lon="12.164495">
				<ele>669.0</ele>
				<time>2025-11-29T14:13:54Z</time>
				<desc><![CDATA[CommonTimeValuePoint(absoluteTime=1764425634, value=1.3333334)]]></desc>
					<extensions>
						<ns3:TrackPointExtension>
							<ns3:speed>0.76335883</ns3:speed>
							<ns3:cad>0.0</ns3:cad>
							<ns3:hr>116</ns3:hr>
						</ns3:TrackPointExtension>
					</extensions>
			</trkpt>
			<trkpt lat="47.59956" lon="12.164426">
				<ele>669.0</ele>
				<time>2025-11-29T14:14:02Z</time>
				<desc><![CDATA[CommonTimeValuePoint(absoluteTime=1764425642, value=1.5625)]]></desc>
					<extensions>
						<ns3:TrackPointExtension>
							<ns3:speed>0.64935064</ns3:speed>
							<ns3:cad>0.0</ns3:cad>
							<ns3:hr>117</ns3:hr>
						</ns3:TrackPointExtension>
					</extensions>
			</trkpt>
			<trkpt lat="47.599514" lon="12.164437">
				<ele>667.0</ele>
				<time>2025-11-29T14:14:07Z</time>
				<desc><![CDATA[CommonTimeValuePoint(absoluteTime=1764425647, value=1.4285715)]]></desc>
					<extensions>
						<ns3:TrackPointExtension>
							<ns3:speed>0.70422536</ns3:speed>
							<ns3:cad>0.0</ns3:cad>
							<ns3:hr>115</ns3:hr>
						</ns3:TrackPointExtension>
					</extensions>
			</trkpt>
			<trkpt lat="47.599472" lon="12.164379">
				<ele>664.0</ele>
				<time>2025-11-29T14:14:19Z</time>
				<desc><![CDATA[CommonTimeValuePoint(absoluteTime=1764425659, value=1.25)]]></desc>
					<extensions>
						<ns3:TrackPointExtension>
							<ns3:speed>0.8064516</ns3:speed>
							<ns3:cad>0.0</ns3:cad>
							<ns3:hr>122</ns3:hr>
						</ns3:TrackPointExtension>
					</extensions>
			</trkpt>
			<trkpt lat="47.59942" lon="12.16439">
				<ele>664.0</ele>
				<time>2025-11-29T14:14:23Z</time>
				<desc><![CDATA[CommonTimeValuePoint(absoluteTime=1764425663, value=1.1111112)]]></desc>
					<extensions>
						<ns3:TrackPointExtension>
							<ns3:speed>0.9090909</ns3:speed>
							<ns3:cad>0.0</ns3:cad>
							<ns3:hr>121</ns3:hr>
						</ns3:TrackPointExtension>
					</extensions>
			</trkpt>
			<trkpt lat="47.599373" lon="12.164415">
				<ele>664.0</ele>
				<time>2025-11-29T14:14:28Z</time>
				<desc><![CDATA[CommonTimeValuePoint(absoluteTime=1764425668, value=1.0638298)]]></desc>
					<extensions>
						<ns3:TrackPointExtension>
							<ns3:speed>0.952381</ns3:speed>
							<ns3:cad>0.0</ns3:cad>
						</ns3:TrackPointExtension>
					</extensions>
			</trkpt>
			<trkpt lat="47.59933" lon="12.164462">
				<ele>663.0</ele>
				<time>2025-11-29T14:14:35Z</time>
				<desc><![CDATA[CommonTimeValuePoint(absoluteTime=1764425675, value=1.1764705)]]></desc>
					<extensions>
						<ns3:TrackPointExtension>
							<ns3:speed>0.862069</ns3:speed>
							<ns3:cad>0.0</ns3:cad>
							<ns3:hr>119</ns3:hr>
						</ns3:TrackPointExtension>
					</extensions>
			</trkpt>
			<trkpt lat="47.5993" lon="12.164522">
				<ele>662.0</ele>
				<time>2025-11-29T14:14:41Z</time>
				<desc><![CDATA[CommonTimeValuePoint(absoluteTime=1764425681, value=1.4285715)]]></desc>
					<extensions>
						<ns3:TrackPointExtension>
							<ns3:speed>0.70422536</ns3:speed>
							<ns3:cad>0.0</ns3:cad>
							<ns3:hr>120</ns3:hr>
						</ns3:TrackPointExtension>
					</extensions>
			</trkpt>
			<trkpt lat="47.599297" lon="12.164455">
				<ele>661.0</ele>
				<time>2025-11-29T14:14:52Z</time>
				<desc><![CDATA[CommonTimeValuePoint(absoluteTime=1764425692, value=1.4925373)]]></desc>
					<extensions>
						<ns3:TrackPointExtension>
							<ns3:speed>0.6802721</ns3:speed>
							<ns3:cad>0.0</ns3:cad>
							<ns3:hr>118</ns3:hr>
						</ns3:TrackPointExtension>
					</extensions>
			</trkpt>
			<trkpt lat="47.599316" lon="12.164384">
				<ele>661.0</ele>
				<time>2025-11-29T14:14:59Z</time>
				<desc><![CDATA[CommonTimeValuePoint(absoluteTime=1764425699, value=1.2820513)]]></desc>
					<extensions>
						<ns3:TrackPointExtension>
							<ns3:speed>0.78740156</ns3:speed>
							<ns3:cad>0.0</ns3:cad>
							<ns3:hr>117</ns3:hr>
						</ns3:TrackPointExtension>
					</extensions>
			</trkpt>
			<trkpt lat="47.599335" lon="12.164317">
				<ele>660.0</ele>
				<time>2025-11-29T14:15:05Z</time>
				<desc><![CDATA[CommonTimeValuePoint(absoluteTime=1764425705, value=1.4084507)]]></desc>
					<extensions>
						<ns3:TrackPointExtension>
							<ns3:speed>0.7194245</ns3:speed>
							<ns3:cad>0.0</ns3:cad>
							<ns3:hr>119</ns3:hr>
						</ns3:TrackPointExtension>
					</extensions>
			</trkpt>
			<trkpt lat="47.59929" lon="12.16429">
				<ele>658.0</ele>
				<time>2025-11-29T14:15:20Z</time>
				<desc><![CDATA[CommonTimeValuePoint(absoluteTime=1764425720, value=1.6949153)]]></desc>
					<extensions>
						<ns3:TrackPointExtension>
							<ns3:speed>0.5952381</ns3:speed>
							<ns3:cad>0.0</ns3:cad>
							<ns3:hr>116</ns3:hr>
						</ns3:TrackPointExtension>
					</extensions>
			</trkpt>
			<trkpt lat="47.599297" lon="12.164221">
				<ele>655.0</ele>
				<time>2025-11-29T14:15:41Z</time>
				<desc><![CDATA[CommonTimeValuePoint(absoluteTime=1764425741, value=1.5625)]]></desc>
					<extensions>
						<ns3:TrackPointExtension>
							<ns3:speed>0.6535948</ns3:speed>
							<ns3:cad>0.0</ns3:cad>
							<ns3:hr>121</ns3:hr>
						</ns3:TrackPointExtension>
					</extensions>
			</trkpt>
			<trkpt lat="47.599335" lon="12.164174">
				<ele>654.0</ele>
				<time>2025-11-29T14:15:50Z</time>
				<desc><![CDATA[CommonTimeValuePoint(absoluteTime=1764425750, value=1.4084507)]]></desc>
					<extensions>
						<ns3:TrackPointExtension>
							<ns3:speed>0.7194245</ns3:speed>
							<ns3:cad>0.0</ns3:cad>
							<ns3:hr>119</ns3:hr>
						</ns3:TrackPointExtension>
					</extensions>
			</trkpt>
			<trkpt lat="47.599373" lon="12.164138">
				<ele>654.0</ele>
				<time>2025-11-29T14:15:55Z</time>
				<desc><![CDATA[CommonTimeValuePoint(absoluteTime=1764425755, value=1.3888888)]]></desc>
					<extensions>
						<ns3:TrackPointExtension>
							<ns3:speed>0.7246377</ns3:speed>
							<ns3:cad>0.0</ns3:cad>
							<ns3:hr>121</ns3:hr>
						</ns3:TrackPointExtension>
					</extensions>
			</trkpt>
			<trkpt lat="47.599396" lon="12.164079">
				<ele>653.0</ele>
				<time>2025-11-29T14:16:01Z</time>
				<desc><![CDATA[CommonTimeValuePoint(absoluteTime=1764425761, value=1.5873016)]]></desc>
					<extensions>
						<ns3:TrackPointExtension>
							<ns3:speed>0.6369426</ns3:speed>
							<ns3:cad>0.0</ns3:cad>
							<ns3:hr>127</ns3:hr>
						</ns3:TrackPointExtension>
					</extensions>
			</trkpt>
			<trkpt lat="47.59935" lon="12.164089">
				<ele>651.0</ele>
				<time>2025-11-29T14:16:12Z</time>
				<desc><![CDATA[CommonTimeValuePoint(absoluteTime=1764425772, value=1.5384616)]]></desc>
					<extensions>
						<ns3:TrackPointExtension>
							<ns3:speed>0.6535948</ns3:speed>
							<ns3:cad>0.0</ns3:cad>
							<ns3:hr>123</ns3:hr>
						</ns3:TrackPointExtension>
					</extensions>
			</trkpt>
			<trkpt lat="47.599297" lon="12.164078">
				<ele>650.0</ele>
				<time>2025-11-29T14:16:18Z</time>
				<desc><![CDATA[CommonTimeValuePoint(absoluteTime=1764425778, value=1.1764705)]]></desc>
					<extensions>
						<ns3:TrackPointExtension>
							<ns3:speed>0.85470086</ns3:speed>
							<ns3:cad>0.0</ns3:cad>
							<ns3:hr>121</ns3:hr>
						</ns3:TrackPointExtension>
					</extensions>
			</trkpt>
			<trkpt lat="47.599243" lon="12.164087">
				<ele>649.0</ele>
				<time>2025-11-29T14:16:22Z</time>
				<desc><![CDATA[CommonTimeValuePoint(absoluteTime=1764425782, value=1.1111112)]]></desc>
					<extensions>
						<ns3:TrackPointExtension>
							<ns3:speed>0.9009009</ns3:speed>
							<ns3:cad>0.0</ns3:cad>
							<ns3:hr>120</ns3:hr>
						</ns3:TrackPointExtension>
					</extensions>
			</trkpt>
			<trkpt lat="47.599205" lon="12.164061">
				<ele>647.0</ele>
				<time>2025-11-29T14:16:30Z</time>
				<desc><![CDATA[CommonTimeValuePoint(absoluteTime=1764425790, value=1.8)]]></desc>
					<extensions>
						<ns3:TrackPointExtension>
							<ns3:speed>0.5555556</ns3:speed>
							<ns3:cad>0.0</ns3:cad>
							<ns3:hr>118</ns3:hr>
						</ns3:TrackPointExtension>
					</extensions>
			</trkpt>
			<trkpt lat="47.59924" lon="12.164013">
				<ele>646.0</ele>
				<time>2025-11-29T14:16:38Z</time>
				<desc><![CDATA[CommonTimeValuePoint(absoluteTime=1764425798, value=1.8)]]></desc>
					<extensions>
						<ns3:TrackPointExtension>
							<ns3:speed>0.5555556</ns3:speed>
							<ns3:cad>0.0</ns3:cad>
						</ns3:TrackPointExtension>
					</extensions>
			</trkpt>
			<trkpt lat="47.59926" lon="12.163947">
				<ele>646.0</ele>
				<time>2025-11-29T14:16:44Z</time>
				<desc><![CDATA[CommonTimeValuePoint(absoluteTime=1764425804, value=1.724138)]]></desc>
					<extensions>
						<ns3:TrackPointExtension>
							<ns3:speed>0.5847953</ns3:speed>
							<ns3:cad>0.0</ns3:cad>
							<ns3:hr>114</ns3:hr>
						</ns3:TrackPointExtension>
					</extensions>
			</trkpt>
			<trkpt lat="47.59927" lon="12.163871">
				<ele>645.0</ele>
				<time>2025-11-29T14:16:50Z</time>
				<desc><![CDATA[CommonTimeValuePoint(absoluteTime=1764425810, value=1.4492754)]]></desc>
					<extensions>
						<ns3:TrackPointExtension>
							<ns3:speed>0.6993007</ns3:speed>
							<ns3:cad>0.0</ns3:cad>
							<ns3:hr>114</ns3:hr>
						</ns3:TrackPointExtension>
					</extensions>
			</trkpt>
			<trkpt lat="47.59931" lon="12.163828">
				<ele>644.0</ele>
				<time>2025-11-29T14:16:56Z</time>
				<desc><![CDATA[CommonTimeValuePoint(absoluteTime=1764425816, value=1.2820513)]]></desc>
					<extensions>
						<ns3:TrackPointExtension>
							<ns3:speed>0.7936508</ns3:speed>
							<ns3:cad>0.0</ns3:cad>
							<ns3:hr>113</ns3:hr>
						</ns3:TrackPointExtension>
					</extensions>
			</trkpt>
			<trkpt lat="47.59932" lon="12.163755">
				<ele>643.0</ele>
				<time>2025-11-29T14:17:04Z</time>
				<desc><![CDATA[CommonTimeValuePoint(absoluteTime=1764425824, value=1.5384616)]]></desc>
					<extensions>
						<ns3:TrackPointExtension>
							<ns3:speed>0.65789473</ns3:speed>
							<ns3:cad>0.0</ns3:cad>
							<ns3:hr>115</ns3:hr>
						</ns3:TrackPointExtension>
					</extensions>
			</trkpt>
			<trkpt lat="47.599304" lon="12.163691">
				<ele>642.0</ele>
				<time>2025-11-29T14:17:10Z</time>
				<desc><![CDATA[CommonTimeValuePoint(absoluteTime=1764425830, value=1.8)]]></desc>
					<extensions>
						<ns3:TrackPointExtension>
							<ns3:speed>0.5555556</ns3:speed>
							<ns3:cad>0.0</ns3:cad>
							<ns3:hr>114</ns3:hr>
						</ns3:TrackPointExtension>
					</extensions>
			</trkpt>
			<trkpt lat="47.59929" lon="12.163628">
				<ele>640.0</ele>
				<time>2025-11-29T14:17:18Z</time>
				<desc><![CDATA[CommonTimeValuePoint(absoluteTime=1764425838, value=1.8)]]></desc>
					<extensions>
						<ns3:TrackPointExtension>
							<ns3:speed>0.5555556</ns3:speed>
							<ns3:cad>0.0</ns3:cad>
							<ns3:hr>121</ns3:hr>
						</ns3:TrackPointExtension>
					</extensions>
			</trkpt>
			<trkpt lat="47.59924" lon="12.163576">
				<ele>639.0</ele>
				<time>2025-11-29T14:17:23Z</time>
				<desc><![CDATA[CommonTimeValuePoint(absoluteTime=1764425843, value=1.6666666)]]></desc>
					<extensions>
						<ns3:TrackPointExtension>
							<ns3:speed>0.60240966</ns3:speed>
							<ns3:cad>0.0</ns3:cad>
						</ns3:TrackPointExtension>
					</extensions>
			</trkpt>
			<trkpt lat="47.59921" lon="12.163526">
				<ele>638.0</ele>
				<time>2025-11-29T14:17:27Z</time>
				<desc><![CDATA[CommonTimeValuePoint(absoluteTime=1764425847, value=1.010101)]]></desc>
					<extensions>
						<ns3:TrackPointExtension>
							<ns3:speed>1.0</ns3:speed>
							<ns3:cad>0.0</ns3:cad>
							<ns3:hr>120</ns3:hr>
						</ns3:TrackPointExtension>
					</extensions>
			</trkpt>
			<trkpt lat="47.59918" lon="12.163463">
				<ele>636.0</ele>
				<time>2025-11-29T14:17:35Z</time>
				<desc><![CDATA[CommonTimeValuePoint(absoluteTime=1764425855, value=1.2195122)]]></desc>
					<extensions>
						<ns3:TrackPointExtension>
							<ns3:speed>0.82644624</ns3:speed>
							<ns3:cad>0.0</ns3:cad>
							<ns3:hr>120</ns3:hr>
						</ns3:TrackPointExtension>
					</extensions>
			</trkpt>
			<trkpt lat="47.599144" lon="12.163416">
				<ele>635.0</ele>
				<time>2025-11-29T14:17:39Z</time>
				<desc><![CDATA[CommonTimeValuePoint(absoluteTime=1764425859, value=1.2345679)]]></desc>
					<extensions>
						<ns3:TrackPointExtension>
							<ns3:speed>0.8130081</ns3:speed>
							<ns3:cad>0.0</ns3:cad>
							<ns3:hr>122</ns3:hr>
						</ns3:TrackPointExtension>
					</extensions>
			</trkpt>
			<trkpt lat="47.599113" lon="12.163358">
				<ele>635.0</ele>
				<time>2025-11-29T14:17:43Z</time>
				<desc><![CDATA[CommonTimeValuePoint(absoluteTime=1764425863, value=0.9615385)]]></desc>
					<extensions>
						<ns3:TrackPointExtension>
							<ns3:speed>1.0526316</ns3:speed>
							<ns3:cad>0.0</ns3:cad>
							<ns3:hr>121</ns3:hr>
						</ns3:TrackPointExtension>
					</extensions>
			</trkpt>
			<trkpt lat="47.599094" lon="12.163287">
				<ele>634.0</ele>
				<time>2025-11-29T14:17:49Z</time>
				<desc><![CDATA[CommonTimeValuePoint(absoluteTime=1764425869, value=1.0309278)]]></desc>
					<extensions>
						<ns3:TrackPointExtension>
							<ns3:speed>0.98039216</ns3:speed>
							<ns3:cad>0.0</ns3:cad>
							<ns3:hr>117</ns3:hr>
						</ns3:TrackPointExtension>
					</extensions>
			</trkpt>
			<trkpt lat="47.599064" lon="12.163226">
				<ele>634.0</ele>
				<time>2025-11-29T14:17:55Z</time>
				<desc><![CDATA[CommonTimeValuePoint(absoluteTime=1764425875, value=1.2987013)]]></desc>
					<extensions>
						<ns3:TrackPointExtension>
							<ns3:speed>0.78125</ns3:speed>
							<ns3:cad>0.0</ns3:cad>
							<ns3:hr>116</ns3:hr>
						</ns3:TrackPointExtension>
					</extensions>
			</trkpt>
			<trkpt lat="47.599033" lon="12.163148">
				<ele>633.0</ele>
				<time>2025-11-29T14:18:01Z</time>
				<desc><![CDATA[CommonTimeValuePoint(absoluteTime=1764425881, value=1.6129032)]]></desc>
					<extensions>
						<ns3:TrackPointExtension>
							<ns3:speed>0.6289308</ns3:speed>
							<ns3:cad>0.0</ns3:cad>
							<ns3:hr>119</ns3:hr>
						</ns3:TrackPointExtension>
					</extensions>
			</trkpt>
			<trkpt lat="47.599" lon="12.163101">
				<ele>632.0</ele>
				<time>2025-11-29T14:18:05Z</time>
				<desc><![CDATA[CommonTimeValuePoint(absoluteTime=1764425885, value=1.1363636)]]></desc>
					<extensions>
						<ns3:TrackPointExtension>
							<ns3:speed>0.89285713</ns3:speed>
							<ns3:cad>0.0</ns3:cad>
							<ns3:hr>118</ns3:hr>
						</ns3:TrackPointExtension>
					</extensions>
			</trkpt>
			<trkpt lat="47.59894" lon="12.163095">
				<ele>632.0</ele>
				<time>2025-11-29T14:18:11Z</time>
				<desc><![CDATA[CommonTimeValuePoint(absoluteTime=1764425891, value=0.9259259)]]></desc>
					<extensions>
						<ns3:TrackPointExtension>
							<ns3:speed>1.0869565</ns3:speed>
							<ns3:cad>0.0</ns3:cad>
							<ns3:hr>117</ns3:hr>
						</ns3:TrackPointExtension>
					</extensions>
			</trkpt>
			<trkpt lat="47.598896" lon="12.163095">
				<ele>632.0</ele>
				<time>2025-11-29T14:18:16Z</time>
				<desc><![CDATA[CommonTimeValuePoint(absoluteTime=1764425896, value=1.1111112)]]></desc>
					<extensions>
						<ns3:TrackPointExtension>
							<ns3:speed>0.9090909</ns3:speed>
							<ns3:cad>0.0</ns3:cad>
							<ns3:hr>115</ns3:hr>
						</ns3:TrackPointExtension>
					</extensions>
			</trkpt>
			<trkpt lat="47.598854" lon="12.163122">
				<ele>632.0</ele>
				<time>2025-11-29T14:18:24Z</time>
				<desc><![CDATA[CommonTimeValuePoint(absoluteTime=1764425904, value=1.0416667)]]></desc>
					<extensions>
						<ns3:TrackPointExtension>
							<ns3:speed>0.97087383</ns3:speed>
							<ns3:cad>0.0</ns3:cad>
							<ns3:hr>124</ns3:hr>
						</ns3:TrackPointExtension>
					</extensions>
			</trkpt>
			<trkpt lat="47.5988" lon="12.163115">
				<ele>632.0</ele>
				<time>2025-11-29T14:18:29Z</time>
				<desc><![CDATA[CommonTimeValuePoint(absoluteTime=1764425909, value=1.1764705)]]></desc>
					<extensions>
						<ns3:TrackPointExtension>
							<ns3:speed>0.862069</ns3:speed>
							<ns3:cad>0.0</ns3:cad>
							<ns3:hr>129</ns3:hr>
						</ns3:TrackPointExtension>
					</extensions>
			</trkpt>
			<trkpt lat="47.598755" lon="12.163093">
				<ele>632.0</ele>
				<time>2025-11-29T14:18:33Z</time>
				<desc><![CDATA[CommonTimeValuePoint(absoluteTime=1764425913, value=1.0638298)]]></desc>
					<extensions>
						<ns3:TrackPointExtension>
							<ns3:speed>0.952381</ns3:speed>
							<ns3:cad>0.0</ns3:cad>
							<ns3:hr>128</ns3:hr>
						</ns3:TrackPointExtension>
					</extensions>
			</trkpt>
			<trkpt lat="47.59871" lon="12.1630745">
				<ele>632.0</ele>
				<time>2025-11-29T14:18:36Z</time>
				<desc><![CDATA[CommonTimeValuePoint(absoluteTime=1764425916, value=0.7692308)]]></desc>
					<extensions>
						<ns3:TrackPointExtension>
							<ns3:speed>1.3157895</ns3:speed>
							<ns3:cad>0.0</ns3:cad>
							<ns3:hr>126</ns3:hr>
						</ns3:TrackPointExtension>
					</extensions>
			</trkpt>
			<trkpt lat="47.598663" lon="12.163069">
				<ele>632.0</ele>
				<time>2025-11-29T14:18:40Z</time>
				<desc><![CDATA[CommonTimeValuePoint(absoluteTime=1764425920, value=0.729927)]]></desc>
					<extensions>
						<ns3:TrackPointExtension>
							<ns3:speed>1.3888888</ns3:speed>
							<ns3:cad>0.0</ns3:cad>
							<ns3:hr>125</ns3:hr>
						</ns3:TrackPointExtension>
					</extensions>
			</trkpt>
			<trkpt lat="47.598614" lon="12.16306">
				<ele>632.0</ele>
				<time>2025-11-29T14:18:44Z</time>
				<desc><![CDATA[CommonTimeValuePoint(absoluteTime=1764425924, value=0.7518797)]]></desc>
					<extensions>
						<ns3:TrackPointExtension>
							<ns3:speed>1.3513514</ns3:speed>
							<ns3:cad>0.0</ns3:cad>
						</ns3:TrackPointExtension>
					</extensions>
			</trkpt>
			<trkpt lat="47.598568" lon="12.163057">
				<ele>630.0</ele>
				<time>2025-11-29T14:18:48Z</time>
				<desc><![CDATA[CommonTimeValuePoint(absoluteTime=1764425928, value=0.8403361)]]></desc>
					<extensions>
						<ns3:TrackPointExtension>
							<ns3:speed>1.1904762</ns3:speed>
							<ns3:cad>0.0</ns3:cad>
							<ns3:hr>124</ns3:hr>
						</ns3:TrackPointExtension>
					</extensions>
			</trkpt>
			<trkpt lat="47.59852" lon="12.163036">
				<ele>630.0</ele>
				<time>2025-11-29T14:18:52Z</time>
				<desc><![CDATA[CommonTimeValuePoint(absoluteTime=1764425932, value=0.862069)]]></desc>
					<extensions>
						<ns3:TrackPointExtension>
							<ns3:speed>1.1764705</ns3:speed>
							<ns3:cad>0.0</ns3:cad>
							<ns3:hr>121</ns3:hr>
						</ns3:TrackPointExtension>
					</extensions>
			</trkpt>
			<trkpt lat="47.598473" lon="12.163028">
				<ele>629.0</ele>
				<time>2025-11-29T14:18:57Z</time>
				<desc><![CDATA[CommonTimeValuePoint(absoluteTime=1764425937, value=0.82644624)]]></desc>
					<extensions>
						<ns3:TrackPointExtension>
							<ns3:speed>1.2195122</ns3:speed>
							<ns3:cad>0.0</ns3:cad>
							<ns3:hr>120</ns3:hr>
						</ns3:TrackPointExtension>
					</extensions>
			</trkpt>
			<trkpt lat="47.59843" lon="12.162994">
				<ele>629.0</ele>
				<time>2025-11-29T14:19:01Z</time>
				<desc><![CDATA[CommonTimeValuePoint(absoluteTime=1764425941, value=0.89285713)]]></desc>
					<extensions>
						<ns3:TrackPointExtension>
							<ns3:speed>1.1235955</ns3:speed>
							<ns3:cad>0.0</ns3:cad>
							<ns3:hr>118</ns3:hr>
						</ns3:TrackPointExtension>
					</extensions>
			</trkpt>
			<trkpt lat="47.598385" lon="12.16295">
				<ele>629.0</ele>
				<time>2025-11-29T14:19:07Z</time>
				<desc><![CDATA[CommonTimeValuePoint(absoluteTime=1764425947, value=1.098901)]]></desc>
					<extensions>
						<ns3:TrackPointExtension>
							<ns3:speed>0.9259259</ns3:speed>
							<ns3:cad>0.0</ns3:cad>
						</ns3:TrackPointExtension>
					</extensions>
			</trkpt>
			<trkpt lat="47.59837" lon="12.162886">
				<ele>628.0</ele>
				<time>2025-11-29T14:19:15Z</time>
				<desc><![CDATA[CommonTimeValuePoint(absoluteTime=1764425955, value=1.6129032)]]></desc>
					<extensions>
						<ns3:TrackPointExtension>
							<ns3:speed>0.6289308</ns3:speed>
							<ns3:cad>0.0</ns3:cad>
							<ns3:hr>117</ns3:hr>
						</ns3:TrackPointExtension>
					</extensions>
			</trkpt>
			<trkpt lat="47.59833" lon="12.162831">
				<ele>627.0</ele>
				<time>2025-11-29T14:19:18Z</time>
				<desc><![CDATA[CommonTimeValuePoint(absoluteTime=1764425958, value=1.4285715)]]></desc>
					<extensions>
						<ns3:TrackPointExtension>
							<ns3:speed>0.7092199</ns3:speed>
							<ns3:cad>0.0</ns3:cad>
							<ns3:hr>116</ns3:hr>
						</ns3:TrackPointExtension>
					</extensions>
			</trkpt>
			<trkpt lat="47.59832" lon="12.162765">
				<ele>626.0</ele>
				<time>2025-11-29T14:19:25Z</time>
				<desc><![CDATA[CommonTimeValuePoint(absoluteTime=1764425965, value=1.6949153)]]></desc>
					<extensions>
						<ns3:TrackPointExtension>
							<ns3:speed>0.5988024</ns3:speed>
							<ns3:cad>0.0</ns3:cad>
							<ns3:hr>114</ns3:hr>
						</ns3:TrackPointExtension>
					</extensions>
			</trkpt>
			<trkpt lat="47.59831" lon="12.162698">
				<ele>626.0</ele>
				<time>2025-11-29T14:19:30Z</time>
				<desc><![CDATA[CommonTimeValuePoint(absoluteTime=1764425970, value=1.2195122)]]></desc>
					<extensions>
						<ns3:TrackPointExtension>
							<ns3:speed>0.82644624</ns3:speed>
							<ns3:cad>0.0</ns3:cad>
							<ns3:hr>113</ns3:hr>
						</ns3:TrackPointExtension>
					</extensions>
			</trkpt>
			<trkpt lat="47.598305" lon="12.162631">
				<ele>626.0</ele>
				<time>2025-11-29T14:19:37Z</time>
				<desc><![CDATA[CommonTimeValuePoint(absoluteTime=1764425977, value=1.2345679)]]></desc>
					<extensions>
						<ns3:TrackPointExtension>
							<ns3:speed>0.8130081</ns3:speed>
							<ns3:cad>0.0</ns3:cad>
							<ns3:hr>111</ns3:hr>
						</ns3:TrackPointExtension>
					</extensions>
			</trkpt>
			<trkpt lat="47.59828" lon="12.162558">
				<ele>626.0</ele>
				<time>2025-11-29T14:19:43Z</time>
				<desc><![CDATA[CommonTimeValuePoint(absoluteTime=1764425983, value=1.8)]]></desc>
					<extensions>
						<ns3:TrackPointExtension>
							<ns3:speed>0.5555556</ns3:speed>
							<ns3:cad>0.0</ns3:cad>
							<ns3:hr>110</ns3:hr>
						</ns3:TrackPointExtension>
					</extensions>
			</trkpt>
			<trkpt lat="47.598255" lon="12.162495">
				<ele>626.0</ele>
				<time>2025-11-29T14:19:48Z</time>
				<desc><![CDATA[CommonTimeValuePoint(absoluteTime=1764425988, value=1.4925373)]]></desc>
					<extensions>
						<ns3:TrackPointExtension>
							<ns3:speed>0.6756757</ns3:speed>
							<ns3:cad>0.0</ns3:cad>
							<ns3:hr>110</ns3:hr>
						</ns3:TrackPointExtension>
					</extensions>
			</trkpt>
			<trkpt lat="47.598236" lon="12.162419">
				<ele>626.0</ele>
				<time>2025-11-29T14:19:54Z</time>
				<desc><![CDATA[CommonTimeValuePoint(absoluteTime=1764425994, value=1.4705882)]]></desc>
					<extensions>
						<ns3:TrackPointExtension>
							<ns3:speed>0.6849315</ns3:speed>
							<ns3:cad>0.0</ns3:cad>
						</ns3:TrackPointExtension>
					</extensions>
			</trkpt>
			<trkpt lat="47.598213" lon="12.162336">
				<ele>626.0</ele>
				<time>2025-11-29T14:19:58Z</time>
				<desc><![CDATA[CommonTimeValuePoint(absoluteTime=1764425998, value=0.990099)]]></desc>
					<extensions>
						<ns3:TrackPointExtension>
							<ns3:speed>1.010101</ns3:speed>
							<ns3:cad>0.0</ns3:cad>
							<ns3:hr>108</ns3:hr>
						</ns3:TrackPointExtension>
					</extensions>
			</trkpt>
			<trkpt lat="47.598186" lon="12.16227">
				<ele>626.0</ele>
				<time>2025-11-29T14:20:02Z</time>
				<desc><![CDATA[CommonTimeValuePoint(absoluteTime=1764426002, value=0.85470086)]]></desc>
					<extensions>
						<ns3:TrackPointExtension>
							<ns3:speed>1.1764705</ns3:speed>
							<ns3:cad>0.0</ns3:cad>
						</ns3:TrackPointExtension>
					</extensions>
			</trkpt>
			<trkpt lat="47.598164" lon="12.162211">
				<ele>626.0</ele>
				<time>2025-11-29T14:20:07Z</time>
				<desc><![CDATA[CommonTimeValuePoint(absoluteTime=1764426007, value=0.877193)]]></desc>
					<extensions>
						<ns3:TrackPointExtension>
							<ns3:speed>1.1494253</ns3:speed>
							<ns3:cad>0.0</ns3:cad>
							<ns3:hr>105</ns3:hr>
						</ns3:TrackPointExtension>
					</extensions>
			</trkpt>
			<trkpt lat="47.598145" lon="12.162143">
				<ele>626.0</ele>
				<time>2025-11-29T14:20:11Z</time>
				<desc><![CDATA[CommonTimeValuePoint(absoluteTime=1764426011, value=0.98039216)]]></desc>
					<extensions>
						<ns3:TrackPointExtension>
							<ns3:speed>1.0309278</ns3:speed>
							<ns3:cad>0.0</ns3:cad>
							<ns3:hr>104</ns3:hr>
						</ns3:TrackPointExtension>
					</extensions>
			</trkpt>
			<trkpt lat="47.598125" lon="12.162067">
				<ele>626.0</ele>
				<time>2025-11-29T14:20:15Z</time>
				<desc><![CDATA[CommonTimeValuePoint(absoluteTime=1764426015, value=0.877193)]]></desc>
					<extensions>
						<ns3:TrackPointExtension>
							<ns3:speed>1.1494253</ns3:speed>
							<ns3:cad>0.0</ns3:cad>
							<ns3:hr>106</ns3:hr>
						</ns3:TrackPointExtension>
					</extensions>
			</trkpt>
			<trkpt lat="47.598114" lon="12.162003">
				<ele>627.0</ele>
				<time>2025-11-29T14:20:19Z</time>
				<desc><![CDATA[CommonTimeValuePoint(absoluteTime=1764426019, value=0.862069)]]></desc>
					<extensions>
						<ns3:TrackPointExtension>
							<ns3:speed>1.1627907</ns3:speed>
							<ns3:cad>0.0</ns3:cad>
						</ns3:TrackPointExtension>
					</extensions>
			</trkpt>
			<trkpt lat="47.598103" lon="12.161938">
				<ele>627.0</ele>
				<time>2025-11-29T14:20:23Z</time>
				<desc><![CDATA[CommonTimeValuePoint(absoluteTime=1764426023, value=0.8403361)]]></desc>
					<extensions>
						<ns3:TrackPointExtension>
							<ns3:speed>1.2048193</ns3:speed>
							<ns3:cad>0.0</ns3:cad>
							<ns3:hr>104</ns3:hr>
						</ns3:TrackPointExtension>
					</extensions>
			</trkpt>
			<trkpt lat="47.598072" lon="12.161871">
				<ele>627.0</ele>
				<time>2025-11-29T14:20:28Z</time>
				<desc><![CDATA[CommonTimeValuePoint(absoluteTime=1764426028, value=0.89285713)]]></desc>
					<extensions>
						<ns3:TrackPointExtension>
							<ns3:speed>1.1235955</ns3:speed>
							<ns3:cad>0.0</ns3:cad>
							<ns3:hr>106</ns3:hr>
						</ns3:TrackPointExtension>
					</extensions>
			</trkpt>
			<trkpt lat="47.59804" lon="12.161809">
				<ele>627.0</ele>
				<time>2025-11-29T14:20:33Z</time>
				<desc><![CDATA[CommonTimeValuePoint(absoluteTime=1764426033, value=0.9259259)]]></desc>
					<extensions>
						<ns3:TrackPointExtension>
							<ns3:speed>1.0869565</ns3:speed>
							<ns3:cad>0.0</ns3:cad>
							<ns3:hr>106</ns3:hr>
						</ns3:TrackPointExtension>
					</extensions>
			</trkpt>
			<trkpt lat="47.598026" lon="12.161739">
				<ele>628.0</ele>
				<time>2025-11-29T14:20:38Z</time>
				<desc><![CDATA[CommonTimeValuePoint(absoluteTime=1764426038, value=0.9433963)]]></desc>
					<extensions>
						<ns3:TrackPointExtension>
							<ns3:speed>1.0638298</ns3:speed>
							<ns3:cad>0.0</ns3:cad>
							<ns3:hr>107</ns3:hr>
						</ns3:TrackPointExtension>
					</extensions>
			</trkpt>
			<trkpt lat="47.598" lon="12.161664">
				<ele>628.0</ele>
				<time>2025-11-29T14:20:43Z</time>
				<desc><![CDATA[CommonTimeValuePoint(absoluteTime=1764426043, value=0.9615385)]]></desc>
					<extensions>
						<ns3:TrackPointExtension>
							<ns3:speed>1.0526316</ns3:speed>
							<ns3:cad>0.0</ns3:cad>
						</ns3:TrackPointExtension>
					</extensions>
			</trkpt>
			<trkpt lat="47.59798" lon="12.161591">
				<ele>628.0</ele>
				<time>2025-11-29T14:20:48Z</time>
				<desc><![CDATA[CommonTimeValuePoint(absoluteTime=1764426048, value=0.9174312)]]></desc>
					<extensions>
						<ns3:TrackPointExtension>
							<ns3:speed>1.098901</ns3:speed>
							<ns3:cad>0.0</ns3:cad>
							<ns3:hr>107</ns3:hr>
						</ns3:TrackPointExtension>
					</extensions>
			</trkpt>
			<trkpt lat="47.597973" lon="12.161523">
				<ele>628.0</ele>
				<time>2025-11-29T14:20:52Z</time>
				<desc><![CDATA[CommonTimeValuePoint(absoluteTime=1764426052, value=0.86956525)]]></desc>
					<extensions>
						<ns3:TrackPointExtension>
							<ns3:speed>1.1627907</ns3:speed>
							<ns3:cad>0.0</ns3:cad>
							<ns3:hr>109</ns3:hr>
						</ns3:TrackPointExtension>
					</extensions>
			</trkpt>
			<trkpt lat="47.59796" lon="12.161451">
				<ele>628.0</ele>
				<time>2025-11-29T14:20:56Z</time>
				<desc><![CDATA[CommonTimeValuePoint(absoluteTime=1764426056, value=0.84745765)]]></desc>
					<extensions>
						<ns3:TrackPointExtension>
							<ns3:speed>1.1904762</ns3:speed>
							<ns3:cad>0.0</ns3:cad>
						</ns3:TrackPointExtension>
					</extensions>
			</trkpt>
			<trkpt lat="47.597946" lon="12.161387">
				<ele>628.0</ele>
				<time>2025-11-29T14:21:00Z</time>
				<desc><![CDATA[CommonTimeValuePoint(absoluteTime=1764426060, value=0.84745765)]]></desc>
					<extensions>
						<ns3:TrackPointExtension>
							<ns3:speed>1.1904762</ns3:speed>
							<ns3:cad>0.0</ns3:cad>
							<ns3:hr>110</ns3:hr>
						</ns3:TrackPointExtension>
					</extensions>
			</trkpt>
			<trkpt lat="47.59793" lon="12.161318">
				<ele>628.0</ele>
				<time>2025-11-29T14:21:06Z</time>
				<desc><![CDATA[CommonTimeValuePoint(absoluteTime=1764426066, value=0.862069)]]></desc>
					<extensions>
						<ns3:TrackPointExtension>
							<ns3:speed>1.1764705</ns3:speed>
							<ns3:cad>0.0</ns3:cad>
							<ns3:hr>108</ns3:hr>
						</ns3:TrackPointExtension>
					</extensions>
			</trkpt>
			<trkpt lat="47.597916" lon="12.161253">
				<ele>628.0</ele>
				<time>2025-11-29T14:21:10Z</time>
				<desc><![CDATA[CommonTimeValuePoint(absoluteTime=1764426070, value=0.89285713)]]></desc>
					<extensions>
						<ns3:TrackPointExtension>
							<ns3:speed>1.1363636</ns3:speed>
							<ns3:cad>0.0</ns3:cad>
							<ns3:hr>105</ns3:hr>
						</ns3:TrackPointExtension>
					</extensions>
			</trkpt>
			<trkpt lat="47.597897" lon="12.16118">
				<ele>629.0</ele>
				<time>2025-11-29T14:21:15Z</time>
				<desc><![CDATA[CommonTimeValuePoint(absoluteTime=1764426075, value=0.9174312)]]></desc>
					<extensions>
						<ns3:TrackPointExtension>
							<ns3:speed>1.098901</ns3:speed>
							<ns3:cad>0.0</ns3:cad>
						</ns3:TrackPointExtension>
					</extensions>
			</trkpt>
			<trkpt lat="47.59789" lon="12.161113">
				<ele>629.0</ele>
				<time>2025-11-29T14:21:20Z</time>
				<desc><![CDATA[CommonTimeValuePoint(absoluteTime=1764426080, value=0.9345794)]]></desc>
					<extensions>
						<ns3:TrackPointExtension>
							<ns3:speed>1.0752689</ns3:speed>
							<ns3:cad>0.0</ns3:cad>
							<ns3:hr>107</ns3:hr>
						</ns3:TrackPointExtension>
					</extensions>
			</trkpt>
			<trkpt lat="47.597878" lon="12.1610365">
				<ele>629.0</ele>
				<time>2025-11-29T14:21:25Z</time>
				<desc><![CDATA[CommonTimeValuePoint(absoluteTime=1764426085, value=0.9174312)]]></desc>
					<extensions>
						<ns3:TrackPointExtension>
							<ns3:speed>1.098901</ns3:speed>
							<ns3:cad>0.0</ns3:cad>
							<ns3:hr>110</ns3:hr>
						</ns3:TrackPointExtension>
					</extensions>
			</trkpt>
			<trkpt lat="47.597874" lon="12.160961">
				<ele>629.0</ele>
				<time>2025-11-29T14:21:30Z</time>
				<desc><![CDATA[CommonTimeValuePoint(absoluteTime=1764426090, value=0.88495576)]]></desc>
					<extensions>
						<ns3:TrackPointExtension>
							<ns3:speed>1.1363636</ns3:speed>
							<ns3:cad>0.0</ns3:cad>
							<ns3:hr>113</ns3:hr>
						</ns3:TrackPointExtension>
					</extensions>
			</trkpt>
			<trkpt lat="47.597874" lon="12.160885">
				<ele>629.0</ele>
				<time>2025-11-29T14:21:34Z</time>
				<desc><![CDATA[CommonTimeValuePoint(absoluteTime=1764426094, value=0.8403361)]]></desc>
					<extensions>
						<ns3:TrackPointExtension>
							<ns3:speed>1.2048193</ns3:speed>
							<ns3:cad>0.0</ns3:cad>
							<ns3:hr>114</ns3:hr>
						</ns3:TrackPointExtension>
					</extensions>
			</trkpt>
			<trkpt lat="47.597874" lon="12.1608095">
				<ele>629.0</ele>
				<time>2025-11-29T14:21:40Z</time>
				<desc><![CDATA[CommonTimeValuePoint(absoluteTime=1764426100, value=0.8333333)]]></desc>
					<extensions>
						<ns3:TrackPointExtension>
							<ns3:speed>1.2048193</ns3:speed>
							<ns3:cad>0.0</ns3:cad>
							<ns3:hr>113</ns3:hr>
						</ns3:TrackPointExtension>
					</extensions>
			</trkpt>
			<trkpt lat="47.597893" lon="12.160731">
				<ele>629.0</ele>
				<time>2025-11-29T14:21:48Z</time>
				<desc><![CDATA[CommonTimeValuePoint(absoluteTime=1764426108, value=1.0309278)]]></desc>
					<extensions>
						<ns3:TrackPointExtension>
							<ns3:speed>0.97087383</ns3:speed>
							<ns3:cad>0.0</ns3:cad>
							<ns3:hr>114</ns3:hr>
						</ns3:TrackPointExtension>
					</extensions>
			</trkpt>
			<trkpt lat="47.5979" lon="12.160661">
				<ele>629.0</ele>
				<time>2025-11-29T14:21:58Z</time>
				<desc><![CDATA[CommonTimeValuePoint(absoluteTime=1764426118, value=1.4285715)]]></desc>
					<extensions>
						<ns3:TrackPointExtension>
							<ns3:speed>0.7092199</ns3:speed>
							<ns3:cad>0.0</ns3:cad>
							<ns3:hr>111</ns3:hr>
						</ns3:TrackPointExtension>
					</extensions>
			</trkpt>
			<trkpt lat="47.597908" lon="12.160584">
				<ele>629.0</ele>
				<time>2025-11-29T14:22:03Z</time>
				<desc><![CDATA[CommonTimeValuePoint(absoluteTime=1764426123, value=0.990099)]]></desc>
					<extensions>
						<ns3:TrackPointExtension>
							<ns3:speed>1.0204082</ns3:speed>
							<ns3:cad>0.0</ns3:cad>
							<ns3:hr>109</ns3:hr>
						</ns3:TrackPointExtension>
					</extensions>
			</trkpt>
			<trkpt lat="47.597904" lon="12.160513">
				<ele>629.0</ele>
				<time>2025-11-29T14:22:08Z</time>
				<desc><![CDATA[CommonTimeValuePoint(absoluteTime=1764426128, value=0.88495576)]]></desc>
					<extensions>
						<ns3:TrackPointExtension>
							<ns3:speed>1.1363636</ns3:speed>
							<ns3:cad>0.0</ns3:cad>
							<ns3:hr>108</ns3:hr>
						</ns3:TrackPointExtension>
					</extensions>
			</trkpt>
			<trkpt lat="47.597904" lon="12.160444">
				<ele>629.0</ele>
				<time>2025-11-29T14:22:13Z</time>
				<desc><![CDATA[CommonTimeValuePoint(absoluteTime=1764426133, value=0.862069)]]></desc>
					<extensions>
						<ns3:TrackPointExtension>
							<ns3:speed>1.1764705</ns3:speed>
							<ns3:cad>0.0</ns3:cad>
							<ns3:hr>105</ns3:hr>
						</ns3:TrackPointExtension>
					</extensions>
			</trkpt>
			<trkpt lat="47.597908" lon="12.16037">
				<ele>629.0</ele>
				<time>2025-11-29T14:22:18Z</time>
				<desc><![CDATA[CommonTimeValuePoint(absoluteTime=1764426138, value=0.877193)]]></desc>
					<extensions>
						<ns3:TrackPointExtension>
							<ns3:speed>1.1494253</ns3:speed>
							<ns3:cad>0.0</ns3:cad>
							<ns3:hr>102</ns3:hr>
						</ns3:TrackPointExtension>
					</extensions>
			</trkpt>
			<trkpt lat="47.597916" lon="12.160297">
				<ele>630.0</ele>
				<time>2025-11-29T14:22:23Z</time>
				<desc><![CDATA[CommonTimeValuePoint(absoluteTime=1764426143, value=0.8064516)]]></desc>
					<extensions>
						<ns3:TrackPointExtension>
							<ns3:speed>1.25</ns3:speed>
							<ns3:cad>0.0</ns3:cad>
						</ns3:TrackPointExtension>
					</extensions>
			</trkpt>
			<trkpt lat="47.597923" lon="12.160223">
				<ele>631.0</ele>
				<time>2025-11-29T14:22:28Z</time>
				<desc><![CDATA[CommonTimeValuePoint(absoluteTime=1764426148, value=0.8403361)]]></desc>
					<extensions>
						<ns3:TrackPointExtension>
							<ns3:speed>1.2048193</ns3:speed>
							<ns3:cad>0.0</ns3:cad>
							<ns3:hr>102</ns3:hr>
						</ns3:TrackPointExtension>
					</extensions>
			</trkpt>
			<trkpt lat="47.597916" lon="12.160148">
				<ele>631.0</ele>
				<time>2025-11-29T14:22:33Z</time>
				<desc><![CDATA[CommonTimeValuePoint(absoluteTime=1764426153, value=0.85470086)]]></desc>
					<extensions>
						<ns3:TrackPointExtension>
							<ns3:speed>1.1764705</ns3:speed>
							<ns3:cad>0.0</ns3:cad>
							<ns3:hr>107</ns3:hr>
						</ns3:TrackPointExtension>
					</extensions>
			</trkpt>
			<trkpt lat="47.59791" lon="12.160076">
				<ele>632.0</ele>
				<time>2025-11-29T14:22:38Z</time>
				<desc><![CDATA[CommonTimeValuePoint(absoluteTime=1764426158, value=0.862069)]]></desc>
					<extensions>
						<ns3:TrackPointExtension>
							<ns3:speed>1.1764705</ns3:speed>
							<ns3:cad>0.0</ns3:cad>
							<ns3:hr>108</ns3:hr>
						</ns3:TrackPointExtension>
					</extensions>
			</trkpt>
			<trkpt lat="47.597916" lon="12.159996">
				<ele>633.0</ele>
				<time>2025-11-29T14:22:43Z</time>
				<desc><![CDATA[CommonTimeValuePoint(absoluteTime=1764426163, value=0.84745765)]]></desc>
					<extensions>
						<ns3:TrackPointExtension>
							<ns3:speed>1.1904762</ns3:speed>
							<ns3:cad>0.0</ns3:cad>
							<ns3:hr>110</ns3:hr>
						</ns3:TrackPointExtension>
					</extensions>
			</trkpt>
			<trkpt lat="47.597904" lon="12.1599245">
				<ele>633.0</ele>
				<time>2025-11-29T14:22:48Z</time>
				<desc><![CDATA[CommonTimeValuePoint(absoluteTime=1764426168, value=0.8130081)]]></desc>
					<extensions>
						<ns3:TrackPointExtension>
							<ns3:speed>1.2345679</ns3:speed>
							<ns3:cad>0.0</ns3:cad>
							<ns3:hr>110</ns3:hr>
						</ns3:TrackPointExtension>
					</extensions>
			</trkpt>
			<trkpt lat="47.597885" lon="12.159862">
				<ele>633.0</ele>
				<time>2025-11-29T14:22:52Z</time>
				<desc><![CDATA[CommonTimeValuePoint(absoluteTime=1764426172, value=0.8130081)]]></desc>
					<extensions>
						<ns3:TrackPointExtension>
							<ns3:speed>1.2345679</ns3:speed>
							<ns3:cad>0.0</ns3:cad>
							<ns3:hr>111</ns3:hr>
						</ns3:TrackPointExtension>
					</extensions>
			</trkpt>
			<trkpt lat="47.597878" lon="12.159791">
				<ele>634.0</ele>
				<time>2025-11-29T14:22:56Z</time>
				<desc><![CDATA[CommonTimeValuePoint(absoluteTime=1764426176, value=0.8196721)]]></desc>
					<extensions>
						<ns3:TrackPointExtension>
							<ns3:speed>1.2345679</ns3:speed>
							<ns3:cad>0.0</ns3:cad>
							<ns3:hr>112</ns3:hr>
						</ns3:TrackPointExtension>
					</extensions>
			</trkpt>
			<trkpt lat="47.59787" lon="12.159719">
				<ele>634.0</ele>
				<time>2025-11-29T14:23:00Z</time>
				<desc><![CDATA[CommonTimeValuePoint(absoluteTime=1764426180, value=0.8064516)]]></desc>
					<extensions>
						<ns3:TrackPointExtension>
							<ns3:speed>1.25</ns3:speed>
							<ns3:cad>0.0</ns3:cad>
							<ns3:hr>115</ns3:hr>
						</ns3:TrackPointExtension>
					</extensions>
			</trkpt>
			<trkpt lat="47.59786" lon="12.159639">
				<ele>634.0</ele>
				<time>2025-11-29T14:23:05Z</time>
				<desc><![CDATA[CommonTimeValuePoint(absoluteTime=1764426185, value=0.78125)]]></desc>
					<extensions>
						<ns3:TrackPointExtension>
							<ns3:speed>1.2987013</ns3:speed>
							<ns3:cad>0.0</ns3:cad>
							<ns3:hr>116</ns3:hr>
						</ns3:TrackPointExtension>
					</extensions>
			</trkpt>
			<trkpt lat="47.597843" lon="12.159573">
				<ele>634.0</ele>
				<time>2025-11-29T14:23:09Z</time>
				<desc><![CDATA[CommonTimeValuePoint(absoluteTime=1764426189, value=0.7692308)]]></desc>
					<extensions>
						<ns3:TrackPointExtension>
							<ns3:speed>1.3157895</ns3:speed>
							<ns3:cad>0.0</ns3:cad>
						</ns3:TrackPointExtension>
					</extensions>
			</trkpt>
			<trkpt lat="47.59783" lon="12.1594925">
				<ele>635.0</ele>
				<time>2025-11-29T14:23:14Z</time>
				<desc><![CDATA[CommonTimeValuePoint(absoluteTime=1764426194, value=0.7692308)]]></desc>
					<extensions>
						<ns3:TrackPointExtension>
							<ns3:speed>1.3157895</ns3:speed>
							<ns3:cad>0.0</ns3:cad>
							<ns3:hr>114</ns3:hr>
						</ns3:TrackPointExtension>
					</extensions>
			</trkpt>
			<trkpt lat="47.597816" lon="12.159418">
				<ele>635.0</ele>
				<time>2025-11-29T14:23:19Z</time>
				<desc><![CDATA[CommonTimeValuePoint(absoluteTime=1764426199, value=0.78125)]]></desc>
					<extensions>
						<ns3:TrackPointExtension>
							<ns3:speed>1.2820513</ns3:speed>
							<ns3:cad>0.0</ns3:cad>
							<ns3:hr>114</ns3:hr>
						</ns3:TrackPointExtension>
					</extensions>
			</trkpt>
			<trkpt lat="47.597797" lon="12.159358">
				<ele>635.0</ele>
				<time>2025-11-29T14:23:24Z</time>
				<desc><![CDATA[CommonTimeValuePoint(absoluteTime=1764426204, value=0.8333333)]]></desc>
					<extensions>
						<ns3:TrackPointExtension>
							<ns3:speed>1.2048193</ns3:speed>
							<ns3:cad>0.0</ns3:cad>
							<ns3:hr>111</ns3:hr>
						</ns3:TrackPointExtension>
					</extensions>
			</trkpt>
			<trkpt lat="47.59777" lon="12.159293">
				<ele>635.0</ele>
				<time>2025-11-29T14:23:28Z</time>
				<desc><![CDATA[CommonTimeValuePoint(absoluteTime=1764426208, value=0.84745765)]]></desc>
					<extensions>
						<ns3:TrackPointExtension>
							<ns3:speed>1.1904762</ns3:speed>
							<ns3:cad>0.0</ns3:cad>
							<ns3:hr>109</ns3:hr>
						</ns3:TrackPointExtension>
					</extensions>
			</trkpt>
			<trkpt lat="47.597748" lon="12.159216">
				<ele>635.0</ele>
				<time>2025-11-29T14:23:33Z</time>
				<desc><![CDATA[CommonTimeValuePoint(absoluteTime=1764426213, value=0.8130081)]]></desc>
					<extensions>
						<ns3:TrackPointExtension>
							<ns3:speed>1.2345679</ns3:speed>
							<ns3:cad>0.0</ns3:cad>
							<ns3:hr>113</ns3:hr>
						</ns3:TrackPointExtension>
					</extensions>
			</trkpt>
			<trkpt lat="47.597725" lon="12.159144">
				<ele>635.0</ele>
				<time>2025-11-29T14:23:38Z</time>
				<desc><![CDATA[CommonTimeValuePoint(absoluteTime=1764426218, value=0.7936508)]]></desc>
					<extensions>
						<ns3:TrackPointExtension>
							<ns3:speed>1.2820513</ns3:speed>
							<ns3:cad>0.0</ns3:cad>
							<ns3:hr>115</ns3:hr>
						</ns3:TrackPointExtension>
					</extensions>
			</trkpt>
			<trkpt lat="47.59772" lon="12.159064">
				<ele>635.0</ele>
				<time>2025-11-29T14:23:43Z</time>
				<desc><![CDATA[CommonTimeValuePoint(absoluteTime=1764426223, value=0.8130081)]]></desc>
					<extensions>
						<ns3:TrackPointExtension>
							<ns3:speed>1.25</ns3:speed>
							<ns3:cad>0.0</ns3:cad>
							<ns3:hr>119</ns3:hr>
						</ns3:TrackPointExtension>
					</extensions>
			</trkpt>
			<trkpt lat="47.597702" lon="12.158997">
				<ele>635.0</ele>
				<time>2025-11-29T14:23:47Z</time>
				<desc><![CDATA[CommonTimeValuePoint(absoluteTime=1764426227, value=0.82644624)]]></desc>
					<extensions>
						<ns3:TrackPointExtension>
							<ns3:speed>1.2195122</ns3:speed>
							<ns3:cad>0.0</ns3:cad>
							<ns3:hr>119</ns3:hr>
						</ns3:TrackPointExtension>
					</extensions>
			</trkpt>
			<trkpt lat="47.597694" lon="12.158915">
				<ele>635.0</ele>
				<time>2025-11-29T14:23:52Z</time>
				<desc><![CDATA[CommonTimeValuePoint(absoluteTime=1764426232, value=0.82644624)]]></desc>
					<extensions>
						<ns3:TrackPointExtension>
							<ns3:speed>1.2195122</ns3:speed>
							<ns3:cad>0.0</ns3:cad>
							<ns3:hr>119</ns3:hr>
						</ns3:TrackPointExtension>
					</extensions>
			</trkpt>
			<trkpt lat="47.59771" lon="12.158839">
				<ele>634.0</ele>
				<time>2025-11-29T14:23:57Z</time>
				<desc><![CDATA[CommonTimeValuePoint(absoluteTime=1764426237, value=0.8196721)]]></desc>
					<extensions>
						<ns3:TrackPointExtension>
							<ns3:speed>1.2345679</ns3:speed>
							<ns3:cad>0.0</ns3:cad>
							<ns3:hr>121</ns3:hr>
						</ns3:TrackPointExtension>
					</extensions>
			</trkpt>
			<trkpt lat="47.597717" lon="12.158768">
				<ele>634.0</ele>
				<time>2025-11-29T14:24:01Z</time>
				<desc><![CDATA[CommonTimeValuePoint(absoluteTime=1764426241, value=0.82644624)]]></desc>
					<extensions>
						<ns3:TrackPointExtension>
							<ns3:speed>1.2195122</ns3:speed>
							<ns3:cad>0.0</ns3:cad>
							<ns3:hr>122</ns3:hr>
						</ns3:TrackPointExtension>
					</extensions>
			</trkpt>
			<trkpt lat="47.59774" lon="12.158705">
				<ele>633.0</ele>
				<time>2025-11-29T14:24:06Z</time>
				<desc><![CDATA[CommonTimeValuePoint(absoluteTime=1764426246, value=0.84745765)]]></desc>
					<extensions>
						<ns3:TrackPointExtension>
							<ns3:speed>1.1904762</ns3:speed>
							<ns3:cad>0.0</ns3:cad>
							<ns3:hr>124</ns3:hr>
						</ns3:TrackPointExtension>
					</extensions>
			</trkpt>
			<trkpt lat="47.597775" lon="12.158656">
				<ele>633.0</ele>
				<time>2025-11-29T14:24:10Z</time>
				<desc><![CDATA[CommonTimeValuePoint(absoluteTime=1764426250, value=0.9090909)]]></desc>
					<extensions>
						<ns3:TrackPointExtension>
							<ns3:speed>1.1111112</ns3:speed>
							<ns3:cad>0.0</ns3:cad>
						</ns3:TrackPointExtension>
					</extensions>
			</trkpt>
			<trkpt lat="47.59781" lon="12.1586075">
				<ele>633.0</ele>
				<time>2025-11-29T14:24:15Z</time>
				<desc><![CDATA[CommonTimeValuePoint(absoluteTime=1764426255, value=0.9615385)]]></desc>
					<extensions>
						<ns3:TrackPointExtension>
							<ns3:speed>1.0526316</ns3:speed>
							<ns3:cad>0.0</ns3:cad>
							<ns3:hr>124</ns3:hr>
						</ns3:TrackPointExtension>
					</extensions>
			</trkpt>
			<trkpt lat="47.597855" lon="12.1585655">
				<ele>633.0</ele>
				<time>2025-11-29T14:24:21Z</time>
				<desc><![CDATA[CommonTimeValuePoint(absoluteTime=1764426261, value=0.9615385)]]></desc>
					<extensions>
						<ns3:TrackPointExtension>
							<ns3:speed>1.0526316</ns3:speed>
							<ns3:cad>0.0</ns3:cad>
							<ns3:hr>121</ns3:hr>
						</ns3:TrackPointExtension>
					</extensions>
			</trkpt>
			<trkpt lat="47.597904" lon="12.158537">
				<ele>634.0</ele>
				<time>2025-11-29T14:24:26Z</time>
				<desc><![CDATA[CommonTimeValuePoint(absoluteTime=1764426266, value=0.9433963)]]></desc>
					<extensions>
						<ns3:TrackPointExtension>
							<ns3:speed>1.0638298</ns3:speed>
							<ns3:cad>0.0</ns3:cad>
							<ns3:hr>123</ns3:hr>
						</ns3:TrackPointExtension>
					</extensions>
			</trkpt>
			<trkpt lat="47.59795" lon="12.158523">
				<ele>634.0</ele>
				<time>2025-11-29T14:24:31Z</time>
				<desc><![CDATA[CommonTimeValuePoint(absoluteTime=1764426271, value=0.9174312)]]></desc>
					<extensions>
						<ns3:TrackPointExtension>
							<ns3:speed>1.098901</ns3:speed>
							<ns3:cad>0.0</ns3:cad>
							<ns3:hr>120</ns3:hr>
						</ns3:TrackPointExtension>
					</extensions>
			</trkpt>
			<trkpt lat="47.597996" lon="12.158526">
				<ele>635.0</ele>
				<time>2025-11-29T14:24:35Z</time>
				<desc><![CDATA[CommonTimeValuePoint(absoluteTime=1764426275, value=0.9009009)]]></desc>
					<extensions>
						<ns3:TrackPointExtension>
							<ns3:speed>1.1235955</ns3:speed>
							<ns3:cad>0.0</ns3:cad>
							<ns3:hr>120</ns3:hr>
						</ns3:TrackPointExtension>
					</extensions>
			</trkpt>
			<trkpt lat="47.598045" lon="12.158542">
				<ele>635.0</ele>
				<time>2025-11-29T14:24:41Z</time>
				<desc><![CDATA[CommonTimeValuePoint(absoluteTime=1764426281, value=0.9009009)]]></desc>
					<extensions>
						<ns3:TrackPointExtension>
							<ns3:speed>1.1235955</ns3:speed>
							<ns3:cad>0.0</ns3:cad>
							<ns3:hr>120</ns3:hr>
						</ns3:TrackPointExtension>
					</extensions>
			</trkpt>
			<trkpt lat="47.598095" lon="12.158548">
				<ele>636.0</ele>
				<time>2025-11-29T14:24:46Z</time>
				<desc><![CDATA[CommonTimeValuePoint(absoluteTime=1764426286, value=0.9090909)]]></desc>
					<extensions>
						<ns3:TrackPointExtension>
							<ns3:speed>1.1111112</ns3:speed>
							<ns3:cad>0.0</ns3:cad>
							<ns3:hr>121</ns3:hr>
						</ns3:TrackPointExtension>
					</extensions>
			</trkpt>
			<trkpt lat="47.59814" lon="12.158529">
				<ele>636.0</ele>
				<time>2025-11-29T14:24:51Z</time>
				<desc><![CDATA[CommonTimeValuePoint(absoluteTime=1764426291, value=1.010101)]]></desc>
					<extensions>
						<ns3:TrackPointExtension>
							<ns3:speed>1.0</ns3:speed>
							<ns3:cad>0.0</ns3:cad>
							<ns3:hr>117</ns3:hr>
						</ns3:TrackPointExtension>
					</extensions>
			</trkpt>
			<trkpt lat="47.598175" lon="12.158483">
				<ele>636.0</ele>
				<time>2025-11-29T14:24:56Z</time>
				<desc><![CDATA[CommonTimeValuePoint(absoluteTime=1764426296, value=1.1235955)]]></desc>
					<extensions>
						<ns3:TrackPointExtension>
							<ns3:speed>0.9009009</ns3:speed>
							<ns3:cad>0.0</ns3:cad>
							<ns3:hr>120</ns3:hr>
						</ns3:TrackPointExtension>
					</extensions>
			</trkpt>
			<trkpt lat="47.598213" lon="12.158422">
				<ele>636.0</ele>
				<time>2025-11-29T14:25:00Z</time>
				<desc><![CDATA[CommonTimeValuePoint(absoluteTime=1764426300, value=1.098901)]]></desc>
					<extensions>
						<ns3:TrackPointExtension>
							<ns3:speed>0.9174312</ns3:speed>
							<ns3:cad>0.0</ns3:cad>
						</ns3:TrackPointExtension>
					</extensions>
			</trkpt>
			<trkpt lat="47.598236" lon="12.158358">
				<ele>635.0</ele>
				<time>2025-11-29T14:25:04Z</time>
				<desc><![CDATA[CommonTimeValuePoint(absoluteTime=1764426304, value=1.0638298)]]></desc>
					<extensions>
						<ns3:TrackPointExtension>
							<ns3:speed>0.9433963</ns3:speed>
							<ns3:cad>0.0</ns3:cad>
							<ns3:hr>121</ns3:hr>
						</ns3:TrackPointExtension>
					</extensions>
			</trkpt>
			<trkpt lat="47.598248" lon="12.158293">
				<ele>635.0</ele>
				<time>2025-11-29T14:25:08Z</time>
				<desc><![CDATA[CommonTimeValuePoint(absoluteTime=1764426308, value=0.98039216)]]></desc>
					<extensions>
						<ns3:TrackPointExtension>
							<ns3:speed>1.0309278</ns3:speed>
							<ns3:cad>0.0</ns3:cad>
							<ns3:hr>121</ns3:hr>
						</ns3:TrackPointExtension>
					</extensions>
			</trkpt>
			<trkpt lat="47.598255" lon="12.158213">
				<ele>634.0</ele>
				<time>2025-11-29T14:25:13Z</time>
				<desc><![CDATA[CommonTimeValuePoint(absoluteTime=1764426313, value=1.0)]]></desc>
					<extensions>
						<ns3:TrackPointExtension>
							<ns3:speed>1.010101</ns3:speed>
							<ns3:cad>0.0</ns3:cad>
							<ns3:hr>121</ns3:hr>
						</ns3:TrackPointExtension>
					</extensions>
			</trkpt>
			<trkpt lat="47.598255" lon="12.158136">
				<ele>633.0</ele>
				<time>2025-11-29T14:25:17Z</time>
				<desc><![CDATA[CommonTimeValuePoint(absoluteTime=1764426317, value=0.9174312)]]></desc>
					<extensions>
						<ns3:TrackPointExtension>
							<ns3:speed>1.098901</ns3:speed>
							<ns3:cad>0.0</ns3:cad>
							<ns3:hr>122</ns3:hr>
						</ns3:TrackPointExtension>
					</extensions>
			</trkpt>
			<trkpt lat="47.59826" lon="12.158063">
				<ele>633.0</ele>
				<time>2025-11-29T14:25:21Z</time>
				<desc><![CDATA[CommonTimeValuePoint(absoluteTime=1764426321, value=0.88495576)]]></desc>
					<extensions>
						<ns3:TrackPointExtension>
							<ns3:speed>1.1494253</ns3:speed>
							<ns3:cad>0.0</ns3:cad>
							<ns3:hr>121</ns3:hr>
						</ns3:TrackPointExtension>
					</extensions>
			</trkpt>
			<trkpt lat="47.598267" lon="12.157988">
				<ele>632.0</ele>
				<time>2025-11-29T14:25:25Z</time>
				<desc><![CDATA[CommonTimeValuePoint(absoluteTime=1764426325, value=0.862069)]]></desc>
					<extensions>
						<ns3:TrackPointExtension>
							<ns3:speed>1.1764705</ns3:speed>
							<ns3:cad>0.0</ns3:cad>
						</ns3:TrackPointExtension>
					</extensions>
			</trkpt>
			<trkpt lat="47.59827" lon="12.157911">
				<ele>631.0</ele>
				<time>2025-11-29T14:25:30Z</time>
				<desc><![CDATA[CommonTimeValuePoint(absoluteTime=1764426330, value=0.84745765)]]></desc>
					<extensions>
						<ns3:TrackPointExtension>
							<ns3:speed>1.1904762</ns3:speed>
							<ns3:cad>0.0</ns3:cad>
						</ns3:TrackPointExtension>
					</extensions>
			</trkpt>
			<trkpt lat="47.598286" lon="12.157835">
				<ele>631.0</ele>
				<time>2025-11-29T14:25:35Z</time>
				<desc><![CDATA[CommonTimeValuePoint(absoluteTime=1764426335, value=0.877193)]]></desc>
					<extensions>
						<ns3:TrackPointExtension>
							<ns3:speed>1.1494253</ns3:speed>
							<ns3:cad>0.0</ns3:cad>
						</ns3:TrackPointExtension>
					</extensions>
			</trkpt>
			<trkpt lat="47.59831" lon="12.157756">
				<ele>631.0</ele>
				<time>2025-11-29T14:25:41Z</time>
				<desc><![CDATA[CommonTimeValuePoint(absoluteTime=1764426341, value=0.89285713)]]></desc>
					<extensions>
						<ns3:TrackPointExtension>
							<ns3:speed>1.1235955</ns3:speed>
							<ns3:cad>0.0</ns3:cad>
							<ns3:hr>117</ns3:hr>
						</ns3:TrackPointExtension>
					</extensions>
			</trkpt>
			<trkpt lat="47.598312" lon="12.157686">
				<ele>630.0</ele>
				<time>2025-11-29T14:25:44Z</time>
				<desc><![CDATA[CommonTimeValuePoint(absoluteTime=1764426344, value=0.84745765)]]></desc>
					<extensions>
						<ns3:TrackPointExtension>
							<ns3:speed>1.1904762</ns3:speed>
							<ns3:cad>0.0</ns3:cad>
							<ns3:hr>119</ns3:hr>
						</ns3:TrackPointExtension>
					</extensions>
			</trkpt>
			<trkpt lat="47.59832" lon="12.157617">
				<ele>629.0</ele>
				<time>2025-11-29T14:25:47Z</time>
				<desc><![CDATA[CommonTimeValuePoint(absoluteTime=1764426347, value=0.82644624)]]></desc>
					<extensions>
						<ns3:TrackPointExtension>
							<ns3:speed>1.2195122</ns3:speed>
							<ns3:cad>0.0</ns3:cad>
							<ns3:hr>121</ns3:hr>
						</ns3:TrackPointExtension>
					</extensions>
			</trkpt>
			<trkpt lat="47.59833" lon="12.157545">
				<ele>628.0</ele>
				<time>2025-11-29T14:25:52Z</time>
				<desc><![CDATA[CommonTimeValuePoint(absoluteTime=1764426352, value=0.862069)]]></desc>
					<extensions>
						<ns3:TrackPointExtension>
							<ns3:speed>1.1627907</ns3:speed>
							<ns3:cad>0.0</ns3:cad>
							<ns3:hr>123</ns3:hr>
						</ns3:TrackPointExtension>
					</extensions>
			</trkpt>
			<trkpt lat="47.598354" lon="12.157476">
				<ele>627.0</ele>
				<time>2025-11-29T14:25:57Z</time>
				<desc><![CDATA[CommonTimeValuePoint(absoluteTime=1764426357, value=0.9345794)]]></desc>
					<extensions>
						<ns3:TrackPointExtension>
							<ns3:speed>1.0752689</ns3:speed>
							<ns3:cad>0.0</ns3:cad>
							<ns3:hr>125</ns3:hr>
						</ns3:TrackPointExtension>
					</extensions>
			</trkpt>
			<trkpt lat="47.598396" lon="12.157428">
				<ele>626.0</ele>
				<time>2025-11-29T14:26:01Z</time>
				<desc><![CDATA[CommonTimeValuePoint(absoluteTime=1764426361, value=0.952381)]]></desc>
					<extensions>
						<ns3:TrackPointExtension>
							<ns3:speed>1.0638298</ns3:speed>
							<ns3:cad>0.0</ns3:cad>
							<ns3:hr>125</ns3:hr>
						</ns3:TrackPointExtension>
					</extensions>
			</trkpt>
			<trkpt lat="47.59844" lon="12.157378">
				<ele>625.0</ele>
				<time>2025-11-29T14:26:06Z</time>
				<desc><![CDATA[CommonTimeValuePoint(absoluteTime=1764426366, value=0.85470086)]]></desc>
					<extensions>
						<ns3:TrackPointExtension>
							<ns3:speed>1.1764705</ns3:speed>
							<ns3:cad>0.0</ns3:cad>
							<ns3:hr>124</ns3:hr>
						</ns3:TrackPointExtension>
					</extensions>
			</trkpt>
			<trkpt lat="47.59848" lon="12.157336">
				<ele>624.0</ele>
				<time>2025-11-29T14:26:12Z</time>
				<desc><![CDATA[CommonTimeValuePoint(absoluteTime=1764426372, value=0.8403361)]]></desc>
					<extensions>
						<ns3:TrackPointExtension>
							<ns3:speed>1.1904762</ns3:speed>
							<ns3:cad>0.0</ns3:cad>
							<ns3:hr>124</ns3:hr>
						</ns3:TrackPointExtension>
					</extensions>
			</trkpt>
			<trkpt lat="47.59853" lon="12.157313">
				<ele>624.0</ele>
				<time>2025-11-29T14:26:16Z</time>
				<desc><![CDATA[CommonTimeValuePoint(absoluteTime=1764426376, value=0.8403361)]]></desc>
					<extensions>
						<ns3:TrackPointExtension>
							<ns3:speed>1.2048193</ns3:speed>
							<ns3:cad>0.0</ns3:cad>
							<ns3:hr>123</ns3:hr>
						</ns3:TrackPointExtension>
					</extensions>
			</trkpt>
			<trkpt lat="47.59858" lon="12.1572895">
				<ele>624.0</ele>
				<time>2025-11-29T14:26:20Z</time>
				<desc><![CDATA[CommonTimeValuePoint(absoluteTime=1764426380, value=0.8403361)]]></desc>
					<extensions>
						<ns3:TrackPointExtension>
							<ns3:speed>1.2048193</ns3:speed>
							<ns3:cad>0.0</ns3:cad>
							<ns3:hr>122</ns3:hr>
						</ns3:TrackPointExtension>
					</extensions>
			</trkpt>
			<trkpt lat="47.598614" lon="12.157249">
				<ele>624.0</ele>
				<time>2025-11-29T14:26:25Z</time>
				<desc><![CDATA[CommonTimeValuePoint(absoluteTime=1764426385, value=0.990099)]]></desc>
					<extensions>
						<ns3:TrackPointExtension>
							<ns3:speed>1.0204082</ns3:speed>
							<ns3:cad>0.0</ns3:cad>
							<ns3:hr>120</ns3:hr>
						</ns3:TrackPointExtension>
					</extensions>
			</trkpt>
			<trkpt lat="47.59865" lon="12.157189">
				<ele>624.0</ele>
				<time>2025-11-29T14:26:30Z</time>
				<desc><![CDATA[CommonTimeValuePoint(absoluteTime=1764426390, value=1.0309278)]]></desc>
					<extensions>
						<ns3:TrackPointExtension>
							<ns3:speed>0.98039216</ns3:speed>
							<ns3:cad>0.0</ns3:cad>
							<ns3:hr>121</ns3:hr>
						</ns3:TrackPointExtension>
					</extensions>
			</trkpt>
			<trkpt lat="47.59869" lon="12.1571245">
				<ele>624.0</ele>
				<time>2025-11-29T14:26:35Z</time>
				<desc><![CDATA[CommonTimeValuePoint(absoluteTime=1764426395, value=0.9090909)]]></desc>
					<extensions>
						<ns3:TrackPointExtension>
							<ns3:speed>1.1111112</ns3:speed>
							<ns3:cad>0.0</ns3:cad>
						</ns3:TrackPointExtension>
					</extensions>
			</trkpt>
			<trkpt lat="47.598732" lon="12.157064">
				<ele>624.0</ele>
				<time>2025-11-29T14:26:39Z</time>
				<desc><![CDATA[CommonTimeValuePoint(absoluteTime=1764426399, value=0.877193)]]></desc>
					<extensions>
						<ns3:TrackPointExtension>
							<ns3:speed>1.1494253</ns3:speed>
							<ns3:cad>0.0</ns3:cad>
							<ns3:hr>121</ns3:hr>
						</ns3:TrackPointExtension>
					</extensions>
			</trkpt>
			<trkpt lat="47.598755" lon="12.156995">
				<ele>624.0</ele>
				<time>2025-11-29T14:26:44Z</time>
				<desc><![CDATA[CommonTimeValuePoint(absoluteTime=1764426404, value=0.8064516)]]></desc>
					<extensions>
						<ns3:TrackPointExtension>
							<ns3:speed>1.25</ns3:speed>
							<ns3:cad>0.0</ns3:cad>
							<ns3:hr>119</ns3:hr>
						</ns3:TrackPointExtension>
					</extensions>
			</trkpt>
			<trkpt lat="47.59878" lon="12.156941">
				<ele>624.0</ele>
				<time>2025-11-29T14:26:49Z</time>
				<desc><![CDATA[CommonTimeValuePoint(absoluteTime=1764426409, value=0.82644624)]]></desc>
					<extensions>
						<ns3:TrackPointExtension>
							<ns3:speed>1.2195122</ns3:speed>
							<ns3:cad>0.0</ns3:cad>
							<ns3:hr>117</ns3:hr>
						</ns3:TrackPointExtension>
					</extensions>
			</trkpt>
			<trkpt lat="47.59881" lon="12.156881">
				<ele>624.0</ele>
				<time>2025-11-29T14:26:52Z</time>
				<desc><![CDATA[CommonTimeValuePoint(absoluteTime=1764426412, value=0.84745765)]]></desc>
					<extensions>
						<ns3:TrackPointExtension>
							<ns3:speed>1.1904762</ns3:speed>
							<ns3:cad>0.0</ns3:cad>
							<ns3:hr>118</ns3:hr>
						</ns3:TrackPointExtension>
					</extensions>
			</trkpt>
			<trkpt lat="47.598835" lon="12.156826">
				<ele>624.0</ele>
				<time>2025-11-29T14:26:56Z</time>
				<desc><![CDATA[CommonTimeValuePoint(absoluteTime=1764426416, value=0.9433963)]]></desc>
					<extensions>
						<ns3:TrackPointExtension>
							<ns3:speed>1.0752689</ns3:speed>
							<ns3:cad>0.0</ns3:cad>
							<ns3:hr>117</ns3:hr>
						</ns3:TrackPointExtension>
					</extensions>
			</trkpt>
			<trkpt lat="47.598866" lon="12.15677">
				<ele>624.0</ele>
				<time>2025-11-29T14:27:00Z</time>
				<desc><![CDATA[CommonTimeValuePoint(absoluteTime=1764426420, value=0.9345794)]]></desc>
					<extensions>
						<ns3:TrackPointExtension>
							<ns3:speed>1.0752689</ns3:speed>
							<ns3:cad>0.0</ns3:cad>
							<ns3:hr>118</ns3:hr>
						</ns3:TrackPointExtension>
					</extensions>
			</trkpt>
			<trkpt lat="47.5989" lon="12.156721">
				<ele>624.0</ele>
				<time>2025-11-29T14:27:04Z</time>
				<desc><![CDATA[CommonTimeValuePoint(absoluteTime=1764426424, value=0.89285713)]]></desc>
					<extensions>
						<ns3:TrackPointExtension>
							<ns3:speed>1.1363636</ns3:speed>
							<ns3:cad>0.0</ns3:cad>
						</ns3:TrackPointExtension>
					</extensions>
			</trkpt>
			<trkpt lat="47.598938" lon="12.156667">
				<ele>624.0</ele>
				<time>2025-11-29T14:27:08Z</time>
				<desc><![CDATA[CommonTimeValuePoint(absoluteTime=1764426428, value=0.86956525)]]></desc>
					<extensions>
						<ns3:TrackPointExtension>
							<ns3:speed>1.1627907</ns3:speed>
							<ns3:cad>0.0</ns3:cad>
						</ns3:TrackPointExtension>
					</extensions>
			</trkpt>
			<trkpt lat="47.59899" lon="12.156614">
				<ele>624.0</ele>
				<time>2025-11-29T14:27:14Z</time>
				<desc><![CDATA[CommonTimeValuePoint(absoluteTime=1764426434, value=0.84745765)]]></desc>
					<extensions>
						<ns3:TrackPointExtension>
							<ns3:speed>1.1904762</ns3:speed>
							<ns3:cad>0.0</ns3:cad>
							<ns3:hr>119</ns3:hr>
						</ns3:TrackPointExtension>
					</extensions>
			</trkpt>
			<trkpt lat="47.59903" lon="12.156573">
				<ele>624.0</ele>
				<time>2025-11-29T14:27:18Z</time>
				<desc><![CDATA[CommonTimeValuePoint(absoluteTime=1764426438, value=0.862069)]]></desc>
					<extensions>
						<ns3:TrackPointExtension>
							<ns3:speed>1.1627907</ns3:speed>
							<ns3:cad>0.0</ns3:cad>
							<ns3:hr>119</ns3:hr>
						</ns3:TrackPointExtension>
					</extensions>
			</trkpt>
			<trkpt lat="47.599064" lon="12.156522">
				<ele>624.0</ele>
				<time>2025-11-29T14:27:22Z</time>
				<desc><![CDATA[CommonTimeValuePoint(absoluteTime=1764426442, value=0.8403361)]]></desc>
					<extensions>
						<ns3:TrackPointExtension>
							<ns3:speed>1.2048193</ns3:speed>
							<ns3:cad>0.0</ns3:cad>
						</ns3:TrackPointExtension>
					</extensions>
			</trkpt>
			<trkpt lat="47.59909" lon="12.156465">
				<ele>624.0</ele>
				<time>2025-11-29T14:27:26Z</time>
				<desc><![CDATA[CommonTimeValuePoint(absoluteTime=1764426446, value=0.8196721)]]></desc>
					<extensions>
						<ns3:TrackPointExtension>
							<ns3:speed>1.2345679</ns3:speed>
							<ns3:cad>0.0</ns3:cad>
							<ns3:hr>117</ns3:hr>
						</ns3:TrackPointExtension>
					</extensions>
			</trkpt>
			<trkpt lat="47.59912" lon="12.156393">
				<ele>625.0</ele>
				<time>2025-11-29T14:27:31Z</time>
				<desc><![CDATA[CommonTimeValuePoint(absoluteTime=1764426451, value=0.8196721)]]></desc>
					<extensions>
						<ns3:TrackPointExtension>
							<ns3:speed>1.2345679</ns3:speed>
							<ns3:cad>0.0</ns3:cad>
						</ns3:TrackPointExtension>
					</extensions>
			</trkpt>
			<trkpt lat="47.599136" lon="12.15632">
				<ele>625.0</ele>
				<time>2025-11-29T14:27:35Z</time>
				<desc><![CDATA[CommonTimeValuePoint(absoluteTime=1764426455, value=0.89285713)]]></desc>
					<extensions>
						<ns3:TrackPointExtension>
							<ns3:speed>1.1235955</ns3:speed>
							<ns3:cad>0.0</ns3:cad>
						</ns3:TrackPointExtension>
					</extensions>
			</trkpt>
			<trkpt lat="47.599167" lon="12.15625">
				<ele>625.0</ele>
				<time>2025-11-29T14:27:40Z</time>
				<desc><![CDATA[CommonTimeValuePoint(absoluteTime=1764426460, value=0.89285713)]]></desc>
					<extensions>
						<ns3:TrackPointExtension>
							<ns3:speed>1.1235955</ns3:speed>
							<ns3:cad>0.0</ns3:cad>
							<ns3:hr>114</ns3:hr>
						</ns3:TrackPointExtension>
					</extensions>
			</trkpt>
			<trkpt lat="47.599194" lon="12.156175">
				<ele>625.0</ele>
				<time>2025-11-29T14:27:44Z</time>
				<desc><![CDATA[CommonTimeValuePoint(absoluteTime=1764426464, value=0.84745765)]]></desc>
					<extensions>
						<ns3:TrackPointExtension>
							<ns3:speed>1.1904762</ns3:speed>
							<ns3:cad>0.0</ns3:cad>
							<ns3:hr>114</ns3:hr>
						</ns3:TrackPointExtension>
					</extensions>
			</trkpt>
			<trkpt lat="47.599216" lon="12.156103">
				<ele>625.0</ele>
				<time>2025-11-29T14:27:49Z</time>
				<desc><![CDATA[CommonTimeValuePoint(absoluteTime=1764426469, value=0.862069)]]></desc>
					<extensions>
						<ns3:TrackPointExtension>
							<ns3:speed>1.1764705</ns3:speed>
							<ns3:cad>0.0</ns3:cad>
							<ns3:hr>116</ns3:hr>
						</ns3:TrackPointExtension>
					</extensions>
			</trkpt>
			<trkpt lat="47.599247" lon="12.156052">
				<ele>625.0</ele>
				<time>2025-11-29T14:27:53Z</time>
				<desc><![CDATA[CommonTimeValuePoint(absoluteTime=1764426473, value=0.89285713)]]></desc>
					<extensions>
						<ns3:TrackPointExtension>
							<ns3:speed>1.1363636</ns3:speed>
							<ns3:cad>0.0</ns3:cad>
						</ns3:TrackPointExtension>
					</extensions>
			</trkpt>
			<trkpt lat="47.599277" lon="12.15599">
				<ele>626.0</ele>
				<time>2025-11-29T14:27:57Z</time>
				<desc><![CDATA[CommonTimeValuePoint(absoluteTime=1764426477, value=0.9090909)]]></desc>
					<extensions>
						<ns3:TrackPointExtension>
							<ns3:speed>1.1111112</ns3:speed>
							<ns3:cad>0.0</ns3:cad>
							<ns3:hr>118</ns3:hr>
						</ns3:TrackPointExtension>
					</extensions>
			</trkpt>
			<trkpt lat="47.5993" lon="12.15592">
				<ele>626.0</ele>
				<time>2025-11-29T14:28:01Z</time>
				<desc><![CDATA[CommonTimeValuePoint(absoluteTime=1764426481, value=0.9174312)]]></desc>
					<extensions>
						<ns3:TrackPointExtension>
							<ns3:speed>1.098901</ns3:speed>
							<ns3:cad>0.0</ns3:cad>
							<ns3:hr>120</ns3:hr>
						</ns3:TrackPointExtension>
					</extensions>
			</trkpt>
			<trkpt lat="47.599308" lon="12.155845">
				<ele>626.0</ele>
				<time>2025-11-29T14:28:06Z</time>
				<desc><![CDATA[CommonTimeValuePoint(absoluteTime=1764426486, value=1.0)]]></desc>
					<extensions>
						<ns3:TrackPointExtension>
							<ns3:speed>1.010101</ns3:speed>
							<ns3:cad>0.0</ns3:cad>
							<ns3:hr>121</ns3:hr>
						</ns3:TrackPointExtension>
					</extensions>
			</trkpt>
			<trkpt lat="47.59931" lon="12.155773">
				<ele>626.0</ele>
				<time>2025-11-29T14:28:11Z</time>
				<desc><![CDATA[CommonTimeValuePoint(absoluteTime=1764426491, value=1.0638298)]]></desc>
					<extensions>
						<ns3:TrackPointExtension>
							<ns3:speed>0.9433963</ns3:speed>
							<ns3:cad>0.0</ns3:cad>
							<ns3:hr>119</ns3:hr>
						</ns3:TrackPointExtension>
					</extensions>
			</trkpt>
			<trkpt lat="47.599323" lon="12.155702">
				<ele>626.0</ele>
				<time>2025-11-29T14:28:14Z</time>
				<desc><![CDATA[CommonTimeValuePoint(absoluteTime=1764426494, value=0.9090909)]]></desc>
					<extensions>
						<ns3:TrackPointExtension>
							<ns3:speed>1.1111112</ns3:speed>
							<ns3:cad>0.0</ns3:cad>
						</ns3:TrackPointExtension>
					</extensions>
			</trkpt>
			<trkpt lat="47.59933" lon="12.155628">
				<ele>626.0</ele>
				<time>2025-11-29T14:28:18Z</time>
				<desc><![CDATA[CommonTimeValuePoint(absoluteTime=1764426498, value=0.9090909)]]></desc>
					<extensions>
						<ns3:TrackPointExtension>
							<ns3:speed>1.1111112</ns3:speed>
							<ns3:cad>0.0</ns3:cad>
						</ns3:TrackPointExtension>
					</extensions>
			</trkpt>
			<trkpt lat="47.599323" lon="12.155557">
				<ele>626.0</ele>
				<time>2025-11-29T14:28:23Z</time>
				<desc><![CDATA[CommonTimeValuePoint(absoluteTime=1764426503, value=0.86956525)]]></desc>
					<extensions>
						<ns3:TrackPointExtension>
							<ns3:speed>1.1627907</ns3:speed>
							<ns3:cad>0.0</ns3:cad>
							<ns3:hr>117</ns3:hr>
						</ns3:TrackPointExtension>
					</extensions>
			</trkpt>
			<trkpt lat="47.599316" lon="12.155488">
				<ele>626.0</ele>
				<time>2025-11-29T14:28:27Z</time>
				<desc><![CDATA[CommonTimeValuePoint(absoluteTime=1764426507, value=0.9345794)]]></desc>
					<extensions>
						<ns3:TrackPointExtension>
							<ns3:speed>1.0869565</ns3:speed>
							<ns3:cad>0.0</ns3:cad>
							<ns3:hr>116</ns3:hr>
						</ns3:TrackPointExtension>
					</extensions>
			</trkpt>
			<trkpt lat="47.59931" lon="12.155414">
				<ele>626.0</ele>
				<time>2025-11-29T14:28:31Z</time>
				<desc><![CDATA[CommonTimeValuePoint(absoluteTime=1764426511, value=0.8064516)]]></desc>
					<extensions>
						<ns3:TrackPointExtension>
							<ns3:speed>1.25</ns3:speed>
							<ns3:cad>0.0</ns3:cad>
							<ns3:hr>116</ns3:hr>
						</ns3:TrackPointExtension>
					</extensions>
			</trkpt>
			<trkpt lat="47.5993" lon="12.15534">
				<ele>626.0</ele>
				<time>2025-11-29T14:28:35Z</time>
				<desc><![CDATA[CommonTimeValuePoint(absoluteTime=1764426515, value=1.1363636)]]></desc>
					<extensions>
						<ns3:TrackPointExtension>
							<ns3:speed>0.88495576</ns3:speed>
							<ns3:cad>0.0</ns3:cad>
						</ns3:TrackPointExtension>
					</extensions>
			</trkpt>
			<trkpt lat="47.59928" lon="12.155273">
				<ele>626.0</ele>
				<time>2025-11-29T14:28:38Z</time>
				<desc><![CDATA[CommonTimeValuePoint(absoluteTime=1764426518, value=0.86956525)]]></desc>
					<extensions>
						<ns3:TrackPointExtension>
							<ns3:speed>1.1627907</ns3:speed>
							<ns3:cad>0.0</ns3:cad>
							<ns3:hr>116</ns3:hr>
						</ns3:TrackPointExtension>
					</extensions>
			</trkpt>
			<trkpt lat="47.599266" lon="12.155209">
				<ele>626.0</ele>
				<time>2025-11-29T14:28:41Z</time>
				<desc><![CDATA[CommonTimeValuePoint(absoluteTime=1764426521, value=0.8196721)]]></desc>
					<extensions>
						<ns3:TrackPointExtension>
							<ns3:speed>1.2345679</ns3:speed>
							<ns3:cad>0.0</ns3:cad>
							<ns3:hr>117</ns3:hr>
						</ns3:TrackPointExtension>
					</extensions>
			</trkpt>
			<trkpt lat="47.599247" lon="12.155135">
				<ele>626.0</ele>
				<time>2025-11-29T14:28:45Z</time>
				<desc><![CDATA[CommonTimeValuePoint(absoluteTime=1764426525, value=0.7751938)]]></desc>
					<extensions>
						<ns3:TrackPointExtension>
							<ns3:speed>1.2987013</ns3:speed>
							<ns3:cad>0.0</ns3:cad>
							<ns3:hr>115</ns3:hr>
						</ns3:TrackPointExtension>
					</extensions>
			</trkpt>
			<trkpt lat="47.59923" lon="12.155068">
				<ele>626.0</ele>
				<time>2025-11-29T14:28:49Z</time>
				<desc><![CDATA[CommonTimeValuePoint(absoluteTime=1764426529, value=0.78125)]]></desc>
					<extensions>
						<ns3:TrackPointExtension>
							<ns3:speed>1.2987013</ns3:speed>
							<ns3:cad>0.0</ns3:cad>
							<ns3:hr>114</ns3:hr>
						</ns3:TrackPointExtension>
					</extensions>
			</trkpt>
			<trkpt lat="47.59922" lon="12.154997">
				<ele>626.0</ele>
				<time>2025-11-29T14:28:54Z</time>
				<desc><![CDATA[CommonTimeValuePoint(absoluteTime=1764426534, value=0.82644624)]]></desc>
					<extensions>
						<ns3:TrackPointExtension>
							<ns3:speed>1.2195122</ns3:speed>
							<ns3:cad>0.0</ns3:cad>
						</ns3:TrackPointExtension>
					</extensions>
			</trkpt>
			<trkpt lat="47.5992" lon="12.154932">
				<ele>626.0</ele>
				<time>2025-11-29T14:28:58Z</time>
				<desc><![CDATA[CommonTimeValuePoint(absoluteTime=1764426538, value=0.88495576)]]></desc>
					<extensions>
						<ns3:TrackPointExtension>
							<ns3:speed>1.1494253</ns3:speed>
							<ns3:cad>0.0</ns3:cad>
						</ns3:TrackPointExtension>
					</extensions>
			</trkpt>
			<trkpt lat="47.599186" lon="12.154857">
				<ele>626.0</ele>
				<time>2025-11-29T14:29:03Z</time>
				<desc><![CDATA[CommonTimeValuePoint(absoluteTime=1764426543, value=0.9433963)]]></desc>
					<extensions>
						<ns3:TrackPointExtension>
							<ns3:speed>1.0638298</ns3:speed>
							<ns3:cad>0.0</ns3:cad>
							<ns3:hr>114</ns3:hr>
						</ns3:TrackPointExtension>
					</extensions>
			</trkpt>
			<trkpt lat="47.599174" lon="12.154773">
				<ele>626.0</ele>
				<time>2025-11-29T14:29:09Z</time>
				<desc><![CDATA[CommonTimeValuePoint(absoluteTime=1764426549, value=0.952381)]]></desc>
					<extensions>
						<ns3:TrackPointExtension>
							<ns3:speed>1.0638298</ns3:speed>
							<ns3:cad>0.0</ns3:cad>
							<ns3:hr>117</ns3:hr>
						</ns3:TrackPointExtension>
					</extensions>
			</trkpt>
			<trkpt lat="47.59915" lon="12.154714">
				<ele>626.0</ele>
				<time>2025-11-29T14:29:11Z</time>
				<desc><![CDATA[CommonTimeValuePoint(absoluteTime=1764426551, value=0.76335883)]]></desc>
					<extensions>
						<ns3:TrackPointExtension>
							<ns3:speed>1.3333334</ns3:speed>
							<ns3:cad>0.0</ns3:cad>
							<ns3:hr>116</ns3:hr>
						</ns3:TrackPointExtension>
					</extensions>
			</trkpt>
			<trkpt lat="47.59913" lon="12.1546335">
				<ele>626.0</ele>
				<time>2025-11-29T14:29:15Z</time>
				<desc><![CDATA[CommonTimeValuePoint(absoluteTime=1764426555, value=0.76335883)]]></desc>
					<extensions>
						<ns3:TrackPointExtension>
							<ns3:speed>1.3333334</ns3:speed>
							<ns3:cad>0.0</ns3:cad>
							<ns3:hr>117</ns3:hr>
						</ns3:TrackPointExtension>
					</extensions>
			</trkpt>
			<trkpt lat="47.599117" lon="12.154555">
				<ele>626.0</ele>
				<time>2025-11-29T14:29:19Z</time>
				<desc><![CDATA[CommonTimeValuePoint(absoluteTime=1764426559, value=0.8)]]></desc>
					<extensions>
						<ns3:TrackPointExtension>
							<ns3:speed>1.2658228</ns3:speed>
							<ns3:cad>0.0</ns3:cad>
							<ns3:hr>117</ns3:hr>
						</ns3:TrackPointExtension>
					</extensions>
			</trkpt>
			<trkpt lat="47.599106" lon="12.15448">
				<ele>625.0</ele>
				<time>2025-11-29T14:29:23Z</time>
				<desc><![CDATA[CommonTimeValuePoint(absoluteTime=1764426563, value=0.78740156)]]></desc>
					<extensions>
						<ns3:TrackPointExtension>
							<ns3:speed>1.2820513</ns3:speed>
							<ns3:cad>0.0</ns3:cad>
						</ns3:TrackPointExtension>
					</extensions>
			</trkpt>
			<trkpt lat="47.599102" lon="12.15441">
				<ele>625.0</ele>
				<time>2025-11-29T14:29:27Z</time>
				<desc><![CDATA[CommonTimeValuePoint(absoluteTime=1764426567, value=0.8130081)]]></desc>
					<extensions>
						<ns3:TrackPointExtension>
							<ns3:speed>1.25</ns3:speed>
							<ns3:cad>0.0</ns3:cad>
						</ns3:TrackPointExtension>
					</extensions>
			</trkpt>
			<trkpt lat="47.599113" lon="12.154326">
				<ele>625.0</ele>
				<time>2025-11-29T14:29:32Z</time>
				<desc><![CDATA[CommonTimeValuePoint(absoluteTime=1764426572, value=0.8403361)]]></desc>
					<extensions>
						<ns3:TrackPointExtension>
							<ns3:speed>1.2048193</ns3:speed>
							<ns3:cad>0.0</ns3:cad>
							<ns3:hr>118</ns3:hr>
						</ns3:TrackPointExtension>
					</extensions>
			</trkpt>
			<trkpt lat="47.5991" lon="12.154242">
				<ele>625.0</ele>
				<time>2025-11-29T14:29:36Z</time>
				<desc><![CDATA[CommonTimeValuePoint(absoluteTime=1764426576, value=0.85470086)]]></desc>
					<extensions>
						<ns3:TrackPointExtension>
							<ns3:speed>1.1764705</ns3:speed>
							<ns3:cad>0.0</ns3:cad>
							<ns3:hr>119</ns3:hr>
						</ns3:TrackPointExtension>
					</extensions>
			</trkpt>
			<trkpt lat="47.599083" lon="12.154175">
				<ele>624.0</ele>
				<time>2025-11-29T14:29:41Z</time>
				<desc><![CDATA[CommonTimeValuePoint(absoluteTime=1764426581, value=0.9090909)]]></desc>
					<extensions>
						<ns3:TrackPointExtension>
							<ns3:speed>1.1111112</ns3:speed>
							<ns3:cad>0.0</ns3:cad>
							<ns3:hr>120</ns3:hr>
						</ns3:TrackPointExtension>
					</extensions>
			</trkpt>
			<trkpt lat="47.59905" lon="12.154105">
				<ele>624.0</ele>
				<time>2025-11-29T14:29:45Z</time>
				<desc><![CDATA[CommonTimeValuePoint(absoluteTime=1764426585, value=0.85470086)]]></desc>
					<extensions>
						<ns3:TrackPointExtension>
							<ns3:speed>1.1904762</ns3:speed>
							<ns3:cad>0.0</ns3:cad>
							<ns3:hr>121</ns3:hr>
						</ns3:TrackPointExtension>
					</extensions>
			</trkpt>
			<trkpt lat="47.599033" lon="12.154028">
				<ele>623.0</ele>
				<time>2025-11-29T14:29:49Z</time>
				<desc><![CDATA[CommonTimeValuePoint(absoluteTime=1764426589, value=0.8196721)]]></desc>
					<extensions>
						<ns3:TrackPointExtension>
							<ns3:speed>1.2345679</ns3:speed>
							<ns3:cad>0.0</ns3:cad>
						</ns3:TrackPointExtension>
					</extensions>
			</trkpt>
			<trkpt lat="47.599026" lon="12.153956">
				<ele>623.0</ele>
				<time>2025-11-29T14:29:54Z</time>
				<desc><![CDATA[CommonTimeValuePoint(absoluteTime=1764426594, value=0.7936508)]]></desc>
					<extensions>
						<ns3:TrackPointExtension>
							<ns3:speed>1.2658228</ns3:speed>
							<ns3:cad>0.0</ns3:cad>
						</ns3:TrackPointExtension>
					</extensions>
			</trkpt>
			<trkpt lat="47.59903" lon="12.153882">
				<ele>623.0</ele>
				<time>2025-11-29T14:29:57Z</time>
				<desc><![CDATA[CommonTimeValuePoint(absoluteTime=1764426597, value=0.7751938)]]></desc>
					<extensions>
						<ns3:TrackPointExtension>
							<ns3:speed>1.2987013</ns3:speed>
							<ns3:cad>0.0</ns3:cad>
							<ns3:hr>120</ns3:hr>
						</ns3:TrackPointExtension>
					</extensions>
			</trkpt>
			<trkpt lat="47.599014" lon="12.153805">
				<ele>622.0</ele>
				<time>2025-11-29T14:30:01Z</time>
				<desc><![CDATA[CommonTimeValuePoint(absoluteTime=1764426601, value=0.7692308)]]></desc>
					<extensions>
						<ns3:TrackPointExtension>
							<ns3:speed>1.3157895</ns3:speed>
							<ns3:cad>0.0</ns3:cad>
							<ns3:hr>120</ns3:hr>
						</ns3:TrackPointExtension>
					</extensions>
			</trkpt>
			<trkpt lat="47.599" lon="12.153724">
				<ele>622.0</ele>
				<time>2025-11-29T14:30:04Z</time>
				<desc><![CDATA[CommonTimeValuePoint(absoluteTime=1764426604, value=0.8)]]></desc>
					<extensions>
						<ns3:TrackPointExtension>
							<ns3:speed>1.2658228</ns3:speed>
							<ns3:cad>0.0</ns3:cad>
							<ns3:hr>120</ns3:hr>
						</ns3:TrackPointExtension>
					</extensions>
			</trkpt>
			<trkpt lat="47.59897" lon="12.153653">
				<ele>621.0</ele>
				<time>2025-11-29T14:30:08Z</time>
				<desc><![CDATA[CommonTimeValuePoint(absoluteTime=1764426608, value=0.82644624)]]></desc>
					<extensions>
						<ns3:TrackPointExtension>
							<ns3:speed>1.2195122</ns3:speed>
							<ns3:cad>0.0</ns3:cad>
							<ns3:hr>119</ns3:hr>
						</ns3:TrackPointExtension>
					</extensions>
			</trkpt>
			<trkpt lat="47.59895" lon="12.153592">
				<ele>621.0</ele>
				<time>2025-11-29T14:30:11Z</time>
				<desc><![CDATA[CommonTimeValuePoint(absoluteTime=1764426611, value=0.8333333)]]></desc>
					<extensions>
						<ns3:TrackPointExtension>
							<ns3:speed>1.2048193</ns3:speed>
							<ns3:cad>0.0</ns3:cad>
						</ns3:TrackPointExtension>
					</extensions>
			</trkpt>
			<trkpt lat="47.598923" lon="12.153519">
				<ele>621.0</ele>
				<time>2025-11-29T14:30:15Z</time>
				<desc><![CDATA[CommonTimeValuePoint(absoluteTime=1764426615, value=0.82644624)]]></desc>
					<extensions>
						<ns3:TrackPointExtension>
							<ns3:speed>1.2195122</ns3:speed>
							<ns3:cad>0.0</ns3:cad>
							<ns3:hr>118</ns3:hr>
						</ns3:TrackPointExtension>
					</extensions>
			</trkpt>
			<trkpt lat="47.5989" lon="12.153455">
				<ele>620.0</ele>
				<time>2025-11-29T14:30:19Z</time>
				<desc><![CDATA[CommonTimeValuePoint(absoluteTime=1764426619, value=0.8130081)]]></desc>
					<extensions>
						<ns3:TrackPointExtension>
							<ns3:speed>1.25</ns3:speed>
							<ns3:cad>0.0</ns3:cad>
							<ns3:hr>120</ns3:hr>
						</ns3:TrackPointExtension>
					</extensions>
			</trkpt>
			<trkpt lat="47.598854" lon="12.153394">
				<ele>619.0</ele>
				<time>2025-11-29T14:30:23Z</time>
				<desc><![CDATA[CommonTimeValuePoint(absoluteTime=1764426623, value=0.7936508)]]></desc>
					<extensions>
						<ns3:TrackPointExtension>
							<ns3:speed>1.2658228</ns3:speed>
							<ns3:cad>0.0</ns3:cad>
							<ns3:hr>119</ns3:hr>
						</ns3:TrackPointExtension>
					</extensions>
			</trkpt>
			<trkpt lat="47.598812" lon="12.153327">
				<ele>619.0</ele>
				<time>2025-11-29T14:30:27Z</time>
				<desc><![CDATA[CommonTimeValuePoint(absoluteTime=1764426627, value=0.7692308)]]></desc>
					<extensions>
						<ns3:TrackPointExtension>
							<ns3:speed>1.3157895</ns3:speed>
							<ns3:cad>0.0</ns3:cad>
							<ns3:hr>120</ns3:hr>
						</ns3:TrackPointExtension>
					</extensions>
			</trkpt>
			<trkpt lat="47.598778" lon="12.15327">
				<ele>619.0</ele>
				<time>2025-11-29T14:30:30Z</time>
				<desc><![CDATA[CommonTimeValuePoint(absoluteTime=1764426630, value=0.74626863)]]></desc>
					<extensions>
						<ns3:TrackPointExtension>
							<ns3:speed>1.3513514</ns3:speed>
							<ns3:cad>0.0</ns3:cad>
						</ns3:TrackPointExtension>
					</extensions>
			</trkpt>
			<trkpt lat="47.59874" lon="12.153218">
				<ele>619.0</ele>
				<time>2025-11-29T14:30:33Z</time>
				<desc><![CDATA[CommonTimeValuePoint(absoluteTime=1764426633, value=0.729927)]]></desc>
					<extensions>
						<ns3:TrackPointExtension>
							<ns3:speed>1.3888888</ns3:speed>
							<ns3:cad>0.0</ns3:cad>
							<ns3:hr>120</ns3:hr>
						</ns3:TrackPointExtension>
					</extensions>
			</trkpt>
			<trkpt lat="47.59869" lon="12.153196">
				<ele>619.0</ele>
				<time>2025-11-29T14:30:38Z</time>
				<desc><![CDATA[CommonTimeValuePoint(absoluteTime=1764426638, value=0.71428573)]]></desc>
					<extensions>
						<ns3:TrackPointExtension>
							<ns3:speed>1.4084507</ns3:speed>
							<ns3:cad>0.0</ns3:cad>
						</ns3:TrackPointExtension>
					</extensions>
			</trkpt>
			<trkpt lat="47.59865" lon="12.153162">
				<ele>619.0</ele>
				<time>2025-11-29T14:30:40Z</time>
				<desc><![CDATA[CommonTimeValuePoint(absoluteTime=1764426640, value=0.7194245)]]></desc>
					<extensions>
						<ns3:TrackPointExtension>
							<ns3:speed>1.4084507</ns3:speed>
							<ns3:cad>0.0</ns3:cad>
						</ns3:TrackPointExtension>
					</extensions>
			</trkpt>
			<trkpt lat="47.59861" lon="12.153112">
				<ele>619.0</ele>
				<time>2025-11-29T14:30:45Z</time>
				<desc><![CDATA[CommonTimeValuePoint(absoluteTime=1764426645, value=0.74626863)]]></desc>
					<extensions>
						<ns3:TrackPointExtension>
							<ns3:speed>1.3513514</ns3:speed>
							<ns3:cad>0.0</ns3:cad>
							<ns3:hr>115</ns3:hr>
						</ns3:TrackPointExtension>
					</extensions>
			</trkpt>
			<trkpt lat="47.59858" lon="12.153051">
				<ele>619.0</ele>
				<time>2025-11-29T14:30:49Z</time>
				<desc><![CDATA[CommonTimeValuePoint(absoluteTime=1764426649, value=0.78740156)]]></desc>
					<extensions>
						<ns3:TrackPointExtension>
							<ns3:speed>1.2820513</ns3:speed>
							<ns3:cad>0.0</ns3:cad>
							<ns3:hr>115</ns3:hr>
						</ns3:TrackPointExtension>
					</extensions>
			</trkpt>
			<trkpt lat="47.598545" lon="12.152988">
				<ele>619.0</ele>
				<time>2025-11-29T14:30:54Z</time>
				<desc><![CDATA[CommonTimeValuePoint(absoluteTime=1764426654, value=0.8130081)]]></desc>
					<extensions>
						<ns3:TrackPointExtension>
							<ns3:speed>1.25</ns3:speed>
							<ns3:cad>0.0</ns3:cad>
							<ns3:hr>114</ns3:hr>
						</ns3:TrackPointExtension>
					</extensions>
			</trkpt>
			<trkpt lat="47.59853" lon="12.152924">
				<ele>619.0</ele>
				<time>2025-11-29T14:30:58Z</time>
				<desc><![CDATA[CommonTimeValuePoint(absoluteTime=1764426658, value=0.8064516)]]></desc>
					<extensions>
						<ns3:TrackPointExtension>
							<ns3:speed>1.25</ns3:speed>
							<ns3:cad>0.0</ns3:cad>
							<ns3:hr>112</ns3:hr>
						</ns3:TrackPointExtension>
					</extensions>
			</trkpt>
			<trkpt lat="47.598503" lon="12.152857">
				<ele>619.0</ele>
				<time>2025-11-29T14:31:02Z</time>
				<desc><![CDATA[CommonTimeValuePoint(absoluteTime=1764426662, value=0.78740156)]]></desc>
					<extensions>
						<ns3:TrackPointExtension>
							<ns3:speed>1.2820513</ns3:speed>
							<ns3:cad>0.0</ns3:cad>
						</ns3:TrackPointExtension>
					</extensions>
			</trkpt>
			<trkpt lat="47.598488" lon="12.152783">
				<ele>619.0</ele>
				<time>2025-11-29T14:31:06Z</time>
				<desc><![CDATA[CommonTimeValuePoint(absoluteTime=1764426666, value=0.8064516)]]></desc>
					<extensions>
						<ns3:TrackPointExtension>
							<ns3:speed>1.25</ns3:speed>
							<ns3:cad>0.0</ns3:cad>
							<ns3:hr>112</ns3:hr>
						</ns3:TrackPointExtension>
					</extensions>
			</trkpt>
			<trkpt lat="47.598454" lon="12.152715">
				<ele>619.0</ele>
				<time>2025-11-29T14:31:10Z</time>
				<desc><![CDATA[CommonTimeValuePoint(absoluteTime=1764426670, value=0.8403361)]]></desc>
					<extensions>
						<ns3:TrackPointExtension>
							<ns3:speed>1.2048193</ns3:speed>
							<ns3:cad>0.0</ns3:cad>
							<ns3:hr>110</ns3:hr>
						</ns3:TrackPointExtension>
					</extensions>
			</trkpt>
			<trkpt lat="47.598423" lon="12.152655">
				<ele>619.0</ele>
				<time>2025-11-29T14:31:13Z</time>
				<desc><![CDATA[CommonTimeValuePoint(absoluteTime=1764426673, value=0.8)]]></desc>
					<extensions>
						<ns3:TrackPointExtension>
							<ns3:speed>1.2658228</ns3:speed>
							<ns3:cad>0.0</ns3:cad>
							<ns3:hr>108</ns3:hr>
						</ns3:TrackPointExtension>
					</extensions>
			</trkpt>
			<trkpt lat="47.5984" lon="12.152594">
				<ele>619.0</ele>
				<time>2025-11-29T14:31:17Z</time>
				<desc><![CDATA[CommonTimeValuePoint(absoluteTime=1764426677, value=0.76335883)]]></desc>
					<extensions>
						<ns3:TrackPointExtension>
							<ns3:speed>1.3157895</ns3:speed>
							<ns3:cad>0.0</ns3:cad>
							<ns3:hr>106</ns3:hr>
						</ns3:TrackPointExtension>
					</extensions>
			</trkpt>
			<trkpt lat="47.598377" lon="12.152535">
				<ele>619.0</ele>
				<time>2025-11-29T14:31:21Z</time>
				<desc><![CDATA[CommonTimeValuePoint(absoluteTime=1764426681, value=0.7692308)]]></desc>
					<extensions>
						<ns3:TrackPointExtension>
							<ns3:speed>1.3157895</ns3:speed>
							<ns3:cad>0.0</ns3:cad>
							<ns3:hr>105</ns3:hr>
						</ns3:TrackPointExtension>
					</extensions>
			</trkpt>
			<trkpt lat="47.59834" lon="12.152487">
				<ele>619.0</ele>
				<time>2025-11-29T14:31:25Z</time>
				<desc><![CDATA[CommonTimeValuePoint(absoluteTime=1764426685, value=0.8333333)]]></desc>
					<extensions>
						<ns3:TrackPointExtension>
							<ns3:speed>1.2195122</ns3:speed>
							<ns3:cad>0.0</ns3:cad>
							<ns3:hr>109</ns3:hr>
						</ns3:TrackPointExtension>
					</extensions>
			</trkpt>
			<trkpt lat="47.598293" lon="12.152449">
				<ele>619.0</ele>
				<time>2025-11-29T14:31:30Z</time>
				<desc><![CDATA[CommonTimeValuePoint(absoluteTime=1764426690, value=0.9433963)]]></desc>
					<extensions>
						<ns3:TrackPointExtension>
							<ns3:speed>1.0638298</ns3:speed>
							<ns3:cad>0.0</ns3:cad>
							<ns3:hr>111</ns3:hr>
						</ns3:TrackPointExtension>
					</extensions>
			</trkpt>
			<trkpt lat="47.598248" lon="12.152409">
				<ele>619.0</ele>
				<time>2025-11-29T14:31:34Z</time>
				<desc><![CDATA[CommonTimeValuePoint(absoluteTime=1764426694, value=0.990099)]]></desc>
					<extensions>
						<ns3:TrackPointExtension>
							<ns3:speed>1.0204082</ns3:speed>
							<ns3:cad>0.0</ns3:cad>
							<ns3:hr>113</ns3:hr>
						</ns3:TrackPointExtension>
					</extensions>
			</trkpt>
			<trkpt lat="47.59821" lon="12.152377">
				<ele>619.0</ele>
				<time>2025-11-29T14:31:52Z</time>
				<desc><![CDATA[CommonTimeValuePoint(absoluteTime=1764426712, value=1.8)]]></desc>
					<extensions>
						<ns3:TrackPointExtension>
							<ns3:speed>0.5555556</ns3:speed>
							<ns3:cad>0.0</ns3:cad>
						</ns3:TrackPointExtension>
					</extensions>
			</trkpt>
			<trkpt lat="47.59816" lon="12.152431">
				<ele>619.0</ele>
				<time>2025-11-29T14:32:42Z</time>
				<desc><![CDATA[CommonTimeValuePoint(absoluteTime=1764426762, value=1.8)]]></desc>
					<extensions>
						<ns3:TrackPointExtension>
							<ns3:speed>0.5555556</ns3:speed>
							<ns3:cad>0.0</ns3:cad>
							<ns3:hr>107</ns3:hr>
						</ns3:TrackPointExtension>
					</extensions>
			</trkpt>
			<trkpt lat="47.59811" lon="12.152407">
				<ele>619.0</ele>
				<time>2025-11-29T14:32:47Z</time>
				<desc><![CDATA[CommonTimeValuePoint(absoluteTime=1764426767, value=1.0204082)]]></desc>
					<extensions>
						<ns3:TrackPointExtension>
							<ns3:speed>0.990099</ns3:speed>
							<ns3:cad>0.0</ns3:cad>
							<ns3:hr>107</ns3:hr>
						</ns3:TrackPointExtension>
					</extensions>
			</trkpt>
			<trkpt lat="47.598064" lon="12.152411">
				<ele>619.0</ele>
				<time>2025-11-29T14:32:53Z</time>
				<desc><![CDATA[CommonTimeValuePoint(absoluteTime=1764426773, value=1.8)]]></desc>
					<extensions>
						<ns3:TrackPointExtension>
							<ns3:speed>0.5555556</ns3:speed>
							<ns3:cad>0.0</ns3:cad>
							<ns3:hr>105</ns3:hr>
						</ns3:TrackPointExtension>
					</extensions>
			</trkpt>
			<trkpt lat="47.59804" lon="12.152485">
				<ele>619.0</ele>
				<time>2025-11-29T14:32:59Z</time>
				<desc><![CDATA[CommonTimeValuePoint(absoluteTime=1764426779, value=1.2820513)]]></desc>
					<extensions>
						<ns3:TrackPointExtension>
							<ns3:speed>0.78740156</ns3:speed>
							<ns3:cad>0.0</ns3:cad>
							<ns3:hr>103</ns3:hr>
						</ns3:TrackPointExtension>
					</extensions>
			</trkpt>
			<trkpt lat="47.598038" lon="12.152563">
				<ele>619.0</ele>
				<time>2025-11-29T14:33:04Z</time>
				<desc><![CDATA[CommonTimeValuePoint(absoluteTime=1764426784, value=1.1363636)]]></desc>
					<extensions>
						<ns3:TrackPointExtension>
							<ns3:speed>0.89285713</ns3:speed>
							<ns3:cad>0.0</ns3:cad>
							<ns3:hr>103</ns3:hr>
						</ns3:TrackPointExtension>
					</extensions>
			</trkpt>
			<trkpt lat="47.598022" lon="12.152645">
				<ele>619.0</ele>
				<time>2025-11-29T14:33:10Z</time>
				<desc><![CDATA[CommonTimeValuePoint(absoluteTime=1764426790, value=0.952381)]]></desc>
					<extensions>
						<ns3:TrackPointExtension>
							<ns3:speed>1.0526316</ns3:speed>
							<ns3:cad>0.0</ns3:cad>
							<ns3:hr>109</ns3:hr>
						</ns3:TrackPointExtension>
					</extensions>
			</trkpt>
			<trkpt lat="47.598015" lon="12.152721">
				<ele>619.0</ele>
				<time>2025-11-29T14:33:14Z</time>
				<desc><![CDATA[CommonTimeValuePoint(absoluteTime=1764426794, value=0.9009009)]]></desc>
					<extensions>
						<ns3:TrackPointExtension>
							<ns3:speed>1.1235955</ns3:speed>
							<ns3:cad>0.0</ns3:cad>
							<ns3:hr>112</ns3:hr>
						</ns3:TrackPointExtension>
					</extensions>
			</trkpt>
			<trkpt lat="47.59799" lon="12.1527815">
				<ele>619.0</ele>
				<time>2025-11-29T14:33:22Z</time>
				<desc><![CDATA[CommonTimeValuePoint(absoluteTime=1764426802, value=1.8)]]></desc>
					<extensions>
						<ns3:TrackPointExtension>
							<ns3:speed>0.5555556</ns3:speed>
							<ns3:cad>0.0</ns3:cad>
							<ns3:hr>113</ns3:hr>
						</ns3:TrackPointExtension>
					</extensions>
			</trkpt>
			<trkpt lat="47.59796" lon="12.152837">
				<ele>618.0</ele>
				<time>2025-11-29T14:33:27Z</time>
				<desc><![CDATA[CommonTimeValuePoint(absoluteTime=1764426807, value=0.9009009)]]></desc>
					<extensions>
						<ns3:TrackPointExtension>
							<ns3:speed>1.1235955</ns3:speed>
							<ns3:cad>0.0</ns3:cad>
						</ns3:TrackPointExtension>
					</extensions>
			</trkpt>
			<trkpt lat="47.59794" lon="12.15277">
				<ele>617.0</ele>
				<time>2025-11-29T14:33:38Z</time>
				<desc><![CDATA[CommonTimeValuePoint(absoluteTime=1764426818, value=1.2820513)]]></desc>
					<extensions>
						<ns3:TrackPointExtension>
							<ns3:speed>0.78740156</ns3:speed>
							<ns3:cad>0.0</ns3:cad>
						</ns3:TrackPointExtension>
					</extensions>
			</trkpt>
			<trkpt lat="47.597942" lon="12.152692">
				<ele>616.0</ele>
				<time>2025-11-29T14:33:43Z</time>
				<desc><![CDATA[CommonTimeValuePoint(absoluteTime=1764426823, value=1.1904762)]]></desc>
					<extensions>
						<ns3:TrackPointExtension>
							<ns3:speed>0.84745765</ns3:speed>
							<ns3:cad>0.0</ns3:cad>
							<ns3:hr>116</ns3:hr>
						</ns3:TrackPointExtension>
					</extensions>
			</trkpt>
			<trkpt lat="47.597946" lon="12.1526165">
				<ele>616.0</ele>
				<time>2025-11-29T14:33:48Z</time>
				<desc><![CDATA[CommonTimeValuePoint(absoluteTime=1764426828, value=1.0416667)]]></desc>
					<extensions>
						<ns3:TrackPointExtension>
							<ns3:speed>0.97087383</ns3:speed>
							<ns3:cad>0.0</ns3:cad>
							<ns3:hr>118</ns3:hr>
						</ns3:TrackPointExtension>
					</extensions>
			</trkpt>
			<trkpt lat="47.597935" lon="12.152543">
				<ele>615.0</ele>
				<time>2025-11-29T14:33:53Z</time>
				<desc><![CDATA[CommonTimeValuePoint(absoluteTime=1764426833, value=0.952381)]]></desc>
					<extensions>
						<ns3:TrackPointExtension>
							<ns3:speed>1.0638298</ns3:speed>
							<ns3:cad>0.0</ns3:cad>
							<ns3:hr>120</ns3:hr>
						</ns3:TrackPointExtension>
					</extensions>
			</trkpt>
			<trkpt lat="47.597916" lon="12.152476">
				<ele>615.0</ele>
				<time>2025-11-29T14:33:58Z</time>
				<desc><![CDATA[CommonTimeValuePoint(absoluteTime=1764426838, value=0.97087383)]]></desc>
					<extensions>
						<ns3:TrackPointExtension>
							<ns3:speed>1.0416667</ns3:speed>
							<ns3:cad>0.0</ns3:cad>
							<ns3:hr>123</ns3:hr>
						</ns3:TrackPointExtension>
					</extensions>
			</trkpt>
			<trkpt lat="47.597874" lon="12.152429">
				<ele>614.0</ele>
				<time>2025-11-29T14:34:06Z</time>
				<desc><![CDATA[CommonTimeValuePoint(absoluteTime=1764426846, value=1.7857143)]]></desc>
					<extensions>
						<ns3:TrackPointExtension>
							<ns3:speed>0.5714286</ns3:speed>
							<ns3:cad>0.0</ns3:cad>
							<ns3:hr>121</ns3:hr>
						</ns3:TrackPointExtension>
					</extensions>
			</trkpt>
			<trkpt lat="47.59787" lon="12.152351">
				<ele>614.0</ele>
				<time>2025-11-29T14:34:14Z</time>
				<desc><![CDATA[CommonTimeValuePoint(absoluteTime=1764426854, value=1.8)]]></desc>
					<extensions>
						<ns3:TrackPointExtension>
							<ns3:speed>0.5555556</ns3:speed>
							<ns3:cad>0.0</ns3:cad>
							<ns3:hr>124</ns3:hr>
						</ns3:TrackPointExtension>
					</extensions>
			</trkpt>
			<trkpt lat="47.59786" lon="12.152286">
				<ele>614.0</ele>
				<time>2025-11-29T14:34:20Z</time>
				<desc><![CDATA[CommonTimeValuePoint(absoluteTime=1764426860, value=1.6393442)]]></desc>
					<extensions>
						<ns3:TrackPointExtension>
							<ns3:speed>0.621118</ns3:speed>
							<ns3:cad>0.0</ns3:cad>
							<ns3:hr>122</ns3:hr>
						</ns3:TrackPointExtension>
					</extensions>
			</trkpt>
			<trkpt lat="47.597855" lon="12.152217">
				<ele>614.0</ele>
				<time>2025-11-29T14:34:26Z</time>
				<desc><![CDATA[CommonTimeValuePoint(absoluteTime=1764426866, value=1.369863)]]></desc>
					<extensions>
						<ns3:TrackPointExtension>
							<ns3:speed>0.7407407</ns3:speed>
							<ns3:cad>0.0</ns3:cad>
							<ns3:hr>121</ns3:hr>
						</ns3:TrackPointExtension>
					</extensions>
			</trkpt>
			<trkpt lat="47.59784" lon="12.152145">
				<ele>614.0</ele>
				<time>2025-11-29T14:34:32Z</time>
				<desc><![CDATA[CommonTimeValuePoint(absoluteTime=1764426872, value=1.1904762)]]></desc>
					<extensions>
						<ns3:TrackPointExtension>
							<ns3:speed>0.8403361</ns3:speed>
							<ns3:cad>0.0</ns3:cad>
							<ns3:hr>119</ns3:hr>
						</ns3:TrackPointExtension>
					</extensions>
			</trkpt>
			<trkpt lat="47.597847" lon="12.152077">
				<ele>614.0</ele>
				<time>2025-11-29T14:34:38Z</time>
				<desc><![CDATA[CommonTimeValuePoint(absoluteTime=1764426878, value=1.25)]]></desc>
					<extensions>
						<ns3:TrackPointExtension>
							<ns3:speed>0.8064516</ns3:speed>
							<ns3:cad>0.0</ns3:cad>
							<ns3:hr>118</ns3:hr>
						</ns3:TrackPointExtension>
					</extensions>
			</trkpt>
			<trkpt lat="47.597866" lon="12.15201">
				<ele>614.0</ele>
				<time>2025-11-29T14:34:45Z</time>
				<desc><![CDATA[CommonTimeValuePoint(absoluteTime=1764426885, value=1.4492754)]]></desc>
					<extensions>
						<ns3:TrackPointExtension>
							<ns3:speed>0.6993007</ns3:speed>
							<ns3:cad>0.0</ns3:cad>
						</ns3:TrackPointExtension>
					</extensions>
			</trkpt>
			<trkpt lat="47.597897" lon="12.151943">
				<ele>614.0</ele>
				<time>2025-11-29T14:34:51Z</time>
				<desc><![CDATA[CommonTimeValuePoint(absoluteTime=1764426891, value=1.7857143)]]></desc>
					<extensions>
						<ns3:TrackPointExtension>
							<ns3:speed>0.5714286</ns3:speed>
							<ns3:cad>0.0</ns3:cad>
							<ns3:hr>118</ns3:hr>
						</ns3:TrackPointExtension>
					</extensions>
			</trkpt>
			<trkpt lat="47.597916" lon="12.151883">
				<ele>614.0</ele>
				<time>2025-11-29T14:34:56Z</time>
				<desc><![CDATA[CommonTimeValuePoint(absoluteTime=1764426896, value=1.2195122)]]></desc>
					<extensions>
						<ns3:TrackPointExtension>
							<ns3:speed>0.82644624</ns3:speed>
							<ns3:cad>0.0</ns3:cad>
							<ns3:hr>117</ns3:hr>
						</ns3:TrackPointExtension>
					</extensions>
			</trkpt>
			<trkpt lat="47.597923" lon="12.151816">
				<ele>611.0</ele>
				<time>2025-11-29T14:35:03Z</time>
				<desc><![CDATA[CommonTimeValuePoint(absoluteTime=1764426903, value=1.6129032)]]></desc>
					<extensions>
						<ns3:TrackPointExtension>
							<ns3:speed>0.6289308</ns3:speed>
							<ns3:cad>0.0</ns3:cad>
							<ns3:hr>119</ns3:hr>
						</ns3:TrackPointExtension>
					</extensions>
			</trkpt>
			<trkpt lat="47.597908" lon="12.151742">
				<ele>611.0</ele>
				<time>2025-11-29T14:35:10Z</time>
				<desc><![CDATA[CommonTimeValuePoint(absoluteTime=1764426910, value=1.8)]]></desc>
					<extensions>
						<ns3:TrackPointExtension>
							<ns3:speed>0.5555556</ns3:speed>
							<ns3:cad>0.0</ns3:cad>
							<ns3:hr>119</ns3:hr>
						</ns3:TrackPointExtension>
					</extensions>
			</trkpt>
			<trkpt lat="47.597885" lon="12.151684">
				<ele>610.0</ele>
				<time>2025-11-29T14:35:18Z</time>
				<desc><![CDATA[CommonTimeValuePoint(absoluteTime=1764426918, value=1.8)]]></desc>
					<extensions>
						<ns3:TrackPointExtension>
							<ns3:speed>0.5555556</ns3:speed>
							<ns3:cad>0.0</ns3:cad>
							<ns3:hr>119</ns3:hr>
						</ns3:TrackPointExtension>
					</extensions>
			</trkpt>
			<trkpt lat="47.59786" lon="12.151622">
				<ele>609.0</ele>
				<time>2025-11-29T14:35:26Z</time>
				<desc><![CDATA[CommonTimeValuePoint(absoluteTime=1764426926, value=1.8)]]></desc>
					<extensions>
						<ns3:TrackPointExtension>
							<ns3:speed>0.5555556</ns3:speed>
							<ns3:cad>0.0</ns3:cad>
						</ns3:TrackPointExtension>
					</extensions>
			</trkpt>
			<trkpt lat="47.59783" lon="12.151572">
				<ele>608.0</ele>
				<time>2025-11-29T14:35:31Z</time>
				<desc><![CDATA[CommonTimeValuePoint(absoluteTime=1764426931, value=1.8)]]></desc>
					<extensions>
						<ns3:TrackPointExtension>
							<ns3:speed>0.5555556</ns3:speed>
							<ns3:cad>0.0</ns3:cad>
							<ns3:hr>116</ns3:hr>
						</ns3:TrackPointExtension>
					</extensions>
			</trkpt>
			<trkpt lat="47.59781" lon="12.151512">
				<ele>607.0</ele>
				<time>2025-11-29T14:35:36Z</time>
				<desc><![CDATA[CommonTimeValuePoint(absoluteTime=1764426936, value=1.8)]]></desc>
					<extensions>
						<ns3:TrackPointExtension>
							<ns3:speed>0.5555556</ns3:speed>
							<ns3:cad>0.0</ns3:cad>
							<ns3:hr>112</ns3:hr>
						</ns3:TrackPointExtension>
					</extensions>
			</trkpt>
			<trkpt lat="47.597775" lon="12.151467">
				<ele>607.0</ele>
				<time>2025-11-29T14:35:40Z</time>
				<desc><![CDATA[CommonTimeValuePoint(absoluteTime=1764426940, value=1.8)]]></desc>
					<extensions>
						<ns3:TrackPointExtension>
							<ns3:speed>0.5555556</ns3:speed>
							<ns3:cad>0.0</ns3:cad>
							<ns3:hr>114</ns3:hr>
						</ns3:TrackPointExtension>
					</extensions>
			</trkpt>
			<trkpt lat="47.597736" lon="12.151419">
				<ele>606.0</ele>
				<time>2025-11-29T14:35:45Z</time>
				<desc><![CDATA[CommonTimeValuePoint(absoluteTime=1764426945, value=1.7857143)]]></desc>
					<extensions>
						<ns3:TrackPointExtension>
							<ns3:speed>0.5714286</ns3:speed>
							<ns3:cad>0.0</ns3:cad>
							<ns3:hr>110</ns3:hr>
						</ns3:TrackPointExtension>
					</extensions>
			</trkpt>
			<trkpt lat="47.59769" lon="12.151381">
				<ele>606.0</ele>
				<time>2025-11-29T14:35:50Z</time>
				<desc><![CDATA[CommonTimeValuePoint(absoluteTime=1764426950, value=1.724138)]]></desc>
					<extensions>
						<ns3:TrackPointExtension>
							<ns3:speed>0.58823526</ns3:speed>
							<ns3:cad>0.0</ns3:cad>
							<ns3:hr>109</ns3:hr>
						</ns3:TrackPointExtension>
					</extensions>
			</trkpt>
			<trkpt lat="47.59765" lon="12.151343">
				<ele>605.0</ele>
				<time>2025-11-29T14:35:54Z</time>
				<desc><![CDATA[CommonTimeValuePoint(absoluteTime=1764426954, value=1.5873016)]]></desc>
					<extensions>
						<ns3:TrackPointExtension>
							<ns3:speed>0.6369426</ns3:speed>
							<ns3:cad>0.0</ns3:cad>
							<ns3:hr>110</ns3:hr>
						</ns3:TrackPointExtension>
					</extensions>
			</trkpt>
			<trkpt lat="47.597607" lon="12.151319">
				<ele>605.0</ele>
				<time>2025-11-29T14:35:59Z</time>
				<desc><![CDATA[CommonTimeValuePoint(absoluteTime=1764426959, value=1.4285715)]]></desc>
					<extensions>
						<ns3:TrackPointExtension>
							<ns3:speed>0.70422536</ns3:speed>
							<ns3:cad>0.0</ns3:cad>
							<ns3:hr>109</ns3:hr>
						</ns3:TrackPointExtension>
					</extensions>
			</trkpt>
			<trkpt lat="47.59757" lon="12.151285">
				<ele>604.0</ele>
				<time>2025-11-29T14:36:04Z</time>
				<desc><![CDATA[CommonTimeValuePoint(absoluteTime=1764426964, value=1.6666666)]]></desc>
					<extensions>
						<ns3:TrackPointExtension>
							<ns3:speed>0.6060606</ns3:speed>
							<ns3:cad>0.0</ns3:cad>
							<ns3:hr>109</ns3:hr>
						</ns3:TrackPointExtension>
					</extensions>
			</trkpt>
			<trkpt lat="47.597527" lon="12.15124">
				<ele>603.0</ele>
				<time>2025-11-29T14:36:09Z</time>
				<desc><![CDATA[CommonTimeValuePoint(absoluteTime=1764426969, value=1.724138)]]></desc>
					<extensions>
						<ns3:TrackPointExtension>
							<ns3:speed>0.59171593</ns3:speed>
							<ns3:cad>0.0</ns3:cad>
							<ns3:hr>112</ns3:hr>
						</ns3:TrackPointExtension>
					</extensions>
			</trkpt>
			<trkpt lat="47.59749" lon="12.1512">
				<ele>602.0</ele>
				<time>2025-11-29T14:36:14Z</time>
				<desc><![CDATA[CommonTimeValuePoint(absoluteTime=1764426974, value=1.8)]]></desc>
					<extensions>
						<ns3:TrackPointExtension>
							<ns3:speed>0.5555556</ns3:speed>
							<ns3:cad>0.0</ns3:cad>
							<ns3:hr>114</ns3:hr>
						</ns3:TrackPointExtension>
					</extensions>
			</trkpt>
			<trkpt lat="47.597446" lon="12.151174">
				<ele>601.0</ele>
				<time>2025-11-29T14:36:21Z</time>
				<desc><![CDATA[CommonTimeValuePoint(absoluteTime=1764426981, value=1.8)]]></desc>
					<extensions>
						<ns3:TrackPointExtension>
							<ns3:speed>0.5555556</ns3:speed>
							<ns3:cad>0.0</ns3:cad>
							<ns3:hr>115</ns3:hr>
						</ns3:TrackPointExtension>
					</extensions>
			</trkpt>
			<trkpt lat="47.597397" lon="12.151127">
				<ele>600.0</ele>
				<time>2025-11-29T14:36:26Z</time>
				<desc><![CDATA[CommonTimeValuePoint(absoluteTime=1764426986, value=1.8)]]></desc>
					<extensions>
						<ns3:TrackPointExtension>
							<ns3:speed>0.5555556</ns3:speed>
							<ns3:cad>0.0</ns3:cad>
							<ns3:hr>114</ns3:hr>
						</ns3:TrackPointExtension>
					</extensions>
			</trkpt>
			<trkpt lat="47.597343" lon="12.151097">
				<ele>600.0</ele>
				<time>2025-11-29T14:36:30Z</time>
				<desc><![CDATA[CommonTimeValuePoint(absoluteTime=1764426990, value=1.4705882)]]></desc>
					<extensions>
						<ns3:TrackPointExtension>
							<ns3:speed>0.6896551</ns3:speed>
							<ns3:cad>0.0</ns3:cad>
							<ns3:hr>115</ns3:hr>
						</ns3:TrackPointExtension>
					</extensions>
			</trkpt>
			<trkpt lat="47.597294" lon="12.151064">
				<ele>600.0</ele>
				<time>2025-11-29T14:36:34Z</time>
				<desc><![CDATA[CommonTimeValuePoint(absoluteTime=1764426994, value=1.1363636)]]></desc>
					<extensions>
						<ns3:TrackPointExtension>
							<ns3:speed>0.88495576</ns3:speed>
							<ns3:cad>0.0</ns3:cad>
						</ns3:TrackPointExtension>
					</extensions>
			</trkpt>
			<trkpt lat="47.59725" lon="12.151035">
				<ele>600.0</ele>
				<time>2025-11-29T14:36:40Z</time>
				<desc><![CDATA[CommonTimeValuePoint(absoluteTime=1764427000, value=1.8)]]></desc>
					<extensions>
						<ns3:TrackPointExtension>
							<ns3:speed>0.5555556</ns3:speed>
							<ns3:cad>0.0</ns3:cad>
						</ns3:TrackPointExtension>
					</extensions>
			</trkpt>
			<trkpt lat="47.597202" lon="12.1510315">
				<ele>599.0</ele>
				<time>2025-11-29T14:36:47Z</time>
				<desc><![CDATA[CommonTimeValuePoint(absoluteTime=1764427007, value=1.8)]]></desc>
					<extensions>
						<ns3:TrackPointExtension>
							<ns3:speed>0.5555556</ns3:speed>
							<ns3:cad>0.0</ns3:cad>
							<ns3:hr>124</ns3:hr>
						</ns3:TrackPointExtension>
					</extensions>
			</trkpt>
			<trkpt lat="47.597153" lon="12.151022">
				<ele>599.0</ele>
				<time>2025-11-29T14:36:53Z</time>
				<desc><![CDATA[CommonTimeValuePoint(absoluteTime=1764427013, value=1.8)]]></desc>
					<extensions>
						<ns3:TrackPointExtension>
							<ns3:speed>0.5555556</ns3:speed>
							<ns3:cad>0.0</ns3:cad>
							<ns3:hr>125</ns3:hr>
						</ns3:TrackPointExtension>
					</extensions>
			</trkpt>
			<trkpt lat="47.59711" lon="12.150986">
				<ele>599.0</ele>
				<time>2025-11-29T14:36:59Z</time>
				<desc><![CDATA[CommonTimeValuePoint(absoluteTime=1764427019, value=1.8)]]></desc>
					<extensions>
						<ns3:TrackPointExtension>
							<ns3:speed>0.5555556</ns3:speed>
							<ns3:cad>0.0</ns3:cad>
							<ns3:hr>123</ns3:hr>
						</ns3:TrackPointExtension>
					</extensions>
			</trkpt>
			<trkpt lat="47.597065" lon="12.150966">
				<ele>599.0</ele>
				<time>2025-11-29T14:37:06Z</time>
				<desc><![CDATA[CommonTimeValuePoint(absoluteTime=1764427026, value=1.8)]]></desc>
					<extensions>
						<ns3:TrackPointExtension>
							<ns3:speed>0.5555556</ns3:speed>
							<ns3:cad>0.0</ns3:cad>
							<ns3:hr>122</ns3:hr>
						</ns3:TrackPointExtension>
					</extensions>
			</trkpt>
			<trkpt lat="47.597008" lon="12.150947">
				<ele>599.0</ele>
				<time>2025-11-29T14:37:12Z</time>
				<desc><![CDATA[CommonTimeValuePoint(absoluteTime=1764427032, value=1.4285715)]]></desc>
					<extensions>
						<ns3:TrackPointExtension>
							<ns3:speed>0.7092199</ns3:speed>
							<ns3:cad>0.0</ns3:cad>
							<ns3:hr>121</ns3:hr>
						</ns3:TrackPointExtension>
					</extensions>
			</trkpt>
			<trkpt lat="47.59696" lon="12.150915">
				<ele>599.0</ele>
				<time>2025-11-29T14:37:18Z</time>
				<desc><![CDATA[CommonTimeValuePoint(absoluteTime=1764427038, value=1.5151515)]]></desc>
					<extensions>
						<ns3:TrackPointExtension>
							<ns3:speed>0.66225165</ns3:speed>
							<ns3:cad>0.0</ns3:cad>
							<ns3:hr>120</ns3:hr>
						</ns3:TrackPointExtension>
					</extensions>
			</trkpt>
			<trkpt lat="47.59691" lon="12.150907">
				<ele>599.0</ele>
				<time>2025-11-29T14:37:23Z</time>
				<desc><![CDATA[CommonTimeValuePoint(absoluteTime=1764427043, value=1.3888888)]]></desc>
					<extensions>
						<ns3:TrackPointExtension>
							<ns3:speed>0.7246377</ns3:speed>
							<ns3:cad>0.0</ns3:cad>
						</ns3:TrackPointExtension>
					</extensions>
			</trkpt>
			<trkpt lat="47.596863" lon="12.150895">
				<ele>599.0</ele>
				<time>2025-11-29T14:37:27Z</time>
				<desc><![CDATA[CommonTimeValuePoint(absoluteTime=1764427047, value=1.3333334)]]></desc>
					<extensions>
						<ns3:TrackPointExtension>
							<ns3:speed>0.7518797</ns3:speed>
							<ns3:cad>0.0</ns3:cad>
							<ns3:hr>118</ns3:hr>
						</ns3:TrackPointExtension>
					</extensions>
			</trkpt>
			<trkpt lat="47.596817" lon="12.150884">
				<ele>599.0</ele>
				<time>2025-11-29T14:37:34Z</time>
				<desc><![CDATA[CommonTimeValuePoint(absoluteTime=1764427054, value=1.6129032)]]></desc>
					<extensions>
						<ns3:TrackPointExtension>
							<ns3:speed>0.625</ns3:speed>
							<ns3:cad>0.0</ns3:cad>
							<ns3:hr>115</ns3:hr>
						</ns3:TrackPointExtension>
					</extensions>
			</trkpt>
			<trkpt lat="47.596786" lon="12.150812">
				<ele>597.0</ele>
				<time>2025-11-29T14:37:39Z</time>
				<desc><![CDATA[CommonTimeValuePoint(absoluteTime=1764427059, value=1.5873016)]]></desc>
					<extensions>
						<ns3:TrackPointExtension>
							<ns3:speed>0.6329114</ns3:speed>
							<ns3:cad>0.0</ns3:cad>
							<ns3:hr>120</ns3:hr>
						</ns3:TrackPointExtension>
					</extensions>
			</trkpt>
			<trkpt lat="47.596752" lon="12.150754">
				<ele>597.0</ele>
				<time>2025-11-29T14:37:43Z</time>
				<desc><![CDATA[CommonTimeValuePoint(absoluteTime=1764427063, value=0.75757575)]]></desc>
					<extensions>
						<ns3:TrackPointExtension>
							<ns3:speed>1.3333334</ns3:speed>
							<ns3:cad>0.0</ns3:cad>
							<ns3:hr>120</ns3:hr>
						</ns3:TrackPointExtension>
					</extensions>
			</trkpt>
			<trkpt lat="47.596718" lon="12.150708">
				<ele>597.0</ele>
				<time>2025-11-29T14:37:47Z</time>
				<desc><![CDATA[CommonTimeValuePoint(absoluteTime=1764427067, value=1.1235955)]]></desc>
					<extensions>
						<ns3:TrackPointExtension>
							<ns3:speed>0.9009009</ns3:speed>
							<ns3:cad>0.0</ns3:cad>
							<ns3:hr>118</ns3:hr>
						</ns3:TrackPointExtension>
					</extensions>
			</trkpt>
			<trkpt lat="47.59667" lon="12.15067">
				<ele>597.0</ele>
				<time>2025-11-29T14:37:52Z</time>
				<desc><![CDATA[CommonTimeValuePoint(absoluteTime=1764427072, value=1.25)]]></desc>
					<extensions>
						<ns3:TrackPointExtension>
							<ns3:speed>0.8064516</ns3:speed>
							<ns3:cad>0.0</ns3:cad>
							<ns3:hr>116</ns3:hr>
						</ns3:TrackPointExtension>
					</extensions>
			</trkpt>
			<trkpt lat="47.59663" lon="12.150623">
				<ele>598.0</ele>
				<time>2025-11-29T14:38:00Z</time>
				<desc><![CDATA[CommonTimeValuePoint(absoluteTime=1764427080, value=1.8)]]></desc>
					<extensions>
						<ns3:TrackPointExtension>
							<ns3:speed>0.5555556</ns3:speed>
							<ns3:cad>0.0</ns3:cad>
							<ns3:hr>111</ns3:hr>
						</ns3:TrackPointExtension>
					</extensions>
			</trkpt>
			<trkpt lat="47.596584" lon="12.150643">
				<ele>598.0</ele>
				<time>2025-11-29T14:38:04Z</time>
				<desc><![CDATA[CommonTimeValuePoint(absoluteTime=1764427084, value=1.6129032)]]></desc>
					<extensions>
						<ns3:TrackPointExtension>
							<ns3:speed>0.625</ns3:speed>
							<ns3:cad>0.0</ns3:cad>
							<ns3:hr>115</ns3:hr>
						</ns3:TrackPointExtension>
					</extensions>
			</trkpt>
			<trkpt lat="47.596535" lon="12.150674">
				<ele>598.0</ele>
				<time>2025-11-29T14:38:08Z</time>
				<desc><![CDATA[CommonTimeValuePoint(absoluteTime=1764427088, value=1.1494253)]]></desc>
					<extensions>
						<ns3:TrackPointExtension>
							<ns3:speed>0.877193</ns3:speed>
							<ns3:cad>0.0</ns3:cad>
							<ns3:hr>116</ns3:hr>
						</ns3:TrackPointExtension>
					</extensions>
			</trkpt>
			<trkpt lat="47.596485" lon="12.15069">
				<ele>598.0</ele>
				<time>2025-11-29T14:38:12Z</time>
				<desc><![CDATA[CommonTimeValuePoint(absoluteTime=1764427092, value=0.990099)]]></desc>
					<extensions>
						<ns3:TrackPointExtension>
							<ns3:speed>1.0204082</ns3:speed>
							<ns3:cad>0.0</ns3:cad>
							<ns3:hr>118</ns3:hr>
						</ns3:TrackPointExtension>
					</extensions>
			</trkpt>
			<trkpt lat="47.59644" lon="12.150695">
				<ele>598.0</ele>
				<time>2025-11-29T14:38:17Z</time>
				<desc><![CDATA[CommonTimeValuePoint(absoluteTime=1764427097, value=1.2987013)]]></desc>
					<extensions>
						<ns3:TrackPointExtension>
							<ns3:speed>0.7751938</ns3:speed>
							<ns3:cad>0.0</ns3:cad>
							<ns3:hr>116</ns3:hr>
						</ns3:TrackPointExtension>
					</extensions>
			</trkpt>
			<trkpt lat="47.596386" lon="12.150677">
				<ele>598.0</ele>
				<time>2025-11-29T14:38:22Z</time>
				<desc><![CDATA[CommonTimeValuePoint(absoluteTime=1764427102, value=1.4925373)]]></desc>
					<extensions>
						<ns3:TrackPointExtension>
							<ns3:speed>0.6756757</ns3:speed>
							<ns3:cad>0.0</ns3:cad>
							<ns3:hr>116</ns3:hr>
						</ns3:TrackPointExtension>
					</extensions>
			</trkpt>
			<trkpt lat="47.596336" lon="12.150657">
				<ele>598.0</ele>
				<time>2025-11-29T14:38:28Z</time>
				<desc><![CDATA[CommonTimeValuePoint(absoluteTime=1764427108, value=1.5151515)]]></desc>
					<extensions>
						<ns3:TrackPointExtension>
							<ns3:speed>0.6666667</ns3:speed>
							<ns3:cad>0.0</ns3:cad>
							<ns3:hr>113</ns3:hr>
						</ns3:TrackPointExtension>
					</extensions>
			</trkpt>
			<trkpt lat="47.59629" lon="12.150627">
				<ele>598.0</ele>
				<time>2025-11-29T14:38:32Z</time>
				<desc><![CDATA[CommonTimeValuePoint(absoluteTime=1764427112, value=1.4285715)]]></desc>
					<extensions>
						<ns3:TrackPointExtension>
							<ns3:speed>0.71428573</ns3:speed>
							<ns3:cad>0.0</ns3:cad>
							<ns3:hr>112</ns3:hr>
						</ns3:TrackPointExtension>
					</extensions>
			</trkpt>
			<trkpt lat="47.596245" lon="12.150617">
				<ele>598.0</ele>
				<time>2025-11-29T14:38:37Z</time>
				<desc><![CDATA[CommonTimeValuePoint(absoluteTime=1764427117, value=1.3888888)]]></desc>
					<extensions>
						<ns3:TrackPointExtension>
							<ns3:speed>0.7246377</ns3:speed>
							<ns3:cad>0.0</ns3:cad>
							<ns3:hr>111</ns3:hr>
						</ns3:TrackPointExtension>
					</extensions>
			</trkpt>
			<trkpt lat="47.59621" lon="12.150569">
				<ele>598.0</ele>
				<time>2025-11-29T14:38:45Z</time>
				<desc><![CDATA[CommonTimeValuePoint(absoluteTime=1764427125, value=1.25)]]></desc>
					<extensions>
						<ns3:TrackPointExtension>
							<ns3:speed>0.8130081</ns3:speed>
							<ns3:cad>0.0</ns3:cad>
							<ns3:hr>111</ns3:hr>
						</ns3:TrackPointExtension>
					</extensions>
			</trkpt>
			<trkpt lat="47.596184" lon="12.150509">
				<ele>599.0</ele>
				<time>2025-11-29T14:38:51Z</time>
				<desc><![CDATA[CommonTimeValuePoint(absoluteTime=1764427131, value=1.2345679)]]></desc>
					<extensions>
						<ns3:TrackPointExtension>
							<ns3:speed>0.8196721</ns3:speed>
							<ns3:cad>0.0</ns3:cad>
							<ns3:hr>108</ns3:hr>
						</ns3:TrackPointExtension>
					</extensions>
			</trkpt>
			<trkpt lat="47.59615" lon="12.150445">
				<ele>601.0</ele>
				<time>2025-11-29T14:39:01Z</time>
				<desc><![CDATA[CommonTimeValuePoint(absoluteTime=1764427141, value=1.2820513)]]></desc>
					<extensions>
						<ns3:TrackPointExtension>
							<ns3:speed>0.78740156</ns3:speed>
							<ns3:cad>0.0</ns3:cad>
							<ns3:hr>104</ns3:hr>
						</ns3:TrackPointExtension>
					</extensions>
			</trkpt>
			<trkpt lat="47.596107" lon="12.150398">
				<ele>602.0</ele>
				<time>2025-11-29T14:39:06Z</time>
				<desc><![CDATA[CommonTimeValuePoint(absoluteTime=1764427146, value=1.2048193)]]></desc>
					<extensions>
						<ns3:TrackPointExtension>
							<ns3:speed>0.8403361</ns3:speed>
							<ns3:cad>0.0</ns3:cad>
							<ns3:hr>104</ns3:hr>
						</ns3:TrackPointExtension>
					</extensions>
			</trkpt>
			<trkpt lat="47.596066" lon="12.150339">
				<ele>602.0</ele>
				<time>2025-11-29T14:39:11Z</time>
				<desc><![CDATA[CommonTimeValuePoint(absoluteTime=1764427151, value=0.9615385)]]></desc>
					<extensions>
						<ns3:TrackPointExtension>
							<ns3:speed>1.0526316</ns3:speed>
							<ns3:cad>0.0</ns3:cad>
						</ns3:TrackPointExtension>
					</extensions>
			</trkpt>
			<trkpt lat="47.596027" lon="12.150287">
				<ele>603.0</ele>
				<time>2025-11-29T14:39:15Z</time>
				<desc><![CDATA[CommonTimeValuePoint(absoluteTime=1764427155, value=0.9174312)]]></desc>
					<extensions>
						<ns3:TrackPointExtension>
							<ns3:speed>1.098901</ns3:speed>
							<ns3:cad>0.0</ns3:cad>
							<ns3:hr>105</ns3:hr>
						</ns3:TrackPointExtension>
					</extensions>
			</trkpt>
			<trkpt lat="47.59598" lon="12.150243">
				<ele>603.0</ele>
				<time>2025-11-29T14:39:19Z</time>
				<desc><![CDATA[CommonTimeValuePoint(absoluteTime=1764427159, value=0.84745765)]]></desc>
					<extensions>
						<ns3:TrackPointExtension>
							<ns3:speed>1.1904762</ns3:speed>
							<ns3:cad>0.0</ns3:cad>
							<ns3:hr>105</ns3:hr>
						</ns3:TrackPointExtension>
					</extensions>
			</trkpt>
			<trkpt lat="47.595932" lon="12.150226">
				<ele>603.0</ele>
				<time>2025-11-29T14:39:24Z</time>
				<desc><![CDATA[CommonTimeValuePoint(absoluteTime=1764427164, value=0.89285713)]]></desc>
					<extensions>
						<ns3:TrackPointExtension>
							<ns3:speed>1.1235955</ns3:speed>
							<ns3:cad>0.0</ns3:cad>
							<ns3:hr>105</ns3:hr>
						</ns3:TrackPointExtension>
					</extensions>
			</trkpt>
			<trkpt lat="47.595882" lon="12.150193">
				<ele>603.0</ele>
				<time>2025-11-29T14:39:29Z</time>
				<desc><![CDATA[CommonTimeValuePoint(absoluteTime=1764427169, value=1.0)]]></desc>
					<extensions>
						<ns3:TrackPointExtension>
							<ns3:speed>1.0</ns3:speed>
							<ns3:cad>0.0</ns3:cad>
							<ns3:hr>104</ns3:hr>
						</ns3:TrackPointExtension>
					</extensions>
			</trkpt>
			<trkpt lat="47.59585" lon="12.150141">
				<ele>603.0</ele>
				<time>2025-11-29T14:39:35Z</time>
				<desc><![CDATA[CommonTimeValuePoint(absoluteTime=1764427175, value=1.0309278)]]></desc>
					<extensions>
						<ns3:TrackPointExtension>
							<ns3:speed>0.98039216</ns3:speed>
							<ns3:cad>0.0</ns3:cad>
							<ns3:hr>107</ns3:hr>
						</ns3:TrackPointExtension>
					</extensions>
			</trkpt>
			<trkpt lat="47.595837" lon="12.150067">
				<ele>600.0</ele>
				<time>2025-11-29T14:39:49Z</time>
				<desc><![CDATA[CommonTimeValuePoint(absoluteTime=1764427189, value=1.8)]]></desc>
					<extensions>
						<ns3:TrackPointExtension>
							<ns3:speed>0.5555556</ns3:speed>
							<ns3:cad>0.0</ns3:cad>
							<ns3:hr>103</ns3:hr>
						</ns3:TrackPointExtension>
					</extensions>
			</trkpt>
			<trkpt lat="47.59586" lon="12.150009">
				<ele>599.0</ele>
				<time>2025-11-29T14:40:10Z</time>
				<desc><![CDATA[CommonTimeValuePoint(absoluteTime=1764427210, value=1.8)]]></desc>
					<extensions>
						<ns3:TrackPointExtension>
							<ns3:speed>0.5555556</ns3:speed>
							<ns3:cad>0.0</ns3:cad>
							<ns3:hr>103</ns3:hr>
						</ns3:TrackPointExtension>
					</extensions>
			</trkpt>
			<trkpt lat="47.595837" lon="12.149942">
				<ele>599.0</ele>
				<time>2025-11-29T14:40:16Z</time>
				<desc><![CDATA[CommonTimeValuePoint(absoluteTime=1764427216, value=1.8)]]></desc>
					<extensions>
						<ns3:TrackPointExtension>
							<ns3:speed>0.55865926</ns3:speed>
							<ns3:cad>0.0</ns3:cad>
							<ns3:hr>100</ns3:hr>
						</ns3:TrackPointExtension>
					</extensions>
			</trkpt>
			<trkpt lat="47.59581" lon="12.149883">
				<ele>599.0</ele>
				<time>2025-11-29T14:40:23Z</time>
				<desc><![CDATA[CommonTimeValuePoint(absoluteTime=1764427223, value=1.4084507)]]></desc>
					<extensions>
						<ns3:TrackPointExtension>
							<ns3:speed>0.7194245</ns3:speed>
							<ns3:cad>0.0</ns3:cad>
							<ns3:hr>99</ns3:hr>
						</ns3:TrackPointExtension>
					</extensions>
			</trkpt>
			<trkpt lat="47.59579" lon="12.14982">
				<ele>599.0</ele>
				<time>2025-11-29T14:40:29Z</time>
				<desc><![CDATA[CommonTimeValuePoint(absoluteTime=1764427229, value=1.4084507)]]></desc>
					<extensions>
						<ns3:TrackPointExtension>
							<ns3:speed>0.7246377</ns3:speed>
							<ns3:cad>0.0</ns3:cad>
						</ns3:TrackPointExtension>
					</extensions>
			</trkpt>
			<trkpt lat="47.59577" lon="12.149757">
				<ele>599.0</ele>
				<time>2025-11-29T14:40:40Z</time>
				<desc><![CDATA[CommonTimeValuePoint(absoluteTime=1764427240, value=1.8)]]></desc>
					<extensions>
						<ns3:TrackPointExtension>
							<ns3:speed>0.5555556</ns3:speed>
							<ns3:cad>0.0</ns3:cad>
							<ns3:hr>100</ns3:hr>
						</ns3:TrackPointExtension>
					</extensions>
			</trkpt>
			<trkpt lat="47.595745" lon="12.1497">
				<ele>599.0</ele>
				<time>2025-11-29T14:40:49Z</time>
				<desc><![CDATA[CommonTimeValuePoint(absoluteTime=1764427249, value=1.8)]]></desc>
					<extensions>
						<ns3:TrackPointExtension>
							<ns3:speed>0.5555556</ns3:speed>
							<ns3:cad>0.0</ns3:cad>
							<ns3:hr>108</ns3:hr>
						</ns3:TrackPointExtension>
					</extensions>
			</trkpt>
			<trkpt lat="47.595745" lon="12.149631">
				<ele>599.0</ele>
				<time>2025-11-29T14:40:56Z</time>
				<desc><![CDATA[CommonTimeValuePoint(absoluteTime=1764427256, value=1.4925373)]]></desc>
					<extensions>
						<ns3:TrackPointExtension>
							<ns3:speed>0.6802721</ns3:speed>
							<ns3:cad>0.0</ns3:cad>
						</ns3:TrackPointExtension>
					</extensions>
			</trkpt>
			<trkpt lat="47.595726" lon="12.149566">
				<ele>599.0</ele>
				<time>2025-11-29T14:41:01Z</time>
				<desc><![CDATA[CommonTimeValuePoint(absoluteTime=1764427261, value=1.724138)]]></desc>
					<extensions>
						<ns3:TrackPointExtension>
							<ns3:speed>0.5847953</ns3:speed>
							<ns3:cad>0.0</ns3:cad>
						</ns3:TrackPointExtension>
					</extensions>
			</trkpt>
			<trkpt lat="47.595695" lon="12.149508">
				<ele>599.0</ele>
				<time>2025-11-29T14:41:05Z</time>
				<desc><![CDATA[CommonTimeValuePoint(absoluteTime=1764427265, value=1.2658228)]]></desc>
					<extensions>
						<ns3:TrackPointExtension>
							<ns3:speed>0.8</ns3:speed>
							<ns3:cad>0.0</ns3:cad>
							<ns3:hr>108</ns3:hr>
						</ns3:TrackPointExtension>
					</extensions>
			</trkpt>
			<trkpt lat="47.595676" lon="12.149446">
				<ele>599.0</ele>
				<time>2025-11-29T14:41:11Z</time>
				<desc><![CDATA[CommonTimeValuePoint(absoluteTime=1764427271, value=1.4084507)]]></desc>
					<extensions>
						<ns3:TrackPointExtension>
							<ns3:speed>0.7194245</ns3:speed>
							<ns3:cad>0.0</ns3:cad>
							<ns3:hr>108</ns3:hr>
						</ns3:TrackPointExtension>
					</extensions>
			</trkpt>
			<trkpt lat="47.595654" lon="12.149385">
				<ele>599.0</ele>
				<time>2025-11-29T14:41:16Z</time>
				<desc><![CDATA[CommonTimeValuePoint(absoluteTime=1764427276, value=1.2987013)]]></desc>
					<extensions>
						<ns3:TrackPointExtension>
							<ns3:speed>0.78125</ns3:speed>
							<ns3:cad>0.0</ns3:cad>
							<ns3:hr>108</ns3:hr>
						</ns3:TrackPointExtension>
					</extensions>
			</trkpt>
			<trkpt lat="47.595642" lon="12.149321">
				<ele>599.0</ele>
				<time>2025-11-29T14:41:22Z</time>
				<desc><![CDATA[CommonTimeValuePoint(absoluteTime=1764427282, value=1.3513514)]]></desc>
					<extensions>
						<ns3:TrackPointExtension>
							<ns3:speed>0.7407407</ns3:speed>
							<ns3:cad>0.0</ns3:cad>
							<ns3:hr>105</ns3:hr>
						</ns3:TrackPointExtension>
					</extensions>
			</trkpt>
			<trkpt lat="47.59561" lon="12.149267">
				<ele>599.0</ele>
				<time>2025-11-29T14:41:37Z</time>
				<desc><![CDATA[CommonTimeValuePoint(absoluteTime=1764427297, value=1.8)]]></desc>
					<extensions>
						<ns3:TrackPointExtension>
							<ns3:speed>0.5555556</ns3:speed>
							<ns3:cad>0.0</ns3:cad>
							<ns3:hr>105</ns3:hr>
						</ns3:TrackPointExtension>
					</extensions>
			</trkpt>
			<trkpt lat="47.595577" lon="12.149217">
				<ele>599.0</ele>
				<time>2025-11-29T14:41:45Z</time>
				<desc><![CDATA[CommonTimeValuePoint(absoluteTime=1764427305, value=1.8)]]></desc>
					<extensions>
						<ns3:TrackPointExtension>
							<ns3:speed>0.5555556</ns3:speed>
							<ns3:cad>0.0</ns3:cad>
						</ns3:TrackPointExtension>
					</extensions>
			</trkpt>
			<trkpt lat="47.595543" lon="12.1490755">
				<ele>599.0</ele>
				<time>2025-11-29T14:42:13Z</time>
				<desc><![CDATA[CommonTimeValuePoint(absoluteTime=1764427333, value=1.8)]]></desc>
					<extensions>
						<ns3:TrackPointExtension>
							<ns3:speed>0.5555556</ns3:speed>
							<ns3:cad>0.0</ns3:cad>
							<ns3:hr>102</ns3:hr>
						</ns3:TrackPointExtension>
					</extensions>
			</trkpt>
			<trkpt lat="47.595512" lon="12.149011">
				<ele>599.0</ele>
				<time>2025-11-29T14:42:19Z</time>
				<desc><![CDATA[CommonTimeValuePoint(absoluteTime=1764427339, value=1.5384616)]]></desc>
					<extensions>
						<ns3:TrackPointExtension>
							<ns3:speed>0.65789473</ns3:speed>
							<ns3:cad>0.0</ns3:cad>
							<ns3:hr>103</ns3:hr>
						</ns3:TrackPointExtension>
					</extensions>
			</trkpt>
			<trkpt lat="47.59548" lon="12.1489525">
				<ele>599.0</ele>
				<time>2025-11-29T14:42:24Z</time>
				<desc><![CDATA[CommonTimeValuePoint(absoluteTime=1764427344, value=1.6666666)]]></desc>
					<extensions>
						<ns3:TrackPointExtension>
							<ns3:speed>0.6060606</ns3:speed>
							<ns3:cad>0.0</ns3:cad>
							<ns3:hr>107</ns3:hr>
						</ns3:TrackPointExtension>
					</extensions>
			</trkpt>
			<trkpt lat="47.595448" lon="12.1489">
				<ele>599.0</ele>
				<time>2025-11-29T14:42:30Z</time>
				<desc><![CDATA[CommonTimeValuePoint(absoluteTime=1764427350, value=1.8)]]></desc>
					<extensions>
						<ns3:TrackPointExtension>
							<ns3:speed>0.5555556</ns3:speed>
							<ns3:cad>0.0</ns3:cad>
							<ns3:hr>111</ns3:hr>
						</ns3:TrackPointExtension>
					</extensions>
			</trkpt>
			<trkpt lat="47.59543" lon="12.148837">
				<ele>599.0</ele>
				<time>2025-11-29T14:42:34Z</time>
				<desc><![CDATA[CommonTimeValuePoint(absoluteTime=1764427354, value=1.754386)]]></desc>
					<extensions>
						<ns3:TrackPointExtension>
							<ns3:speed>0.5813953</ns3:speed>
							<ns3:cad>0.0</ns3:cad>
						</ns3:TrackPointExtension>
					</extensions>
			</trkpt>
			<trkpt lat="47.595387" lon="12.148781">
				<ele>599.0</ele>
				<time>2025-11-29T14:42:38Z</time>
				<desc><![CDATA[CommonTimeValuePoint(absoluteTime=1764427358, value=1.6129032)]]></desc>
					<extensions>
						<ns3:TrackPointExtension>
							<ns3:speed>0.6289308</ns3:speed>
							<ns3:cad>0.0</ns3:cad>
							<ns3:hr>110</ns3:hr>
						</ns3:TrackPointExtension>
					</extensions>
			</trkpt>
			<trkpt lat="47.595352" lon="12.148734">
				<ele>599.0</ele>
				<time>2025-11-29T14:42:43Z</time>
				<desc><![CDATA[CommonTimeValuePoint(absoluteTime=1764427363, value=1.369863)]]></desc>
					<extensions>
						<ns3:TrackPointExtension>
							<ns3:speed>0.7352941</ns3:speed>
							<ns3:cad>0.0</ns3:cad>
							<ns3:hr>113</ns3:hr>
						</ns3:TrackPointExtension>
					</extensions>
			</trkpt>
			<trkpt lat="47.59531" lon="12.14869">
				<ele>599.0</ele>
				<time>2025-11-29T14:42:46Z</time>
				<desc><![CDATA[CommonTimeValuePoint(absoluteTime=1764427366, value=1.8)]]></desc>
					<extensions>
						<ns3:TrackPointExtension>
							<ns3:speed>0.5555556</ns3:speed>
							<ns3:cad>0.0</ns3:cad>
							<ns3:hr>111</ns3:hr>
						</ns3:TrackPointExtension>
					</extensions>
			</trkpt>
			<trkpt lat="47.595284" lon="12.14863">
				<ele>599.0</ele>
				<time>2025-11-29T14:42:52Z</time>
				<desc><![CDATA[CommonTimeValuePoint(absoluteTime=1764427372, value=1.8)]]></desc>
					<extensions>
						<ns3:TrackPointExtension>
							<ns3:speed>0.5555556</ns3:speed>
							<ns3:cad>0.0</ns3:cad>
							<ns3:hr>108</ns3:hr>
						</ns3:TrackPointExtension>
					</extensions>
			</trkpt>
			<trkpt lat="47.595234" lon="12.148599">
				<ele>599.0</ele>
				<time>2025-11-29T14:42:56Z</time>
				<desc><![CDATA[CommonTimeValuePoint(absoluteTime=1764427376, value=1.724138)]]></desc>
					<extensions>
						<ns3:TrackPointExtension>
							<ns3:speed>0.5813953</ns3:speed>
							<ns3:cad>0.0</ns3:cad>
						</ns3:TrackPointExtension>
					</extensions>
			</trkpt>
			<trkpt lat="47.595177" lon="12.14859">
				<ele>599.0</ele>
				<time>2025-11-29T14:43:02Z</time>
				<desc><![CDATA[CommonTimeValuePoint(absoluteTime=1764427382, value=1.25)]]></desc>
					<extensions>
						<ns3:TrackPointExtension>
							<ns3:speed>0.8064516</ns3:speed>
							<ns3:cad>0.0</ns3:cad>
							<ns3:hr>110</ns3:hr>
						</ns3:TrackPointExtension>
					</extensions>
			</trkpt>
			<trkpt lat="47.59514" lon="12.148547">
				<ele>599.0</ele>
				<time>2025-11-29T14:43:09Z</time>
				<desc><![CDATA[CommonTimeValuePoint(absoluteTime=1764427389, value=1.6666666)]]></desc>
					<extensions>
						<ns3:TrackPointExtension>
							<ns3:speed>0.60240966</ns3:speed>
							<ns3:cad>0.0</ns3:cad>
							<ns3:hr>110</ns3:hr>
						</ns3:TrackPointExtension>
					</extensions>
			</trkpt>
			<trkpt lat="47.595108" lon="12.14848">
				<ele>599.0</ele>
				<time>2025-11-29T14:43:13Z</time>
				<desc><![CDATA[CommonTimeValuePoint(absoluteTime=1764427393, value=1.1235955)]]></desc>
					<extensions>
						<ns3:TrackPointExtension>
							<ns3:speed>0.89285713</ns3:speed>
							<ns3:cad>0.0</ns3:cad>
							<ns3:hr>108</ns3:hr>
						</ns3:TrackPointExtension>
					</extensions>
			</trkpt>
			<trkpt lat="47.59507" lon="12.148412">
				<ele>599.0</ele>
				<time>2025-11-29T14:43:18Z</time>
				<desc><![CDATA[CommonTimeValuePoint(absoluteTime=1764427398, value=1.1764705)]]></desc>
					<extensions>
						<ns3:TrackPointExtension>
							<ns3:speed>0.862069</ns3:speed>
							<ns3:cad>0.0</ns3:cad>
							<ns3:hr>107</ns3:hr>
						</ns3:TrackPointExtension>
					</extensions>
			</trkpt>
			<trkpt lat="47.595013" lon="12.148366">
				<ele>599.0</ele>
				<time>2025-11-29T14:43:22Z</time>
				<desc><![CDATA[CommonTimeValuePoint(absoluteTime=1764427402, value=1.010101)]]></desc>
					<extensions>
						<ns3:TrackPointExtension>
							<ns3:speed>1.0</ns3:speed>
							<ns3:cad>0.0</ns3:cad>
							<ns3:hr>106</ns3:hr>
						</ns3:TrackPointExtension>
					</extensions>
			</trkpt>
			<trkpt lat="47.59497" lon="12.148334">
				<ele>600.0</ele>
				<time>2025-11-29T14:43:27Z</time>
				<desc><![CDATA[CommonTimeValuePoint(absoluteTime=1764427407, value=0.97087383)]]></desc>
					<extensions>
						<ns3:TrackPointExtension>
							<ns3:speed>1.0416667</ns3:speed>
							<ns3:cad>0.0</ns3:cad>
							<ns3:hr>104</ns3:hr>
						</ns3:TrackPointExtension>
					</extensions>
			</trkpt>
			<trkpt lat="47.594925" lon="12.148311">
				<ele>600.0</ele>
				<time>2025-11-29T14:43:32Z</time>
				<desc><![CDATA[CommonTimeValuePoint(absoluteTime=1764427412, value=1.5151515)]]></desc>
					<extensions>
						<ns3:TrackPointExtension>
							<ns3:speed>0.6666667</ns3:speed>
							<ns3:cad>0.0</ns3:cad>
							<ns3:hr>105</ns3:hr>
						</ns3:TrackPointExtension>
					</extensions>
			</trkpt>
			<trkpt lat="47.594887" lon="12.148275">
				<ele>600.0</ele>
				<time>2025-11-29T14:43:38Z</time>
				<desc><![CDATA[CommonTimeValuePoint(absoluteTime=1764427418, value=1.8)]]></desc>
					<extensions>
						<ns3:TrackPointExtension>
							<ns3:speed>0.5555556</ns3:speed>
							<ns3:cad>0.0</ns3:cad>
							<ns3:hr>106</ns3:hr>
						</ns3:TrackPointExtension>
					</extensions>
			</trkpt>
			<trkpt lat="47.59485" lon="12.14824">
				<ele>600.0</ele>
				<time>2025-11-29T14:43:43Z</time>
				<desc><![CDATA[CommonTimeValuePoint(absoluteTime=1764427423, value=1.8)]]></desc>
					<extensions>
						<ns3:TrackPointExtension>
							<ns3:speed>0.5555556</ns3:speed>
							<ns3:cad>0.0</ns3:cad>
							<ns3:hr>103</ns3:hr>
						</ns3:TrackPointExtension>
					</extensions>
			</trkpt>
			<trkpt lat="47.5948" lon="12.148215">
				<ele>600.0</ele>
				<time>2025-11-29T14:43:48Z</time>
				<desc><![CDATA[CommonTimeValuePoint(absoluteTime=1764427428, value=1.6129032)]]></desc>
					<extensions>
						<ns3:TrackPointExtension>
							<ns3:speed>0.625</ns3:speed>
							<ns3:cad>0.0</ns3:cad>
							<ns3:hr>101</ns3:hr>
						</ns3:TrackPointExtension>
					</extensions>
			</trkpt>
			<trkpt lat="47.594757" lon="12.148175">
				<ele>600.0</ele>
				<time>2025-11-29T14:43:52Z</time>
				<desc><![CDATA[CommonTimeValuePoint(absoluteTime=1764427432, value=1.4084507)]]></desc>
					<extensions>
						<ns3:TrackPointExtension>
							<ns3:speed>0.7194245</ns3:speed>
							<ns3:cad>0.0</ns3:cad>
							<ns3:hr>99</ns3:hr>
						</ns3:TrackPointExtension>
					</extensions>
			</trkpt>
			<trkpt lat="47.594707" lon="12.148172">
				<ele>600.0</ele>
				<time>2025-11-29T14:43:59Z</time>
				<desc><![CDATA[CommonTimeValuePoint(absoluteTime=1764427439, value=1.8)]]></desc>
					<extensions>
						<ns3:TrackPointExtension>
							<ns3:speed>0.5555556</ns3:speed>
							<ns3:cad>0.0</ns3:cad>
							<ns3:hr>98</ns3:hr>
						</ns3:TrackPointExtension>
					</extensions>
			</trkpt>
			<trkpt lat="47.594658" lon="12.148174">
				<ele>600.0</ele>
				<time>2025-11-29T14:44:11Z</time>
				<desc><![CDATA[CommonTimeValuePoint(absoluteTime=1764427451, value=1.8)]]></desc>
					<extensions>
						<ns3:TrackPointExtension>
							<ns3:speed>0.5555556</ns3:speed>
							<ns3:cad>0.0</ns3:cad>
						</ns3:TrackPointExtension>
					</extensions>
			</trkpt>
			<trkpt lat="47.594574" lon="12.148172">
				<ele>600.0</ele>
				<time>2025-11-29T14:44:51Z</time>
				<desc><![CDATA[CommonTimeValuePoint(absoluteTime=1764427491, value=1.8)]]></desc>
					<extensions>
						<ns3:TrackPointExtension>
							<ns3:speed>0.5555556</ns3:speed>
							<ns3:cad>0.0</ns3:cad>
						</ns3:TrackPointExtension>
					</extensions>
			</trkpt>
			<trkpt lat="47.59453" lon="12.148161">
				<ele>599.0</ele>
				<time>2025-11-29T14:44:56Z</time>
				<desc><![CDATA[CommonTimeValuePoint(absoluteTime=1764427496, value=1.25)]]></desc>
					<extensions>
						<ns3:TrackPointExtension>
							<ns3:speed>0.8130081</ns3:speed>
							<ns3:cad>0.0</ns3:cad>
						</ns3:TrackPointExtension>
					</extensions>
			</trkpt>
			<trkpt lat="47.594482" lon="12.148142">
				<ele>599.0</ele>
				<time>2025-11-29T14:45:02Z</time>
				<desc><![CDATA[CommonTimeValuePoint(absoluteTime=1764427502, value=1.2048193)]]></desc>
					<extensions>
						<ns3:TrackPointExtension>
							<ns3:speed>0.8403361</ns3:speed>
							<ns3:cad>0.0</ns3:cad>
							<ns3:hr>95</ns3:hr>
						</ns3:TrackPointExtension>
					</extensions>
			</trkpt>
			<trkpt lat="47.594437" lon="12.148164">
				<ele>599.0</ele>
				<time>2025-11-29T14:45:12Z</time>
				<desc><![CDATA[CommonTimeValuePoint(absoluteTime=1764427512, value=1.6393442)]]></desc>
					<extensions>
						<ns3:TrackPointExtension>
							<ns3:speed>0.61349696</ns3:speed>
							<ns3:cad>0.0</ns3:cad>
						</ns3:TrackPointExtension>
					</extensions>
			</trkpt>
			<trkpt lat="47.594383" lon="12.148188">
				<ele>599.0</ele>
				<time>2025-11-29T14:45:16Z</time>
				<desc><![CDATA[CommonTimeValuePoint(absoluteTime=1764427516, value=1.0309278)]]></desc>
					<extensions>
						<ns3:TrackPointExtension>
							<ns3:speed>0.98039216</ns3:speed>
							<ns3:cad>0.0</ns3:cad>
							<ns3:hr>101</ns3:hr>
						</ns3:TrackPointExtension>
					</extensions>
			</trkpt>
			<trkpt lat="47.59436" lon="12.148246">
				<ele>599.0</ele>
				<time>2025-11-29T14:45:20Z</time>
				<desc><![CDATA[CommonTimeValuePoint(absoluteTime=1764427520, value=0.862069)]]></desc>
					<extensions>
						<ns3:TrackPointExtension>
							<ns3:speed>1.1764705</ns3:speed>
							<ns3:cad>0.0</ns3:cad>
							<ns3:hr>102</ns3:hr>
						</ns3:TrackPointExtension>
					</extensions>
			</trkpt>
			<trkpt lat="47.59432" lon="12.148295">
				<ele>599.0</ele>
				<time>2025-11-29T14:45:25Z</time>
				<desc><![CDATA[CommonTimeValuePoint(absoluteTime=1764427525, value=0.8403361)]]></desc>
					<extensions>
						<ns3:TrackPointExtension>
							<ns3:speed>1.2048193</ns3:speed>
							<ns3:cad>0.0</ns3:cad>
							<ns3:hr>108</ns3:hr>
						</ns3:TrackPointExtension>
					</extensions>
			</trkpt>
			<trkpt lat="47.59428" lon="12.148339">
				<ele>599.0</ele>
				<time>2025-11-29T14:45:28Z</time>
				<desc><![CDATA[CommonTimeValuePoint(absoluteTime=1764427528, value=0.8403361)]]></desc>
					<extensions>
						<ns3:TrackPointExtension>
							<ns3:speed>1.2048193</ns3:speed>
							<ns3:cad>0.0</ns3:cad>
							<ns3:hr>109</ns3:hr>
						</ns3:TrackPointExtension>
					</extensions>
			</trkpt>
			<trkpt lat="47.594234" lon="12.148369">
				<ele>599.0</ele>
				<time>2025-11-29T14:45:31Z</time>
				<desc><![CDATA[CommonTimeValuePoint(absoluteTime=1764427531, value=0.8)]]></desc>
					<extensions>
						<ns3:TrackPointExtension>
							<ns3:speed>1.2658228</ns3:speed>
							<ns3:cad>0.0</ns3:cad>
							<ns3:hr>107</ns3:hr>
						</ns3:TrackPointExtension>
					</extensions>
			</trkpt>
			<trkpt lat="47.594196" lon="12.148412">
				<ele>599.0</ele>
				<time>2025-11-29T14:45:36Z</time>
				<desc><![CDATA[CommonTimeValuePoint(absoluteTime=1764427536, value=0.729927)]]></desc>
					<extensions>
						<ns3:TrackPointExtension>
							<ns3:speed>1.3888888</ns3:speed>
							<ns3:cad>0.0</ns3:cad>
							<ns3:hr>112</ns3:hr>
						</ns3:TrackPointExtension>
					</extensions>
			</trkpt>
			<trkpt lat="47.59416" lon="12.148452">
				<ele>599.0</ele>
				<time>2025-11-29T14:45:41Z</time>
				<desc><![CDATA[CommonTimeValuePoint(absoluteTime=1764427541, value=0.8064516)]]></desc>
					<extensions>
						<ns3:TrackPointExtension>
							<ns3:speed>1.25</ns3:speed>
							<ns3:cad>0.0</ns3:cad>
							<ns3:hr>112</ns3:hr>
						</ns3:TrackPointExtension>
					</extensions>
			</trkpt>
			<trkpt lat="47.594112" lon="12.148507">
				<ele>598.0</ele>
				<time>2025-11-29T14:45:45Z</time>
				<desc><![CDATA[CommonTimeValuePoint(absoluteTime=1764427545, value=0.9174312)]]></desc>
					<extensions>
						<ns3:TrackPointExtension>
							<ns3:speed>1.098901</ns3:speed>
							<ns3:cad>0.0</ns3:cad>
						</ns3:TrackPointExtension>
					</extensions>
			</trkpt>
			<trkpt lat="47.594063" lon="12.148552">
				<ele>598.0</ele>
				<time>2025-11-29T14:45:50Z</time>
				<desc><![CDATA[CommonTimeValuePoint(absoluteTime=1764427550, value=0.85470086)]]></desc>
					<extensions>
						<ns3:TrackPointExtension>
							<ns3:speed>1.1764705</ns3:speed>
							<ns3:cad>0.0</ns3:cad>
							<ns3:hr>112</ns3:hr>
						</ns3:TrackPointExtension>
					</extensions>
			</trkpt>
			<trkpt lat="47.594013" lon="12.148581">
				<ele>598.0</ele>
				<time>2025-11-29T14:45:54Z</time>
				<desc><![CDATA[CommonTimeValuePoint(absoluteTime=1764427554, value=0.88495576)]]></desc>
					<extensions>
						<ns3:TrackPointExtension>
							<ns3:speed>1.1363636</ns3:speed>
							<ns3:cad>0.0</ns3:cad>
							<ns3:hr>111</ns3:hr>
						</ns3:TrackPointExtension>
					</extensions>
			</trkpt>
			<trkpt lat="47.593967" lon="12.148609">
				<ele>598.0</ele>
				<time>2025-11-29T14:45:59Z</time>
				<desc><![CDATA[CommonTimeValuePoint(absoluteTime=1764427559, value=0.9090909)]]></desc>
					<extensions>
						<ns3:TrackPointExtension>
							<ns3:speed>1.1111112</ns3:speed>
							<ns3:cad>0.0</ns3:cad>
							<ns3:hr>109</ns3:hr>
						</ns3:TrackPointExtension>
					</extensions>
			</trkpt>
			<trkpt lat="47.59392" lon="12.148643">
				<ele>598.0</ele>
				<time>2025-11-29T14:46:04Z</time>
				<desc><![CDATA[CommonTimeValuePoint(absoluteTime=1764427564, value=0.85470086)]]></desc>
					<extensions>
						<ns3:TrackPointExtension>
							<ns3:speed>1.1764705</ns3:speed>
							<ns3:cad>0.0</ns3:cad>
							<ns3:hr>107</ns3:hr>
						</ns3:TrackPointExtension>
					</extensions>
			</trkpt>
			<trkpt lat="47.593884" lon="12.1486845">
				<ele>598.0</ele>
				<time>2025-11-29T14:46:07Z</time>
				<desc><![CDATA[CommonTimeValuePoint(absoluteTime=1764427567, value=0.8333333)]]></desc>
					<extensions>
						<ns3:TrackPointExtension>
							<ns3:speed>1.2195122</ns3:speed>
							<ns3:cad>0.0</ns3:cad>
							<ns3:hr>106</ns3:hr>
						</ns3:TrackPointExtension>
					</extensions>
			</trkpt>
			<trkpt lat="47.593864" lon="12.148754">
				<ele>598.0</ele>
				<time>2025-11-29T14:46:11Z</time>
				<desc><![CDATA[CommonTimeValuePoint(absoluteTime=1764427571, value=0.8333333)]]></desc>
					<extensions>
						<ns3:TrackPointExtension>
							<ns3:speed>1.2195122</ns3:speed>
							<ns3:cad>0.0</ns3:cad>
						</ns3:TrackPointExtension>
					</extensions>
			</trkpt>
			<trkpt lat="47.593857" lon="12.148824">
				<ele>598.0</ele>
				<time>2025-11-29T14:46:15Z</time>
				<desc><![CDATA[CommonTimeValuePoint(absoluteTime=1764427575, value=0.85470086)]]></desc>
					<extensions>
						<ns3:TrackPointExtension>
							<ns3:speed>1.1904762</ns3:speed>
							<ns3:cad>0.0</ns3:cad>
							<ns3:hr>106</ns3:hr>
						</ns3:TrackPointExtension>
					</extensions>
			</trkpt>
			<trkpt lat="47.59386" lon="12.148892">
				<ele>598.0</ele>
				<time>2025-11-29T14:46:19Z</time>
				<desc><![CDATA[CommonTimeValuePoint(absoluteTime=1764427579, value=0.9345794)]]></desc>
					<extensions>
						<ns3:TrackPointExtension>
							<ns3:speed>1.0752689</ns3:speed>
							<ns3:cad>0.0</ns3:cad>
						</ns3:TrackPointExtension>
					</extensions>
			</trkpt>
			<trkpt lat="47.593876" lon="12.148966">
				<ele>598.0</ele>
				<time>2025-11-29T14:46:23Z</time>
				<desc><![CDATA[CommonTimeValuePoint(absoluteTime=1764427583, value=0.9259259)]]></desc>
					<extensions>
						<ns3:TrackPointExtension>
							<ns3:speed>1.0869565</ns3:speed>
							<ns3:cad>0.0</ns3:cad>
							<ns3:hr>108</ns3:hr>
						</ns3:TrackPointExtension>
					</extensions>
			</trkpt>
			<trkpt lat="47.59388" lon="12.149037">
				<ele>598.0</ele>
				<time>2025-11-29T14:46:27Z</time>
				<desc><![CDATA[CommonTimeValuePoint(absoluteTime=1764427587, value=0.88495576)]]></desc>
					<extensions>
						<ns3:TrackPointExtension>
							<ns3:speed>1.1494253</ns3:speed>
							<ns3:cad>0.0</ns3:cad>
							<ns3:hr>106</ns3:hr>
						</ns3:TrackPointExtension>
					</extensions>
			</trkpt>
			<trkpt lat="47.593887" lon="12.149112">
				<ele>599.0</ele>
				<time>2025-11-29T14:46:33Z</time>
				<desc><![CDATA[CommonTimeValuePoint(absoluteTime=1764427593, value=0.9433963)]]></desc>
					<extensions>
						<ns3:TrackPointExtension>
							<ns3:speed>1.0752689</ns3:speed>
							<ns3:cad>0.0</ns3:cad>
							<ns3:hr>108</ns3:hr>
						</ns3:TrackPointExtension>
					</extensions>
			</trkpt>
			<trkpt lat="47.593884" lon="12.149191">
				<ele>599.0</ele>
				<time>2025-11-29T14:46:40Z</time>
				<desc><![CDATA[CommonTimeValuePoint(absoluteTime=1764427600, value=1.2048193)]]></desc>
					<extensions>
						<ns3:TrackPointExtension>
							<ns3:speed>0.8333333</ns3:speed>
							<ns3:cad>0.0</ns3:cad>
							<ns3:hr>109</ns3:hr>
						</ns3:TrackPointExtension>
					</extensions>
			</trkpt>
		</trkseg>
	</trk>
</gpx>
