<?xml version="1.0" encoding="UTF-8" standalone="yes"?><gpx version="1.1" creator="openrouteservice" xmlns="https://raw.githubusercontent.com/GIScience/openrouteservice-schema/main/gpx/v2/ors-gpx.xsd"><metadata><name>ORSRouting</name><desc>This is a directions instructions file as GPX, generated from openrouteservice</desc><author><name>openrouteservice</name><email id="support" domain="openrouteservice.org"/><link href="https://openrouteservice.org/"><text>https://openrouteservice.org/</text><type>text/html</type></link></author><copyright author="openrouteservice.org, OpenStreetMap contributors, tmc - BASt"><year>2025</year><license>LGPL 3.0</license></copyright><time>2025-11-02T12:20:34.882Z</time><bounds maxlat="47.465093" maxlon="11.046005" minlat="47.42106" minlon="10.985521"/><extensions><system-message></system-message></extensions></metadata><rte><rtept lat="47.464971" lon="11.044829"><ele>794.5</ele><name></name><desc>Head north</desc><extensions><distance>0.014</distance><duration>10.2</duration><type>11</type><step>0</step></extensions></rtept><rtept lat="47.465048" lon="11.044837"><ele>793.0</ele><name></name><desc>Head north</desc><extensions><distance>0.014</distance><duration>10.2</duration><type>11</type><step>0</step></extensions></rtept><rtept lat="47.465093" lon="11.044867"><ele>793.0</ele><name>Höllentalstraße</name><desc>Turn right onto &lt;b&gt;Höllentalstraße&lt;/b&gt;</desc><extensions><distance>0.037</distance><duration>26.4</duration><type>1</type><step>1</step></extensions></rtept><rtept lat="47.465057" lon="11.045022"><ele>779.0</ele><name>Höllentalstraße</name><desc>Turn right onto &lt;b&gt;Höllentalstraße&lt;/b&gt;</desc><extensions><distance>0.037</distance><duration>26.4</duration><type>1</type><step>1</step></extensions></rtept><rtept lat="47.46506" lon="11.0451"><ele>779.0</ele><name>Höllentalstraße</name><desc>Turn right onto &lt;b&gt;Höllentalstraße&lt;/b&gt;</desc><extensions><distance>0.037</distance><duration>26.4</duration><type>1</type><step>1</step></extensions></rtept><rtept lat="47.465076" lon="11.04529"><ele>779.0</ele><name>Höllentalstraße</name><desc>Turn right onto &lt;b&gt;Höllentalstraße&lt;/b&gt;</desc><extensions><distance>0.037</distance><duration>26.4</duration><type>1</type><step>1</step></extensions></rtept><rtept lat="47.465083" lon="11.045342"><ele>779.0</ele><name>Klammweg, H 1</name><desc>Turn sharp right onto &lt;b&gt;Klammweg, H 1&lt;/b&gt;</desc><extensions><distance>2.091</distance><duration>1875.9</duration><type>3</type><step>2</step></extensions></rtept><rtept lat="47.464956" lon="11.045283"><ele>798.0</ele><name>Klammweg, H 1</name><desc>Turn sharp right onto &lt;b&gt;Klammweg, H 1&lt;/b&gt;</desc><extensions><distance>2.091</distance><duration>1875.9</duration><type>3</type><step>2</step></extensions></rtept><rtept lat="47.464691" lon="11.045063"><ele>798.0</ele><name>Klammweg, H 1</name><desc>Turn sharp right onto &lt;b&gt;Klammweg, H 1&lt;/b&gt;</desc><extensions><distance>2.091</distance><duration>1875.9</duration><type>3</type><step>2</step></extensions></rtept><rtept lat="47.464425" lon="11.04479"><ele>796.0</ele><name>Klammweg, H 1</name><desc>Turn sharp right onto &lt;b&gt;Klammweg, H 1&lt;/b&gt;</desc><extensions><distance>2.091</distance><duration>1875.9</duration><type>3</type><step>2</step></extensions></rtept><rtept lat="47.464159" lon="11.04447"><ele>809.0</ele><name>Klammweg, H 1</name><desc>Turn sharp right onto &lt;b&gt;Klammweg, H 1&lt;/b&gt;</desc><extensions><distance>2.091</distance><duration>1875.9</duration><type>3</type><step>2</step></extensions></rtept><rtept lat="47.46411" lon="11.044412"><ele>809.0</ele><name>Klammweg, H 1</name><desc>Turn sharp right onto &lt;b&gt;Klammweg, H 1&lt;/b&gt;</desc><extensions><distance>2.091</distance><duration>1875.9</duration><type>3</type><step>2</step></extensions></rtept><rtept lat="47.463765" lon="11.044045"><ele>813.0</ele><name>Klammweg, H 1</name><desc>Turn sharp right onto &lt;b&gt;Klammweg, H 1&lt;/b&gt;</desc><extensions><distance>2.091</distance><duration>1875.9</duration><type>3</type><step>2</step></extensions></rtept><rtept lat="47.463531" lon="11.043882"><ele>813.0</ele><name>Klammweg, H 1</name><desc>Turn sharp right onto &lt;b&gt;Klammweg, H 1&lt;/b&gt;</desc><extensions><distance>2.091</distance><duration>1875.9</duration><type>3</type><step>2</step></extensions></rtept><rtept lat="47.463399" lon="11.043853"><ele>813.0</ele><name>Klammweg, H 1</name><desc>Turn sharp right onto &lt;b&gt;Klammweg, H 1&lt;/b&gt;</desc><extensions><distance>2.091</distance><duration>1875.9</duration><type>3</type><step>2</step></extensions></rtept><rtept lat="47.463234" lon="11.043859"><ele>831.0</ele><name>Klammweg, H 1</name><desc>Turn sharp right onto &lt;b&gt;Klammweg, H 1&lt;/b&gt;</desc><extensions><distance>2.091</distance><duration>1875.9</duration><type>3</type><step>2</step></extensions></rtept><rtept lat="47.463112" lon="11.043888"><ele>831.0</ele><name>Klammweg, H 1</name><desc>Turn sharp right onto &lt;b&gt;Klammweg, H 1&lt;/b&gt;</desc><extensions><distance>2.091</distance><duration>1875.9</duration><type>3</type><step>2</step></extensions></rtept><rtept lat="47.462479" lon="11.0442"><ele>842.0</ele><name>Klammweg, H 1</name><desc>Turn sharp right onto &lt;b&gt;Klammweg, H 1&lt;/b&gt;</desc><extensions><distance>2.091</distance><duration>1875.9</duration><type>3</type><step>2</step></extensions></rtept><rtept lat="47.462259" lon="11.044354"><ele>842.0</ele><name>Klammweg, H 1</name><desc>Turn sharp right onto &lt;b&gt;Klammweg, H 1&lt;/b&gt;</desc><extensions><distance>2.091</distance><duration>1875.9</duration><type>3</type><step>2</step></extensions></rtept><rtept lat="47.462135" lon="11.044579"><ele>842.0</ele><name>Klammweg, H 1</name><desc>Turn sharp right onto &lt;b&gt;Klammweg, H 1&lt;/b&gt;</desc><extensions><distance>2.091</distance><duration>1875.9</duration><type>3</type><step>2</step></extensions></rtept><rtept lat="47.462095" lon="11.044746"><ele>842.0</ele><name>Klammweg, H 1</name><desc>Turn sharp right onto &lt;b&gt;Klammweg, H 1&lt;/b&gt;</desc><extensions><distance>2.091</distance><duration>1875.9</duration><type>3</type><step>2</step></extensions></rtept><rtept lat="47.462055" lon="11.045088"><ele>824.0</ele><name>Klammweg, H 1</name><desc>Turn sharp right onto &lt;b&gt;Klammweg, H 1&lt;/b&gt;</desc><extensions><distance>2.091</distance><duration>1875.9</duration><type>3</type><step>2</step></extensions></rtept><rtept lat="47.462027" lon="11.045212"><ele>824.0</ele><name>Klammweg, H 1</name><desc>Turn sharp right onto &lt;b&gt;Klammweg, H 1&lt;/b&gt;</desc><extensions><distance>2.091</distance><duration>1875.9</duration><type>3</type><step>2</step></extensions></rtept><rtept lat="47.461966" lon="11.045356"><ele>824.0</ele><name>Klammweg, H 1</name><desc>Turn sharp right onto &lt;b&gt;Klammweg, H 1&lt;/b&gt;</desc><extensions><distance>2.091</distance><duration>1875.9</duration><type>3</type><step>2</step></extensions></rtept><rtept lat="47.461814" lon="11.045448"><ele>824.0</ele><name>Klammweg, H 1</name><desc>Turn sharp right onto &lt;b&gt;Klammweg, H 1&lt;/b&gt;</desc><extensions><distance>2.091</distance><duration>1875.9</duration><type>3</type><step>2</step></extensions></rtept><rtept lat="47.461484" lon="11.04553"><ele>859.0</ele><name>Klammweg, H 1</name><desc>Turn sharp right onto &lt;b&gt;Klammweg, H 1&lt;/b&gt;</desc><extensions><distance>2.091</distance><duration>1875.9</duration><type>3</type><step>2</step></extensions></rtept><rtept lat="47.461383" lon="11.045535"><ele>859.0</ele><name>Klammweg, H 1</name><desc>Turn sharp right onto &lt;b&gt;Klammweg, H 1&lt;/b&gt;</desc><extensions><distance>2.091</distance><duration>1875.9</duration><type>3</type><step>2</step></extensions></rtept><rtept lat="47.461229" lon="11.045637"><ele>859.0</ele><name>Klammweg, H 1</name><desc>Turn sharp right onto &lt;b&gt;Klammweg, H 1&lt;/b&gt;</desc><extensions><distance>2.091</distance><duration>1875.9</duration><type>3</type><step>2</step></extensions></rtept><rtept lat="47.461016" lon="11.045668"><ele>859.0</ele><name>Klammweg, H 1</name><desc>Turn sharp right onto &lt;b&gt;Klammweg, H 1&lt;/b&gt;</desc><extensions><distance>2.091</distance><duration>1875.9</duration><type>3</type><step>2</step></extensions></rtept><rtept lat="47.460863" lon="11.04573"><ele>859.0</ele><name>Klammweg, H 1</name><desc>Turn sharp right onto &lt;b&gt;Klammweg, H 1&lt;/b&gt;</desc><extensions><distance>2.091</distance><duration>1875.9</duration><type>3</type><step>2</step></extensions></rtept><rtept lat="47.460759" lon="11.045824"><ele>870.0</ele><name>Klammweg, H 1</name><desc>Turn sharp right onto &lt;b&gt;Klammweg, H 1&lt;/b&gt;</desc><extensions><distance>2.091</distance><duration>1875.9</duration><type>3</type><step>2</step></extensions></rtept><rtept lat="47.460646" lon="11.045961"><ele>847.0</ele><name>Klammweg, H 1</name><desc>Turn sharp right onto &lt;b&gt;Klammweg, H 1&lt;/b&gt;</desc><extensions><distance>2.091</distance><duration>1875.9</duration><type>3</type><step>2</step></extensions></rtept><rtept lat="47.460531" lon="11.046005"><ele>847.0</ele><name>Klammweg, H 1</name><desc>Turn sharp right onto &lt;b&gt;Klammweg, H 1&lt;/b&gt;</desc><extensions><distance>2.091</distance><duration>1875.9</duration><type>3</type><step>2</step></extensions></rtept><rtept lat="47.460434" lon="11.045967"><ele>847.0</ele><name>Klammweg, H 1</name><desc>Turn sharp right onto &lt;b&gt;Klammweg, H 1&lt;/b&gt;</desc><extensions><distance>2.091</distance><duration>1875.9</duration><type>3</type><step>2</step></extensions></rtept><rtept lat="47.460335" lon="11.045835"><ele>847.0</ele><name>Klammweg, H 1</name><desc>Turn sharp right onto &lt;b&gt;Klammweg, H 1&lt;/b&gt;</desc><extensions><distance>2.091</distance><duration>1875.9</duration><type>3</type><step>2</step></extensions></rtept><rtept lat="47.460203" lon="11.045725"><ele>870.0</ele><name>Klammweg, H 1</name><desc>Turn sharp right onto &lt;b&gt;Klammweg, H 1&lt;/b&gt;</desc><extensions><distance>2.091</distance><duration>1875.9</duration><type>3</type><step>2</step></extensions></rtept><rtept lat="47.460153" lon="11.045657"><ele>870.0</ele><name>Klammweg, H 1</name><desc>Turn sharp right onto &lt;b&gt;Klammweg, H 1&lt;/b&gt;</desc><extensions><distance>2.091</distance><duration>1875.9</duration><type>3</type><step>2</step></extensions></rtept><rtept lat="47.460151" lon="11.045561"><ele>870.0</ele><name>Klammweg, H 1</name><desc>Turn sharp right onto &lt;b&gt;Klammweg, H 1&lt;/b&gt;</desc><extensions><distance>2.091</distance><duration>1875.9</duration><type>3</type><step>2</step></extensions></rtept><rtept lat="47.460191" lon="11.045498"><ele>870.0</ele><name>Klammweg, H 1</name><desc>Turn sharp right onto &lt;b&gt;Klammweg, H 1&lt;/b&gt;</desc><extensions><distance>2.091</distance><duration>1875.9</duration><type>3</type><step>2</step></extensions></rtept><rtept lat="47.460586" lon="11.045289"><ele>870.0</ele><name>Klammweg, H 1</name><desc>Turn sharp right onto &lt;b&gt;Klammweg, H 1&lt;/b&gt;</desc><extensions><distance>2.091</distance><duration>1875.9</duration><type>3</type><step>2</step></extensions></rtept><rtept lat="47.460753" lon="11.045134"><ele>870.0</ele><name>Klammweg, H 1</name><desc>Turn sharp right onto &lt;b&gt;Klammweg, H 1&lt;/b&gt;</desc><extensions><distance>2.091</distance><duration>1875.9</duration><type>3</type><step>2</step></extensions></rtept><rtept lat="47.461042" lon="11.045058"><ele>859.0</ele><name>Klammweg, H 1</name><desc>Turn sharp right onto &lt;b&gt;Klammweg, H 1&lt;/b&gt;</desc><extensions><distance>2.091</distance><duration>1875.9</duration><type>3</type><step>2</step></extensions></rtept><rtept lat="47.461065" lon="11.045005"><ele>859.0</ele><name>Klammweg, H 1</name><desc>Turn sharp right onto &lt;b&gt;Klammweg, H 1&lt;/b&gt;</desc><extensions><distance>2.091</distance><duration>1875.9</duration><type>3</type><step>2</step></extensions></rtept><rtept lat="47.461073" lon="11.044867"><ele>884.0</ele><name>Klammweg, H 1</name><desc>Turn sharp right onto &lt;b&gt;Klammweg, H 1&lt;/b&gt;</desc><extensions><distance>2.091</distance><duration>1875.9</duration><type>3</type><step>2</step></extensions></rtept><rtept lat="47.461017" lon="11.044552"><ele>884.0</ele><name>Klammweg, H 1</name><desc>Turn sharp right onto &lt;b&gt;Klammweg, H 1&lt;/b&gt;</desc><extensions><distance>2.091</distance><duration>1875.9</duration><type>3</type><step>2</step></extensions></rtept><rtept lat="47.461026" lon="11.044245"><ele>884.0</ele><name>Klammweg, H 1</name><desc>Turn sharp right onto &lt;b&gt;Klammweg, H 1&lt;/b&gt;</desc><extensions><distance>2.091</distance><duration>1875.9</duration><type>3</type><step>2</step></extensions></rtept><rtept lat="47.46099" lon="11.044156"><ele>896.0</ele><name>Klammweg, H 1</name><desc>Turn sharp right onto &lt;b&gt;Klammweg, H 1&lt;/b&gt;</desc><extensions><distance>2.091</distance><duration>1875.9</duration><type>3</type><step>2</step></extensions></rtept><rtept lat="47.46087" lon="11.044021"><ele>896.0</ele><name>Klammweg, H 1</name><desc>Turn sharp right onto &lt;b&gt;Klammweg, H 1&lt;/b&gt;</desc><extensions><distance>2.091</distance><duration>1875.9</duration><type>3</type><step>2</step></extensions></rtept><rtept lat="47.460407" lon="11.043684"><ele>902.0</ele><name>Klammweg, H 1</name><desc>Turn sharp right onto &lt;b&gt;Klammweg, H 1&lt;/b&gt;</desc><extensions><distance>2.091</distance><duration>1875.9</duration><type>3</type><step>2</step></extensions></rtept><rtept lat="47.460252" lon="11.043633"><ele>902.0</ele><name>Klammweg, H 1</name><desc>Turn sharp right onto &lt;b&gt;Klammweg, H 1&lt;/b&gt;</desc><extensions><distance>2.091</distance><duration>1875.9</duration><type>3</type><step>2</step></extensions></rtept><rtept lat="47.459833" lon="11.043648"><ele>915.0</ele><name>Klammweg, H 1</name><desc>Turn sharp right onto &lt;b&gt;Klammweg, H 1&lt;/b&gt;</desc><extensions><distance>2.091</distance><duration>1875.9</duration><type>3</type><step>2</step></extensions></rtept><rtept lat="47.45973" lon="11.043623"><ele>915.0</ele><name>Klammweg, H 1</name><desc>Turn sharp right onto &lt;b&gt;Klammweg, H 1&lt;/b&gt;</desc><extensions><distance>2.091</distance><duration>1875.9</duration><type>3</type><step>2</step></extensions></rtept><rtept lat="47.459618" lon="11.043682"><ele>915.0</ele><name>Klammweg, H 1</name><desc>Turn sharp right onto &lt;b&gt;Klammweg, H 1&lt;/b&gt;</desc><extensions><distance>2.091</distance><duration>1875.9</duration><type>3</type><step>2</step></extensions></rtept><rtept lat="47.459485" lon="11.043786"><ele>915.0</ele><name>Klammweg, H 1</name><desc>Turn sharp right onto &lt;b&gt;Klammweg, H 1&lt;/b&gt;</desc><extensions><distance>2.091</distance><duration>1875.9</duration><type>3</type><step>2</step></extensions></rtept><rtept lat="47.459252" lon="11.044076"><ele>915.0</ele><name>Klammweg, H 1</name><desc>Turn sharp right onto &lt;b&gt;Klammweg, H 1&lt;/b&gt;</desc><extensions><distance>2.091</distance><duration>1875.9</duration><type>3</type><step>2</step></extensions></rtept><rtept lat="47.459182" lon="11.04409"><ele>915.0</ele><name>Klammweg, H 1</name><desc>Turn sharp right onto &lt;b&gt;Klammweg, H 1&lt;/b&gt;</desc><extensions><distance>2.091</distance><duration>1875.9</duration><type>3</type><step>2</step></extensions></rtept><rtept lat="47.459001" lon="11.044117"><ele>926.0</ele><name>Klammweg, H 1</name><desc>Turn sharp right onto &lt;b&gt;Klammweg, H 1&lt;/b&gt;</desc><extensions><distance>2.091</distance><duration>1875.9</duration><type>3</type><step>2</step></extensions></rtept><rtept lat="47.458678" lon="11.044085"><ele>926.0</ele><name>Klammweg, H 1</name><desc>Turn sharp right onto &lt;b&gt;Klammweg, H 1&lt;/b&gt;</desc><extensions><distance>2.091</distance><duration>1875.9</duration><type>3</type><step>2</step></extensions></rtept><rtept lat="47.458353" lon="11.043998"><ele>926.0</ele><name>Klammweg, H 1</name><desc>Turn sharp right onto &lt;b&gt;Klammweg, H 1&lt;/b&gt;</desc><extensions><distance>2.091</distance><duration>1875.9</duration><type>3</type><step>2</step></extensions></rtept><rtept lat="47.458153" lon="11.043896"><ele>932.0</ele><name>Klammweg, H 1</name><desc>Turn sharp right onto &lt;b&gt;Klammweg, H 1&lt;/b&gt;</desc><extensions><distance>2.091</distance><duration>1875.9</duration><type>3</type><step>2</step></extensions></rtept><rtept lat="47.457823" lon="11.043902"><ele>932.0</ele><name>Klammweg, H 1</name><desc>Turn sharp right onto &lt;b&gt;Klammweg, H 1&lt;/b&gt;</desc><extensions><distance>2.091</distance><duration>1875.9</duration><type>3</type><step>2</step></extensions></rtept><rtept lat="47.457684" lon="11.043948"><ele>932.0</ele><name>Klammweg, H 1</name><desc>Turn sharp right onto &lt;b&gt;Klammweg, H 1&lt;/b&gt;</desc><extensions><distance>2.091</distance><duration>1875.9</duration><type>3</type><step>2</step></extensions></rtept><rtept lat="47.457582" lon="11.044023"><ele>932.0</ele><name>Klammweg, H 1</name><desc>Turn sharp right onto &lt;b&gt;Klammweg, H 1&lt;/b&gt;</desc><extensions><distance>2.091</distance><duration>1875.9</duration><type>3</type><step>2</step></extensions></rtept><rtept lat="47.457502" lon="11.044124"><ele>932.0</ele><name>Klammweg, H 1</name><desc>Turn sharp right onto &lt;b&gt;Klammweg, H 1&lt;/b&gt;</desc><extensions><distance>2.091</distance><duration>1875.9</duration><type>3</type><step>2</step></extensions></rtept><rtept lat="47.457455" lon="11.04424"><ele>922.0</ele><name>Klammweg, H 1</name><desc>Turn sharp right onto &lt;b&gt;Klammweg, H 1&lt;/b&gt;</desc><extensions><distance>2.091</distance><duration>1875.9</duration><type>3</type><step>2</step></extensions></rtept><rtept lat="47.457387" lon="11.044574"><ele>922.0</ele><name>Klammweg, H 1</name><desc>Turn sharp right onto &lt;b&gt;Klammweg, H 1&lt;/b&gt;</desc><extensions><distance>2.091</distance><duration>1875.9</duration><type>3</type><step>2</step></extensions></rtept><rtept lat="47.457231" lon="11.044635"><ele>922.0</ele><name>Klammweg, H 1</name><desc>Turn sharp right onto &lt;b&gt;Klammweg, H 1&lt;/b&gt;</desc><extensions><distance>2.091</distance><duration>1875.9</duration><type>3</type><step>2</step></extensions></rtept><rtept lat="47.457041" lon="11.04464"><ele>922.0</ele><name>Klammweg, H 1</name><desc>Turn sharp right onto &lt;b&gt;Klammweg, H 1&lt;/b&gt;</desc><extensions><distance>2.091</distance><duration>1875.9</duration><type>3</type><step>2</step></extensions></rtept><rtept lat="47.456936" lon="11.044686"><ele>922.0</ele><name>Klammweg, H 1</name><desc>Turn sharp right onto &lt;b&gt;Klammweg, H 1&lt;/b&gt;</desc><extensions><distance>2.091</distance><duration>1875.9</duration><type>3</type><step>2</step></extensions></rtept><rtept lat="47.456743" lon="11.045013"><ele>912.0</ele><name>Klammweg, H 1</name><desc>Turn sharp right onto &lt;b&gt;Klammweg, H 1&lt;/b&gt;</desc><extensions><distance>2.091</distance><duration>1875.9</duration><type>3</type><step>2</step></extensions></rtept><rtept lat="47.456667" lon="11.045086"><ele>912.0</ele><name>Klammweg, H 1</name><desc>Turn sharp right onto &lt;b&gt;Klammweg, H 1&lt;/b&gt;</desc><extensions><distance>2.091</distance><duration>1875.9</duration><type>3</type><step>2</step></extensions></rtept><rtept lat="47.456599" lon="11.045116"><ele>914.0</ele><name>Klammweg, H 1</name><desc>Turn sharp right onto &lt;b&gt;Klammweg, H 1&lt;/b&gt;</desc><extensions><distance>2.091</distance><duration>1875.9</duration><type>3</type><step>2</step></extensions></rtept><rtept lat="47.456513" lon="11.045123"><ele>914.0</ele><name>Klammweg, H 1</name><desc>Turn sharp right onto &lt;b&gt;Klammweg, H 1&lt;/b&gt;</desc><extensions><distance>2.091</distance><duration>1875.9</duration><type>3</type><step>2</step></extensions></rtept><rtept lat="47.456413" lon="11.04509"><ele>914.0</ele><name>Klammweg, H 1</name><desc>Turn sharp right onto &lt;b&gt;Klammweg, H 1&lt;/b&gt;</desc><extensions><distance>2.091</distance><duration>1875.9</duration><type>3</type><step>2</step></extensions></rtept><rtept lat="47.456342" lon="11.045002"><ele>914.0</ele><name>Klammweg, H 1</name><desc>Turn sharp right onto &lt;b&gt;Klammweg, H 1&lt;/b&gt;</desc><extensions><distance>2.091</distance><duration>1875.9</duration><type>3</type><step>2</step></extensions></rtept><rtept lat="47.456286" lon="11.04488"><ele>922.0</ele><name>Klammweg, H 1</name><desc>Turn sharp right onto &lt;b&gt;Klammweg, H 1&lt;/b&gt;</desc><extensions><distance>2.091</distance><duration>1875.9</duration><type>3</type><step>2</step></extensions></rtept><rtept lat="47.456207" lon="11.044786"><ele>922.0</ele><name>Klammweg, H 1</name><desc>Turn sharp right onto &lt;b&gt;Klammweg, H 1&lt;/b&gt;</desc><extensions><distance>2.091</distance><duration>1875.9</duration><type>3</type><step>2</step></extensions></rtept><rtept lat="47.456122" lon="11.044714"><ele>922.0</ele><name>Klammweg, H 1</name><desc>Turn sharp right onto &lt;b&gt;Klammweg, H 1&lt;/b&gt;</desc><extensions><distance>2.091</distance><duration>1875.9</duration><type>3</type><step>2</step></extensions></rtept><rtept lat="47.455921" lon="11.044473"><ele>922.0</ele><name>Klammweg, H 1</name><desc>Turn sharp right onto &lt;b&gt;Klammweg, H 1&lt;/b&gt;</desc><extensions><distance>2.091</distance><duration>1875.9</duration><type>3</type><step>2</step></extensions></rtept><rtept lat="47.4557" lon="11.044262"><ele>920.0</ele><name>Klammweg, H 1</name><desc>Turn sharp right onto &lt;b&gt;Klammweg, H 1&lt;/b&gt;</desc><extensions><distance>2.091</distance><duration>1875.9</duration><type>3</type><step>2</step></extensions></rtept><rtept lat="47.455652" lon="11.044239"><ele>920.0</ele><name>Klammweg, H 1</name><desc>Turn sharp right onto &lt;b&gt;Klammweg, H 1&lt;/b&gt;</desc><extensions><distance>2.091</distance><duration>1875.9</duration><type>3</type><step>2</step></extensions></rtept><rtept lat="47.455388" lon="11.04429"><ele>920.0</ele><name>Klammweg, H 1</name><desc>Turn sharp right onto &lt;b&gt;Klammweg, H 1&lt;/b&gt;</desc><extensions><distance>2.091</distance><duration>1875.9</duration><type>3</type><step>2</step></extensions></rtept><rtept lat="47.455329" lon="11.044251"><ele>920.0</ele><name>Klammweg, H 1</name><desc>Turn sharp right onto &lt;b&gt;Klammweg, H 1&lt;/b&gt;</desc><extensions><distance>2.091</distance><duration>1875.9</duration><type>3</type><step>2</step></extensions></rtept><rtept lat="47.455176" lon="11.044065"><ele>953.0</ele><name>Klammweg, H 1</name><desc>Turn sharp right onto &lt;b&gt;Klammweg, H 1&lt;/b&gt;</desc><extensions><distance>2.091</distance><duration>1875.9</duration><type>3</type><step>2</step></extensions></rtept><rtept lat="47.454785" lon="11.043879"><ele>938.0</ele><name>Klammweg, H 1</name><desc>Turn sharp right onto &lt;b&gt;Klammweg, H 1&lt;/b&gt;</desc><extensions><distance>2.091</distance><duration>1875.9</duration><type>3</type><step>2</step></extensions></rtept><rtept lat="47.45467" lon="11.043863"><ele>938.0</ele><name>Klammweg, H 1</name><desc>Turn sharp right onto &lt;b&gt;Klammweg, H 1&lt;/b&gt;</desc><extensions><distance>2.091</distance><duration>1875.9</duration><type>3</type><step>2</step></extensions></rtept><rtept lat="47.454445" lon="11.043902"><ele>938.0</ele><name>Klammweg, H 1</name><desc>Turn sharp right onto &lt;b&gt;Klammweg, H 1&lt;/b&gt;</desc><extensions><distance>2.091</distance><duration>1875.9</duration><type>3</type><step>2</step></extensions></rtept><rtept lat="47.454348" lon="11.043883"><ele>938.0</ele><name>Klammweg, H 1</name><desc>Turn sharp right onto &lt;b&gt;Klammweg, H 1&lt;/b&gt;</desc><extensions><distance>2.091</distance><duration>1875.9</duration><type>3</type><step>2</step></extensions></rtept><rtept lat="47.45403" lon="11.043687"><ele>927.0</ele><name>Klammweg, H 1</name><desc>Turn sharp right onto &lt;b&gt;Klammweg, H 1&lt;/b&gt;</desc><extensions><distance>2.091</distance><duration>1875.9</duration><type>3</type><step>2</step></extensions></rtept><rtept lat="47.453923" lon="11.043642"><ele>927.0</ele><name>Klammweg, H 1</name><desc>Turn sharp right onto &lt;b&gt;Klammweg, H 1&lt;/b&gt;</desc><extensions><distance>2.091</distance><duration>1875.9</duration><type>3</type><step>2</step></extensions></rtept><rtept lat="47.453772" lon="11.04364"><ele>927.0</ele><name>Klammweg, H 1</name><desc>Turn sharp right onto &lt;b&gt;Klammweg, H 1&lt;/b&gt;</desc><extensions><distance>2.091</distance><duration>1875.9</duration><type>3</type><step>2</step></extensions></rtept><rtept lat="47.453359" lon="11.043718"><ele>927.0</ele><name>Klammweg, H 1</name><desc>Turn sharp right onto &lt;b&gt;Klammweg, H 1&lt;/b&gt;</desc><extensions><distance>2.091</distance><duration>1875.9</duration><type>3</type><step>2</step></extensions></rtept><rtept lat="47.45312" lon="11.043706"><ele>927.0</ele><name>Klammweg, H 1</name><desc>Turn sharp right onto &lt;b&gt;Klammweg, H 1&lt;/b&gt;</desc><extensions><distance>2.091</distance><duration>1875.9</duration><type>3</type><step>2</step></extensions></rtept><rtept lat="47.452849" lon="11.04349"><ele>927.0</ele><name>Klammweg, H 1</name><desc>Turn sharp right onto &lt;b&gt;Klammweg, H 1&lt;/b&gt;</desc><extensions><distance>2.091</distance><duration>1875.9</duration><type>3</type><step>2</step></extensions></rtept><rtept lat="47.452689" lon="11.043444"><ele>927.0</ele><name>Klammweg, H 1</name><desc>Turn sharp right onto &lt;b&gt;Klammweg, H 1&lt;/b&gt;</desc><extensions><distance>2.091</distance><duration>1875.9</duration><type>3</type><step>2</step></extensions></rtept><rtept lat="47.452405" lon="11.043412"><ele>938.0</ele><name>Klammweg, H 1</name><desc>Turn sharp right onto &lt;b&gt;Klammweg, H 1&lt;/b&gt;</desc><extensions><distance>2.091</distance><duration>1875.9</duration><type>3</type><step>2</step></extensions></rtept><rtept lat="47.452268" lon="11.043419"><ele>938.0</ele><name>Klammweg, H 1</name><desc>Turn sharp right onto &lt;b&gt;Klammweg, H 1&lt;/b&gt;</desc><extensions><distance>2.091</distance><duration>1875.9</duration><type>3</type><step>2</step></extensions></rtept><rtept lat="47.452134" lon="11.04354"><ele>938.0</ele><name>Klammweg, H 1</name><desc>Turn sharp right onto &lt;b&gt;Klammweg, H 1&lt;/b&gt;</desc><extensions><distance>2.091</distance><duration>1875.9</duration><type>3</type><step>2</step></extensions></rtept><rtept lat="47.451995" lon="11.043623"><ele>938.0</ele><name>Klammweg, H 1</name><desc>Turn sharp right onto &lt;b&gt;Klammweg, H 1&lt;/b&gt;</desc><extensions><distance>2.091</distance><duration>1875.9</duration><type>3</type><step>2</step></extensions></rtept><rtept lat="47.451712" lon="11.043701"><ele>938.0</ele><name>Klammweg, H 1</name><desc>Turn sharp right onto &lt;b&gt;Klammweg, H 1&lt;/b&gt;</desc><extensions><distance>2.091</distance><duration>1875.9</duration><type>3</type><step>2</step></extensions></rtept><rtept lat="47.451527" lon="11.043706"><ele>957.0</ele><name>Klammweg, H 1</name><desc>Turn sharp right onto &lt;b&gt;Klammweg, H 1&lt;/b&gt;</desc><extensions><distance>2.091</distance><duration>1875.9</duration><type>3</type><step>2</step></extensions></rtept><rtept lat="47.451367" lon="11.043739"><ele>957.0</ele><name>Klammweg, H 1</name><desc>Turn sharp right onto &lt;b&gt;Klammweg, H 1&lt;/b&gt;</desc><extensions><distance>2.091</distance><duration>1875.9</duration><type>3</type><step>2</step></extensions></rtept><rtept lat="47.451142" lon="11.043741"><ele>957.0</ele><name>Klammweg, H 1</name><desc>Turn sharp right onto &lt;b&gt;Klammweg, H 1&lt;/b&gt;</desc><extensions><distance>2.091</distance><duration>1875.9</duration><type>3</type><step>2</step></extensions></rtept><rtept lat="47.451034" lon="11.04373"><ele>957.0</ele><name></name><desc>Arrive at Klammweg, H 1, on the right</desc><extensions><distance>0.0</distance><duration>0.0</duration><type>10</type><step>3</step></extensions></rtept><rtept lat="47.451034" lon="11.04373"><ele>957.0</ele><name>Klammweg, H 1</name><desc>Head south on &lt;b&gt;Klammweg, H 1&lt;/b&gt;</desc><extensions><distance>1.171</distance><duration>2043.2</duration><type>11</type><step>4</step></extensions></rtept><rtept lat="47.450839" lon="11.043711"><ele>957.0</ele><name>Klammweg, H 1</name><desc>Head south on &lt;b&gt;Klammweg, H 1&lt;/b&gt;</desc><extensions><distance>1.171</distance><duration>2043.2</duration><type>11</type><step>4</step></extensions></rtept><rtept lat="47.450646" lon="11.043658"><ele>988.0</ele><name>Klammweg, H 1</name><desc>Head south on &lt;b&gt;Klammweg, H 1&lt;/b&gt;</desc><extensions><distance>1.171</distance><duration>2043.2</duration><type>11</type><step>4</step></extensions></rtept><rtept lat="47.450542" lon="11.043631"><ele>988.0</ele><name>Klammweg, H 1</name><desc>Head south on &lt;b&gt;Klammweg, H 1&lt;/b&gt;</desc><extensions><distance>1.171</distance><duration>2043.2</duration><type>11</type><step>4</step></extensions></rtept><rtept lat="47.450265" lon="11.043676"><ele>988.0</ele><name>Klammweg, H 1</name><desc>Head south on &lt;b&gt;Klammweg, H 1&lt;/b&gt;</desc><extensions><distance>1.171</distance><duration>2043.2</duration><type>11</type><step>4</step></extensions></rtept><rtept lat="47.450231" lon="11.043624"><ele>988.0</ele><name>Klammweg, H 1</name><desc>Head south on &lt;b&gt;Klammweg, H 1&lt;/b&gt;</desc><extensions><distance>1.171</distance><duration>2043.2</duration><type>11</type><step>4</step></extensions></rtept><rtept lat="47.450332" lon="11.043498"><ele>988.0</ele><name>Klammweg, H 1</name><desc>Head south on &lt;b&gt;Klammweg, H 1&lt;/b&gt;</desc><extensions><distance>1.171</distance><duration>2043.2</duration><type>11</type><step>4</step></extensions></rtept><rtept lat="47.450216" lon="11.043475"><ele>988.0</ele><name>Klammweg, H 1</name><desc>Head south on &lt;b&gt;Klammweg, H 1&lt;/b&gt;</desc><extensions><distance>1.171</distance><duration>2043.2</duration><type>11</type><step>4</step></extensions></rtept><rtept lat="47.450121" lon="11.043542"><ele>988.0</ele><name>Klammweg, H 1</name><desc>Head south on &lt;b&gt;Klammweg, H 1&lt;/b&gt;</desc><extensions><distance>1.171</distance><duration>2043.2</duration><type>11</type><step>4</step></extensions></rtept><rtept lat="47.450155" lon="11.043356"><ele>988.0</ele><name>Klammweg, H 1</name><desc>Head south on &lt;b&gt;Klammweg, H 1&lt;/b&gt;</desc><extensions><distance>1.171</distance><duration>2043.2</duration><type>11</type><step>4</step></extensions></rtept><rtept lat="47.450092" lon="11.043356"><ele>988.0</ele><name>Klammweg, H 1</name><desc>Head south on &lt;b&gt;Klammweg, H 1&lt;/b&gt;</desc><extensions><distance>1.171</distance><duration>2043.2</duration><type>11</type><step>4</step></extensions></rtept><rtept lat="47.449949" lon="11.043429"><ele>1035.0</ele><name>Klammweg, H 1</name><desc>Head south on &lt;b&gt;Klammweg, H 1&lt;/b&gt;</desc><extensions><distance>1.171</distance><duration>2043.2</duration><type>11</type><step>4</step></extensions></rtept><rtept lat="47.449964" lon="11.043289"><ele>1044.0</ele><name>Klammweg, H 1</name><desc>Head south on &lt;b&gt;Klammweg, H 1&lt;/b&gt;</desc><extensions><distance>1.171</distance><duration>2043.2</duration><type>11</type><step>4</step></extensions></rtept><rtept lat="47.450061" lon="11.043126"><ele>996.0</ele><name>Klammweg, H 1</name><desc>Head south on &lt;b&gt;Klammweg, H 1&lt;/b&gt;</desc><extensions><distance>1.171</distance><duration>2043.2</duration><type>11</type><step>4</step></extensions></rtept><rtept lat="47.449899" lon="11.043203"><ele>1044.0</ele><name>Klammweg, H 1</name><desc>Head south on &lt;b&gt;Klammweg, H 1&lt;/b&gt;</desc><extensions><distance>1.171</distance><duration>2043.2</duration><type>11</type><step>4</step></extensions></rtept><rtept lat="47.449841" lon="11.04316"><ele>1044.0</ele><name>Klammweg, H 1</name><desc>Head south on &lt;b&gt;Klammweg, H 1&lt;/b&gt;</desc><extensions><distance>1.171</distance><duration>2043.2</duration><type>11</type><step>4</step></extensions></rtept><rtept lat="47.449668" lon="11.043164"><ele>1044.0</ele><name>Klammweg, H 1</name><desc>Head south on &lt;b&gt;Klammweg, H 1&lt;/b&gt;</desc><extensions><distance>1.171</distance><duration>2043.2</duration><type>11</type><step>4</step></extensions></rtept><rtept lat="47.449735" lon="11.042995"><ele>1044.0</ele><name>Klammweg, H 1</name><desc>Head south on &lt;b&gt;Klammweg, H 1&lt;/b&gt;</desc><extensions><distance>1.171</distance><duration>2043.2</duration><type>11</type><step>4</step></extensions></rtept><rtept lat="47.449809" lon="11.042927"><ele>1044.0</ele><name>Klammweg, H 1</name><desc>Head south on &lt;b&gt;Klammweg, H 1&lt;/b&gt;</desc><extensions><distance>1.171</distance><duration>2043.2</duration><type>11</type><step>4</step></extensions></rtept><rtept lat="47.449873" lon="11.042896"><ele>1044.0</ele><name>Klammweg, H 1</name><desc>Head south on &lt;b&gt;Klammweg, H 1&lt;/b&gt;</desc><extensions><distance>1.171</distance><duration>2043.2</duration><type>11</type><step>4</step></extensions></rtept><rtept lat="47.449862" lon="11.042841"><ele>1044.0</ele><name>Klammweg, H 1</name><desc>Head south on &lt;b&gt;Klammweg, H 1&lt;/b&gt;</desc><extensions><distance>1.171</distance><duration>2043.2</duration><type>11</type><step>4</step></extensions></rtept><rtept lat="47.449791" lon="11.042797"><ele>1044.0</ele><name>Klammweg, H 1</name><desc>Head south on &lt;b&gt;Klammweg, H 1&lt;/b&gt;</desc><extensions><distance>1.171</distance><duration>2043.2</duration><type>11</type><step>4</step></extensions></rtept><rtept lat="47.449371" lon="11.042774"><ele>1044.0</ele><name>Klammweg, H 1</name><desc>Head south on &lt;b&gt;Klammweg, H 1&lt;/b&gt;</desc><extensions><distance>1.171</distance><duration>2043.2</duration><type>11</type><step>4</step></extensions></rtept><rtept lat="47.449249" lon="11.042841"><ele>1044.0</ele><name>Klammweg, H 1</name><desc>Head south on &lt;b&gt;Klammweg, H 1&lt;/b&gt;</desc><extensions><distance>1.171</distance><duration>2043.2</duration><type>11</type><step>4</step></extensions></rtept><rtept lat="47.449182" lon="11.042883"><ele>1044.0</ele><name>Klammweg, H 1</name><desc>Head south on &lt;b&gt;Klammweg, H 1&lt;/b&gt;</desc><extensions><distance>1.171</distance><duration>2043.2</duration><type>11</type><step>4</step></extensions></rtept><rtept lat="47.448949" lon="11.043176"><ele>1100.0</ele><name>Klammweg, H 1</name><desc>Head south on &lt;b&gt;Klammweg, H 1&lt;/b&gt;</desc><extensions><distance>1.171</distance><duration>2043.2</duration><type>11</type><step>4</step></extensions></rtept><rtept lat="47.448784" lon="11.043353"><ele>1088.0</ele><name>Klammweg, H 1</name><desc>Head south on &lt;b&gt;Klammweg, H 1&lt;/b&gt;</desc><extensions><distance>1.171</distance><duration>2043.2</duration><type>11</type><step>4</step></extensions></rtept><rtept lat="47.448699" lon="11.043588"><ele>1088.0</ele><name>Klammweg, H 1</name><desc>Head south on &lt;b&gt;Klammweg, H 1&lt;/b&gt;</desc><extensions><distance>1.171</distance><duration>2043.2</duration><type>11</type><step>4</step></extensions></rtept><rtept lat="47.448659" lon="11.04426"><ele>1109.0</ele><name>Klammweg, H 1</name><desc>Head south on &lt;b&gt;Klammweg, H 1&lt;/b&gt;</desc><extensions><distance>1.171</distance><duration>2043.2</duration><type>11</type><step>4</step></extensions></rtept><rtept lat="47.448629" lon="11.043863"><ele>1088.0</ele><name>Klammweg, H 1</name><desc>Head south on &lt;b&gt;Klammweg, H 1&lt;/b&gt;</desc><extensions><distance>1.171</distance><duration>2043.2</duration><type>11</type><step>4</step></extensions></rtept><rtept lat="47.448592" lon="11.044095"><ele>1088.0</ele><name>Klammweg, H 1</name><desc>Head south on &lt;b&gt;Klammweg, H 1&lt;/b&gt;</desc><extensions><distance>1.171</distance><duration>2043.2</duration><type>11</type><step>4</step></extensions></rtept><rtept lat="47.448525" lon="11.044231"><ele>1109.0</ele><name>Klammweg, H 1</name><desc>Head south on &lt;b&gt;Klammweg, H 1&lt;/b&gt;</desc><extensions><distance>1.171</distance><duration>2043.2</duration><type>11</type><step>4</step></extensions></rtept><rtept lat="47.448489" lon="11.044214"><ele>1109.0</ele><name>Klammweg, H 1</name><desc>Head south on &lt;b&gt;Klammweg, H 1&lt;/b&gt;</desc><extensions><distance>1.171</distance><duration>2043.2</duration><type>11</type><step>4</step></extensions></rtept><rtept lat="47.44842" lon="11.044428"><ele>1109.0</ele><name>Klammweg, H 1</name><desc>Head south on &lt;b&gt;Klammweg, H 1&lt;/b&gt;</desc><extensions><distance>1.171</distance><duration>2043.2</duration><type>11</type><step>4</step></extensions></rtept><rtept lat="47.448367" lon="11.044412"><ele>1109.0</ele><name>Klammweg, H 1</name><desc>Head south on &lt;b&gt;Klammweg, H 1&lt;/b&gt;</desc><extensions><distance>1.171</distance><duration>2043.2</duration><type>11</type><step>4</step></extensions></rtept><rtept lat="47.448141" lon="11.044283"><ele>1172.0</ele><name>Klammweg, H 1</name><desc>Head south on &lt;b&gt;Klammweg, H 1&lt;/b&gt;</desc><extensions><distance>1.171</distance><duration>2043.2</duration><type>11</type><step>4</step></extensions></rtept><rtept lat="47.4479" lon="11.043926"><ele>1138.0</ele><name>Klammweg, H 1</name><desc>Head south on &lt;b&gt;Klammweg, H 1&lt;/b&gt;</desc><extensions><distance>1.171</distance><duration>2043.2</duration><type>11</type><step>4</step></extensions></rtept><rtept lat="47.447619" lon="11.04357"><ele>1138.0</ele><name>Klammweg, H 1</name><desc>Head south on &lt;b&gt;Klammweg, H 1&lt;/b&gt;</desc><extensions><distance>1.171</distance><duration>2043.2</duration><type>11</type><step>4</step></extensions></rtept><rtept lat="47.44755" lon="11.043504"><ele>1138.0</ele><name>Klammweg, H 1</name><desc>Head south on &lt;b&gt;Klammweg, H 1&lt;/b&gt;</desc><extensions><distance>1.171</distance><duration>2043.2</duration><type>11</type><step>4</step></extensions></rtept><rtept lat="47.447296" lon="11.043356"><ele>1184.0</ele><name>Klammweg, H 1</name><desc>Head south on &lt;b&gt;Klammweg, H 1&lt;/b&gt;</desc><extensions><distance>1.171</distance><duration>2043.2</duration><type>11</type><step>4</step></extensions></rtept><rtept lat="47.447077" lon="11.043126"><ele>1159.0</ele><name>Klammweg, H 1</name><desc>Head south on &lt;b&gt;Klammweg, H 1&lt;/b&gt;</desc><extensions><distance>1.171</distance><duration>2043.2</duration><type>11</type><step>4</step></extensions></rtept><rtept lat="47.447049" lon="11.043157"><ele>1159.0</ele><name>Klammweg, H 1</name><desc>Head south on &lt;b&gt;Klammweg, H 1&lt;/b&gt;</desc><extensions><distance>1.171</distance><duration>2043.2</duration><type>11</type><step>4</step></extensions></rtept><rtept lat="47.447017" lon="11.043219"><ele>1159.0</ele><name>Klammweg, H 1</name><desc>Head south on &lt;b&gt;Klammweg, H 1&lt;/b&gt;</desc><extensions><distance>1.171</distance><duration>2043.2</duration><type>11</type><step>4</step></extensions></rtept><rtept lat="47.446339" lon="11.042623"><ele>1189.0</ele><name>Klammweg, H 1</name><desc>Head south on &lt;b&gt;Klammweg, H 1&lt;/b&gt;</desc><extensions><distance>1.171</distance><duration>2043.2</duration><type>11</type><step>4</step></extensions></rtept><rtept lat="47.446335" lon="11.042505"><ele>1189.0</ele><name>Klammweg, H 1</name><desc>Head south on &lt;b&gt;Klammweg, H 1&lt;/b&gt;</desc><extensions><distance>1.171</distance><duration>2043.2</duration><type>11</type><step>4</step></extensions></rtept><rtept lat="47.445939" lon="11.042193"><ele>1170.0</ele><name>Klammweg, H 1</name><desc>Head south on &lt;b&gt;Klammweg, H 1&lt;/b&gt;</desc><extensions><distance>1.171</distance><duration>2043.2</duration><type>11</type><step>4</step></extensions></rtept><rtept lat="47.445558" lon="11.042168"><ele>1194.0</ele><name>Klammweg, H 1</name><desc>Head south on &lt;b&gt;Klammweg, H 1&lt;/b&gt;</desc><extensions><distance>1.171</distance><duration>2043.2</duration><type>11</type><step>4</step></extensions></rtept><rtept lat="47.445373" lon="11.042195"><ele>1194.0</ele><name>Klammweg, H 1</name><desc>Head south on &lt;b&gt;Klammweg, H 1&lt;/b&gt;</desc><extensions><distance>1.171</distance><duration>2043.2</duration><type>11</type><step>4</step></extensions></rtept><rtept lat="47.445063" lon="11.042306"><ele>1194.0</ele><name>Klammweg, H 1</name><desc>Head south on &lt;b&gt;Klammweg, H 1&lt;/b&gt;</desc><extensions><distance>1.171</distance><duration>2043.2</duration><type>11</type><step>4</step></extensions></rtept><rtept lat="47.444718" lon="11.042314"><ele>1237.0</ele><name>Klammweg, H 1</name><desc>Head south on &lt;b&gt;Klammweg, H 1&lt;/b&gt;</desc><extensions><distance>1.171</distance><duration>2043.2</duration><type>11</type><step>4</step></extensions></rtept><rtept lat="47.444483" lon="11.04221"><ele>1237.0</ele><name>Klammweg, H 1</name><desc>Head south on &lt;b&gt;Klammweg, H 1&lt;/b&gt;</desc><extensions><distance>1.171</distance><duration>2043.2</duration><type>11</type><step>4</step></extensions></rtept><rtept lat="47.444354" lon="11.042026"><ele>1237.0</ele><name>Klammweg, H 1</name><desc>Head south on &lt;b&gt;Klammweg, H 1&lt;/b&gt;</desc><extensions><distance>1.171</distance><duration>2043.2</duration><type>11</type><step>4</step></extensions></rtept><rtept lat="47.444269" lon="11.041799"><ele>1237.0</ele><name>Klammweg, H 1</name><desc>Head south on &lt;b&gt;Klammweg, H 1&lt;/b&gt;</desc><extensions><distance>1.171</distance><duration>2043.2</duration><type>11</type><step>4</step></extensions></rtept><rtept lat="47.444215" lon="11.041612"><ele>1226.0</ele><name></name><desc>Arrive at Klammweg, H 1, on the left</desc><extensions><distance>0.0</distance><duration>0.0</duration><type>10</type><step>5</step></extensions></rtept><rtept lat="47.444215" lon="11.041612"><ele>1226.0</ele><name>H 1</name><desc>Head southwest on &lt;b&gt;H 1&lt;/b&gt;</desc><extensions><distance>0.22</distance><duration>395.5</duration><type>11</type><step>6</step></extensions></rtept><rtept lat="47.444193" lon="11.041534"><ele>1215.0</ele><name>H 1</name><desc>Head southwest on &lt;b&gt;H 1&lt;/b&gt;</desc><extensions><distance>0.22</distance><duration>395.5</duration><type>11</type><step>6</step></extensions></rtept><rtept lat="47.444226" lon="11.041327"><ele>1215.0</ele><name>H 1</name><desc>Head southwest on &lt;b&gt;H 1&lt;/b&gt;</desc><extensions><distance>0.22</distance><duration>395.5</duration><type>11</type><step>6</step></extensions></rtept><rtept lat="47.444223" lon="11.041054"><ele>1215.0</ele><name>H 1</name><desc>Head southwest on &lt;b&gt;H 1&lt;/b&gt;</desc><extensions><distance>0.22</distance><duration>395.5</duration><type>11</type><step>6</step></extensions></rtept><rtept lat="47.444301" lon="11.040823"><ele>1209.0</ele><name>H 1</name><desc>Head southwest on &lt;b&gt;H 1&lt;/b&gt;</desc><extensions><distance>0.22</distance><duration>395.5</duration><type>11</type><step>6</step></extensions></rtept><rtept lat="47.444328" lon="11.040597"><ele>1210.82</ele><name>H 1</name><desc>Head southwest on &lt;b&gt;H 1&lt;/b&gt;</desc><extensions><distance>0.22</distance><duration>395.5</duration><type>11</type><step>6</step></extensions></rtept><rtept lat="47.444551" lon="11.040156"><ele>1214.73</ele><name>H 1</name><desc>Head southwest on &lt;b&gt;H 1&lt;/b&gt;</desc><extensions><distance>0.22</distance><duration>395.5</duration><type>11</type><step>6</step></extensions></rtept><rtept lat="47.44458" lon="11.04007"><ele>1215.43</ele><name>H 1</name><desc>Head southwest on &lt;b&gt;H 1&lt;/b&gt;</desc><extensions><distance>0.22</distance><duration>395.5</duration><type>11</type><step>6</step></extensions></rtept><rtept lat="47.444644" lon="11.040014"><ele>1216.09</ele><name>H 1</name><desc>Head southwest on &lt;b&gt;H 1&lt;/b&gt;</desc><extensions><distance>0.22</distance><duration>395.5</duration><type>11</type><step>6</step></extensions></rtept><rtept lat="47.444704" lon="11.039918"><ele>1217.0</ele><name>H 1</name><desc>Head southwest on &lt;b&gt;H 1&lt;/b&gt;</desc><extensions><distance>0.22</distance><duration>395.5</duration><type>11</type><step>6</step></extensions></rtept><rtept lat="47.444624" lon="11.03968"><ele>1217.0</ele><name>H 1</name><desc>Head southwest on &lt;b&gt;H 1&lt;/b&gt;</desc><extensions><distance>0.22</distance><duration>395.5</duration><type>11</type><step>6</step></extensions></rtept><rtept lat="47.444514" lon="11.039551"><ele>1217.0</ele><name>H 1</name><desc>Head southwest on &lt;b&gt;H 1&lt;/b&gt;</desc><extensions><distance>0.22</distance><duration>395.5</duration><type>11</type><step>6</step></extensions></rtept><rtept lat="47.444312" lon="11.039434"><ele>1217.0</ele><name>H 1</name><desc>Head southwest on &lt;b&gt;H 1&lt;/b&gt;</desc><extensions><distance>0.22</distance><duration>395.5</duration><type>11</type><step>6</step></extensions></rtept><rtept lat="47.44427" lon="11.039432"><ele>1221.5</ele><name></name><desc>Arrive at H 1, on the right</desc><extensions><distance>0.0</distance><duration>0.0</duration><type>10</type><step>7</step></extensions></rtept><rtept lat="47.44427" lon="11.039432"><ele>1221.5</ele><name>H 1</name><desc>Head south on &lt;b&gt;H 1&lt;/b&gt;</desc><extensions><distance>0.455</distance><duration>737.0</duration><type>11</type><step>8</step></extensions></rtept><rtept lat="47.444144" lon="11.039424"><ele>1226.0</ele><name>H 1</name><desc>Head south on &lt;b&gt;H 1&lt;/b&gt;</desc><extensions><distance>0.455</distance><duration>737.0</duration><type>11</type><step>8</step></extensions></rtept><rtept lat="47.443979" lon="11.039344"><ele>1226.0</ele><name>H 1</name><desc>Head south on &lt;b&gt;H 1&lt;/b&gt;</desc><extensions><distance>0.455</distance><duration>737.0</duration><type>11</type><step>8</step></extensions></rtept><rtept lat="47.443906" lon="11.039236"><ele>1226.0</ele><name>H 1</name><desc>Head south on &lt;b&gt;H 1&lt;/b&gt;</desc><extensions><distance>0.455</distance><duration>737.0</duration><type>11</type><step>8</step></extensions></rtept><rtept lat="47.443769" lon="11.038886"><ele>1210.0</ele><name>H 1</name><desc>Head south on &lt;b&gt;H 1&lt;/b&gt;</desc><extensions><distance>0.455</distance><duration>737.0</duration><type>11</type><step>8</step></extensions></rtept><rtept lat="47.443543" lon="11.038578"><ele>1210.0</ele><name>H 1</name><desc>Head south on &lt;b&gt;H 1&lt;/b&gt;</desc><extensions><distance>0.455</distance><duration>737.0</duration><type>11</type><step>8</step></extensions></rtept><rtept lat="47.443356" lon="11.038501"><ele>1210.0</ele><name>H 1</name><desc>Head south on &lt;b&gt;H 1&lt;/b&gt;</desc><extensions><distance>0.455</distance><duration>737.0</duration><type>11</type><step>8</step></extensions></rtept><rtept lat="47.442997" lon="11.038281"><ele>1215.0</ele><name>H 1</name><desc>Head south on &lt;b&gt;H 1&lt;/b&gt;</desc><extensions><distance>0.455</distance><duration>737.0</duration><type>11</type><step>8</step></extensions></rtept><rtept lat="47.442818" lon="11.038074"><ele>1215.0</ele><name>H 1</name><desc>Head south on &lt;b&gt;H 1&lt;/b&gt;</desc><extensions><distance>0.455</distance><duration>737.0</duration><type>11</type><step>8</step></extensions></rtept><rtept lat="47.442772" lon="11.037986"><ele>1215.0</ele><name>H 1</name><desc>Head south on &lt;b&gt;H 1&lt;/b&gt;</desc><extensions><distance>0.455</distance><duration>737.0</duration><type>11</type><step>8</step></extensions></rtept><rtept lat="47.44273" lon="11.037971"><ele>1215.0</ele><name>H 1</name><desc>Head south on &lt;b&gt;H 1&lt;/b&gt;</desc><extensions><distance>0.455</distance><duration>737.0</duration><type>11</type><step>8</step></extensions></rtept><rtept lat="47.442634" lon="11.038026"><ele>1215.0</ele><name>H 1</name><desc>Head south on &lt;b&gt;H 1&lt;/b&gt;</desc><extensions><distance>0.455</distance><duration>737.0</duration><type>11</type><step>8</step></extensions></rtept><rtept lat="47.442605" lon="11.038019"><ele>1215.0</ele><name>H 1</name><desc>Head south on &lt;b&gt;H 1&lt;/b&gt;</desc><extensions><distance>0.455</distance><duration>737.0</duration><type>11</type><step>8</step></extensions></rtept><rtept lat="47.442522" lon="11.037867"><ele>1215.0</ele><name>H 1</name><desc>Head south on &lt;b&gt;H 1&lt;/b&gt;</desc><extensions><distance>0.455</distance><duration>737.0</duration><type>11</type><step>8</step></extensions></rtept><rtept lat="47.442381" lon="11.037716"><ele>1245.0</ele><name>H 1</name><desc>Head south on &lt;b&gt;H 1&lt;/b&gt;</desc><extensions><distance>0.455</distance><duration>737.0</duration><type>11</type><step>8</step></extensions></rtept><rtept lat="47.442146" lon="11.037397"><ele>1226.0</ele><name>H 1</name><desc>Head south on &lt;b&gt;H 1&lt;/b&gt;</desc><extensions><distance>0.455</distance><duration>737.0</duration><type>11</type><step>8</step></extensions></rtept><rtept lat="47.442149" lon="11.037348"><ele>1226.0</ele><name>H 1</name><desc>Head south on &lt;b&gt;H 1&lt;/b&gt;</desc><extensions><distance>0.455</distance><duration>737.0</duration><type>11</type><step>8</step></extensions></rtept><rtept lat="47.44219" lon="11.037222"><ele>1226.0</ele><name>H 1</name><desc>Head south on &lt;b&gt;H 1&lt;/b&gt;</desc><extensions><distance>0.455</distance><duration>737.0</duration><type>11</type><step>8</step></extensions></rtept><rtept lat="47.442186" lon="11.037178"><ele>1226.0</ele><name>H 1</name><desc>Head south on &lt;b&gt;H 1&lt;/b&gt;</desc><extensions><distance>0.455</distance><duration>737.0</duration><type>11</type><step>8</step></extensions></rtept><rtept lat="47.442047" lon="11.037036"><ele>1226.0</ele><name>H 1</name><desc>Head south on &lt;b&gt;H 1&lt;/b&gt;</desc><extensions><distance>0.455</distance><duration>737.0</duration><type>11</type><step>8</step></extensions></rtept><rtept lat="47.441968" lon="11.037035"><ele>1226.0</ele><name>H 1</name><desc>Head south on &lt;b&gt;H 1&lt;/b&gt;</desc><extensions><distance>0.455</distance><duration>737.0</duration><type>11</type><step>8</step></extensions></rtept><rtept lat="47.441859" lon="11.036988"><ele>1226.0</ele><name>H 1</name><desc>Head south on &lt;b&gt;H 1&lt;/b&gt;</desc><extensions><distance>0.455</distance><duration>737.0</duration><type>11</type><step>8</step></extensions></rtept><rtept lat="47.441727" lon="11.036781"><ele>1226.0</ele><name>H 1</name><desc>Head south on &lt;b&gt;H 1&lt;/b&gt;</desc><extensions><distance>0.455</distance><duration>737.0</duration><type>11</type><step>8</step></extensions></rtept><rtept lat="47.441519" lon="11.036677"><ele>1265.0</ele><name>H 1</name><desc>Head south on &lt;b&gt;H 1&lt;/b&gt;</desc><extensions><distance>0.455</distance><duration>737.0</duration><type>11</type><step>8</step></extensions></rtept><rtept lat="47.441424" lon="11.036581"><ele>1245.0</ele><name>H 1</name><desc>Head south on &lt;b&gt;H 1&lt;/b&gt;</desc><extensions><distance>0.455</distance><duration>737.0</duration><type>11</type><step>8</step></extensions></rtept><rtept lat="47.441389" lon="11.036483"><ele>1245.0</ele><name>H 1</name><desc>Head south on &lt;b&gt;H 1&lt;/b&gt;</desc><extensions><distance>0.455</distance><duration>737.0</duration><type>11</type><step>8</step></extensions></rtept><rtept lat="47.441404" lon="11.036392"><ele>1245.0</ele><name>H 1</name><desc>Head south on &lt;b&gt;H 1&lt;/b&gt;</desc><extensions><distance>0.455</distance><duration>737.0</duration><type>11</type><step>8</step></extensions></rtept><rtept lat="47.441363" lon="11.036246"><ele>1245.0</ele><name>H 1</name><desc>Head south on &lt;b&gt;H 1&lt;/b&gt;</desc><extensions><distance>0.455</distance><duration>737.0</duration><type>11</type><step>8</step></extensions></rtept><rtept lat="47.441301" lon="11.036152"><ele>1245.0</ele><name></name><desc>Keep right</desc><extensions><distance>0.947</distance><duration>1705.4</duration><type>13</type><step>9</step></extensions></rtept><rtept lat="47.44126" lon="11.036079"><ele>1245.0</ele><name></name><desc>Keep right</desc><extensions><distance>0.947</distance><duration>1705.4</duration><type>13</type><step>9</step></extensions></rtept><rtept lat="47.441263" lon="11.036026"><ele>1245.0</ele><name></name><desc>Keep right</desc><extensions><distance>0.947</distance><duration>1705.4</duration><type>13</type><step>9</step></extensions></rtept><rtept lat="47.441308" lon="11.03606"><ele>1245.0</ele><name></name><desc>Keep right</desc><extensions><distance>0.947</distance><duration>1705.4</duration><type>13</type><step>9</step></extensions></rtept><rtept lat="47.441343" lon="11.035494"><ele>1241.0</ele><name></name><desc>Keep right</desc><extensions><distance>0.947</distance><duration>1705.4</duration><type>13</type><step>9</step></extensions></rtept><rtept lat="47.441323" lon="11.035234"><ele>1241.0</ele><name></name><desc>Keep right</desc><extensions><distance>0.947</distance><duration>1705.4</duration><type>13</type><step>9</step></extensions></rtept><rtept lat="47.441288" lon="11.035088"><ele>1241.0</ele><name></name><desc>Keep right</desc><extensions><distance>0.947</distance><duration>1705.4</duration><type>13</type><step>9</step></extensions></rtept><rtept lat="47.441119" lon="11.034895"><ele>1262.0</ele><name></name><desc>Keep right</desc><extensions><distance>0.947</distance><duration>1705.4</duration><type>13</type><step>9</step></extensions></rtept><rtept lat="47.441052" lon="11.034704"><ele>1262.0</ele><name></name><desc>Keep right</desc><extensions><distance>0.947</distance><duration>1705.4</duration><type>13</type><step>9</step></extensions></rtept><rtept lat="47.440977" lon="11.034648"><ele>1262.0</ele><name></name><desc>Keep right</desc><extensions><distance>0.947</distance><duration>1705.4</duration><type>13</type><step>9</step></extensions></rtept><rtept lat="47.440838" lon="11.034586"><ele>1262.0</ele><name></name><desc>Keep right</desc><extensions><distance>0.947</distance><duration>1705.4</duration><type>13</type><step>9</step></extensions></rtept><rtept lat="47.440827" lon="11.034522"><ele>1284.0</ele><name></name><desc>Keep right</desc><extensions><distance>0.947</distance><duration>1705.4</duration><type>13</type><step>9</step></extensions></rtept><rtept lat="47.440899" lon="11.03453"><ele>1262.0</ele><name></name><desc>Keep right</desc><extensions><distance>0.947</distance><duration>1705.4</duration><type>13</type><step>9</step></extensions></rtept><rtept lat="47.441092" lon="11.034486"><ele>1262.0</ele><name></name><desc>Keep right</desc><extensions><distance>0.947</distance><duration>1705.4</duration><type>13</type><step>9</step></extensions></rtept><rtept lat="47.441399" lon="11.03462"><ele>1262.0</ele><name></name><desc>Keep right</desc><extensions><distance>0.947</distance><duration>1705.4</duration><type>13</type><step>9</step></extensions></rtept><rtept lat="47.441277" lon="11.034366"><ele>1262.0</ele><name></name><desc>Keep right</desc><extensions><distance>0.947</distance><duration>1705.4</duration><type>13</type><step>9</step></extensions></rtept><rtept lat="47.441186" lon="11.034269"><ele>1262.0</ele><name></name><desc>Keep right</desc><extensions><distance>0.947</distance><duration>1705.4</duration><type>13</type><step>9</step></extensions></rtept><rtept lat="47.440911" lon="11.034119"><ele>1291.0</ele><name></name><desc>Keep right</desc><extensions><distance>0.947</distance><duration>1705.4</duration><type>13</type><step>9</step></extensions></rtept><rtept lat="47.440856" lon="11.034037"><ele>1291.0</ele><name></name><desc>Keep right</desc><extensions><distance>0.947</distance><duration>1705.4</duration><type>13</type><step>9</step></extensions></rtept><rtept lat="47.440798" lon="11.033867"><ele>1290.0</ele><name></name><desc>Keep right</desc><extensions><distance>0.947</distance><duration>1705.4</duration><type>13</type><step>9</step></extensions></rtept><rtept lat="47.440804" lon="11.033851"><ele>1290.0</ele><name></name><desc>Keep right</desc><extensions><distance>0.947</distance><duration>1705.4</duration><type>13</type><step>9</step></extensions></rtept><rtept lat="47.440835" lon="11.033863"><ele>1291.0</ele><name></name><desc>Keep right</desc><extensions><distance>0.947</distance><duration>1705.4</duration><type>13</type><step>9</step></extensions></rtept><rtept lat="47.440874" lon="11.033933"><ele>1291.0</ele><name></name><desc>Keep right</desc><extensions><distance>0.947</distance><duration>1705.4</duration><type>13</type><step>9</step></extensions></rtept><rtept lat="47.44092" lon="11.033951"><ele>1291.0</ele><name></name><desc>Keep right</desc><extensions><distance>0.947</distance><duration>1705.4</duration><type>13</type><step>9</step></extensions></rtept><rtept lat="47.441193" lon="11.033927"><ele>1291.0</ele><name></name><desc>Keep right</desc><extensions><distance>0.947</distance><duration>1705.4</duration><type>13</type><step>9</step></extensions></rtept><rtept lat="47.441218" lon="11.033907"><ele>1291.0</ele><name></name><desc>Keep right</desc><extensions><distance>0.947</distance><duration>1705.4</duration><type>13</type><step>9</step></extensions></rtept><rtept lat="47.440982" lon="11.033782"><ele>1291.0</ele><name></name><desc>Keep right</desc><extensions><distance>0.947</distance><duration>1705.4</duration><type>13</type><step>9</step></extensions></rtept><rtept lat="47.440913" lon="11.033714"><ele>1291.0</ele><name></name><desc>Keep right</desc><extensions><distance>0.947</distance><duration>1705.4</duration><type>13</type><step>9</step></extensions></rtept><rtept lat="47.440816" lon="11.033568"><ele>1290.0</ele><name></name><desc>Keep right</desc><extensions><distance>0.947</distance><duration>1705.4</duration><type>13</type><step>9</step></extensions></rtept><rtept lat="47.440765" lon="11.033386"><ele>1290.0</ele><name></name><desc>Keep right</desc><extensions><distance>0.947</distance><duration>1705.4</duration><type>13</type><step>9</step></extensions></rtept><rtept lat="47.440682" lon="11.032921"><ele>1299.0</ele><name></name><desc>Keep right</desc><extensions><distance>0.947</distance><duration>1705.4</duration><type>13</type><step>9</step></extensions></rtept><rtept lat="47.440614" lon="11.032731"><ele>1299.0</ele><name></name><desc>Keep right</desc><extensions><distance>0.947</distance><duration>1705.4</duration><type>13</type><step>9</step></extensions></rtept><rtept lat="47.440615" lon="11.03257"><ele>1299.0</ele><name></name><desc>Keep right</desc><extensions><distance>0.947</distance><duration>1705.4</duration><type>13</type><step>9</step></extensions></rtept><rtept lat="47.440415" lon="11.031948"><ele>1319.0</ele><name></name><desc>Keep right</desc><extensions><distance>0.947</distance><duration>1705.4</duration><type>13</type><step>9</step></extensions></rtept><rtept lat="47.440274" lon="11.031225"><ele>1349.0</ele><name></name><desc>Keep right</desc><extensions><distance>0.947</distance><duration>1705.4</duration><type>13</type><step>9</step></extensions></rtept><rtept lat="47.440232" lon="11.031105"><ele>1349.0</ele><name></name><desc>Keep right</desc><extensions><distance>0.947</distance><duration>1705.4</duration><type>13</type><step>9</step></extensions></rtept><rtept lat="47.440171" lon="11.031024"><ele>1349.0</ele><name></name><desc>Keep right</desc><extensions><distance>0.947</distance><duration>1705.4</duration><type>13</type><step>9</step></extensions></rtept><rtept lat="47.440127" lon="11.03093"><ele>1349.0</ele><name></name><desc>Keep right</desc><extensions><distance>0.947</distance><duration>1705.4</duration><type>13</type><step>9</step></extensions></rtept><rtept lat="47.440084" lon="11.030803"><ele>1384.0</ele><name></name><desc>Keep right</desc><extensions><distance>0.947</distance><duration>1705.4</duration><type>13</type><step>9</step></extensions></rtept><rtept lat="47.439911" lon="11.030617"><ele>1396.0</ele><name></name><desc>Keep right</desc><extensions><distance>0.947</distance><duration>1705.4</duration><type>13</type><step>9</step></extensions></rtept><rtept lat="47.439874" lon="11.030515"><ele>1396.0</ele><name></name><desc>Keep right</desc><extensions><distance>0.947</distance><duration>1705.4</duration><type>13</type><step>9</step></extensions></rtept><rtept lat="47.439859" lon="11.030323"><ele>1396.0</ele><name></name><desc>Keep right</desc><extensions><distance>0.947</distance><duration>1705.4</duration><type>13</type><step>9</step></extensions></rtept><rtept lat="47.43982" lon="11.030169"><ele>1396.0</ele><name></name><desc>Keep right</desc><extensions><distance>0.947</distance><duration>1705.4</duration><type>13</type><step>9</step></extensions></rtept><rtept lat="47.439713" lon="11.030061"><ele>1396.0</ele><name></name><desc>Keep right</desc><extensions><distance>0.947</distance><duration>1705.4</duration><type>13</type><step>9</step></extensions></rtept><rtept lat="47.439729" lon="11.02977"><ele>1369.0</ele><name></name><desc>Keep right</desc><extensions><distance>0.947</distance><duration>1705.4</duration><type>13</type><step>9</step></extensions></rtept><rtept lat="47.439651" lon="11.029612"><ele>1369.0</ele><name></name><desc>Keep right</desc><extensions><distance>0.947</distance><duration>1705.4</duration><type>13</type><step>9</step></extensions></rtept><rtept lat="47.439601" lon="11.029419"><ele>1369.0</ele><name></name><desc>Keep right</desc><extensions><distance>0.947</distance><duration>1705.4</duration><type>13</type><step>9</step></extensions></rtept><rtept lat="47.439574" lon="11.029155"><ele>1368.0</ele><name></name><desc>Keep right</desc><extensions><distance>0.947</distance><duration>1705.4</duration><type>13</type><step>9</step></extensions></rtept><rtept lat="47.439583" lon="11.028937"><ele>1368.0</ele><name></name><desc>Keep right</desc><extensions><distance>0.947</distance><duration>1705.4</duration><type>13</type><step>9</step></extensions></rtept><rtept lat="47.439348" lon="11.028263"><ele>1385.0</ele><name></name><desc>Keep right</desc><extensions><distance>0.947</distance><duration>1705.4</duration><type>13</type><step>9</step></extensions></rtept><rtept lat="47.439298" lon="11.027907"><ele>1385.0</ele><name></name><desc>Keep right</desc><extensions><distance>0.947</distance><duration>1705.4</duration><type>13</type><step>9</step></extensions></rtept><rtept lat="47.439236" lon="11.027775"><ele>1385.0</ele><name></name><desc>Keep right</desc><extensions><distance>0.947</distance><duration>1705.4</duration><type>13</type><step>9</step></extensions></rtept><rtept lat="47.439168" lon="11.027544"><ele>1402.5</ele><name></name><desc>Arrive at your destination, on the left</desc><extensions><distance>0.0</distance><duration>0.0</duration><type>10</type><step>10</step></extensions></rtept><rtept lat="47.439168" lon="11.027544"><ele>1402.5</ele><name></name><desc>Head southwest</desc><extensions><distance>0.216</distance><duration>389.6</duration><type>11</type><step>11</step></extensions></rtept><rtept lat="47.439163" lon="11.027528"><ele>1420.0</ele><name></name><desc>Head southwest</desc><extensions><distance>0.216</distance><duration>389.6</duration><type>11</type><step>11</step></extensions></rtept><rtept lat="47.439116" lon="11.02746"><ele>1400.0</ele><name></name><desc>Head southwest</desc><extensions><distance>0.216</distance><duration>389.6</duration><type>11</type><step>11</step></extensions></rtept><rtept lat="47.439082" lon="11.027362"><ele>1400.0</ele><name></name><desc>Head southwest</desc><extensions><distance>0.216</distance><duration>389.6</duration><type>11</type><step>11</step></extensions></rtept><rtept lat="47.439085" lon="11.027245"><ele>1400.0</ele><name></name><desc>Head southwest</desc><extensions><distance>0.216</distance><duration>389.6</duration><type>11</type><step>11</step></extensions></rtept><rtept lat="47.439042" lon="11.027163"><ele>1400.0</ele><name></name><desc>Head southwest</desc><extensions><distance>0.216</distance><duration>389.6</duration><type>11</type><step>11</step></extensions></rtept><rtept lat="47.43901" lon="11.027036"><ele>1400.0</ele><name></name><desc>Head southwest</desc><extensions><distance>0.216</distance><duration>389.6</duration><type>11</type><step>11</step></extensions></rtept><rtept lat="47.438889" lon="11.026777"><ele>1400.0</ele><name></name><desc>Head southwest</desc><extensions><distance>0.216</distance><duration>389.6</duration><type>11</type><step>11</step></extensions></rtept><rtept lat="47.438791" lon="11.026628"><ele>1386.0</ele><name></name><desc>Head southwest</desc><extensions><distance>0.216</distance><duration>389.6</duration><type>11</type><step>11</step></extensions></rtept><rtept lat="47.438658" lon="11.026308"><ele>1386.0</ele><name></name><desc>Head southwest</desc><extensions><distance>0.216</distance><duration>389.6</duration><type>11</type><step>11</step></extensions></rtept><rtept lat="47.438576" lon="11.026177"><ele>1386.0</ele><name></name><desc>Head southwest</desc><extensions><distance>0.216</distance><duration>389.6</duration><type>11</type><step>11</step></extensions></rtept><rtept lat="47.438472" lon="11.025897"><ele>1386.0</ele><name></name><desc>Head southwest</desc><extensions><distance>0.216</distance><duration>389.6</duration><type>11</type><step>11</step></extensions></rtept><rtept lat="47.43844" lon="11.025477"><ele>1391.0</ele><name></name><desc>Keep right</desc><extensions><distance>0.144</distance><duration>103.4</duration><type>13</type><step>12</step></extensions></rtept><rtept lat="47.438475" lon="11.025319"><ele>1391.0</ele><name></name><desc>Keep right</desc><extensions><distance>0.144</distance><duration>103.4</duration><type>13</type><step>12</step></extensions></rtept><rtept lat="47.438357" lon="11.024813"><ele>1409.0</ele><name></name><desc>Keep right</desc><extensions><distance>0.144</distance><duration>103.4</duration><type>13</type><step>12</step></extensions></rtept><rtept lat="47.438372" lon="11.024653"><ele>1409.0</ele><name></name><desc>Keep right</desc><extensions><distance>0.144</distance><duration>103.4</duration><type>13</type><step>12</step></extensions></rtept><rtept lat="47.43836" lon="11.024476"><ele>1409.0</ele><name></name><desc>Keep right</desc><extensions><distance>0.144</distance><duration>103.4</duration><type>13</type><step>12</step></extensions></rtept><rtept lat="47.438313" lon="11.024412"><ele>1394.0</ele><name></name><desc>Keep right</desc><extensions><distance>0.144</distance><duration>103.4</duration><type>13</type><step>12</step></extensions></rtept><rtept lat="47.438159" lon="11.024272"><ele>1394.0</ele><name></name><desc>Keep right</desc><extensions><distance>0.144</distance><duration>103.4</duration><type>13</type><step>12</step></extensions></rtept><rtept lat="47.438051" lon="11.024225"><ele>1394.0</ele><name></name><desc>Keep right</desc><extensions><distance>0.144</distance><duration>103.4</duration><type>13</type><step>12</step></extensions></rtept><rtept lat="47.437898" lon="11.024195"><ele>1394.0</ele><name></name><desc>Keep right</desc><extensions><distance>0.144</distance><duration>103.4</duration><type>13</type><step>12</step></extensions></rtept><rtept lat="47.437829" lon="11.024148"><ele>1405.0</ele><name>Waxensteinsteig</name><desc>Continue straight onto &lt;b&gt;Waxensteinsteig&lt;/b&gt;</desc><extensions><distance>0.024</distance><duration>43.3</duration><type>6</type><step>13</step></extensions></rtept><rtept lat="47.43762" lon="11.024064"><ele>1405.0</ele><name>Höllentalsteig</name><desc>Turn sharp right onto &lt;b&gt;Höllentalsteig&lt;/b&gt;</desc><extensions><distance>0.761</distance><duration>1369.8</duration><type>3</type><step>14</step></extensions></rtept><rtept lat="47.437643" lon="11.024009"><ele>1405.0</ele><name>Höllentalsteig</name><desc>Turn sharp right onto &lt;b&gt;Höllentalsteig&lt;/b&gt;</desc><extensions><distance>0.761</distance><duration>1369.8</duration><type>3</type><step>14</step></extensions></rtept><rtept lat="47.437688" lon="11.023773"><ele>1405.0</ele><name>Höllentalsteig</name><desc>Turn sharp right onto &lt;b&gt;Höllentalsteig&lt;/b&gt;</desc><extensions><distance>0.761</distance><duration>1369.8</duration><type>3</type><step>14</step></extensions></rtept><rtept lat="47.437674" lon="11.023647"><ele>1405.0</ele><name>Höllentalsteig</name><desc>Turn sharp right onto &lt;b&gt;Höllentalsteig&lt;/b&gt;</desc><extensions><distance>0.761</distance><duration>1369.8</duration><type>3</type><step>14</step></extensions></rtept><rtept lat="47.437641" lon="11.023568"><ele>1405.0</ele><name>Höllentalsteig</name><desc>Turn sharp right onto &lt;b&gt;Höllentalsteig&lt;/b&gt;</desc><extensions><distance>0.761</distance><duration>1369.8</duration><type>3</type><step>14</step></extensions></rtept><rtept lat="47.437623" lon="11.023309"><ele>1401.0</ele><name>Höllentalsteig</name><desc>Turn sharp right onto &lt;b&gt;Höllentalsteig&lt;/b&gt;</desc><extensions><distance>0.761</distance><duration>1369.8</duration><type>3</type><step>14</step></extensions></rtept><rtept lat="47.437582" lon="11.023096"><ele>1401.0</ele><name>Höllentalsteig</name><desc>Turn sharp right onto &lt;b&gt;Höllentalsteig&lt;/b&gt;</desc><extensions><distance>0.761</distance><duration>1369.8</duration><type>3</type><step>14</step></extensions></rtept><rtept lat="47.437548" lon="11.022802"><ele>1401.0</ele><name>Höllentalsteig</name><desc>Turn sharp right onto &lt;b&gt;Höllentalsteig&lt;/b&gt;</desc><extensions><distance>0.761</distance><duration>1369.8</duration><type>3</type><step>14</step></extensions></rtept><rtept lat="47.437453" lon="11.022471"><ele>1392.0</ele><name>Höllentalsteig</name><desc>Turn sharp right onto &lt;b&gt;Höllentalsteig&lt;/b&gt;</desc><extensions><distance>0.761</distance><duration>1369.8</duration><type>3</type><step>14</step></extensions></rtept><rtept lat="47.43744" lon="11.022293"><ele>1392.0</ele><name>Höllentalsteig</name><desc>Turn sharp right onto &lt;b&gt;Höllentalsteig&lt;/b&gt;</desc><extensions><distance>0.761</distance><duration>1369.8</duration><type>3</type><step>14</step></extensions></rtept><rtept lat="47.437477" lon="11.021974"><ele>1392.0</ele><name>Höllentalsteig</name><desc>Turn sharp right onto &lt;b&gt;Höllentalsteig&lt;/b&gt;</desc><extensions><distance>0.761</distance><duration>1369.8</duration><type>3</type><step>14</step></extensions></rtept><rtept lat="47.437459" lon="11.02193"><ele>1392.0</ele><name>Höllentalsteig</name><desc>Turn sharp right onto &lt;b&gt;Höllentalsteig&lt;/b&gt;</desc><extensions><distance>0.761</distance><duration>1369.8</duration><type>3</type><step>14</step></extensions></rtept><rtept lat="47.437288" lon="11.02176"><ele>1392.0</ele><name>Höllentalsteig</name><desc>Turn sharp right onto &lt;b&gt;Höllentalsteig&lt;/b&gt;</desc><extensions><distance>0.761</distance><duration>1369.8</duration><type>3</type><step>14</step></extensions></rtept><rtept lat="47.437209" lon="11.021555"><ele>1404.0</ele><name>Höllentalsteig</name><desc>Turn sharp right onto &lt;b&gt;Höllentalsteig&lt;/b&gt;</desc><extensions><distance>0.761</distance><duration>1369.8</duration><type>3</type><step>14</step></extensions></rtept><rtept lat="47.437193" lon="11.021458"><ele>1404.0</ele><name>Höllentalsteig</name><desc>Turn sharp right onto &lt;b&gt;Höllentalsteig&lt;/b&gt;</desc><extensions><distance>0.761</distance><duration>1369.8</duration><type>3</type><step>14</step></extensions></rtept><rtept lat="47.437208" lon="11.021313"><ele>1404.0</ele><name>Höllentalsteig</name><desc>Turn sharp right onto &lt;b&gt;Höllentalsteig&lt;/b&gt;</desc><extensions><distance>0.761</distance><duration>1369.8</duration><type>3</type><step>14</step></extensions></rtept><rtept lat="47.437204" lon="11.021183"><ele>1404.0</ele><name>Höllentalsteig</name><desc>Turn sharp right onto &lt;b&gt;Höllentalsteig&lt;/b&gt;</desc><extensions><distance>0.761</distance><duration>1369.8</duration><type>3</type><step>14</step></extensions></rtept><rtept lat="47.43717" lon="11.021086"><ele>1404.0</ele><name>Höllentalsteig</name><desc>Turn sharp right onto &lt;b&gt;Höllentalsteig&lt;/b&gt;</desc><extensions><distance>0.761</distance><duration>1369.8</duration><type>3</type><step>14</step></extensions></rtept><rtept lat="47.437046" lon="11.020879"><ele>1404.0</ele><name>Höllentalsteig</name><desc>Turn sharp right onto &lt;b&gt;Höllentalsteig&lt;/b&gt;</desc><extensions><distance>0.761</distance><duration>1369.8</duration><type>3</type><step>14</step></extensions></rtept><rtept lat="47.436953" lon="11.020783"><ele>1424.0</ele><name>Höllentalsteig</name><desc>Turn sharp right onto &lt;b&gt;Höllentalsteig&lt;/b&gt;</desc><extensions><distance>0.761</distance><duration>1369.8</duration><type>3</type><step>14</step></extensions></rtept><rtept lat="47.436823" lon="11.020598"><ele>1424.0</ele><name>Höllentalsteig</name><desc>Turn sharp right onto &lt;b&gt;Höllentalsteig&lt;/b&gt;</desc><extensions><distance>0.761</distance><duration>1369.8</duration><type>3</type><step>14</step></extensions></rtept><rtept lat="47.436768" lon="11.020284"><ele>1424.0</ele><name>Höllentalsteig</name><desc>Turn sharp right onto &lt;b&gt;Höllentalsteig&lt;/b&gt;</desc><extensions><distance>0.761</distance><duration>1369.8</duration><type>3</type><step>14</step></extensions></rtept><rtept lat="47.436732" lon="11.020182"><ele>1424.0</ele><name>Höllentalsteig</name><desc>Turn sharp right onto &lt;b&gt;Höllentalsteig&lt;/b&gt;</desc><extensions><distance>0.761</distance><duration>1369.8</duration><type>3</type><step>14</step></extensions></rtept><rtept lat="47.43669" lon="11.020118"><ele>1424.0</ele><name>Höllentalsteig</name><desc>Turn sharp right onto &lt;b&gt;Höllentalsteig&lt;/b&gt;</desc><extensions><distance>0.761</distance><duration>1369.8</duration><type>3</type><step>14</step></extensions></rtept><rtept lat="47.436629" lon="11.019512"><ele>1421.0</ele><name>Höllentalsteig</name><desc>Turn sharp right onto &lt;b&gt;Höllentalsteig&lt;/b&gt;</desc><extensions><distance>0.761</distance><duration>1369.8</duration><type>3</type><step>14</step></extensions></rtept><rtept lat="47.436655" lon="11.019348"><ele>1421.0</ele><name>Höllentalsteig</name><desc>Turn sharp right onto &lt;b&gt;Höllentalsteig&lt;/b&gt;</desc><extensions><distance>0.761</distance><duration>1369.8</duration><type>3</type><step>14</step></extensions></rtept><rtept lat="47.436646" lon="11.019296"><ele>1421.0</ele><name>Höllentalsteig</name><desc>Turn sharp right onto &lt;b&gt;Höllentalsteig&lt;/b&gt;</desc><extensions><distance>0.761</distance><duration>1369.8</duration><type>3</type><step>14</step></extensions></rtept><rtept lat="47.436594" lon="11.019179"><ele>1421.0</ele><name>Höllentalsteig</name><desc>Turn sharp right onto &lt;b&gt;Höllentalsteig&lt;/b&gt;</desc><extensions><distance>0.761</distance><duration>1369.8</duration><type>3</type><step>14</step></extensions></rtept><rtept lat="47.436579" lon="11.019078"><ele>1440.0</ele><name>Höllentalsteig</name><desc>Turn sharp right onto &lt;b&gt;Höllentalsteig&lt;/b&gt;</desc><extensions><distance>0.761</distance><duration>1369.8</duration><type>3</type><step>14</step></extensions></rtept><rtept lat="47.436508" lon="11.01898"><ele>1440.0</ele><name>Höllentalsteig</name><desc>Turn sharp right onto &lt;b&gt;Höllentalsteig&lt;/b&gt;</desc><extensions><distance>0.761</distance><duration>1369.8</duration><type>3</type><step>14</step></extensions></rtept><rtept lat="47.436455" lon="11.018821"><ele>1440.0</ele><name>Höllentalsteig</name><desc>Turn sharp right onto &lt;b&gt;Höllentalsteig&lt;/b&gt;</desc><extensions><distance>0.761</distance><duration>1369.8</duration><type>3</type><step>14</step></extensions></rtept><rtept lat="47.436436" lon="11.018646"><ele>1440.0</ele><name>Höllentalsteig</name><desc>Turn sharp right onto &lt;b&gt;Höllentalsteig&lt;/b&gt;</desc><extensions><distance>0.761</distance><duration>1369.8</duration><type>3</type><step>14</step></extensions></rtept><rtept lat="47.436442" lon="11.018379"><ele>1440.0</ele><name>Höllentalsteig</name><desc>Turn sharp right onto &lt;b&gt;Höllentalsteig&lt;/b&gt;</desc><extensions><distance>0.761</distance><duration>1369.8</duration><type>3</type><step>14</step></extensions></rtept><rtept lat="47.436432" lon="11.018257"><ele>1450.0</ele><name>Höllentalsteig</name><desc>Turn sharp right onto &lt;b&gt;Höllentalsteig&lt;/b&gt;</desc><extensions><distance>0.761</distance><duration>1369.8</duration><type>3</type><step>14</step></extensions></rtept><rtept lat="47.436318" lon="11.018072"><ele>1450.0</ele><name>Höllentalsteig</name><desc>Turn sharp right onto &lt;b&gt;Höllentalsteig&lt;/b&gt;</desc><extensions><distance>0.761</distance><duration>1369.8</duration><type>3</type><step>14</step></extensions></rtept><rtept lat="47.436259" lon="11.017891"><ele>1450.0</ele><name>Höllentalsteig</name><desc>Turn sharp right onto &lt;b&gt;Höllentalsteig&lt;/b&gt;</desc><extensions><distance>0.761</distance><duration>1369.8</duration><type>3</type><step>14</step></extensions></rtept><rtept lat="47.436208" lon="11.017705"><ele>1450.0</ele><name>Höllentalsteig</name><desc>Turn sharp right onto &lt;b&gt;Höllentalsteig&lt;/b&gt;</desc><extensions><distance>0.761</distance><duration>1369.8</duration><type>3</type><step>14</step></extensions></rtept><rtept lat="47.436178" lon="11.017523"><ele>1450.0</ele><name>Höllentalsteig</name><desc>Turn sharp right onto &lt;b&gt;Höllentalsteig&lt;/b&gt;</desc><extensions><distance>0.761</distance><duration>1369.8</duration><type>3</type><step>14</step></extensions></rtept><rtept lat="47.436083" lon="11.017206"><ele>1475.0</ele><name>Höllentalsteig</name><desc>Turn sharp right onto &lt;b&gt;Höllentalsteig&lt;/b&gt;</desc><extensions><distance>0.761</distance><duration>1369.8</duration><type>3</type><step>14</step></extensions></rtept><rtept lat="47.436062" lon="11.017008"><ele>1475.0</ele><name>Höllentalsteig</name><desc>Turn sharp right onto &lt;b&gt;Höllentalsteig&lt;/b&gt;</desc><extensions><distance>0.761</distance><duration>1369.8</duration><type>3</type><step>14</step></extensions></rtept><rtept lat="47.435988" lon="11.016987"><ele>1475.0</ele><name>Höllentalsteig</name><desc>Turn sharp right onto &lt;b&gt;Höllentalsteig&lt;/b&gt;</desc><extensions><distance>0.761</distance><duration>1369.8</duration><type>3</type><step>14</step></extensions></rtept><rtept lat="47.43594" lon="11.017008"><ele>1475.0</ele><name>Höllentalsteig</name><desc>Turn sharp right onto &lt;b&gt;Höllentalsteig&lt;/b&gt;</desc><extensions><distance>0.761</distance><duration>1369.8</duration><type>3</type><step>14</step></extensions></rtept><rtept lat="47.435891" lon="11.017066"><ele>1475.0</ele><name>Höllentalsteig</name><desc>Turn sharp right onto &lt;b&gt;Höllentalsteig&lt;/b&gt;</desc><extensions><distance>0.761</distance><duration>1369.8</duration><type>3</type><step>14</step></extensions></rtept><rtept lat="47.435644" lon="11.016183"><ele>1473.0</ele><name>Höllentalsteig</name><desc>Turn sharp right onto &lt;b&gt;Höllentalsteig&lt;/b&gt;</desc><extensions><distance>0.761</distance><duration>1369.8</duration><type>3</type><step>14</step></extensions></rtept><rtept lat="47.435528" lon="11.015974"><ele>1473.0</ele><name>Höllentalsteig</name><desc>Turn sharp right onto &lt;b&gt;Höllentalsteig&lt;/b&gt;</desc><extensions><distance>0.761</distance><duration>1369.8</duration><type>3</type><step>14</step></extensions></rtept><rtept lat="47.435466" lon="11.015826"><ele>1478.5</ele><name></name><desc>Arrive at Höllentalsteig, on the left</desc><extensions><distance>0.0</distance><duration>0.0</duration><type>10</type><step>15</step></extensions></rtept><rtept lat="47.435466" lon="11.015826"><ele>1478.5</ele><name>Höllentalsteig</name><desc>Head southwest on &lt;b&gt;Höllentalsteig&lt;/b&gt;</desc><extensions><distance>1.797</distance><duration>3178.7</duration><type>11</type><step>16</step></extensions></rtept><rtept lat="47.435466" lon="11.015824"><ele>1484.0</ele><name>Höllentalsteig</name><desc>Head southwest on &lt;b&gt;Höllentalsteig&lt;/b&gt;</desc><extensions><distance>1.797</distance><duration>3178.7</duration><type>11</type><step>16</step></extensions></rtept><rtept lat="47.435356" lon="11.015654"><ele>1484.0</ele><name>Höllentalsteig</name><desc>Head southwest on &lt;b&gt;Höllentalsteig&lt;/b&gt;</desc><extensions><distance>1.797</distance><duration>3178.7</duration><type>11</type><step>16</step></extensions></rtept><rtept lat="47.435296" lon="11.01541"><ele>1484.0</ele><name>Höllentalsteig</name><desc>Head southwest on &lt;b&gt;Höllentalsteig&lt;/b&gt;</desc><extensions><distance>1.797</distance><duration>3178.7</duration><type>11</type><step>16</step></extensions></rtept><rtept lat="47.43506" lon="11.014793"><ele>1510.0</ele><name>Höllentalsteig</name><desc>Head southwest on &lt;b&gt;Höllentalsteig&lt;/b&gt;</desc><extensions><distance>1.797</distance><duration>3178.7</duration><type>11</type><step>16</step></extensions></rtept><rtept lat="47.435009" lon="11.014527"><ele>1510.0</ele><name>Höllentalsteig</name><desc>Head southwest on &lt;b&gt;Höllentalsteig&lt;/b&gt;</desc><extensions><distance>1.797</distance><duration>3178.7</duration><type>11</type><step>16</step></extensions></rtept><rtept lat="47.435005" lon="11.01435"><ele>1510.0</ele><name>Höllentalsteig</name><desc>Head southwest on &lt;b&gt;Höllentalsteig&lt;/b&gt;</desc><extensions><distance>1.797</distance><duration>3178.7</duration><type>11</type><step>16</step></extensions></rtept><rtept lat="47.434981" lon="11.014275"><ele>1480.0</ele><name>Höllentalsteig</name><desc>Head southwest on &lt;b&gt;Höllentalsteig&lt;/b&gt;</desc><extensions><distance>1.797</distance><duration>3178.7</duration><type>11</type><step>16</step></extensions></rtept><rtept lat="47.434938" lon="11.01421"><ele>1480.0</ele><name>Höllentalsteig</name><desc>Head southwest on &lt;b&gt;Höllentalsteig&lt;/b&gt;</desc><extensions><distance>1.797</distance><duration>3178.7</duration><type>11</type><step>16</step></extensions></rtept><rtept lat="47.43492" lon="11.014048"><ele>1492.0</ele><name>Höllentalsteig</name><desc>Head southwest on &lt;b&gt;Höllentalsteig&lt;/b&gt;</desc><extensions><distance>1.797</distance><duration>3178.7</duration><type>11</type><step>16</step></extensions></rtept><rtept lat="47.434931" lon="11.013896"><ele>1492.0</ele><name>Höllentalsteig</name><desc>Head southwest on &lt;b&gt;Höllentalsteig&lt;/b&gt;</desc><extensions><distance>1.797</distance><duration>3178.7</duration><type>11</type><step>16</step></extensions></rtept><rtept lat="47.434985" lon="11.013632"><ele>1492.0</ele><name>Höllentalsteig</name><desc>Head southwest on &lt;b&gt;Höllentalsteig&lt;/b&gt;</desc><extensions><distance>1.797</distance><duration>3178.7</duration><type>11</type><step>16</step></extensions></rtept><rtept lat="47.43498" lon="11.013534"><ele>1492.0</ele><name>Höllentalsteig</name><desc>Head southwest on &lt;b&gt;Höllentalsteig&lt;/b&gt;</desc><extensions><distance>1.797</distance><duration>3178.7</duration><type>11</type><step>16</step></extensions></rtept><rtept lat="47.434997" lon="11.013471"><ele>1492.0</ele><name>Höllentalsteig</name><desc>Head southwest on &lt;b&gt;Höllentalsteig&lt;/b&gt;</desc><extensions><distance>1.797</distance><duration>3178.7</duration><type>11</type><step>16</step></extensions></rtept><rtept lat="47.434958" lon="11.013187"><ele>1515.0</ele><name>Höllentalsteig</name><desc>Head southwest on &lt;b&gt;Höllentalsteig&lt;/b&gt;</desc><extensions><distance>1.797</distance><duration>3178.7</duration><type>11</type><step>16</step></extensions></rtept><rtept lat="47.434793" lon="11.012947"><ele>1515.0</ele><name>Höllentalsteig</name><desc>Head southwest on &lt;b&gt;Höllentalsteig&lt;/b&gt;</desc><extensions><distance>1.797</distance><duration>3178.7</duration><type>11</type><step>16</step></extensions></rtept><rtept lat="47.434553" lon="11.012899"><ele>1515.0</ele><name>Höllentalsteig</name><desc>Head southwest on &lt;b&gt;Höllentalsteig&lt;/b&gt;</desc><extensions><distance>1.797</distance><duration>3178.7</duration><type>11</type><step>16</step></extensions></rtept><rtept lat="47.434488" lon="11.012796"><ele>1515.0</ele><name>Höllentalsteig</name><desc>Head southwest on &lt;b&gt;Höllentalsteig&lt;/b&gt;</desc><extensions><distance>1.797</distance><duration>3178.7</duration><type>11</type><step>16</step></extensions></rtept><rtept lat="47.434279" lon="11.012624"><ele>1515.0</ele><name>Höllentalsteig</name><desc>Head southwest on &lt;b&gt;Höllentalsteig&lt;/b&gt;</desc><extensions><distance>1.797</distance><duration>3178.7</duration><type>11</type><step>16</step></extensions></rtept><rtept lat="47.434112" lon="11.012291"><ele>1552.0</ele><name>Höllentalsteig</name><desc>Head southwest on &lt;b&gt;Höllentalsteig&lt;/b&gt;</desc><extensions><distance>1.797</distance><duration>3178.7</duration><type>11</type><step>16</step></extensions></rtept><rtept lat="47.434069" lon="11.012165"><ele>1552.0</ele><name>Höllentalsteig</name><desc>Head southwest on &lt;b&gt;Höllentalsteig&lt;/b&gt;</desc><extensions><distance>1.797</distance><duration>3178.7</duration><type>11</type><step>16</step></extensions></rtept><rtept lat="47.434076" lon="11.01209"><ele>1552.0</ele><name>Höllentalsteig</name><desc>Head southwest on &lt;b&gt;Höllentalsteig&lt;/b&gt;</desc><extensions><distance>1.797</distance><duration>3178.7</duration><type>11</type><step>16</step></extensions></rtept><rtept lat="47.434058" lon="11.012033"><ele>1552.0</ele><name>Höllentalsteig</name><desc>Head southwest on &lt;b&gt;Höllentalsteig&lt;/b&gt;</desc><extensions><distance>1.797</distance><duration>3178.7</duration><type>11</type><step>16</step></extensions></rtept><rtept lat="47.433927" lon="11.011813"><ele>1552.0</ele><name>Höllentalsteig</name><desc>Head southwest on &lt;b&gt;Höllentalsteig&lt;/b&gt;</desc><extensions><distance>1.797</distance><duration>3178.7</duration><type>11</type><step>16</step></extensions></rtept><rtept lat="47.433885" lon="11.011751"><ele>1552.0</ele><name>Höllentalsteig</name><desc>Head southwest on &lt;b&gt;Höllentalsteig&lt;/b&gt;</desc><extensions><distance>1.797</distance><duration>3178.7</duration><type>11</type><step>16</step></extensions></rtept><rtept lat="47.433813" lon="11.011552"><ele>1598.0</ele><name>Höllentalsteig</name><desc>Head southwest on &lt;b&gt;Höllentalsteig&lt;/b&gt;</desc><extensions><distance>1.797</distance><duration>3178.7</duration><type>11</type><step>16</step></extensions></rtept><rtept lat="47.43378" lon="11.011509"><ele>1598.0</ele><name>Höllentalsteig</name><desc>Head southwest on &lt;b&gt;Höllentalsteig&lt;/b&gt;</desc><extensions><distance>1.797</distance><duration>3178.7</duration><type>11</type><step>16</step></extensions></rtept><rtept lat="47.433664" lon="11.011478"><ele>1598.0</ele><name>Höllentalsteig</name><desc>Head southwest on &lt;b&gt;Höllentalsteig&lt;/b&gt;</desc><extensions><distance>1.797</distance><duration>3178.7</duration><type>11</type><step>16</step></extensions></rtept><rtept lat="47.433561" lon="11.01149"><ele>1598.0</ele><name>Höllentalsteig</name><desc>Head southwest on &lt;b&gt;Höllentalsteig&lt;/b&gt;</desc><extensions><distance>1.797</distance><duration>3178.7</duration><type>11</type><step>16</step></extensions></rtept><rtept lat="47.433476" lon="11.011412"><ele>1598.0</ele><name>Höllentalsteig</name><desc>Head southwest on &lt;b&gt;Höllentalsteig&lt;/b&gt;</desc><extensions><distance>1.797</distance><duration>3178.7</duration><type>11</type><step>16</step></extensions></rtept><rtept lat="47.433389" lon="11.011381"><ele>1598.0</ele><name>Höllentalsteig</name><desc>Head southwest on &lt;b&gt;Höllentalsteig&lt;/b&gt;</desc><extensions><distance>1.797</distance><duration>3178.7</duration><type>11</type><step>16</step></extensions></rtept><rtept lat="47.433394" lon="11.011354"><ele>1598.0</ele><name>Höllentalsteig</name><desc>Head southwest on &lt;b&gt;Höllentalsteig&lt;/b&gt;</desc><extensions><distance>1.797</distance><duration>3178.7</duration><type>11</type><step>16</step></extensions></rtept><rtept lat="47.433492" lon="11.011283"><ele>1598.0</ele><name>Höllentalsteig</name><desc>Head southwest on &lt;b&gt;Höllentalsteig&lt;/b&gt;</desc><extensions><distance>1.797</distance><duration>3178.7</duration><type>11</type><step>16</step></extensions></rtept><rtept lat="47.433643" lon="11.011251"><ele>1598.0</ele><name>Höllentalsteig</name><desc>Head southwest on &lt;b&gt;Höllentalsteig&lt;/b&gt;</desc><extensions><distance>1.797</distance><duration>3178.7</duration><type>11</type><step>16</step></extensions></rtept><rtept lat="47.433668" lon="11.011195"><ele>1598.0</ele><name>Höllentalsteig</name><desc>Head southwest on &lt;b&gt;Höllentalsteig&lt;/b&gt;</desc><extensions><distance>1.797</distance><duration>3178.7</duration><type>11</type><step>16</step></extensions></rtept><rtept lat="47.433584" lon="11.011104"><ele>1598.0</ele><name>Höllentalsteig</name><desc>Head southwest on &lt;b&gt;Höllentalsteig&lt;/b&gt;</desc><extensions><distance>1.797</distance><duration>3178.7</duration><type>11</type><step>16</step></extensions></rtept><rtept lat="47.433629" lon="11.011019"><ele>1598.0</ele><name>Höllentalsteig</name><desc>Head southwest on &lt;b&gt;Höllentalsteig&lt;/b&gt;</desc><extensions><distance>1.797</distance><duration>3178.7</duration><type>11</type><step>16</step></extensions></rtept><rtept lat="47.433632" lon="11.010969"><ele>1598.0</ele><name>Höllentalsteig</name><desc>Head southwest on &lt;b&gt;Höllentalsteig&lt;/b&gt;</desc><extensions><distance>1.797</distance><duration>3178.7</duration><type>11</type><step>16</step></extensions></rtept><rtept lat="47.433513" lon="11.010921"><ele>1598.0</ele><name>Höllentalsteig</name><desc>Head southwest on &lt;b&gt;Höllentalsteig&lt;/b&gt;</desc><extensions><distance>1.797</distance><duration>3178.7</duration><type>11</type><step>16</step></extensions></rtept><rtept lat="47.433563" lon="11.010874"><ele>1598.0</ele><name>Höllentalsteig</name><desc>Head southwest on &lt;b&gt;Höllentalsteig&lt;/b&gt;</desc><extensions><distance>1.797</distance><duration>3178.7</duration><type>11</type><step>16</step></extensions></rtept><rtept lat="47.433803" lon="11.010798"><ele>1656.0</ele><name>Höllentalsteig</name><desc>Head southwest on &lt;b&gt;Höllentalsteig&lt;/b&gt;</desc><extensions><distance>1.797</distance><duration>3178.7</duration><type>11</type><step>16</step></extensions></rtept><rtept lat="47.433883" lon="11.010795"><ele>1656.0</ele><name>Höllentalsteig</name><desc>Head southwest on &lt;b&gt;Höllentalsteig&lt;/b&gt;</desc><extensions><distance>1.797</distance><duration>3178.7</duration><type>11</type><step>16</step></extensions></rtept><rtept lat="47.433949" lon="11.010749"><ele>1656.0</ele><name>Höllentalsteig</name><desc>Head southwest on &lt;b&gt;Höllentalsteig&lt;/b&gt;</desc><extensions><distance>1.797</distance><duration>3178.7</duration><type>11</type><step>16</step></extensions></rtept><rtept lat="47.433935" lon="11.01065"><ele>1656.0</ele><name>Höllentalsteig</name><desc>Head southwest on &lt;b&gt;Höllentalsteig&lt;/b&gt;</desc><extensions><distance>1.797</distance><duration>3178.7</duration><type>11</type><step>16</step></extensions></rtept><rtept lat="47.433955" lon="11.010597"><ele>1656.0</ele><name>Höllentalsteig</name><desc>Head southwest on &lt;b&gt;Höllentalsteig&lt;/b&gt;</desc><extensions><distance>1.797</distance><duration>3178.7</duration><type>11</type><step>16</step></extensions></rtept><rtept lat="47.433962" lon="11.010504"><ele>1656.0</ele><name>Höllentalsteig</name><desc>Head southwest on &lt;b&gt;Höllentalsteig&lt;/b&gt;</desc><extensions><distance>1.797</distance><duration>3178.7</duration><type>11</type><step>16</step></extensions></rtept><rtept lat="47.433887" lon="11.010391"><ele>1656.0</ele><name>Höllentalsteig</name><desc>Head southwest on &lt;b&gt;Höllentalsteig&lt;/b&gt;</desc><extensions><distance>1.797</distance><duration>3178.7</duration><type>11</type><step>16</step></extensions></rtept><rtept lat="47.433915" lon="11.010253"><ele>1656.0</ele><name>Höllentalsteig</name><desc>Head southwest on &lt;b&gt;Höllentalsteig&lt;/b&gt;</desc><extensions><distance>1.797</distance><duration>3178.7</duration><type>11</type><step>16</step></extensions></rtept><rtept lat="47.433775" lon="11.010168"><ele>1656.0</ele><name>Höllentalsteig</name><desc>Head southwest on &lt;b&gt;Höllentalsteig&lt;/b&gt;</desc><extensions><distance>1.797</distance><duration>3178.7</duration><type>11</type><step>16</step></extensions></rtept><rtept lat="47.433682" lon="11.01005"><ele>1656.0</ele><name>Höllentalsteig</name><desc>Head southwest on &lt;b&gt;Höllentalsteig&lt;/b&gt;</desc><extensions><distance>1.797</distance><duration>3178.7</duration><type>11</type><step>16</step></extensions></rtept><rtept lat="47.43346" lon="11.009913"><ele>1722.0</ele><name>Höllentalsteig</name><desc>Head southwest on &lt;b&gt;Höllentalsteig&lt;/b&gt;</desc><extensions><distance>1.797</distance><duration>3178.7</duration><type>11</type><step>16</step></extensions></rtept><rtept lat="47.433471" lon="11.009815"><ele>1722.0</ele><name>Höllentalsteig</name><desc>Head southwest on &lt;b&gt;Höllentalsteig&lt;/b&gt;</desc><extensions><distance>1.797</distance><duration>3178.7</duration><type>11</type><step>16</step></extensions></rtept><rtept lat="47.433576" lon="11.009753"><ele>1722.0</ele><name>Höllentalsteig</name><desc>Head southwest on &lt;b&gt;Höllentalsteig&lt;/b&gt;</desc><extensions><distance>1.797</distance><duration>3178.7</duration><type>11</type><step>16</step></extensions></rtept><rtept lat="47.433811" lon="11.009702"><ele>1722.0</ele><name>Höllentalsteig</name><desc>Head southwest on &lt;b&gt;Höllentalsteig&lt;/b&gt;</desc><extensions><distance>1.797</distance><duration>3178.7</duration><type>11</type><step>16</step></extensions></rtept><rtept lat="47.433878" lon="11.00966"><ele>1722.0</ele><name>Höllentalsteig</name><desc>Head southwest on &lt;b&gt;Höllentalsteig&lt;/b&gt;</desc><extensions><distance>1.797</distance><duration>3178.7</duration><type>11</type><step>16</step></extensions></rtept><rtept lat="47.433799" lon="11.009509"><ele>1722.0</ele><name>Höllentalsteig</name><desc>Head southwest on &lt;b&gt;Höllentalsteig&lt;/b&gt;</desc><extensions><distance>1.797</distance><duration>3178.7</duration><type>11</type><step>16</step></extensions></rtept><rtept lat="47.433704" lon="11.0094"><ele>1722.0</ele><name>Höllentalsteig</name><desc>Head southwest on &lt;b&gt;Höllentalsteig&lt;/b&gt;</desc><extensions><distance>1.797</distance><duration>3178.7</duration><type>11</type><step>16</step></extensions></rtept><rtept lat="47.433712" lon="11.009242"><ele>1722.0</ele><name>Höllentalsteig</name><desc>Head southwest on &lt;b&gt;Höllentalsteig&lt;/b&gt;</desc><extensions><distance>1.797</distance><duration>3178.7</duration><type>11</type><step>16</step></extensions></rtept><rtept lat="47.433535" lon="11.009272"><ele>1722.0</ele><name>Höllentalsteig</name><desc>Head southwest on &lt;b&gt;Höllentalsteig&lt;/b&gt;</desc><extensions><distance>1.797</distance><duration>3178.7</duration><type>11</type><step>16</step></extensions></rtept><rtept lat="47.43345" lon="11.009259"><ele>1722.0</ele><name>Höllentalsteig</name><desc>Head southwest on &lt;b&gt;Höllentalsteig&lt;/b&gt;</desc><extensions><distance>1.797</distance><duration>3178.7</duration><type>11</type><step>16</step></extensions></rtept><rtept lat="47.433379" lon="11.0092"><ele>1722.0</ele><name>Höllentalsteig</name><desc>Head southwest on &lt;b&gt;Höllentalsteig&lt;/b&gt;</desc><extensions><distance>1.797</distance><duration>3178.7</duration><type>11</type><step>16</step></extensions></rtept><rtept lat="47.433364" lon="11.009164"><ele>1792.0</ele><name>Höllentalsteig</name><desc>Head southwest on &lt;b&gt;Höllentalsteig&lt;/b&gt;</desc><extensions><distance>1.797</distance><duration>3178.7</duration><type>11</type><step>16</step></extensions></rtept><rtept lat="47.43342" lon="11.009126"><ele>1792.0</ele><name>Höllentalsteig</name><desc>Head southwest on &lt;b&gt;Höllentalsteig&lt;/b&gt;</desc><extensions><distance>1.797</distance><duration>3178.7</duration><type>11</type><step>16</step></extensions></rtept><rtept lat="47.433466" lon="11.009061"><ele>1792.0</ele><name>Höllentalsteig</name><desc>Head southwest on &lt;b&gt;Höllentalsteig&lt;/b&gt;</desc><extensions><distance>1.797</distance><duration>3178.7</duration><type>11</type><step>16</step></extensions></rtept><rtept lat="47.433467" lon="11.009031"><ele>1792.0</ele><name>Höllentalsteig</name><desc>Head southwest on &lt;b&gt;Höllentalsteig&lt;/b&gt;</desc><extensions><distance>1.797</distance><duration>3178.7</duration><type>11</type><step>16</step></extensions></rtept><rtept lat="47.433226" lon="11.009014"><ele>1810.0</ele><name>Höllentalsteig</name><desc>Head southwest on &lt;b&gt;Höllentalsteig&lt;/b&gt;</desc><extensions><distance>1.797</distance><duration>3178.7</duration><type>11</type><step>16</step></extensions></rtept><rtept lat="47.433027" lon="11.008967"><ele>1810.0</ele><name>Höllentalsteig</name><desc>Head southwest on &lt;b&gt;Höllentalsteig&lt;/b&gt;</desc><extensions><distance>1.797</distance><duration>3178.7</duration><type>11</type><step>16</step></extensions></rtept><rtept lat="47.432772" lon="11.008974"><ele>1810.0</ele><name>Höllentalsteig</name><desc>Head southwest on &lt;b&gt;Höllentalsteig&lt;/b&gt;</desc><extensions><distance>1.797</distance><duration>3178.7</duration><type>11</type><step>16</step></extensions></rtept><rtept lat="47.432702" lon="11.009137"><ele>1810.0</ele><name>Höllentalsteig</name><desc>Head southwest on &lt;b&gt;Höllentalsteig&lt;/b&gt;</desc><extensions><distance>1.797</distance><duration>3178.7</duration><type>11</type><step>16</step></extensions></rtept><rtept lat="47.43266" lon="11.00915"><ele>1810.0</ele><name>Höllentalsteig</name><desc>Head southwest on &lt;b&gt;Höllentalsteig&lt;/b&gt;</desc><extensions><distance>1.797</distance><duration>3178.7</duration><type>11</type><step>16</step></extensions></rtept><rtept lat="47.432607" lon="11.00912"><ele>1810.0</ele><name>Höllentalsteig</name><desc>Head southwest on &lt;b&gt;Höllentalsteig&lt;/b&gt;</desc><extensions><distance>1.797</distance><duration>3178.7</duration><type>11</type><step>16</step></extensions></rtept><rtept lat="47.432537" lon="11.009136"><ele>1810.0</ele><name>Höllentalsteig</name><desc>Head southwest on &lt;b&gt;Höllentalsteig&lt;/b&gt;</desc><extensions><distance>1.797</distance><duration>3178.7</duration><type>11</type><step>16</step></extensions></rtept><rtept lat="47.432476" lon="11.009121"><ele>1834.0</ele><name>Höllentalsteig</name><desc>Head southwest on &lt;b&gt;Höllentalsteig&lt;/b&gt;</desc><extensions><distance>1.797</distance><duration>3178.7</duration><type>11</type><step>16</step></extensions></rtept><rtept lat="47.4324" lon="11.009028"><ele>1834.0</ele><name>Höllentalsteig</name><desc>Head southwest on &lt;b&gt;Höllentalsteig&lt;/b&gt;</desc><extensions><distance>1.797</distance><duration>3178.7</duration><type>11</type><step>16</step></extensions></rtept><rtept lat="47.432278" lon="11.009026"><ele>1834.0</ele><name>Höllentalsteig</name><desc>Head southwest on &lt;b&gt;Höllentalsteig&lt;/b&gt;</desc><extensions><distance>1.797</distance><duration>3178.7</duration><type>11</type><step>16</step></extensions></rtept><rtept lat="47.432062" lon="11.008966"><ele>1834.0</ele><name>Höllentalsteig</name><desc>Head southwest on &lt;b&gt;Höllentalsteig&lt;/b&gt;</desc><extensions><distance>1.797</distance><duration>3178.7</duration><type>11</type><step>16</step></extensions></rtept><rtept lat="47.432001" lon="11.009002"><ele>1834.0</ele><name>Höllentalsteig</name><desc>Head southwest on &lt;b&gt;Höllentalsteig&lt;/b&gt;</desc><extensions><distance>1.797</distance><duration>3178.7</duration><type>11</type><step>16</step></extensions></rtept><rtept lat="47.431954" lon="11.009129"><ele>1834.0</ele><name>Höllentalsteig</name><desc>Head southwest on &lt;b&gt;Höllentalsteig&lt;/b&gt;</desc><extensions><distance>1.797</distance><duration>3178.7</duration><type>11</type><step>16</step></extensions></rtept><rtept lat="47.431905" lon="11.009162"><ele>1834.0</ele><name>Höllentalsteig</name><desc>Head southwest on &lt;b&gt;Höllentalsteig&lt;/b&gt;</desc><extensions><distance>1.797</distance><duration>3178.7</duration><type>11</type><step>16</step></extensions></rtept><rtept lat="47.431745" lon="11.009043"><ele>1834.0</ele><name>Höllentalsteig</name><desc>Head southwest on &lt;b&gt;Höllentalsteig&lt;/b&gt;</desc><extensions><distance>1.797</distance><duration>3178.7</duration><type>11</type><step>16</step></extensions></rtept><rtept lat="47.431705" lon="11.008966"><ele>1834.0</ele><name>Höllentalsteig</name><desc>Head southwest on &lt;b&gt;Höllentalsteig&lt;/b&gt;</desc><extensions><distance>1.797</distance><duration>3178.7</duration><type>11</type><step>16</step></extensions></rtept><rtept lat="47.431661" lon="11.008966"><ele>1860.0</ele><name>Höllentalsteig</name><desc>Head southwest on &lt;b&gt;Höllentalsteig&lt;/b&gt;</desc><extensions><distance>1.797</distance><duration>3178.7</duration><type>11</type><step>16</step></extensions></rtept><rtept lat="47.431571" lon="11.009021"><ele>1860.0</ele><name>Höllentalsteig</name><desc>Head southwest on &lt;b&gt;Höllentalsteig&lt;/b&gt;</desc><extensions><distance>1.797</distance><duration>3178.7</duration><type>11</type><step>16</step></extensions></rtept><rtept lat="47.431386" lon="11.009018"><ele>1860.0</ele><name>Höllentalsteig</name><desc>Head southwest on &lt;b&gt;Höllentalsteig&lt;/b&gt;</desc><extensions><distance>1.797</distance><duration>3178.7</duration><type>11</type><step>16</step></extensions></rtept><rtept lat="47.431284" lon="11.009054"><ele>1860.0</ele><name>Höllentalsteig</name><desc>Head southwest on &lt;b&gt;Höllentalsteig&lt;/b&gt;</desc><extensions><distance>1.797</distance><duration>3178.7</duration><type>11</type><step>16</step></extensions></rtept><rtept lat="47.431146" lon="11.009032"><ele>1860.0</ele><name>Höllentalsteig</name><desc>Head southwest on &lt;b&gt;Höllentalsteig&lt;/b&gt;</desc><extensions><distance>1.797</distance><duration>3178.7</duration><type>11</type><step>16</step></extensions></rtept><rtept lat="47.431008" lon="11.008918"><ele>1860.0</ele><name>Höllentalsteig</name><desc>Head southwest on &lt;b&gt;Höllentalsteig&lt;/b&gt;</desc><extensions><distance>1.797</distance><duration>3178.7</duration><type>11</type><step>16</step></extensions></rtept><rtept lat="47.430951" lon="11.008915"><ele>1860.0</ele><name>Höllentalsteig</name><desc>Head southwest on &lt;b&gt;Höllentalsteig&lt;/b&gt;</desc><extensions><distance>1.797</distance><duration>3178.7</duration><type>11</type><step>16</step></extensions></rtept><rtept lat="47.430916" lon="11.008883"><ele>1860.0</ele><name>Höllentalsteig</name><desc>Head southwest on &lt;b&gt;Höllentalsteig&lt;/b&gt;</desc><extensions><distance>1.797</distance><duration>3178.7</duration><type>11</type><step>16</step></extensions></rtept><rtept lat="47.430881" lon="11.008758"><ele>1860.0</ele><name>Höllentalsteig</name><desc>Head southwest on &lt;b&gt;Höllentalsteig&lt;/b&gt;</desc><extensions><distance>1.797</distance><duration>3178.7</duration><type>11</type><step>16</step></extensions></rtept><rtept lat="47.430823" lon="11.008636"><ele>1883.0</ele><name>Höllentalsteig</name><desc>Head southwest on &lt;b&gt;Höllentalsteig&lt;/b&gt;</desc><extensions><distance>1.797</distance><duration>3178.7</duration><type>11</type><step>16</step></extensions></rtept><rtept lat="47.430841" lon="11.008461"><ele>1860.0</ele><name>Höllentalsteig</name><desc>Head southwest on &lt;b&gt;Höllentalsteig&lt;/b&gt;</desc><extensions><distance>1.797</distance><duration>3178.7</duration><type>11</type><step>16</step></extensions></rtept><rtept lat="47.430788" lon="11.008357"><ele>1883.0</ele><name>Höllentalsteig</name><desc>Head southwest on &lt;b&gt;Höllentalsteig&lt;/b&gt;</desc><extensions><distance>1.797</distance><duration>3178.7</duration><type>11</type><step>16</step></extensions></rtept><rtept lat="47.43057" lon="11.008308"><ele>1908.0</ele><name>Höllentalsteig</name><desc>Head southwest on &lt;b&gt;Höllentalsteig&lt;/b&gt;</desc><extensions><distance>1.797</distance><duration>3178.7</duration><type>11</type><step>16</step></extensions></rtept><rtept lat="47.430495" lon="11.008229"><ele>1908.0</ele><name>Höllentalsteig</name><desc>Head southwest on &lt;b&gt;Höllentalsteig&lt;/b&gt;</desc><extensions><distance>1.797</distance><duration>3178.7</duration><type>11</type><step>16</step></extensions></rtept><rtept lat="47.430261" lon="11.00783"><ele>1908.0</ele><name>Höllentalsteig</name><desc>Head southwest on &lt;b&gt;Höllentalsteig&lt;/b&gt;</desc><extensions><distance>1.797</distance><duration>3178.7</duration><type>11</type><step>16</step></extensions></rtept><rtept lat="47.430085" lon="11.00765"><ele>1908.0</ele><name>Höllentalsteig</name><desc>Head southwest on &lt;b&gt;Höllentalsteig&lt;/b&gt;</desc><extensions><distance>1.797</distance><duration>3178.7</duration><type>11</type><step>16</step></extensions></rtept><rtept lat="47.430034" lon="11.007635"><ele>1908.0</ele><name>Höllentalsteig</name><desc>Head southwest on &lt;b&gt;Höllentalsteig&lt;/b&gt;</desc><extensions><distance>1.797</distance><duration>3178.7</duration><type>11</type><step>16</step></extensions></rtept><rtept lat="47.429958" lon="11.007691"><ele>1924.0</ele><name>Höllentalsteig</name><desc>Head southwest on &lt;b&gt;Höllentalsteig&lt;/b&gt;</desc><extensions><distance>1.797</distance><duration>3178.7</duration><type>11</type><step>16</step></extensions></rtept><rtept lat="47.429756" lon="11.007709"><ele>1924.0</ele><name>Höllentalsteig</name><desc>Head southwest on &lt;b&gt;Höllentalsteig&lt;/b&gt;</desc><extensions><distance>1.797</distance><duration>3178.7</duration><type>11</type><step>16</step></extensions></rtept><rtept lat="47.429671" lon="11.007671"><ele>1924.0</ele><name>Höllentalsteig</name><desc>Head southwest on &lt;b&gt;Höllentalsteig&lt;/b&gt;</desc><extensions><distance>1.797</distance><duration>3178.7</duration><type>11</type><step>16</step></extensions></rtept><rtept lat="47.429497" lon="11.00765"><ele>1924.0</ele><name>Höllentalsteig</name><desc>Head southwest on &lt;b&gt;Höllentalsteig&lt;/b&gt;</desc><extensions><distance>1.797</distance><duration>3178.7</duration><type>11</type><step>16</step></extensions></rtept><rtept lat="47.429425" lon="11.007519"><ele>1924.0</ele><name>Höllentalsteig</name><desc>Head southwest on &lt;b&gt;Höllentalsteig&lt;/b&gt;</desc><extensions><distance>1.797</distance><duration>3178.7</duration><type>11</type><step>16</step></extensions></rtept><rtept lat="47.429207" lon="11.007237"><ele>1948.0</ele><name>Höllentalsteig</name><desc>Head southwest on &lt;b&gt;Höllentalsteig&lt;/b&gt;</desc><extensions><distance>1.797</distance><duration>3178.7</duration><type>11</type><step>16</step></extensions></rtept><rtept lat="47.429142" lon="11.007036"><ele>1968.0</ele><name>Höllentalsteig</name><desc>Head southwest on &lt;b&gt;Höllentalsteig&lt;/b&gt;</desc><extensions><distance>1.797</distance><duration>3178.7</duration><type>11</type><step>16</step></extensions></rtept><rtept lat="47.429117" lon="11.006743"><ele>1968.0</ele><name>Höllentalsteig</name><desc>Head southwest on &lt;b&gt;Höllentalsteig&lt;/b&gt;</desc><extensions><distance>1.797</distance><duration>3178.7</duration><type>11</type><step>16</step></extensions></rtept><rtept lat="47.42906" lon="11.006669"><ele>1968.0</ele><name>Höllentalsteig</name><desc>Head southwest on &lt;b&gt;Höllentalsteig&lt;/b&gt;</desc><extensions><distance>1.797</distance><duration>3178.7</duration><type>11</type><step>16</step></extensions></rtept><rtept lat="47.428983" lon="11.006464"><ele>1990.0</ele><name>Höllentalsteig</name><desc>Head southwest on &lt;b&gt;Höllentalsteig&lt;/b&gt;</desc><extensions><distance>1.797</distance><duration>3178.7</duration><type>11</type><step>16</step></extensions></rtept><rtept lat="47.428991" lon="11.006269"><ele>1990.0</ele><name>Höllentalsteig</name><desc>Head southwest on &lt;b&gt;Höllentalsteig&lt;/b&gt;</desc><extensions><distance>1.797</distance><duration>3178.7</duration><type>11</type><step>16</step></extensions></rtept><rtept lat="47.428932" lon="11.006208"><ele>1990.0</ele><name>Höllentalsteig</name><desc>Head southwest on &lt;b&gt;Höllentalsteig&lt;/b&gt;</desc><extensions><distance>1.797</distance><duration>3178.7</duration><type>11</type><step>16</step></extensions></rtept><rtept lat="47.428869" lon="11.006189"><ele>1990.0</ele><name>Höllentalsteig</name><desc>Head southwest on &lt;b&gt;Höllentalsteig&lt;/b&gt;</desc><extensions><distance>1.797</distance><duration>3178.7</duration><type>11</type><step>16</step></extensions></rtept><rtept lat="47.428749" lon="11.005787"><ele>2019.0</ele><name>Höllentalsteig</name><desc>Head southwest on &lt;b&gt;Höllentalsteig&lt;/b&gt;</desc><extensions><distance>1.797</distance><duration>3178.7</duration><type>11</type><step>16</step></extensions></rtept><rtept lat="47.428712" lon="11.005778"><ele>2019.0</ele><name>Höllentalsteig</name><desc>Head southwest on &lt;b&gt;Höllentalsteig&lt;/b&gt;</desc><extensions><distance>1.797</distance><duration>3178.7</duration><type>11</type><step>16</step></extensions></rtept><rtept lat="47.428591" lon="11.005646"><ele>2019.0</ele><name>Höllentalsteig</name><desc>Head southwest on &lt;b&gt;Höllentalsteig&lt;/b&gt;</desc><extensions><distance>1.797</distance><duration>3178.7</duration><type>11</type><step>16</step></extensions></rtept><rtept lat="47.428562" lon="11.005646"><ele>2019.0</ele><name>Höllentalsteig</name><desc>Head southwest on &lt;b&gt;Höllentalsteig&lt;/b&gt;</desc><extensions><distance>1.797</distance><duration>3178.7</duration><type>11</type><step>16</step></extensions></rtept><rtept lat="47.428547" lon="11.005608"><ele>2019.0</ele><name>Höllentalsteig</name><desc>Head southwest on &lt;b&gt;Höllentalsteig&lt;/b&gt;</desc><extensions><distance>1.797</distance><duration>3178.7</duration><type>11</type><step>16</step></extensions></rtept><rtept lat="47.428563" lon="11.005579"><ele>2019.0</ele><name>Höllentalsteig</name><desc>Head southwest on &lt;b&gt;Höllentalsteig&lt;/b&gt;</desc><extensions><distance>1.797</distance><duration>3178.7</duration><type>11</type><step>16</step></extensions></rtept><rtept lat="47.428556" lon="11.005488"><ele>2019.0</ele><name>Höllentalsteig</name><desc>Head southwest on &lt;b&gt;Höllentalsteig&lt;/b&gt;</desc><extensions><distance>1.797</distance><duration>3178.7</duration><type>11</type><step>16</step></extensions></rtept><rtept lat="47.428589" lon="11.005482"><ele>2019.0</ele><name>Höllentalsteig</name><desc>Head southwest on &lt;b&gt;Höllentalsteig&lt;/b&gt;</desc><extensions><distance>1.797</distance><duration>3178.7</duration><type>11</type><step>16</step></extensions></rtept><rtept lat="47.428624" lon="11.00542"><ele>2019.0</ele><name>Höllentalsteig</name><desc>Head southwest on &lt;b&gt;Höllentalsteig&lt;/b&gt;</desc><extensions><distance>1.797</distance><duration>3178.7</duration><type>11</type><step>16</step></extensions></rtept><rtept lat="47.428666" lon="11.005399"><ele>2019.0</ele><name>Höllentalsteig</name><desc>Head southwest on &lt;b&gt;Höllentalsteig&lt;/b&gt;</desc><extensions><distance>1.797</distance><duration>3178.7</duration><type>11</type><step>16</step></extensions></rtept><rtept lat="47.428754" lon="11.005321"><ele>2019.0</ele><name>Höllentalsteig</name><desc>Head southwest on &lt;b&gt;Höllentalsteig&lt;/b&gt;</desc><extensions><distance>1.797</distance><duration>3178.7</duration><type>11</type><step>16</step></extensions></rtept><rtept lat="47.42885" lon="11.005154"><ele>2019.0</ele><name>Höllentalsteig</name><desc>Head southwest on &lt;b&gt;Höllentalsteig&lt;/b&gt;</desc><extensions><distance>1.797</distance><duration>3178.7</duration><type>11</type><step>16</step></extensions></rtept><rtept lat="47.428841" lon="11.00502"><ele>2019.0</ele><name>Höllentalsteig</name><desc>Head southwest on &lt;b&gt;Höllentalsteig&lt;/b&gt;</desc><extensions><distance>1.797</distance><duration>3178.7</duration><type>11</type><step>16</step></extensions></rtept><rtept lat="47.428777" lon="11.004936"><ele>2053.0</ele><name>Höllentalsteig</name><desc>Head southwest on &lt;b&gt;Höllentalsteig&lt;/b&gt;</desc><extensions><distance>1.797</distance><duration>3178.7</duration><type>11</type><step>16</step></extensions></rtept><rtept lat="47.428565" lon="11.00481"><ele>2053.0</ele><name>Höllentalsteig</name><desc>Head southwest on &lt;b&gt;Höllentalsteig&lt;/b&gt;</desc><extensions><distance>1.797</distance><duration>3178.7</duration><type>11</type><step>16</step></extensions></rtept><rtept lat="47.42854" lon="11.004732"><ele>2053.0</ele><name>Höllentalsteig</name><desc>Head southwest on &lt;b&gt;Höllentalsteig&lt;/b&gt;</desc><extensions><distance>1.797</distance><duration>3178.7</duration><type>11</type><step>16</step></extensions></rtept><rtept lat="47.428622" lon="11.004447"><ele>2053.0</ele><name>Höllentalsteig</name><desc>Head southwest on &lt;b&gt;Höllentalsteig&lt;/b&gt;</desc><extensions><distance>1.797</distance><duration>3178.7</duration><type>11</type><step>16</step></extensions></rtept><rtept lat="47.428596" lon="11.004385"><ele>2053.0</ele><name>Höllentalsteig</name><desc>Head southwest on &lt;b&gt;Höllentalsteig&lt;/b&gt;</desc><extensions><distance>1.797</distance><duration>3178.7</duration><type>11</type><step>16</step></extensions></rtept><rtept lat="47.428585" lon="11.004297"><ele>2053.0</ele><name>Höllentalsteig</name><desc>Head southwest on &lt;b&gt;Höllentalsteig&lt;/b&gt;</desc><extensions><distance>1.797</distance><duration>3178.7</duration><type>11</type><step>16</step></extensions></rtept><rtept lat="47.428529" lon="11.004177"><ele>2053.0</ele><name>Höllentalsteig</name><desc>Head southwest on &lt;b&gt;Höllentalsteig&lt;/b&gt;</desc><extensions><distance>1.797</distance><duration>3178.7</duration><type>11</type><step>16</step></extensions></rtept><rtept lat="47.428514" lon="11.004114"><ele>2072.0</ele><name></name><desc>Arrive at Höllentalsteig, on the left</desc><extensions><distance>0.0</distance><duration>0.0</duration><type>10</type><step>17</step></extensions></rtept><rtept lat="47.428514" lon="11.004114"><ele>2072.0</ele><name>Höllentalsteig</name><desc>Head west on &lt;b&gt;Höllentalsteig&lt;/b&gt;</desc><extensions><distance>1.132</distance><duration>2038.0</duration><type>11</type><step>18</step></extensions></rtept><rtept lat="47.428503" lon="11.004065"><ele>2091.0</ele><name>Höllentalsteig</name><desc>Head west on &lt;b&gt;Höllentalsteig&lt;/b&gt;</desc><extensions><distance>1.132</distance><duration>2038.0</duration><type>11</type><step>18</step></extensions></rtept><rtept lat="47.428509" lon="11.003968"><ele>2091.0</ele><name>Höllentalsteig</name><desc>Head west on &lt;b&gt;Höllentalsteig&lt;/b&gt;</desc><extensions><distance>1.132</distance><duration>2038.0</duration><type>11</type><step>18</step></extensions></rtept><rtept lat="47.428486" lon="11.003756"><ele>2091.0</ele><name>Höllentalsteig</name><desc>Head west on &lt;b&gt;Höllentalsteig&lt;/b&gt;</desc><extensions><distance>1.132</distance><duration>2038.0</duration><type>11</type><step>18</step></extensions></rtept><rtept lat="47.428398" lon="11.003635"><ele>2091.0</ele><name>Höllentalsteig</name><desc>Head west on &lt;b&gt;Höllentalsteig&lt;/b&gt;</desc><extensions><distance>1.132</distance><duration>2038.0</duration><type>11</type><step>18</step></extensions></rtept><rtept lat="47.428426" lon="11.003566"><ele>2091.0</ele><name>Höllentalsteig</name><desc>Head west on &lt;b&gt;Höllentalsteig&lt;/b&gt;</desc><extensions><distance>1.132</distance><duration>2038.0</duration><type>11</type><step>18</step></extensions></rtept><rtept lat="47.428401" lon="11.00352"><ele>2091.0</ele><name>Höllentalsteig</name><desc>Head west on &lt;b&gt;Höllentalsteig&lt;/b&gt;</desc><extensions><distance>1.132</distance><duration>2038.0</duration><type>11</type><step>18</step></extensions></rtept><rtept lat="47.428422" lon="11.003464"><ele>2091.0</ele><name>Höllentalsteig</name><desc>Head west on &lt;b&gt;Höllentalsteig&lt;/b&gt;</desc><extensions><distance>1.132</distance><duration>2038.0</duration><type>11</type><step>18</step></extensions></rtept><rtept lat="47.428423" lon="11.003402"><ele>2091.0</ele><name>Höllentalsteig</name><desc>Head west on &lt;b&gt;Höllentalsteig&lt;/b&gt;</desc><extensions><distance>1.132</distance><duration>2038.0</duration><type>11</type><step>18</step></extensions></rtept><rtept lat="47.428356" lon="11.003402"><ele>2091.0</ele><name>Höllentalsteig</name><desc>Head west on &lt;b&gt;Höllentalsteig&lt;/b&gt;</desc><extensions><distance>1.132</distance><duration>2038.0</duration><type>11</type><step>18</step></extensions></rtept><rtept lat="47.428304" lon="11.003367"><ele>2091.0</ele><name>Höllentalsteig</name><desc>Head west on &lt;b&gt;Höllentalsteig&lt;/b&gt;</desc><extensions><distance>1.132</distance><duration>2038.0</duration><type>11</type><step>18</step></extensions></rtept><rtept lat="47.428348" lon="11.003287"><ele>2133.0</ele><name>Höllentalsteig</name><desc>Head west on &lt;b&gt;Höllentalsteig&lt;/b&gt;</desc><extensions><distance>1.132</distance><duration>2038.0</duration><type>11</type><step>18</step></extensions></rtept><rtept lat="47.428308" lon="11.003197"><ele>2116.0</ele><name>Höllentalsteig</name><desc>Head west on &lt;b&gt;Höllentalsteig&lt;/b&gt;</desc><extensions><distance>1.132</distance><duration>2038.0</duration><type>11</type><step>18</step></extensions></rtept><rtept lat="47.428322" lon="11.003102"><ele>2116.0</ele><name>Höllentalsteig</name><desc>Head west on &lt;b&gt;Höllentalsteig&lt;/b&gt;</desc><extensions><distance>1.132</distance><duration>2038.0</duration><type>11</type><step>18</step></extensions></rtept><rtept lat="47.42822" lon="11.003037"><ele>2116.0</ele><name>Höllentalsteig</name><desc>Head west on &lt;b&gt;Höllentalsteig&lt;/b&gt;</desc><extensions><distance>1.132</distance><duration>2038.0</duration><type>11</type><step>18</step></extensions></rtept><rtept lat="47.428208" lon="11.002894"><ele>2116.0</ele><name>Höllentalsteig</name><desc>Head west on &lt;b&gt;Höllentalsteig&lt;/b&gt;</desc><extensions><distance>1.132</distance><duration>2038.0</duration><type>11</type><step>18</step></extensions></rtept><rtept lat="47.428146" lon="11.002869"><ele>2116.0</ele><name>Höllentalsteig</name><desc>Head west on &lt;b&gt;Höllentalsteig&lt;/b&gt;</desc><extensions><distance>1.132</distance><duration>2038.0</duration><type>11</type><step>18</step></extensions></rtept><rtept lat="47.428112" lon="11.002735"><ele>2116.0</ele><name>Höllentalsteig</name><desc>Head west on &lt;b&gt;Höllentalsteig&lt;/b&gt;</desc><extensions><distance>1.132</distance><duration>2038.0</duration><type>11</type><step>18</step></extensions></rtept><rtept lat="47.428038" lon="11.002705"><ele>2116.0</ele><name>Höllentalsteig</name><desc>Head west on &lt;b&gt;Höllentalsteig&lt;/b&gt;</desc><extensions><distance>1.132</distance><duration>2038.0</duration><type>11</type><step>18</step></extensions></rtept><rtept lat="47.428061" lon="11.002631"><ele>2116.0</ele><name>Höllentalsteig</name><desc>Head west on &lt;b&gt;Höllentalsteig&lt;/b&gt;</desc><extensions><distance>1.132</distance><duration>2038.0</duration><type>11</type><step>18</step></extensions></rtept><rtept lat="47.427963" lon="11.002527"><ele>2116.0</ele><name>Höllentalsteig</name><desc>Head west on &lt;b&gt;Höllentalsteig&lt;/b&gt;</desc><extensions><distance>1.132</distance><duration>2038.0</duration><type>11</type><step>18</step></extensions></rtept><rtept lat="47.427917" lon="11.002429"><ele>2146.0</ele><name>Höllentalsteig</name><desc>Head west on &lt;b&gt;Höllentalsteig&lt;/b&gt;</desc><extensions><distance>1.132</distance><duration>2038.0</duration><type>11</type><step>18</step></extensions></rtept><rtept lat="47.427905" lon="11.002303"><ele>2146.0</ele><name>Höllentalsteig</name><desc>Head west on &lt;b&gt;Höllentalsteig&lt;/b&gt;</desc><extensions><distance>1.132</distance><duration>2038.0</duration><type>11</type><step>18</step></extensions></rtept><rtept lat="47.427925" lon="11.002151"><ele>2146.0</ele><name>Höllentalsteig</name><desc>Head west on &lt;b&gt;Höllentalsteig&lt;/b&gt;</desc><extensions><distance>1.132</distance><duration>2038.0</duration><type>11</type><step>18</step></extensions></rtept><rtept lat="47.427797" lon="11.001887"><ele>2146.0</ele><name>Höllentalsteig</name><desc>Head west on &lt;b&gt;Höllentalsteig&lt;/b&gt;</desc><extensions><distance>1.132</distance><duration>2038.0</duration><type>11</type><step>18</step></extensions></rtept><rtept lat="47.427848" lon="11.001831"><ele>2146.0</ele><name>Höllentalsteig</name><desc>Head west on &lt;b&gt;Höllentalsteig&lt;/b&gt;</desc><extensions><distance>1.132</distance><duration>2038.0</duration><type>11</type><step>18</step></extensions></rtept><rtept lat="47.427813" lon="11.001761"><ele>2146.0</ele><name>Höllentalsteig</name><desc>Head west on &lt;b&gt;Höllentalsteig&lt;/b&gt;</desc><extensions><distance>1.132</distance><duration>2038.0</duration><type>11</type><step>18</step></extensions></rtept><rtept lat="47.427822" lon="11.001708"><ele>2146.0</ele><name>Höllentalsteig</name><desc>Head west on &lt;b&gt;Höllentalsteig&lt;/b&gt;</desc><extensions><distance>1.132</distance><duration>2038.0</duration><type>11</type><step>18</step></extensions></rtept><rtept lat="47.427773" lon="11.00166"><ele>2181.0</ele><name>Höllentalsteig</name><desc>Head west on &lt;b&gt;Höllentalsteig&lt;/b&gt;</desc><extensions><distance>1.132</distance><duration>2038.0</duration><type>11</type><step>18</step></extensions></rtept><rtept lat="47.427804" lon="11.001601"><ele>2181.0</ele><name>Höllentalsteig</name><desc>Head west on &lt;b&gt;Höllentalsteig&lt;/b&gt;</desc><extensions><distance>1.132</distance><duration>2038.0</duration><type>11</type><step>18</step></extensions></rtept><rtept lat="47.427774" lon="11.001539"><ele>2181.0</ele><name>Höllentalsteig</name><desc>Head west on &lt;b&gt;Höllentalsteig&lt;/b&gt;</desc><extensions><distance>1.132</distance><duration>2038.0</duration><type>11</type><step>18</step></extensions></rtept><rtept lat="47.427792" lon="11.001467"><ele>2181.0</ele><name>Höllentalsteig</name><desc>Head west on &lt;b&gt;Höllentalsteig&lt;/b&gt;</desc><extensions><distance>1.132</distance><duration>2038.0</duration><type>11</type><step>18</step></extensions></rtept><rtept lat="47.427767" lon="11.001391"><ele>2181.0</ele><name>Höllentalsteig</name><desc>Head west on &lt;b&gt;Höllentalsteig&lt;/b&gt;</desc><extensions><distance>1.132</distance><duration>2038.0</duration><type>11</type><step>18</step></extensions></rtept><rtept lat="47.427811" lon="11.001353"><ele>2181.0</ele><name>Höllentalsteig</name><desc>Head west on &lt;b&gt;Höllentalsteig&lt;/b&gt;</desc><extensions><distance>1.132</distance><duration>2038.0</duration><type>11</type><step>18</step></extensions></rtept><rtept lat="47.427769" lon="11.00119"><ele>2181.0</ele><name>Höllentalsteig</name><desc>Head west on &lt;b&gt;Höllentalsteig&lt;/b&gt;</desc><extensions><distance>1.132</distance><duration>2038.0</duration><type>11</type><step>18</step></extensions></rtept><rtept lat="47.427731" lon="11.001126"><ele>2181.0</ele><name>Höllentalsteig</name><desc>Head west on &lt;b&gt;Höllentalsteig&lt;/b&gt;</desc><extensions><distance>1.132</distance><duration>2038.0</duration><type>11</type><step>18</step></extensions></rtept><rtept lat="47.427742" lon="11.001069"><ele>2181.0</ele><name>Höllentalsteig</name><desc>Head west on &lt;b&gt;Höllentalsteig&lt;/b&gt;</desc><extensions><distance>1.132</distance><duration>2038.0</duration><type>11</type><step>18</step></extensions></rtept><rtept lat="47.427731" lon="11.000996"><ele>2181.0</ele><name>Höllentalsteig</name><desc>Head west on &lt;b&gt;Höllentalsteig&lt;/b&gt;</desc><extensions><distance>1.132</distance><duration>2038.0</duration><type>11</type><step>18</step></extensions></rtept><rtept lat="47.427674" lon="11.000786"><ele>2194.0</ele><name>Höllentalsteig</name><desc>Head west on &lt;b&gt;Höllentalsteig&lt;/b&gt;</desc><extensions><distance>1.132</distance><duration>2038.0</duration><type>11</type><step>18</step></extensions></rtept><rtept lat="47.427581" lon="11.000712"><ele>2194.0</ele><name>Höllentalsteig</name><desc>Head west on &lt;b&gt;Höllentalsteig&lt;/b&gt;</desc><extensions><distance>1.132</distance><duration>2038.0</duration><type>11</type><step>18</step></extensions></rtept><rtept lat="47.427506" lon="11.000482"><ele>2194.0</ele><name>Höllentalsteig</name><desc>Head west on &lt;b&gt;Höllentalsteig&lt;/b&gt;</desc><extensions><distance>1.132</distance><duration>2038.0</duration><type>11</type><step>18</step></extensions></rtept><rtept lat="47.427582" lon="11.000188"><ele>2194.0</ele><name>Höllentalsteig</name><desc>Head west on &lt;b&gt;Höllentalsteig&lt;/b&gt;</desc><extensions><distance>1.132</distance><duration>2038.0</duration><type>11</type><step>18</step></extensions></rtept><rtept lat="47.427589" lon="10.999982"><ele>2213.0</ele><name>Höllentalsteig</name><desc>Head west on &lt;b&gt;Höllentalsteig&lt;/b&gt;</desc><extensions><distance>1.132</distance><duration>2038.0</duration><type>11</type><step>18</step></extensions></rtept><rtept lat="47.427519" lon="10.9997"><ele>2213.0</ele><name>Höllentalsteig</name><desc>Head west on &lt;b&gt;Höllentalsteig&lt;/b&gt;</desc><extensions><distance>1.132</distance><duration>2038.0</duration><type>11</type><step>18</step></extensions></rtept><rtept lat="47.427544" lon="10.999595"><ele>2213.0</ele><name>Höllentalsteig</name><desc>Head west on &lt;b&gt;Höllentalsteig&lt;/b&gt;</desc><extensions><distance>1.132</distance><duration>2038.0</duration><type>11</type><step>18</step></extensions></rtept><rtept lat="47.427591" lon="10.999529"><ele>2213.0</ele><name>Höllentalsteig</name><desc>Head west on &lt;b&gt;Höllentalsteig&lt;/b&gt;</desc><extensions><distance>1.132</distance><duration>2038.0</duration><type>11</type><step>18</step></extensions></rtept><rtept lat="47.427635" lon="10.999344"><ele>2213.0</ele><name>Höllentalsteig</name><desc>Head west on &lt;b&gt;Höllentalsteig&lt;/b&gt;</desc><extensions><distance>1.132</distance><duration>2038.0</duration><type>11</type><step>18</step></extensions></rtept><rtept lat="47.427599" lon="10.998954"><ele>2239.0</ele><name>Höllentalsteig</name><desc>Head west on &lt;b&gt;Höllentalsteig&lt;/b&gt;</desc><extensions><distance>1.132</distance><duration>2038.0</duration><type>11</type><step>18</step></extensions></rtept><rtept lat="47.42759" lon="10.998602"><ele>2239.0</ele><name>Höllentalsteig</name><desc>Head west on &lt;b&gt;Höllentalsteig&lt;/b&gt;</desc><extensions><distance>1.132</distance><duration>2038.0</duration><type>11</type><step>18</step></extensions></rtept><rtept lat="47.427637" lon="10.99847"><ele>2239.0</ele><name>Höllentalsteig</name><desc>Head west on &lt;b&gt;Höllentalsteig&lt;/b&gt;</desc><extensions><distance>1.132</distance><duration>2038.0</duration><type>11</type><step>18</step></extensions></rtept><rtept lat="47.427619" lon="10.998395"><ele>2239.0</ele><name>Höllentalsteig</name><desc>Head west on &lt;b&gt;Höllentalsteig&lt;/b&gt;</desc><extensions><distance>1.132</distance><duration>2038.0</duration><type>11</type><step>18</step></extensions></rtept><rtept lat="47.427718" lon="10.998305"><ele>2244.0</ele><name>Höllentalsteig</name><desc>Head west on &lt;b&gt;Höllentalsteig&lt;/b&gt;</desc><extensions><distance>1.132</distance><duration>2038.0</duration><type>11</type><step>18</step></extensions></rtept><rtept lat="47.427665" lon="10.9982"><ele>2244.0</ele><name>Höllentalsteig</name><desc>Head west on &lt;b&gt;Höllentalsteig&lt;/b&gt;</desc><extensions><distance>1.132</distance><duration>2038.0</duration><type>11</type><step>18</step></extensions></rtept><rtept lat="47.427642" lon="10.998055"><ele>2244.0</ele><name>Höllentalsteig</name><desc>Head west on &lt;b&gt;Höllentalsteig&lt;/b&gt;</desc><extensions><distance>1.132</distance><duration>2038.0</duration><type>11</type><step>18</step></extensions></rtept><rtept lat="47.427709" lon="10.998081"><ele>2244.0</ele><name>Höllentalsteig</name><desc>Head west on &lt;b&gt;Höllentalsteig&lt;/b&gt;</desc><extensions><distance>1.132</distance><duration>2038.0</duration><type>11</type><step>18</step></extensions></rtept><rtept lat="47.427755" lon="10.998128"><ele>2244.0</ele><name>Höllentalsteig</name><desc>Head west on &lt;b&gt;Höllentalsteig&lt;/b&gt;</desc><extensions><distance>1.132</distance><duration>2038.0</duration><type>11</type><step>18</step></extensions></rtept><rtept lat="47.427807" lon="10.997582"><ele>2244.0</ele><name>Höllentalsteig</name><desc>Head west on &lt;b&gt;Höllentalsteig&lt;/b&gt;</desc><extensions><distance>1.132</distance><duration>2038.0</duration><type>11</type><step>18</step></extensions></rtept><rtept lat="47.42778" lon="10.997152"><ele>2322.0</ele><name>Höllentalsteig</name><desc>Head west on &lt;b&gt;Höllentalsteig&lt;/b&gt;</desc><extensions><distance>1.132</distance><duration>2038.0</duration><type>11</type><step>18</step></extensions></rtept><rtept lat="47.42758" lon="10.99642"><ele>2339.0</ele><name>Höllentalsteig</name><desc>Head west on &lt;b&gt;Höllentalsteig&lt;/b&gt;</desc><extensions><distance>1.132</distance><duration>2038.0</duration><type>11</type><step>18</step></extensions></rtept><rtept lat="47.42742" lon="10.996046"><ele>2295.0</ele><name>Höllentalsteig</name><desc>Head west on &lt;b&gt;Höllentalsteig&lt;/b&gt;</desc><extensions><distance>1.132</distance><duration>2038.0</duration><type>11</type><step>18</step></extensions></rtept><rtept lat="47.426903" lon="10.995096"><ele>2317.0</ele><name>Höllentalsteig</name><desc>Head west on &lt;b&gt;Höllentalsteig&lt;/b&gt;</desc><extensions><distance>1.132</distance><duration>2038.0</duration><type>11</type><step>18</step></extensions></rtept><rtept lat="47.426771" lon="10.994892"><ele>2347.0</ele><name>Höllentalsteig</name><desc>Head west on &lt;b&gt;Höllentalsteig&lt;/b&gt;</desc><extensions><distance>1.132</distance><duration>2038.0</duration><type>11</type><step>18</step></extensions></rtept><rtept lat="47.426662" lon="10.99467"><ele>2325.0</ele><name>Höllentalsteig</name><desc>Head west on &lt;b&gt;Höllentalsteig&lt;/b&gt;</desc><extensions><distance>1.132</distance><duration>2038.0</duration><type>11</type><step>18</step></extensions></rtept><rtept lat="47.426493" lon="10.994437"><ele>2325.0</ele><name></name><desc>Arrive at Höllentalsteig, on the right</desc><extensions><distance>0.0</distance><duration>0.0</duration><type>10</type><step>19</step></extensions></rtept><rtept lat="47.426493" lon="10.994437"><ele>2325.0</ele><name>Höllentalsteig</name><desc>Head southwest on &lt;b&gt;Höllentalsteig&lt;/b&gt;</desc><extensions><distance>1.27</distance><duration>1489.4</duration><type>11</type><step>20</step></extensions></rtept><rtept lat="47.426491" lon="10.994434"><ele>2325.0</ele><name>Höllentalsteig</name><desc>Head southwest on &lt;b&gt;Höllentalsteig&lt;/b&gt;</desc><extensions><distance>1.27</distance><duration>1489.4</duration><type>11</type><step>20</step></extensions></rtept><rtept lat="47.426069" lon="10.993734"><ele>2359.0</ele><name>Höllentalsteig</name><desc>Head southwest on &lt;b&gt;Höllentalsteig&lt;/b&gt;</desc><extensions><distance>1.27</distance><duration>1489.4</duration><type>11</type><step>20</step></extensions></rtept><rtept lat="47.425897" lon="10.993537"><ele>2359.0</ele><name>Höllentalsteig</name><desc>Head southwest on &lt;b&gt;Höllentalsteig&lt;/b&gt;</desc><extensions><distance>1.27</distance><duration>1489.4</duration><type>11</type><step>20</step></extensions></rtept><rtept lat="47.425765" lon="10.993341"><ele>2362.0</ele><name>Höllentalsteig</name><desc>Head southwest on &lt;b&gt;Höllentalsteig&lt;/b&gt;</desc><extensions><distance>1.27</distance><duration>1489.4</duration><type>11</type><step>20</step></extensions></rtept><rtept lat="47.425586" lon="10.993157"><ele>2403.0</ele><name>Höllentalsteig</name><desc>Head southwest on &lt;b&gt;Höllentalsteig&lt;/b&gt;</desc><extensions><distance>1.27</distance><duration>1489.4</duration><type>11</type><step>20</step></extensions></rtept><rtept lat="47.425355" lon="10.99306"><ele>2403.0</ele><name>Höllentalsteig</name><desc>Head southwest on &lt;b&gt;Höllentalsteig&lt;/b&gt;</desc><extensions><distance>1.27</distance><duration>1489.4</duration><type>11</type><step>20</step></extensions></rtept><rtept lat="47.425115" lon="10.993082"><ele>2403.0</ele><name>Höllentalsteig</name><desc>Head southwest on &lt;b&gt;Höllentalsteig&lt;/b&gt;</desc><extensions><distance>1.27</distance><duration>1489.4</duration><type>11</type><step>20</step></extensions></rtept><rtept lat="47.424846" lon="10.993157"><ele>2430.0</ele><name>Höllentalsteig</name><desc>Head southwest on &lt;b&gt;Höllentalsteig&lt;/b&gt;</desc><extensions><distance>1.27</distance><duration>1489.4</duration><type>11</type><step>20</step></extensions></rtept><rtept lat="47.424542" lon="10.993274"><ele>2430.0</ele><name>Höllentalsteig</name><desc>Head southwest on &lt;b&gt;Höllentalsteig&lt;/b&gt;</desc><extensions><distance>1.27</distance><duration>1489.4</duration><type>11</type><step>20</step></extensions></rtept><rtept lat="47.424327" lon="10.993262"><ele>2430.0</ele><name>Höllentalsteig</name><desc>Head southwest on &lt;b&gt;Höllentalsteig&lt;/b&gt;</desc><extensions><distance>1.27</distance><duration>1489.4</duration><type>11</type><step>20</step></extensions></rtept><rtept lat="47.423957" lon="10.993128"><ele>2493.0</ele><name>Höllentalsteig</name><desc>Head southwest on &lt;b&gt;Höllentalsteig&lt;/b&gt;</desc><extensions><distance>1.27</distance><duration>1489.4</duration><type>11</type><step>20</step></extensions></rtept><rtept lat="47.423837" lon="10.993046"><ele>2493.0</ele><name>Höllentalsteig</name><desc>Head southwest on &lt;b&gt;Höllentalsteig&lt;/b&gt;</desc><extensions><distance>1.27</distance><duration>1489.4</duration><type>11</type><step>20</step></extensions></rtept><rtept lat="47.423624" lon="10.992773"><ele>2493.0</ele><name>Höllentalsteig</name><desc>Head southwest on &lt;b&gt;Höllentalsteig&lt;/b&gt;</desc><extensions><distance>1.27</distance><duration>1489.4</duration><type>11</type><step>20</step></extensions></rtept><rtept lat="47.423566" lon="10.992593"><ele>2493.0</ele><name>Höllentalsteig</name><desc>Head southwest on &lt;b&gt;Höllentalsteig&lt;/b&gt;</desc><extensions><distance>1.27</distance><duration>1489.4</duration><type>11</type><step>20</step></extensions></rtept><rtept lat="47.423528" lon="10.992391"><ele>2521.0</ele><name>Höllentalsteig</name><desc>Head southwest on &lt;b&gt;Höllentalsteig&lt;/b&gt;</desc><extensions><distance>1.27</distance><duration>1489.4</duration><type>11</type><step>20</step></extensions></rtept><rtept lat="47.423524" lon="10.992025"><ele>2521.0</ele><name>Höllentalsteig</name><desc>Head southwest on &lt;b&gt;Höllentalsteig&lt;/b&gt;</desc><extensions><distance>1.27</distance><duration>1489.4</duration><type>11</type><step>20</step></extensions></rtept><rtept lat="47.423613" lon="10.991125"><ele>2561.0</ele><name>Höllentalsteig</name><desc>Head southwest on &lt;b&gt;Höllentalsteig&lt;/b&gt;</desc><extensions><distance>1.27</distance><duration>1489.4</duration><type>11</type><step>20</step></extensions></rtept><rtept lat="47.423687" lon="10.990681"><ele>2606.0</ele><name>Höllentalsteig</name><desc>Head southwest on &lt;b&gt;Höllentalsteig&lt;/b&gt;</desc><extensions><distance>1.27</distance><duration>1489.4</duration><type>11</type><step>20</step></extensions></rtept><rtept lat="47.423693" lon="10.990593"><ele>2606.0</ele><name>Höllentalsteig</name><desc>Head southwest on &lt;b&gt;Höllentalsteig&lt;/b&gt;</desc><extensions><distance>1.27</distance><duration>1489.4</duration><type>11</type><step>20</step></extensions></rtept><rtept lat="47.423722" lon="10.990583"><ele>2606.0</ele><name>Höllentalsteig</name><desc>Head southwest on &lt;b&gt;Höllentalsteig&lt;/b&gt;</desc><extensions><distance>1.27</distance><duration>1489.4</duration><type>11</type><step>20</step></extensions></rtept><rtept lat="47.423864" lon="10.990713"><ele>2606.0</ele><name>Höllentalsteig</name><desc>Head southwest on &lt;b&gt;Höllentalsteig&lt;/b&gt;</desc><extensions><distance>1.27</distance><duration>1489.4</duration><type>11</type><step>20</step></extensions></rtept><rtept lat="47.424165" lon="10.991042"><ele>2561.0</ele><name>Höllentalsteig</name><desc>Head southwest on &lt;b&gt;Höllentalsteig&lt;/b&gt;</desc><extensions><distance>1.27</distance><duration>1489.4</duration><type>11</type><step>20</step></extensions></rtept><rtept lat="47.424249" lon="10.991054"><ele>2530.0</ele><name>Höllentalsteig</name><desc>Head southwest on &lt;b&gt;Höllentalsteig&lt;/b&gt;</desc><extensions><distance>1.27</distance><duration>1489.4</duration><type>11</type><step>20</step></extensions></rtept><rtept lat="47.424246" lon="10.991"><ele>2530.0</ele><name>Höllentalsteig</name><desc>Head southwest on &lt;b&gt;Höllentalsteig&lt;/b&gt;</desc><extensions><distance>1.27</distance><duration>1489.4</duration><type>11</type><step>20</step></extensions></rtept><rtept lat="47.424315" lon="10.991041"><ele>2530.0</ele><name>Höllentalsteig</name><desc>Head southwest on &lt;b&gt;Höllentalsteig&lt;/b&gt;</desc><extensions><distance>1.27</distance><duration>1489.4</duration><type>11</type><step>20</step></extensions></rtept><rtept lat="47.42434" lon="10.991119"><ele>2530.0</ele><name>Höllentalsteig</name><desc>Head southwest on &lt;b&gt;Höllentalsteig&lt;/b&gt;</desc><extensions><distance>1.27</distance><duration>1489.4</duration><type>11</type><step>20</step></extensions></rtept><rtept lat="47.424487" lon="10.991274"><ele>2530.0</ele><name>Höllentalsteig</name><desc>Head southwest on &lt;b&gt;Höllentalsteig&lt;/b&gt;</desc><extensions><distance>1.27</distance><duration>1489.4</duration><type>11</type><step>20</step></extensions></rtept><rtept lat="47.424514" lon="10.991195"><ele>2530.0</ele><name>Höllentalsteig</name><desc>Head southwest on &lt;b&gt;Höllentalsteig&lt;/b&gt;</desc><extensions><distance>1.27</distance><duration>1489.4</duration><type>11</type><step>20</step></extensions></rtept><rtept lat="47.424515" lon="10.991063"><ele>2530.0</ele><name>Höllentalsteig</name><desc>Head southwest on &lt;b&gt;Höllentalsteig&lt;/b&gt;</desc><extensions><distance>1.27</distance><duration>1489.4</duration><type>11</type><step>20</step></extensions></rtept><rtept lat="47.42447" lon="10.990741"><ele>2584.0</ele><name>Höllentalsteig</name><desc>Head southwest on &lt;b&gt;Höllentalsteig&lt;/b&gt;</desc><extensions><distance>1.27</distance><duration>1489.4</duration><type>11</type><step>20</step></extensions></rtept><rtept lat="47.424394" lon="10.990577"><ele>2584.0</ele><name>Höllentalsteig</name><desc>Head southwest on &lt;b&gt;Höllentalsteig&lt;/b&gt;</desc><extensions><distance>1.27</distance><duration>1489.4</duration><type>11</type><step>20</step></extensions></rtept><rtept lat="47.423996" lon="10.990085"><ele>2606.0</ele><name>Höllentalsteig</name><desc>Head southwest on &lt;b&gt;Höllentalsteig&lt;/b&gt;</desc><extensions><distance>1.27</distance><duration>1489.4</duration><type>11</type><step>20</step></extensions></rtept><rtept lat="47.423912" lon="10.989912"><ele>2648.0</ele><name>Höllentalsteig</name><desc>Head southwest on &lt;b&gt;Höllentalsteig&lt;/b&gt;</desc><extensions><distance>1.27</distance><duration>1489.4</duration><type>11</type><step>20</step></extensions></rtept><rtept lat="47.423864" lon="10.98989"><ele>2648.0</ele><name>Höllentalsteig</name><desc>Head southwest on &lt;b&gt;Höllentalsteig&lt;/b&gt;</desc><extensions><distance>1.27</distance><duration>1489.4</duration><type>11</type><step>20</step></extensions></rtept><rtept lat="47.423841" lon="10.989849"><ele>2648.0</ele><name>Höllentalsteig</name><desc>Head southwest on &lt;b&gt;Höllentalsteig&lt;/b&gt;</desc><extensions><distance>1.27</distance><duration>1489.4</duration><type>11</type><step>20</step></extensions></rtept><rtept lat="47.423853" lon="10.989802"><ele>2648.0</ele><name>Höllentalsteig</name><desc>Head southwest on &lt;b&gt;Höllentalsteig&lt;/b&gt;</desc><extensions><distance>1.27</distance><duration>1489.4</duration><type>11</type><step>20</step></extensions></rtept><rtept lat="47.423978" lon="10.989736"><ele>2648.0</ele><name>Höllentalsteig</name><desc>Head southwest on &lt;b&gt;Höllentalsteig&lt;/b&gt;</desc><extensions><distance>1.27</distance><duration>1489.4</duration><type>11</type><step>20</step></extensions></rtept><rtept lat="47.424032" lon="10.989757"><ele>2648.0</ele><name>Höllentalsteig</name><desc>Head southwest on &lt;b&gt;Höllentalsteig&lt;/b&gt;</desc><extensions><distance>1.27</distance><duration>1489.4</duration><type>11</type><step>20</step></extensions></rtept><rtept lat="47.424035" lon="10.989706"><ele>2648.0</ele><name>Höllentalsteig</name><desc>Head southwest on &lt;b&gt;Höllentalsteig&lt;/b&gt;</desc><extensions><distance>1.27</distance><duration>1489.4</duration><type>11</type><step>20</step></extensions></rtept><rtept lat="47.423997" lon="10.989638"><ele>2648.0</ele><name>Höllentalsteig</name><desc>Head southwest on &lt;b&gt;Höllentalsteig&lt;/b&gt;</desc><extensions><distance>1.27</distance><duration>1489.4</duration><type>11</type><step>20</step></extensions></rtept><rtept lat="47.424037" lon="10.989564"><ele>2648.0</ele><name>Höllentalsteig</name><desc>Head southwest on &lt;b&gt;Höllentalsteig&lt;/b&gt;</desc><extensions><distance>1.27</distance><duration>1489.4</duration><type>11</type><step>20</step></extensions></rtept><rtept lat="47.424026" lon="10.989491"><ele>2648.0</ele><name>Höllentalsteig</name><desc>Head southwest on &lt;b&gt;Höllentalsteig&lt;/b&gt;</desc><extensions><distance>1.27</distance><duration>1489.4</duration><type>11</type><step>20</step></extensions></rtept><rtept lat="47.423993" lon="10.989377"><ele>2648.0</ele><name>Höllentalsteig</name><desc>Head southwest on &lt;b&gt;Höllentalsteig&lt;/b&gt;</desc><extensions><distance>1.27</distance><duration>1489.4</duration><type>11</type><step>20</step></extensions></rtept><rtept lat="47.423874" lon="10.989117"><ele>2675.0</ele><name>Höllentalsteig</name><desc>Head southwest on &lt;b&gt;Höllentalsteig&lt;/b&gt;</desc><extensions><distance>1.27</distance><duration>1489.4</duration><type>11</type><step>20</step></extensions></rtept><rtept lat="47.42353" lon="10.988571"><ele>2675.0</ele><name>Höllentalsteig</name><desc>Head southwest on &lt;b&gt;Höllentalsteig&lt;/b&gt;</desc><extensions><distance>1.27</distance><duration>1489.4</duration><type>11</type><step>20</step></extensions></rtept><rtept lat="47.423233" lon="10.988215"><ele>2770.0</ele><name>Höllentalsteig</name><desc>Head southwest on &lt;b&gt;Höllentalsteig&lt;/b&gt;</desc><extensions><distance>1.27</distance><duration>1489.4</duration><type>11</type><step>20</step></extensions></rtept><rtept lat="47.423086" lon="10.988177"><ele>2770.0</ele><name>Höllentalsteig</name><desc>Head southwest on &lt;b&gt;Höllentalsteig&lt;/b&gt;</desc><extensions><distance>1.27</distance><duration>1489.4</duration><type>11</type><step>20</step></extensions></rtept><rtept lat="47.422868" lon="10.988064"><ele>2770.0</ele><name>Höllentalsteig</name><desc>Head southwest on &lt;b&gt;Höllentalsteig&lt;/b&gt;</desc><extensions><distance>1.27</distance><duration>1489.4</duration><type>11</type><step>20</step></extensions></rtept><rtept lat="47.422796" lon="10.987937"><ele>2770.0</ele><name>Höllentalsteig</name><desc>Head southwest on &lt;b&gt;Höllentalsteig&lt;/b&gt;</desc><extensions><distance>1.27</distance><duration>1489.4</duration><type>11</type><step>20</step></extensions></rtept><rtept lat="47.422756" lon="10.987911"><ele>2770.0</ele><name>Höllentalsteig</name><desc>Head southwest on &lt;b&gt;Höllentalsteig&lt;/b&gt;</desc><extensions><distance>1.27</distance><duration>1489.4</duration><type>11</type><step>20</step></extensions></rtept><rtept lat="47.422711" lon="10.987942"><ele>2770.0</ele><name>Höllentalsteig</name><desc>Head southwest on &lt;b&gt;Höllentalsteig&lt;/b&gt;</desc><extensions><distance>1.27</distance><duration>1489.4</duration><type>11</type><step>20</step></extensions></rtept><rtept lat="47.422487" lon="10.987926"><ele>2851.0</ele><name>Höllentalsteig</name><desc>Head southwest on &lt;b&gt;Höllentalsteig&lt;/b&gt;</desc><extensions><distance>1.27</distance><duration>1489.4</duration><type>11</type><step>20</step></extensions></rtept><rtept lat="47.422371" lon="10.987797"><ele>2851.0</ele><name>Höllentalsteig</name><desc>Head southwest on &lt;b&gt;Höllentalsteig&lt;/b&gt;</desc><extensions><distance>1.27</distance><duration>1489.4</duration><type>11</type><step>20</step></extensions></rtept><rtept lat="47.422207" lon="10.987361"><ele>2866.0</ele><name>Höllentalsteig</name><desc>Head southwest on &lt;b&gt;Höllentalsteig&lt;/b&gt;</desc><extensions><distance>1.27</distance><duration>1489.4</duration><type>11</type><step>20</step></extensions></rtept><rtept lat="47.42216" lon="10.987175"><ele>2866.0</ele><name>Höllentalsteig</name><desc>Head southwest on &lt;b&gt;Höllentalsteig&lt;/b&gt;</desc><extensions><distance>1.27</distance><duration>1489.4</duration><type>11</type><step>20</step></extensions></rtept><rtept lat="47.422086" lon="10.987149"><ele>2866.0</ele><name>Höllentalsteig</name><desc>Head southwest on &lt;b&gt;Höllentalsteig&lt;/b&gt;</desc><extensions><distance>1.27</distance><duration>1489.4</duration><type>11</type><step>20</step></extensions></rtept><rtept lat="47.422037" lon="10.98717"><ele>2866.0</ele><name>Höllentalsteig</name><desc>Head southwest on &lt;b&gt;Höllentalsteig&lt;/b&gt;</desc><extensions><distance>1.27</distance><duration>1489.4</duration><type>11</type><step>20</step></extensions></rtept><rtept lat="47.422015" lon="10.987264"><ele>2866.0</ele><name>Höllentalsteig</name><desc>Head southwest on &lt;b&gt;Höllentalsteig&lt;/b&gt;</desc><extensions><distance>1.27</distance><duration>1489.4</duration><type>11</type><step>20</step></extensions></rtept><rtept lat="47.421977" lon="10.987244"><ele>2866.0</ele><name>Höllentalsteig</name><desc>Head southwest on &lt;b&gt;Höllentalsteig&lt;/b&gt;</desc><extensions><distance>1.27</distance><duration>1489.4</duration><type>11</type><step>20</step></extensions></rtept><rtept lat="47.421952" lon="10.987188"><ele>2866.0</ele><name>Höllentalsteig</name><desc>Head southwest on &lt;b&gt;Höllentalsteig&lt;/b&gt;</desc><extensions><distance>1.27</distance><duration>1489.4</duration><type>11</type><step>20</step></extensions></rtept><rtept lat="47.421756" lon="10.98717"><ele>2866.0</ele><name>Höllentalsteig</name><desc>Head southwest on &lt;b&gt;Höllentalsteig&lt;/b&gt;</desc><extensions><distance>1.27</distance><duration>1489.4</duration><type>11</type><step>20</step></extensions></rtept><rtept lat="47.421423" lon="10.987242"><ele>2905.0</ele><name>Höllentalsteig</name><desc>Head southwest on &lt;b&gt;Höllentalsteig&lt;/b&gt;</desc><extensions><distance>1.27</distance><duration>1489.4</duration><type>11</type><step>20</step></extensions></rtept><rtept lat="47.421199" lon="10.987154"><ele>2905.0</ele><name>Höllentalsteig</name><desc>Head southwest on &lt;b&gt;Höllentalsteig&lt;/b&gt;</desc><extensions><distance>1.27</distance><duration>1489.4</duration><type>11</type><step>20</step></extensions></rtept><rtept lat="47.421127" lon="10.987169"><ele>2905.0</ele><name>Höllentalsteig</name><desc>Head southwest on &lt;b&gt;Höllentalsteig&lt;/b&gt;</desc><extensions><distance>1.27</distance><duration>1489.4</duration><type>11</type><step>20</step></extensions></rtept><rtept lat="47.42106" lon="10.987223"><ele>2905.0</ele><name>Höllentalsteig</name><desc>Head southwest on &lt;b&gt;Höllentalsteig&lt;/b&gt;</desc><extensions><distance>1.27</distance><duration>1489.4</duration><type>11</type><step>20</step></extensions></rtept><rtept lat="47.421067" lon="10.987114"><ele>2905.0</ele><name>Höllentalsteig</name><desc>Turn slight right onto &lt;b&gt;Höllentalsteig&lt;/b&gt;</desc><extensions><distance>0.074</distance><duration>133.9</duration><type>5</type><step>21</step></extensions></rtept><rtept lat="47.421119" lon="10.987"><ele>2905.0</ele><name>Höllentalsteig</name><desc>Turn slight right onto &lt;b&gt;Höllentalsteig&lt;/b&gt;</desc><extensions><distance>0.074</distance><duration>133.9</duration><type>5</type><step>21</step></extensions></rtept><rtept lat="47.421129" lon="10.986928"><ele>2905.0</ele><name>Höllentalsteig</name><desc>Turn slight right onto &lt;b&gt;Höllentalsteig&lt;/b&gt;</desc><extensions><distance>0.074</distance><duration>133.9</duration><type>5</type><step>21</step></extensions></rtept><rtept lat="47.4212" lon="10.986735"><ele>2905.0</ele><name>Höllentalsteig</name><desc>Turn slight right onto &lt;b&gt;Höllentalsteig&lt;/b&gt;</desc><extensions><distance>0.074</distance><duration>133.9</duration><type>5</type><step>21</step></extensions></rtept><rtept lat="47.421237" lon="10.986519"><ele>2918.0</ele><name>Höllentalsteig</name><desc>Turn slight right onto &lt;b&gt;Höllentalsteig&lt;/b&gt;</desc><extensions><distance>0.074</distance><duration>133.9</duration><type>5</type><step>21</step></extensions></rtept><rtept lat="47.421322" lon="10.98625"><ele>2918.0</ele><name>Höllentalsteig</name><desc>Turn slight right onto &lt;b&gt;Höllentalsteig&lt;/b&gt;</desc><extensions><distance>0.074</distance><duration>133.9</duration><type>5</type><step>21</step></extensions></rtept><rtept lat="47.421308" lon="10.986217"><ele>2918.0</ele><name></name><desc>Turn left</desc><extensions><distance>0.012</distance><duration>22.3</duration><type>0</type><step>22</step></extensions></rtept><rtept lat="47.421257" lon="10.986285"><ele>2918.0</ele><name></name><desc>Turn left</desc><extensions><distance>0.012</distance><duration>22.3</duration><type>0</type><step>22</step></extensions></rtept><rtept lat="47.421215" lon="10.986297"><ele>2918.0</ele><name></name><desc>Arrive at your destination, on the right</desc><extensions><distance>0.0</distance><duration>0.0</duration><type>10</type><step>23</step></extensions></rtept><rtept lat="47.421215" lon="10.986297"><ele>2918.0</ele><name></name><desc>Head north</desc><extensions><distance>0.012</distance><duration>22.3</duration><type>11</type><step>24</step></extensions></rtept><rtept lat="47.421257" lon="10.986285"><ele>2918.0</ele><name></name><desc>Head north</desc><extensions><distance>0.012</distance><duration>22.3</duration><type>11</type><step>24</step></extensions></rtept><rtept lat="47.421308" lon="10.986217"><ele>2918.0</ele><name></name><desc>Turn left</desc><extensions><distance>0.062</distance><duration>66.1</duration><type>0</type><step>25</step></extensions></rtept><rtept lat="47.421249" lon="10.9861"><ele>2918.0</ele><name></name><desc>Turn left</desc><extensions><distance>0.062</distance><duration>66.1</duration><type>0</type><step>25</step></extensions></rtept><rtept lat="47.421259" lon="10.98598"><ele>2918.0</ele><name></name><desc>Turn left</desc><extensions><distance>0.062</distance><duration>66.1</duration><type>0</type><step>25</step></extensions></rtept><rtept lat="47.421297" lon="10.985943"><ele>2921.73</ele><name></name><desc>Turn left</desc><extensions><distance>0.062</distance><duration>66.1</duration><type>0</type><step>25</step></extensions></rtept><rtept lat="47.421334" lon="10.985788"><ele>2933.0</ele><name></name><desc>Turn left</desc><extensions><distance>0.062</distance><duration>66.1</duration><type>0</type><step>25</step></extensions></rtept><rtept lat="47.421292" lon="10.985694"><ele>2933.0</ele><name></name><desc>Turn left</desc><extensions><distance>0.062</distance><duration>66.1</duration><type>0</type><step>25</step></extensions></rtept><rtept lat="47.421295" lon="10.985619"><ele>2933.0</ele><name></name><desc>Turn left</desc><extensions><distance>0.062</distance><duration>66.1</duration><type>0</type><step>25</step></extensions></rtept><rtept lat="47.421208" lon="10.985591"><ele>2933.0</ele><name></name><desc>Turn right</desc><extensions><distance>0.005</distance><duration>3.9</duration><type>1</type><step>26</step></extensions></rtept><rtept lat="47.421194" lon="10.985521"><ele>2933.0</ele><name></name><desc>Arrive at your destination, straight ahead</desc><extensions><distance>0.0</distance><duration>0.0</duration><type>10</type><step>27</step></extensions></rtept><extensions><distance>10.445</distance><duration>26454.3</duration><ascent>2833.0</ascent><descent>694.5</descent><avgspeed>2.4</avgspeed><bounds maxlat="47.465093" maxlon="11.046005" minlat="47.42106" minlon="10.985521"/></extensions></rte><extensions><attribution>openrouteservice.org, OpenStreetMap contributors, tmc - BASt</attribution><engine>9.6.0</engine><build_date>2025-10-31T15:58:06Z</build_date><graph_date>2025-10-31T16:19:10Z</graph_date><osm_date>2025-10-30T21:21:12Z</osm_date><profile>foot-hiking</profile><preference>recommended</preference><language>en</language><distance-units>km</distance-units><instructions>true</instructions><elevation>true</elevation></extensions></gpx>%