@id,@lat,@lon,name,ele,wikidata,wikipedia
21634385,47.6935146,12.9866190,Berchtesgadener Hochthron,1972,Q317811,de:Berchtesgadener Hochthron
21634651,47.5756849,13.0203822,Jenner,1874,Q315611,de:Jenner (Berg)
26862546,47.6531721,11.4655437,Benediktenwand,1800,Q456783,de:Benediktenwand
26862641,47.6330700,11.6793681,Buchstein,1701,Q31557989,
26863047,47.3973362,11.2223256,Große Arnspitze,2196,Q1548141,de:Große Arnspitze
26863128,47.6125791,11.2806617,Heimgarten,1791,Q315930,de:Heimgarten (Berg)
26863152,47.7331803,12.6966651,Hinterer Rauschberg,1671,,
26863171,47.7505749,12.5157850,Hochgern,1748,Q1515760,de:Hochgern
26863176,47.5693262,12.8658126,Hochkalter,2608,Q883041,
26863307,47.7559873,12.3682524,Kampenwand-Ostgipfel,1664,,
26863335,47.6863663,12.8927162,Karkopf,1739,Q584978,
26863431,47.5068832,11.0472646,Kramerspitz,1985,Q885415,
26863440,47.5443752,11.1914281,Krottenkopf,2086,Q565442,
26864394,47.6988381,12.8267449,Rabensteinhorn Nordgipfel,1318,,
26864452,47.6368812,11.8035474,Risserkogel,1826,Q315932,de:Risserkogel
26864487,47.6502104,11.9344203,Rotwand,1884,Q458097,
26864552,47.6010850,11.8611348,Österreichischer Schinder,1808,Q165212,de:Schinder (Berg)
26864777,47.5857802,11.4677249,Staffel,1532,Q1507853,de:Staffel (Berg)
26865134,47.7034761,12.0120518,Wendelstein,1838,Q819671,de:Wendelstein (Berg)
26865140,47.6811906,12.1382447,Wildbarren,1448,Q2570414,
27236490,48.0692044,11.5768294,Perlacher Mugl,587,Q30602681,de:Perlacher Mugl
27257372,47.7126605,12.2943687,Schachenberg,1076,Q31523854,
27384190,47.4212150,10.9862970,Zugspitze,2962,Q3375,de:Zugspitze
48783387,47.7471510,12.2487348,Hochries,1569,Q1533425,de:Hochries
48783390,47.7260968,12.1843387,Heuberg,1338,Q1616384,de:Heuberg (Chiemgauer Alpen)
48783748,47.7005164,12.1835401,Kranzhorn,1368,Q1439810,de:Kranzhorn
48783878,47.7084725,12.1068813,Großer Riesenkopf,1337,Q1548935,de:Großer Riesenkopf
49898914,47.7344547,12.2310292,Feichteck,1514,Q30274699,
57802156,47.8009644,11.0132328,Hoher Peißenberg,988,Q896781,de:Hoher Peißenberg
60054360,47.6317889,12.9340820,Götschenkopf,,Q30670793,
61080195,47.4513588,11.2286303,Hoher Kranzberg,1391,Q177064,
67233894,47.4815666,11.3571077,Soiernspitze,2253,Q316066,de:Soiernspitze
71530342,47.6134565,11.3084925,Herzogstand,1731,Q315270,de:Herzogstand
96874625,47.6607583,11.6961076,Hirschberg,1670,Q1620367,de:Hirschberg (Kreuth)
97173084,47.6641902,11.5247915,Brauneck,1555,Q180647,de:Brauneck
158712415,48.1698523,11.5516289,Olympiaberg,564,,
173883540,47.5943452,12.9654528,Grünstein,1304,Q1552351,de:Grünstein (Watzmann)
173898902,47.6581505,13.0178961,Kneifelspitze,1189,Q1263150,
191018794,47.6655995,11.7053909,Kratzer,1545,,
253348578,47.7666080,12.1768349,Dandlberg,910,Q31549886,
254887423,47.5400783,12.9931194,Warteck,1741,,
256041673,47.4004814,11.1239474,Leutascher Dreitorspitze,2682,Q585796,de:Dreitorspitze
256041839,47.4300189,11.2988580,Westliche Karwendelspitze,2385,Q316308,de:Westliche Karwendelspitze
256042768,47.4095968,10.9699595,Schneefernerkopf,2874,Q679080,de:Schneefernerkopf
259406948,47.4386941,11.0497130,Osterfelderkopf,2060,Q18560512,
259486622,47.4294968,11.0478118,Alpspitze,2628,Q252743,
260686432,47.6658847,11.7967506,Wallberg,1722,Q321002,de:Wallberg
260686440,47.6401852,11.8027794,Blankenstein,1768,Q316937,de:Plankenstein (Berg)
260692620,47.6512206,11.7846084,Setzberg,1706,Q15059993,
260744946,47.5387254,11.1565250,Niederer Fricken,1682,Q31529524,
260813828,47.6578441,11.9414061,Hochmiesing,1883,Q15056698,
260815496,47.6480977,11.9472618,Ruchenköpfe,1805,Q317794,
260826433,47.6735110,11.9060494,Jägerkamp,1746,Q1714867,de:Jägerkamp
260826436,47.6731724,11.9236950,Aiplspitz,1759,Q316319,de:Aiplspitz
260858296,47.6437639,11.9452834,Auerspitz,1811,Q759286,
260869935,47.6643610,11.9977464,Seebergkopf,1538,Q2264591,
260978152,47.7013233,12.0354302,Wildalpjoch,1720,Q1293138,
260979669,47.7210941,11.9877728,Breitenstein,1622,Q879983,de:Breitenstein (Bayerische Voralpen)
260982269,47.6888917,13.0777636,Kleiner Barmstein,840,,
261020752,47.7235737,11.4884518,Zwiesel,1348,Q14850767,de:Zwiesel (Kocheler Berge)
263534391,47.6636283,11.9209823,Raukopf,1691,Q19721169,
263833045,48.2141800,11.6304476,Fröttmaninger Berg,562,Q634016,
264035398,47.6152680,12.0543473,Trainsjoch,1707,Q15132489,de:Trainsjoch
264037688,47.6465626,12.0376336,Großer Traithen,1852,Q320745,de:Großer Traithen
264037689,47.6548955,12.0358478,Kleiner Traithen,1722,Q31534231,
264055806,47.6796515,11.6190828,Geierstein,1491,Q1498712,de:Geierstein
264055809,47.6611778,11.6598621,Auerkamp,1607,Q367455,de:Kampen (Berg)
264055810,47.6589270,11.6545785,Spitzkamp,1604,Q367455,de:Kampen (Berg)
264056090,47.6661218,11.6660249,Ochsenkamp,1594,Q367455,de:Kampen (Berg)
264056175,47.6521541,11.6431635,Seekarkreuz,1601,Q2265064,de:Seekarkreuz
264778079,47.6274844,11.4063247,Hirschhörnlkopf,1515,Q1620459,de:Hirschhörnlkopf
265789014,48.2937347,11.9166667,Fuchsberg,481,,
266572730,47.7022260,11.8111754,Baumgartenschneid,1448,Q811560,de:Baumgartenschneid
266993268,47.6584811,11.9211109,Taubenstein,1693,Q15060298,de:Taubenstein
267433562,47.6971732,12.3380388,Breitenstein,1661,Q15108006,de:Breitenstein (Chiemgauer Alpen)
267792056,47.6010996,11.2414732,Hirschberg,1660,Q1620373,de:Hirschberg (Ohlstadt)
267792214,47.6145286,11.2439569,Buchrain,1456,Q90926649,de:Buchrain (Ohlstadt)
268765217,47.5142384,11.0120559,Hirschbichel,1935,Q15056679,
268949226,47.5665209,11.2537283,Simetsberg,1840,Q315741,de:Simetsberg (Estergebirge)
268949227,47.5611009,11.2079696,Hohe Kisten,1922,Q316328,
268964586,47.6089880,11.6041684,Hochalm,1427,,
268972719,47.5901574,11.7672996,Blaubergkopf,1787,Q21876511,de:Blaubergkopf
268974059,47.5948094,11.7249900,Schildenstein,1613,Q745196,de:Schildenstein
269134696,47.6565948,11.4990327,Latschenkopf,1712,Q1399069,de:Latschenkopf (Benediktenwand)
269413201,47.7109518,12.2469305,Spitzstein,1598,Q185459,de:Spitzstein
270500553,47.6619857,11.5198072,Schrödelstein,1548,Q31558390,
270581309,47.6089787,11.3082424,Martinskopf,1676,Q31531054,
272246466,47.5064790,11.0339192,Predigtstuhl,1818,,
276909078,47.6616396,12.0349335,Vogelsang,1563,Q31558406,
277653817,47.4971951,10.9864051,Rauhenstein,1728,Q31556252,
277654091,47.5014276,11.0032743,Hoher Ziegspitz,1864,Q880231,
277654098,47.5063280,11.0107416,Vorderer Ziegspitz,1815,,
277654113,47.4948188,10.9822215,Rauheck,1636,Q31804521,
277715389,47.5534409,11.0550673,Notkarspitze,1888,Q880033,
277715525,47.5337684,11.0327994,Großer Zunderkopf,1895,Q31556431,
277715988,47.5382040,11.0530903,Brünstelkreuz,1734,,
277716081,47.5450126,11.0038840,Kieneckspitz,1943,,
277716083,47.5386034,11.0461771,Brünstelskopf,1814,Q31550848,
277716175,47.5505640,11.0097753,Mittageck,1855,,
277716192,47.5408874,10.9987127,Kienjoch,1953,Q1741028,
277716329,47.5302443,11.0290377,Vorderer Felderkopf,1928,Q2533726,
277716447,47.5567233,11.0843703,Ochsensitz,1515,Q31528883,
277716609,47.5303439,11.0068641,Windstierlkopf,1824,,
277716823,47.5390947,11.0001696,Geißsprüngkopf,1934,Q31556464,
277716886,47.5308189,11.0173316,Feldernkopf,1818,,
277722457,47.5217533,10.9595715,Frieder,2053,,
277722495,47.5171414,10.9588323,Friederspitz,2049,Q315901,
277722728,47.5088366,10.9598599,Scharfeck,1926,Q31523614,
277727204,47.5004127,10.9118076,Hoher Brand,1764,Q21877933,
277727364,47.5092999,10.9163331,Schellschlicht,2052,Q2233117,
277727578,47.5054845,10.9093329,Brandjoch,1957,Q31551648,
277729379,47.4972828,10.8877980,Schellkopf,1832,Q31523233,
279480848,48.7620861,11.4183095,Scherbelberg,382,,
280328857,47.5414219,10.9425313,Kuchelbergspitze,2020,,
280329639,47.5349169,10.9254312,Kuchelbergkopf,2026,Q31532992,de:Kuchelbergkopf
280846855,47.5797003,10.8902956,Feigenkopf,1866,Q129849458,de:Feigenkopf
280847754,47.5806072,10.9093563,Große Klammspitz,1924,Q31557102,
281499400,47.7222953,11.6247509,Rechelkopf,1330,Q2135213,de:Rechelkopf
283733455,47.7211575,11.9828363,Breitenstein Westgipfel,1575,Q31551984,
284141671,47.4940798,11.3298011,Schöttelkarspitze,2050,Q139309,de:Schöttelkarspitze
286687475,47.4142547,11.1175579,Frauenalpl,2202,,
286790301,47.4310847,11.0603371,Bernadeinkopf,2144,Q822140,
289759260,47.7041890,11.7923115,Riederstein,1207,Q30335869,de:Riederstein
290506923,47.5873731,10.9863449,Teufelstättkopf,1758,Q2407307,
291994253,47.6915825,12.8837574,Hochschlegel,1688,Q19285644,
292352453,47.6764385,11.8710533,Brecherspitz,1685,Q904144,
292392028,47.7433528,12.0355847,Farrenpoint,1273,Q1397113,de:Farrenpoint
293247920,47.4279802,11.2930554,Nördliche Linderspitze,2372,Q15849891,de:Linderspitzen
294642490,47.6100053,11.7721582,Zwieselberg,1341,Q31513812,
294642494,47.6077942,11.7735290,Weissenbachkopf,1352,,
294649757,47.5884175,11.7496419,Wichtlplatte,1765,,
295068783,47.6370434,11.7160997,Leonhardstein,1452,Q1819346,de:Leonhardstein
296034076,47.5868607,11.0595271,Kofel,1342,Q1641755,de:Kofel
297347875,47.6186277,12.8369017,Edelweißlahnerkopf,1953,Q1283468,
299100625,47.5780147,11.5586588,Jägerbergl,988,,
300692479,47.5846809,11.1156751,Ettaler Manndl,1633,Q1371732,de:Ettaler Manndl
301642754,47.6326069,11.6763040,Roßstein,1698,Q31524990,
301714435,47.9292164,11.0831535,Schatzberg,677,,
303388142,47.5607091,11.5740509,Schürpfeneck,1623,,
304061350,47.8081355,12.8999496,Högl,827,Q1643517,
304238134,47.7549634,12.8487577,Hochstaufen,1771,Q571702,de:Hochstaufen
304317008,47.6473418,12.0971096,Brünnstein,1619,Q882165,de:Brünnstein
304353179,47.5087122,11.1430301,Wank,1780,Q833896,
304477192,47.6402678,11.0620958,Mittleres Hörnle,1496,Q31530484,
304477193,47.6388178,11.0745117,Hinteres Hörnle,1548,Q1651825,
304477194,47.6354907,11.0749801,Stierkopf,1533,Q31558037,
305653551,47.8274704,11.7494514,Taubenberg,896,Q2396498,de:Taubenberg
307562003,47.5584230,12.9237899,Hocheck,2651,Q31354005,
309316120,47.6990563,12.0231674,Lacherspitz,1724,Q31532672,
309985323,47.6426762,11.8724862,Stolzenberg,1609,Q13466177,
310118303,47.6436274,11.0607161,Vorderes Hörnle,1484,,
311136775,48.1074220,11.1040562,Schöneberg,,,
311143265,47.7275858,12.1849961,Wasserwand,1363,,
311986503,47.7446177,12.0626694,Sulzberg,1119,Q2365083,de:Sulzberg (Mangfallgebirge)
313973935,48.1005434,11.0912709,Gollenberg,613,,
315090174,48.1138393,11.0731757,Steingassenberg,,,
323621225,47.6822111,12.6958024,Sonntagshorn,1961,Q454128,de:Sonntagshorn
323842894,47.3963394,11.0397076,Kleiner Wanner,2548,Q21868517,
323882896,47.5866422,13.0699972,Großer Archenkopf,2391,Q21871266,
323896644,47.4175695,10.9723451,Zugspitzeck,2815,Q86980310,de:Zugspitzeck
331312920,48.2045138,11.6453693,Hypoberg,517,Q93217664,de:Hypoberg
332441941,47.6595256,11.7032747,Hirschberg Vorgipfel,1653,Q1620367,de:Hirschberg (Kreuth)
339225056,47.6083200,11.8541997,Rothkogel,1687,Q31804519,
339225140,47.6143204,11.8517879,Pfaffenkopf,1620,Q53889521,
344347709,47.5841989,11.0163060,Sonnenberg,1622,Q86751135,en:Sonnenspitze
344362676,47.6138730,11.0973495,Großer Aufacker,1542,Q759483,
345378250,47.6135471,11.2630079,Rauheck,1590,Q31526834,
348139963,47.4269594,11.1910129,Obere Wettersteinspitze,2297,Q2566053,de:Wettersteinspitzen
357274338,47.7009765,11.7977397,Rohrkopf,1316,,
357496429,47.4446780,11.0484218,Schwarzenkopf,1818,Q31555827,
364134323,47.5543889,12.9220342,Watzmann-Mittelspitze,2713,Q31306014,
373135471,47.8225979,10.9175860,Berlachberg,798,,
373264767,47.8355515,10.9221127,Schwalbenstein,774,,
373373404,47.8303146,10.8976709,Galgenbichl,733,,
378696014,47.5697375,13.0314742,Königsberg,1656,,
378696078,47.5760619,13.0404116,Pfaffenkegel,1837,,
380918178,47.6530243,11.2831276,Hirschberg,940,Q31540503,
380925755,47.6538337,11.2930840,Bromberg,852,,
380936357,47.6471916,11.2724851,Hohentanne,950,,
380969481,47.4377328,11.3212433,Tiefkarspitze,2430,Q21863490,de:Tiefkarspitze
380989890,47.4056113,11.2872676,Brunnsteinspitze,2180,Q2169131,
381013586,47.4306813,11.2205967,Grünkopf,1587,Q31543329,
384846582,47.6310368,11.2849208,Rötelstein,1395,Q15059629,
384913884,47.7530482,11.9644133,Schwarzenberg,1187,Q27342216,
385076928,47.6678064,11.2721486,Jasberg,,,
387467327,47.5127249,12.8849252,Großer Hundstod,2593,Q565025,de:Großer Hundstod
387482195,47.6132271,12.8298043,Schottmalhorn,2045,Q828128,
387790427,47.7650248,10.9441418,Straußberg,820,,
389027775,47.7275967,11.9916826,Eibelkopf,1317,Q31558962,
389080562,47.6024309,11.0237552,Steckenbergkreuz,1228,,
389123765,47.5550260,11.1275343,Kirchbichl,,,
389806116,47.7273048,11.4602762,Enzenauer Kopf,1205,Q31548008,
389806117,47.7224724,11.4674014,Angerlkopf,1249,Q31558935,
389806118,47.7246598,11.4816115,Stallauer Kopf,1322,Q31519722,
389806119,47.7337525,11.4786369,Stallauer Eck,1213,Q15848876,de:Stallauer Eck
399492387,47.6561236,11.6528113,Brandkopf,1569,Q31551561,
401538790,47.5441336,11.0905038,Schafkopf,1380,Q31523659,
401677244,47.6953903,11.6023771,Keilkopf,1125,Q16832392,
401706780,47.7295347,11.6209060,Sulzkopf,1279,Q16857355,de:Sulzkopf
401861393,47.7050076,12.0213573,Soinwand,1756,Q2297964,
402664587,47.8056554,12.7682071,Teisenberg,1333,Q1445024,
402675243,47.7510894,12.4050010,Hochplatte,1586,Q1072432,de:Hochplatte (Chiemgauer Alpen)
402677586,47.7610822,12.4056697,Friedenrath,1432,Q31546708,
402678200,47.7697998,12.4102288,Großstaffen,1297,Q31543545,
402739186,47.7509878,12.5579537,Weissgrabenkopf,1578,Q31284935,
407796645,47.7813088,12.6773788,Zinnkopf,1227,Q205091,
408910541,47.7010424,12.0392719,Kaserwand,1690,Q1734938,
409492956,47.7471418,12.7572855,Falkenstein Südgipfel,1181,,
413585849,47.7110389,11.9876722,Schweinsberg,1514,Q31804517,
413685640,47.6503674,11.4120213,Rabenkopf,1555,Q2124967,de:Rabenkopf (Bayerische Voralpen)
413925035,47.6749593,12.0419523,Waldkopf,1251,,
413925036,47.6657799,12.0435646,Sudelfeldkopf,1424,Q31558474,
414025327,47.5916875,11.1518695,Sillerberg,818,Q31520741,
414025338,47.5816578,11.1598674,Höhenberg,968,Q31539263,
414607685,47.7277050,11.5133539,Heigelkopf,1218,Q869872,de:Heigelkopf
414607694,47.7333461,11.4921002,Blomberg Westgipfel,1248,Q244660,de:Blomberg (Bayerische Voralpen)
415842730,47.5498556,11.4912363,Grammersberg,1476,Q31544937,
415842731,47.5381739,11.4693159,Stuhlbachjoch,1737,,
415842732,47.5369062,11.4715616,Grasköpfl,1753,Q20999869,
416928845,48.8257138,11.0978406,Galgenberg,445,,
416933996,47.8047881,10.8823360,Schlittenberg,735,,
418778317,47.5863533,10.9603882,Hennenkopf,1768,Q31541365,
419636761,47.7310324,12.1808792,Kindlwand,1229,,
419804805,47.6552244,11.6185482,Grasleitenstein,1268,Q30667662,
419804807,47.6539391,11.6297289,Grasleitenkopf,1433,Q31544861,
420154753,47.7397207,12.2401937,Karkopf,1496,Q31536147,
424026576,47.7388285,12.2667650,Klausenberg,1554,Q1745964,
427550768,48.5051242,11.9424926,Salzberg,471,,
429230836,47.7013150,12.0298647,Seewandköpfl,1664,Q31567202,
429230838,47.6971678,12.0250536,Bärenstein,1651,,
429230839,47.6958303,12.0246106,Tagweidkopf,1633,Q116426092,
429259298,47.5238658,11.1485315,Ochsenberg,1694,Q31529062,
429344665,48.5233406,11.9073832,Ameisenberg,485,,
440346596,47.5897362,11.7347352,Predigtstuhl,1562,Q130365161,de:Predigtstuhl (Blauberge)
440940577,47.7190337,11.6744000,Kogelkopf,1324,Q19843401,de:Kogelkopf
440940579,47.7146342,11.6647047,Luckenkopf,1370,Q22692887,de:Luckenkopf
440940585,47.7155768,11.6496965,Gronetseck,1278,Q26271340,de:Gronetseck
440952232,47.6988794,11.7045932,Zwergelberg,1113,,
441306317,47.6750969,11.7083359,Luchseck,1278,Q31531495,
441306326,47.6750132,11.7197258,Kotlahnerkopf,1344,,
441306329,47.6726706,11.7280922,Reitköpfl,1166,,
441306332,47.6829037,11.7330155,Ringspitz,1293,Q26882765,de:Ringspitz
441372958,47.6743680,11.6940066,Windberg,1188,,
441372961,47.6684777,11.6886388,Bettstein,1272,Q115537393,de:Bettstein (Tegernseer Berge)
441388018,47.6556833,11.6700624,Zwieseleck,1461,,
441391243,47.6459467,11.6681975,Schwarzeck,1382,,
442148678,47.5842349,11.6783223,Reitstein,1516,Q2142214,de:Reitstein
442148679,47.5938461,11.6763883,Stacheleck,1458,Q31519809,
442345031,47.6180237,11.6332571,Breitenkopf,1347,Q31551357,
442360582,47.6056914,11.6568589,Bodigberg,1140,Q31551934,
442561694,47.6097832,11.7067279,Klammberg,1247,Q31535014,
442701181,47.5981162,11.6298155,Guggenauer Köpfl,1127,,
442708066,47.5845080,11.5857435,Achselköpfl,855,,
442708067,47.5896411,11.6174957,Achselkopf,1190,Q25393105,
442710824,47.6010855,11.6109935,Brunstlahnerkopf,1321,Q31550815,
442710825,47.6047848,11.6005233,Gerstenrieder Kopf,1421,Q31545414,
442710826,47.6013397,11.5956652,Geißkopf,1352,Q31545762,
443883206,47.6556941,11.8618557,Roßkopf,1579,Q2171355,de:Roßkopf (Mangfallgebirge)
444733019,47.6768732,12.8927240,Törlkopf,1704,Q1643854,
444733020,47.6887078,12.8898972,Schreck,1725,,
444733022,47.6902202,12.9050899,Keilkopf,1602,,
444733023,47.6901827,12.9113270,Mottkopf,1554,,
444733024,47.6928450,12.9144705,Hinterer Rotofen,1460,,
444733025,47.6943153,12.9189747,Mittlerer Rotofen,1396,Q11825933,de:Rotofen
444733026,47.6937076,12.9224324,Vorderer Rotofen,1368,,
444735614,47.7061402,12.3175358,Mühlhornwand,1658,Q31558786,
445077391,47.8815426,10.8734498,Stoßberg,745,,
445077392,47.8481966,10.8421694,Pfarrbühel,826,,
446758934,47.5831408,11.0975734,Schartenkopf,1636,,
448824397,47.6457112,12.0546930,Steilnerjoch,1747,Q31519343,
449238477,47.6597349,11.5015440,Vorderer Kirchstein,1670,Q31516270,
449389006,47.5488775,11.1852668,Oberer Rißkopf,2049,Q21996583,de:Oberer Rißkopf
449491364,47.5404528,11.1757851,Bischof,2033,Q866104,
449560297,47.6311275,12.9233171,Toter Mann,1392,Q1742289,
452941377,47.5858442,11.1021690,Laber,1682,Q1799411,
454601148,47.6150365,11.2995496,Schlehdorfer Kreuz,1640,,
463541003,47.5828116,10.9237842,Brunnenkopf,1719,Q17310616,
465281118,47.8295206,11.9188910,Irschenberg,756,Q31559239,
469612933,47.7597540,12.2695032,Riesenberg,1450,Q31526071,
473011240,47.7232228,12.3431991,Weitlahnerkopf,1615,Q31558947,
473507869,47.7715997,11.9763754,Hocheck,903,Q31559271,
473665202,47.7454644,12.5598032,Gröhrkopf,1562,Q31354483,
473769249,47.8477559,10.8131089,Fahrenberg,830,,
474459694,48.0805964,11.0099398,Kreuzberg,655,,
475537031,47.5480306,12.9169564,Watzmann-Südspitze,2712,Q31354390,
476276692,47.6476700,13.0861900,Zinkenkopf,1336,Q204741,
476459617,47.5295856,12.9164520,Hirschwiese,2114,Q31354018,
477445303,47.7985814,10.9162070,Kalvarienberg,820,,
477445305,47.8045068,10.9154551,Schloßberg,816,,
480468115,47.7938499,10.9812265,Winterleiten,800,,
481694453,47.4952577,12.9578072,Feldkogel,1872,Q31354353,
481694454,47.4898784,12.9672187,Stuhljoch,2446,Q31302513,de:Funtenseetauern#Stuhljoch
482340807,47.4871935,11.3093904,Lausberg,1855,,
482340809,47.4918153,11.3176634,Seinskopf,1961,Q31521058,
482340921,47.4894420,11.3110956,Signalkopf,1895,,
482895417,47.8269621,10.9430155,Roter Berg,794,,
483466569,47.8466934,10.9685433,Hoher Bühel,745,,
483593893,47.8286707,11.0370591,Merauthberg,745,,
493469304,47.5295245,11.5192539,Kotzen,1771,Q873382,
496454912,47.4448563,11.4214330,Östliche Karwendelspitze,2537,Q306927,de:Östliche Karwendelspitze
504593577,47.4979250,12.9203181,Großer Hirsch,1993,,
504792548,47.4974871,12.9466795,Glunkerer,1930,Q31354154,
504796020,47.5106761,12.9115931,Großer Schneiber,2330,Q18289350,
506889874,47.4829148,12.9965197,Hocheck,2230,,
506889891,47.4969696,13.0377259,Wildpalfen,2236,,
506992377,47.6691727,12.9765125,Großer Rauher Kopf,1604,Q15117019,
506997961,47.5942492,13.0160668,Hinterer Brandkopf,1156,,
506997962,47.5985790,13.0129459,Vorderer Brandkopf,1068,,
507017743,47.5394086,13.0102716,Gotzentauern,1858,Q30670071,
507017748,47.5488385,13.0309162,Fagstein,2164,Q21032716,
507017751,47.5569375,13.0329717,Rothspielscheibe,1940,,
507017753,47.5604888,13.0266032,Farrenleiten,1716,,
507037980,47.5345871,13.0237221,Lafeldkopf,2074,,
507070467,47.5117799,12.9449418,Simetsberg,1883,Q31317415,
507083764,47.5163295,12.9109261,Gjaidkopf,2268,Q30683386,
507083769,47.5200228,12.9069035,Graskopf,2094,Q31354141,
507094246,47.5596884,12.8549340,Steintalhörnl,2468,,
507094248,47.5513535,12.8528061,Hinterbergkopf,2247,,
507105613,47.5822000,12.8746816,Schärtenspitze,2153,,de:Hochkalter#Schärtenspitze
507105618,47.5588894,12.9424556,Kleiner Watzmann,2307,Q31339405,
507108005,47.5605048,12.9561134,Mooslahnerkopf,1815,Q31304888,
507110962,47.5887352,12.9562504,Schapbachriedel,1329,Q31804518,
507116898,47.5436716,12.9036638,Griesspitze,2257,Q31354130,
507448708,47.5308097,12.9341041,Hachelkopf,2066,,
507594558,47.4764177,13.0185196,Laubwand,2312,Q1680817,de:Laubwand
507594612,47.4920424,13.0177829,Lehlingkopf,1767,,
508474971,47.4462043,11.0232944,Großer Waxenstein,2276,Q256209,
508474978,47.4466790,11.0301167,Kleiner Waxenstein,2136,,
508474984,47.4439368,11.0174743,Hinterer Waxenstein,2268,,
508489594,47.4388036,11.0057910,Nördliche Riffelspitze,2242,Q31555745,
508489606,47.4372180,11.0037847,Südliche Riffelspitze,2262,,
508489623,47.4282738,10.9924798,Große Riffelwandspitze,2625,Q31555666,
508489627,47.4293162,10.9967230,Kleine Riffelwandspitze,2543,Q31555682,
508489631,47.4350764,10.9983071,Riffeltorkopf,2230,Q2152634,de:Riffeltorkopf
508503689,47.4206907,11.0198273,Mittlere Höllentalspitze,2740,,
508503691,47.4184937,11.0105717,Innere Höllentalspitze,2741,Q265375,
508503692,47.4108271,11.0167920,Brunntalkopf,2260,Q31550882,
508503693,47.4209398,11.0278930,Äußere Höllentalspitze,2715,,
508503694,47.4217228,11.0346960,Vollkarspitze,2630,Q885103,
508509265,47.4219531,11.0545854,Blassenspitze,2420,,
508530564,47.3964573,10.9926825,Östliche Plattspitze,2680,Q830583,de:Plattspitzen
509292145,47.4885095,12.9749907,Hochscheibe,2460,Q31354346,
509292149,47.4933161,12.9752088,Ebenhorn,2371,Q30791818,
509338375,47.5344548,13.0002995,Wassererbergl,,,
510121135,47.5988564,12.7917253,Wagendrischelhorn,2251,Q829328,
510121157,47.6023921,12.7970507,Unterer Plattelkopf,2106,Q21864853,
510121159,47.6054624,12.8028361,Oberer Plattelkopf,2098,Q93701942,
510121160,47.6102587,12.8074181,Reiter Steinberg,2060,,
510121162,47.6120942,12.8245353,Hohes Gerstfeld,2031,,
510122408,47.4716921,13.0037510,Rosentalhörnl,2110,Q31353035,
510122409,47.4832578,13.0117079,Neuhütter,,,
510815115,47.7153576,12.0189667,Haidwand,1584,,
515678322,47.4744617,11.3647559,Hirzeneck,1803,,
515678324,47.4831655,11.3362025,Feldernkopf,2071,Q31547165,
519462878,47.7090270,12.8882982,Dötzenkopf,1001,Q1271535,
519688895,47.5313452,11.1531653,Hoher Fricken,1940,Q315767,
521724724,47.7329541,12.6839381,Rauschberg,1645,Q2133484,de:Rauschberg
522603012,47.5646376,10.8763871,Hasentalkopf,1797,Q31556742,
522603014,47.5851125,10.9440361,Dreisäuler Kopf,1629,Q31549130,
522603016,47.5867478,10.9793405,Laubeneck,1758,Q31557266,
522603018,47.5857524,10.9848614,Latschenkopf,1740,Q31557250,
527256605,47.4317079,11.2989286,Südlicher Karwendelkopf,,,
527256607,47.4327649,11.2993778,Mittlerer Karwendelkopf,,,
527256609,47.4360859,11.2969227,Nördlicher Karwendelkopf,,,
527273299,47.4307842,11.3035822,Westliches Kirchl,2241,Q111286543,de:Kirchl (Karwendel)
527273302,47.4369645,11.3011712,Kreuzwand,2130,Q31555715,
527273304,47.4379450,11.2936810,Viererspitze,2054,Q15061381,
527273309,47.4302026,11.3075093,Mittleres Kirchl,2211,Q111286543,de:Kirchl (Karwendel)
527273311,47.4303184,11.3097695,Östliches Kirchl,2225,,
527343335,47.4304267,11.3113814,Westliche Larchetfleckspitze,2303,,
527343336,47.4307958,11.3134407,Östliche Larchetfleckspitze,2362,,
527352547,47.4585741,11.3322270,Steinkarkopf,1981,Q31514418,
527352554,47.4611140,11.3161783,Zunderweidkopf,1810,,
527354044,47.4546686,11.3494004,Kampenleitenspitze,1921,,
527354047,47.4619274,11.3508542,Kammleitenkopf,1704,,
527360269,47.4468728,11.3903390,Bäralplkopf,2323,Q21927860,
527360285,47.4538379,11.4110925,Westliche Steinkarspitze,,Q21873241,de:Steinkarspitze (Karwendel)
527360288,47.4546499,11.4131303,Östliche Steinkarspitze,2015,Q21873241,de:Steinkarspitze (Karwendel)
527873884,47.5020423,11.3351982,Schöttelkopf,1907,Q31521836,
527873898,47.5102300,11.3402585,Ochsenstaffel,1871,Q31528867,
529449076,47.7352959,10.7357434,Auerberg,1055,Q759244,
550349351,47.7312260,12.8072904,Kienberg,,Q31804531,
559721286,47.7147100,12.8563700,Bürgermeisterhöhe,770,,
564770358,47.7293144,12.6401193,Unternberg,1450,Q2498131,de:Unternberg (Berg)
566205392,47.5465114,11.2285764,Wallgauer Eck,1769,Q31515905,
566688056,47.7112937,12.0752602,Mutterköpfel,,,
568503689,47.7466410,12.7420541,Inzeller Kienbergl (Kreuzspitz),1135,,
582519959,47.5339474,11.2916170,Fahrenberg,1074,Q31547668,
592647156,47.6507526,11.6924223,Silbereck,1305,,
595382690,47.6367471,11.7647514,Riedlerspitz,1429,Q54802002,de:Riedlerspitz
598949717,47.7340398,11.2746720,Steinberg,687,,
598949757,47.7501096,11.2794261,Emmenzberg,664,,
599050802,47.7285518,11.2416020,Kreimetswiesbichel,695,,
599301604,47.7571965,11.2262079,Riedberg,687,,
599622438,47.7403910,11.1523889,Antlüßbichel,678,,
599622544,47.7547575,11.1452008,Rieder Berg,659,,
600495150,47.7469613,10.9283990,Eschenbühl,905,,
606320617,47.7110102,12.1301792,Großer Madron,942,,
613837530,47.5100478,11.5412694,Östliches Torjoch,1818,Q21873242,
616682074,47.5145210,11.5623689,Lerchkogel,1688,Q15057413,de:Lerchkogel
617310151,47.7616666,12.1564587,Steinberg,729,,
618771886,47.6620830,11.4819040,Hennenkopf,1613,,
618771984,47.6619839,11.4845246,Probstenwand,1589,,
619240391,47.7150662,10.9398997,Mühlegg,926,,
620509447,47.8565795,11.5255847,Peretshofer Höhe,729,,
635151695,47.6624885,10.9068824,Schneidberg,1012,,
635281331,47.6846376,10.8871256,Haareck,858,,
635281335,47.6639591,10.9328543,Großbicheleck,981,,
636024131,47.6837122,10.9413805,Eckberg,965,,
642098609,47.6524635,10.9461103,Haldemooseck,1007,,
643653878,47.6284004,10.9391925,Dürreckkopf,1425,,
643653886,47.6357108,10.9340480,Kleinwildfeuerberg,1501,,
643653890,47.6340703,10.9389211,Hochwildfeuerberg,1545,,
643653893,47.6271819,10.9778395,Hinterschergen,1307,Q31540600,
643653896,47.6307827,10.9920024,Hochschergen,1396,Q31539804,
645012454,47.7916858,11.2151133,Hirtenberg,659,,
648572859,47.6068803,11.2423635,Ölrain,1542,Q297281,de:Ölrain
649103397,47.6321414,11.1526305,Langer Köchel,710,Q31532373,
649103412,47.6259681,11.1632671,Steinköchel,717,Q29015416,
649103422,47.6349983,11.1713871,Weghausköchel,684,,
649103424,47.6368385,11.1552200,Wiesmahdköchel,667,Q31514980,
649103426,47.6384824,11.1691295,Schmatzerköchel,657,,
651958799,47.5717425,11.2134831,Zwölferköpfl,1656,Q22030340,
662362296,48.2419822,11.4284392,Schuttberg,,,
664510186,47.5450497,12.8327097,Kammerlinghorn,2483,Q21868263,de:Hochkalter#Kammerlinghorn
666304999,48.1724218,11.5708975,Luitpoldhügel,539,Q1146187,de:Luitpoldhügel
667441727,48.2498383,11.6090270,Rodelhügel Hochbrück,490,,
672931871,47.6023232,11.2145558,Osterfeuerköpfl,1336,,
700907767,47.7256963,12.1776010,Kundl,1115,,
701066939,47.7025666,12.1036770,Rehleitenkopf,1338,Q31526565,de:Rehleitenkopf
701093144,47.7070849,12.1006210,Hirschnagel,1241,,
701385037,47.7102985,12.1148096,Maiwand,1135,Q1885965,de:Maiwand (Berg)
702235976,47.6092411,11.0960957,Gschwandkopf,1476,Q31557671,
702260979,47.6242235,11.0399631,Kappelbichl,905,,
702260990,47.6191664,11.0539958,Grünbichl,1026,,
702260992,47.5855618,11.0889216,Schaffelberg,1434,Q31523711,
702260995,47.5837750,11.1111663,Manndlköpfe,1605,Q31557167,
702260997,47.5778643,11.1185921,Großer Laber,1466,Q31543959,
702261000,47.6135651,11.1059485,Kleiner Aufacker,1533,Q31534788,
702261001,47.6152822,11.0771822,Kircheck,1243,,
702261002,47.6221489,11.0841863,Rehbreinkopf,1422,Q31557920,
702262361,47.6429629,11.0801749,Rißberg,1425,Q31525673,
702262362,47.6381610,11.0954684,Geißeck,1086,,
702271044,47.6072985,11.1249494,Schwaiger Berg,1365,Q31521676,
702874218,47.5831644,11.0400446,Brunnberg,1529,Q31551020,
702874221,47.5841636,11.0488157,Hinterer Rappenkopf,1404,Q31540684,
702874232,47.5827864,11.0548208,Vorderer Rappenkopf,1408,Q31516218,
702918160,47.5963992,11.0271651,Steckenberg,1385,Q31519478,
703354390,47.5716100,11.1173541,Mühlberg,1305,Q31530111,
703831943,47.5288121,11.0901506,Grubenkopf,,Q31543448,
703831947,47.5519791,11.1135889,Rabenkopf,1107,Q31527436,
703834455,47.5752543,11.1292092,Kleiner Laber,1205,Q31534471,
703834463,47.5974526,11.1354470,Rauheck,975,Q31526851,
704541084,47.5466736,11.1059440,Heuberg,999,,
705155390,47.6658503,11.5427384,Waxenstein,1310,Q31558507,
705251677,47.6142399,11.2109797,Heuberg,825,,
705251750,47.5717598,11.2053015,Kreuzturm,1349,Q31556891,
705251831,47.5665333,11.1818637,Teufelskapelle,1069,Q31517610,
705251847,47.5989479,11.2005976,Heldenkreuz,963,,
705251885,47.6112658,11.2081834,Zeilkopf,841,,
705251902,47.5668469,11.2138660,Hinterer Kopf,1501,Q31556842,
705835821,47.8099528,12.3592669,Hitzelsberg,600,,
714142219,47.5109035,11.1834748,Rotenkopf,1685,Q31524906,
714142222,47.5462748,11.2155856,Klaffen,1829,Q1744202,
714142225,47.4963746,11.1824603,Unterreidla,1099,,
714142228,47.4952206,11.1531289,Steinbichel,,,
714142232,47.5094645,11.2221773,Rindberg,1316,Q31525892,
714142241,47.5164536,11.1832719,Zunderkopf,1611,Q31513912,
714142244,47.5037813,11.1555208,Roßwank,1688,,
714142246,47.5040282,11.2162874,Bletschertalkopf,1369,Q31552130,
714142248,47.5306597,11.2059480,Unterrauheck,1533,Q31556415,
714142253,47.5149120,11.1941269,Mitterkopf,1529,Q31530516,
715720509,47.5577189,11.1944546,Archtalkopf,1927,Q31553448,
715720542,47.5023054,11.1249404,Schafkopf,1164,Q31523694,
715720549,47.5546469,11.1914625,Schindlerskopf,1940,Q21996585,de:Schindlerskopf
715720555,47.5116720,11.1450990,Ameisberg,1741,,
715725562,47.4974770,11.0089747,Zunderköpfel,1656,,
715725572,47.5183284,11.0079817,Krottenköpfel,1780,Q31533075,
715725575,47.4926017,11.0022845,Jakelberger Köpfel,1385,,
715785901,47.5527153,11.0029376,Dreierköpfel,1748,Q31549231,
715835441,47.5132455,11.0616602,Katzenkopf,1817,,
715851486,47.5103815,11.0544129,Mittergern,1834,,
722036535,48.2910998,12.5780279,Hampersberg,471,,
725055111,47.7186747,12.0369322,Lechnerkopf,1547,Q31558918,de:Lechnerkopf
731807184,47.6081028,11.4626765,Brunnenberg,1102,Q31551002,
736758343,47.7118549,12.1251184,Petersberg,842,Q2079549,de:Kleiner Madron
747347485,47.7858562,12.6183863,Rabenstein (westl.),924,,
748804706,47.6393841,11.3760576,Sonnenspitz,1269,Q109019807,de:Sonnenspitz (Kochel)
751812974,47.7419348,12.5604918,Haaralmschneid,1594,Q31354459,
759792010,47.6903410,12.0976040,Heuberg,888,Q31541102,
759792018,47.6897559,12.1219738,Mitterberg,1224,,
765097941,47.7239382,12.0435958,Rampoldplatte,1422,Q980656,
767907047,47.7062158,12.5840238,Hörndl,,,
773235643,47.4720169,10.9784272,Zirmerskopf,1108,Q31514013,
773310205,47.6444288,11.0548916,Zeitberg,1404.0,,
773900398,47.4496343,11.0341019,Manndl,1889,Q31555907,
773900419,47.4492827,11.0105179,Bärenheimatkopf,1617,,
773900448,47.4421375,11.0116460,Schönangerspitze,2264,Q31522130,
774990761,47.7064977,12.0305994,Gschwandtpfeiler,1480,,
776376623,47.6521132,11.4132331,Schwarzeck,1527,Q31558230,
778602686,47.6755356,12.1156565,Höhlenstein,1084,,
793933283,47.7358916,12.7122774,Streicher,1594,Q31518293,
797461020,47.4777630,11.0770331,Katzenstein,852,,
797461041,47.4731003,11.0887290,Rießerkopf,1127,Q31556085,
797461064,47.4534623,11.0622381,Rauhkopf,1621,,
797515927,47.4800387,11.1065441,Kochelberg,863,Q31336214,
797532005,47.4782435,11.1319009,Schönau,906,,
797643804,47.6745316,11.8339866,Rinnerspitz,1611,Q2154222,de:Rinnerspitz
802966781,48.1674804,11.2488415,Engelsberg,560,,
819329650,47.6516661,12.0813990,Brünnsteinschanze,1545,Q120444189,
819329655,47.6485792,12.0828547,Rotwandlspitz,1588,Q116950392,de:Rotwandlspitz
821616667,47.7729524,12.2729030,Schwarzenberg,1136,Q31521556,
880892898,47.7062685,12.5839435,Hörndlwand,1684,Q977119,de:Hörndlwand
885182782,47.6482196,12.1489342,Gletscherblick,824,,
885262311,47.6419783,12.1358034,Schwarzenberg,1222,Q31521574,
889074205,47.7196296,12.0615210,Zugberg,1113,Q31513961,
889074206,47.6964773,12.0464154,Jackelberg,1412,Q96739249,de:Jackelberg (Berg)
892394098,48.0076717,12.3579237,Scheitzenberg,655,,
907919717,47.7003483,12.1357401,Falkenberg,877,Q31547557,
911835841,47.6240110,11.2637843,Großer Illing,1313,Q31544070,
919730944,47.6969604,12.6493523,Saurüsselkopf,1270,Q31523888,
926396862,47.7523055,12.7845789,Gruberhörndl,1493,Q31543415,
928061460,47.6711962,11.8499007,Krettenburg,1494,,
935524539,47.7344286,12.0419710,Mitterberg,1214,Q31530580,
942283724,47.7532079,12.8636617,Steinerne Jäger,,,
942667605,47.7223741,11.6007828,Schürfenkopf,1096,Q31521735,de:Schürfenkopf
942820096,47.6508041,11.4975146,Beigenstein,1518,,
944092774,47.4126395,11.1301239,Westliche Törlspitze,2427,,
965990748,47.7609552,12.5814756,Strohnkopf,1462,,
999966226,47.8193171,11.1962236,Ilkahöhe,650,,
1011372360,47.7330311,12.0652001,Schrofen,1025,Q31521765,
1023521644,47.7331908,11.7540862,Buchberg,995.5,,
1055345002,47.7144664,13.0031728,Großer Heubergkopf,1820,,
1055352004,47.5720037,12.8694054,Blaueisspitze,2481,Q31354412,
1055352011,47.5857340,12.8776064,Steinberg,2065,,
1055547059,47.5727411,12.8624286,Kleinkalter,2513,,
1055547069,47.5461712,12.8478690,Wimbachschneidspitze,2368,,
1055547071,47.5625765,12.8614196,Ofentalhörnl,2513,Q31296619,
1055547072,47.5795693,12.8906619,Stanglahnerkopf,1791,Q31311641,
1055547086,47.5841081,12.8613061,Schärtenwandkopf,2065,,
1055547112,47.5642609,12.8677725,Schönwandeck,2450,,
1055547114,47.5786336,12.8621648,Rotpalfen,2367,Q1117892,
1055583497,47.5546387,12.8316752,Hocheishörndl,2252,Q31353994,
1055583501,47.5583201,12.8357131,Eislhörndl,2095,,
1055583505,47.5588020,12.8284226,Vorderberghörndl,2083,,
1055583506,47.5515606,12.8222080,Kleineishörnl,1934,Q31345629,
1055583508,47.5509169,12.8391498,Hinterberghorn,2493,,
1055599840,47.5323307,12.8706562,Kleines Palfenhorn,2073,Q19964160,de:Kleines Palfenhorn
1059463596,47.5537381,12.9378171,1. Watzmannkind,2247,,
1059463616,47.5519243,12.9339669,3. Watzmannkind,2209,,
1059463627,47.5527479,12.9328971,4. Watzmannkind,2270,,
1059463633,47.5526978,12.9309994,5. Watzmannkind,2225,,
1059532539,47.5726077,12.9237627,Watzmanngugel,1800,,
1059571687,47.5969466,13.0390290,Dürreckberg,1785,,
1059571690,47.5570403,13.0482980,Reinersberg,2171,Q31359087,
1059571696,47.5912276,13.0326456,Brettgabel,1805,Q910965,
1060100549,47.5146630,13.0275981,Hochsäul,2073,Q31353952,
1060100551,47.5502715,13.0446421,Windschartenkopf,2211,Q93958735,
1060286350,47.4812326,13.0243806,Schloßkopf,2139,Q21873251,
1068064622,47.5106633,12.9744106,Halsköpfl,1718,Q22692189,de:Halsköpfl
1072560890,48.0589092,11.2552376,Klausbühl,612,,
1072579874,48.0217126,11.2376396,Höhenberg,673,,
1072579898,48.0299482,11.2386765,Osterberg,,Q31295343,
1072619069,48.0242626,11.3877355,Sonnenberg,661,,
1072619075,48.0348097,11.3606344,Karlsberg,633,,
1077245442,48.1196666,11.2718428,Klingelberg,,,
1082083963,47.6224664,11.4481812,Kienstein,1101,,
1085532056,47.4260867,11.2775224,Lindenkopf,1795,,
1106331440,47.7105850,11.2738386,Höhenberg,735,Q30712968,
1106331759,47.7160725,11.2770198,Baumberg,807,,
1106331899,47.7158247,11.2634319,Hohe Lüß,798,Q30713268,
1106331978,47.7090173,11.2864708,Steinköpfel,772,,
1106341727,47.7082450,11.2557425,Hemmesberg,738,,
1106670761,47.7660414,10.9687771,Schnalz,901,,
1106844947,47.7357315,11.2737010,Lagerbichel,684,,
1109367911,47.6382386,11.8233209,Lahnerkopf,1621,Q25393385,
1116082637,48.0320399,11.3996428,Wadelsberg,626.5,,
1116114885,48.0796833,11.3989572,Buchbichl,556,,
1119918335,47.8736946,11.3735582,Fürst Tegernberg,718,,
1123271177,47.8785655,11.5475893,Binsberg,753,,
1123506584,47.8336345,11.5710169,Spöttberg,738,,
1123508867,47.8179277,11.5906059,Streitberg,752,,
1125513188,48.0259690,11.3442836,Höllberg,650,Q31538325,
1125622034,48.0277987,11.3577177,Schönberg,661,Q31522077,
1129365627,47.6717531,11.8381005,Bodenschneid,1669,Q889652,de:Bodenschneid
1141059170,47.7537784,12.8761479,Fuderheustein,1321,,
1142708301,47.7535170,12.8709902,Fuderheuberg,1350,Q879480,de:Fuderheuberg
1143774785,47.8899676,11.6375893,Jasberg,750,,
1144239484,47.7836047,11.7294061,Höllersberg,795,Q31538240,
1151736070,47.7687496,11.3298457,Brandlerbichel,635,,
1161136429,47.5445909,11.1992896,Krottenkopf Ostgipfel,2008,,
1161728265,47.4664668,11.1339759,Eckbauer,1237,Q31556020,de:Eckbauer_(Berg)
1161731438,47.4750420,11.1254269,Eselberg,1055,Q31547857,
1161784023,47.5116785,11.1748331,Vorderer Riedberg,1662,,
1168065123,47.4851346,10.9580196,Ofenberg,1174,Q31528808,
1174846407,47.4243322,11.0853177,Hoher Gaifkopf,1864,Q31555563,
1180862245,47.6884103,11.6244144,Schwarzbergel,1307,Q116983817,de:Schwarzbergel
1186370978,47.6144059,12.9650451,Losbichl,648,,
1189401454,47.8510332,11.0790535,Hahnenbühel,607,,
1189512066,47.7910452,11.2271107,Pollinger Bichel,686,,
1189565381,47.7943397,11.2521936,Leitenbichel,707,Q23786265,
1189565522,47.8040387,11.2677125,Hohenberg,703,,
1189815326,47.7683915,11.2831879,Angerberg,657,,
1200491072,48.1328453,11.3275765,Parsberg,569,Q2054143,
1200501391,47.7478702,11.7178535,Kaltenbrunner Eck,842,,
1210263522,48.9049407,11.4409002,Oelbuckel,528.5,,
1210263535,48.9138826,11.5039298,Fuchsberg,500.3,,
1210263627,48.9118409,11.5340750,Teufelskopf,508.6,,
1210263693,48.9109605,11.5160688,Buchhügel,525.8,,
1210263775,48.9337591,11.4850467,Hennenberg,513.9,,
1210263936,48.8927079,11.4812032,Steinbuckel,508,,
1210263966,48.9025974,11.5582813,Öchselberg,505.2,Q31297262,
1210264154,48.9009225,11.4785082,Buchkopf,515.5,,
1211232769,48.0366380,11.3701728,Mühlthaler Leite,,,
1211232804,48.0382955,11.3865128,Schafsberg,631,,
1211232824,48.0431843,11.3693284,Schlossberg,600,,
1221396030,48.8924732,11.3829112,Muckenberg,482,,
1223715722,47.7445866,11.7131921,Hainzenhöhe,833,,
1228412526,48.0520020,10.8044601,Oberer Riedberg,686,Q2009480,
1240143012,47.5544917,11.5243957,Roßkopf,1130,Q31525041,
1254353151,47.6856783,11.5025335,Klausenkopf,1151,Q31558670,
1254353253,47.6516132,11.5430831,Eselauberg,1041,Q31547876,
1254353276,47.6577022,11.5436918,Blaikenberg,1133,,
1254353310,47.6805905,11.5005893,Kesselkopf,1248,Q31535453,
1254353383,47.6677739,11.5120350,Längentalkopf,1326,,
1254353419,47.6606163,11.5086377,Stangeneck,1646,Q31558358,
1254353477,47.6690451,11.5445739,Demelspitze,1158,Q31558539,
1254353521,47.6699700,11.5308184,Kogel,1340,Q96000709,de:Kogel (Kocheler Berge)
1254353583,47.6754600,11.5341110,Kogelberg,1241,,
1254353608,47.6544438,11.5180908,Katzenkopf,1350,Q107710642,de:Katzenkopf (Benediktenwand)
1254353626,47.6665999,11.5484419,Brunnstein,1099,Q102442083,
1256843867,47.6845031,11.4896257,Waxenstein,1162,,
1256843870,47.6841375,11.4798829,Sattelkopf,1202,Q31558655,
1256843889,47.6791118,11.4877094,Moosenbergkopf,1244,Q31530340,
1256843905,47.6932798,11.4821520,Görglköpfl,1068,Q31558734,
1256843909,47.6706383,11.4690619,Gurneck,1198,,
1256843918,47.6932480,11.4667189,Buchenauer Kopf,1225,Q31550623,
1256843924,47.6756758,11.4573057,Brandenberg,1031,Q31558622,
1256843929,47.6873696,11.4814285,Vogelkopf,1210,Q31516407,
1256843938,47.7008493,11.4956366,Hochtannenkopf,1184,Q31539718,
1256843945,47.6666383,11.4839215,Ahornkopf,1422,,
1261026316,47.6656433,11.5110664,Kirchel,1473,Q91133656,de:Kirchel
1263958487,48.7727380,11.3713074,Dachsberg,385,,
1267538601,48.0822237,11.2418886,Höhenberg,638,,
1268492645,47.7005103,11.9880991,Spitzingscheibe,1270,Q93118382,
1268539491,47.7349931,11.9681440,Durhamer Berg,1029,Q31549046,
1269794491,47.6737426,11.5905144,Weinberg,800,,
1270615398,47.6613389,11.6039857,Herrnköpfl,807,,
1271398990,47.7201850,11.6167245,Rechelköpfel,1182,,
1271399144,47.7273579,11.6080162,Schwarzköpfel,1140,Q92192050,de:Schwarzköpfel
1272376668,48.0391740,11.1435871,Jaudesberg,617,,
1272500634,47.7214992,11.6369916,Mitterberg,1280,Q31530597,
1272834691,47.7313486,11.6570780,Gefällberg,1070,Q31545349,de:Gefällberg
1272834694,47.7490516,11.6502786,Platten,879,Q236127,de:Platten
1274835788,47.6966791,11.6217197,Schweinberg,1278,Q16856787,de:Schweinberg (Lenggries)
1276074774,47.6843889,11.6522131,Fockenstein,1564,Q880217,de:Fockenstein
1277957419,47.6420758,12.1022154,Großer Brünnberg,1328,Q31544382,
1279333647,47.6850641,11.6268520,Schwarzwand,1364,Q21865673,de:Schwarzwand
1279756154,47.6138500,11.6100560,Rosskopf,1403,,
1279756168,47.6289608,11.6941638,Friedbergkopf,1406,,
1279756210,47.6413769,11.6109811,Schmickerstein,861,,
1279771681,47.6140934,11.6595201,Hubertus,1015,,
1279771713,47.5947188,11.5795593,Brandkopf,1258,Q25393050,
1279771735,47.6225673,11.6511951,Saurüsselkopf,1364,Q30539486,de:Saurüsselkopf (Tegernseer Berge)
1279783246,47.5781998,11.5220436,Schindelberg,1145,Q31557086,
1279783247,47.5906737,11.5182822,Brünstkopf,1048,Q31557417,
1279783249,47.5829838,11.5304582,Adamskopf,1083,,
1279783253,47.5843450,11.6609460,Reitberg,1455,Q21865093,
1279783257,47.5833750,11.5445187,Hennenköpfl,965,,
1279783260,47.5799030,11.5321130,Falkenberg,1074,Q31547573,
1279802968,47.5895519,11.4889998,Reineck,1192,Q31526486,
1279802974,47.5830443,11.5029581,Falkenwand,1228,Q31547435,de:Falkenwand
1279802975,47.6135300,11.4786087,Hochenkopf,1100,Q31540051,
1279802976,47.5751482,11.5008031,Schwarzberg,1172,Q31556973,
1279802977,47.6334615,11.4907304,Hahnberg,1321,Q31542838,
1279802978,47.5714620,11.4580742,Spitzberg,1366,Q31520046,
1279802994,47.5793091,11.4740528,Hirschhörnl,1367,,
1279803001,47.5953300,11.4589313,Fuchseneck,863,,
1280463870,47.6375775,11.5188518,Düftberg,1126,,
1280463872,47.6386176,11.5444112,Kohlberg,1041,,
1280463877,47.6386977,11.5533863,Kohlberg,1046,,
1280463880,47.6411807,11.5665219,Langeneck,924,Q31804523,
1280465448,47.6181300,11.5623576,Talkopf,1273,Q31557854,
1280465454,47.6213772,11.5683741,Rauchenberg,1221,,
1280475333,47.6063116,11.5554406,Paradiesköpfel,1204,,
1280475354,47.6115690,11.5557259,Mitterkopf,1275,Q31530500,
1280475382,47.6109599,11.5634289,Anderlkopf,1231,Q31553545,
1280475386,47.6126434,11.5232574,Brandkopf,1152,Q31551577,
1280475388,47.6007189,11.5399668,Hoher Zwiesler,1376,Q15115084,de:Hoher Zwiesler
1280479976,47.5501549,11.5638257,Dürrnberg,1686,,
1280479984,47.5318091,11.4893466,Brandeck,1492,,
1280479987,47.5245854,11.4616049,Moosenkopf,1592,Q31530305,
1280479990,47.5207895,11.4935080,Unteres Lichteck,1707,Q31516644,
1280509706,47.5703194,11.5874394,Hühnerberg,1397,Q21868108,
1286560094,47.7731298,12.1385357,Haschlberg,470,,
1286676588,47.6346005,12.1059764,Kleiner Brünnberg,1250,Q31534727,
1297521598,47.6408376,12.1856016,Florianiberg,524,,
1305616352,47.6437895,11.1999912,Heumoosberg,641.3,Q30743938,
1307635610,47.5952688,11.1774477,Vestbichel,726,,
1320516864,47.5899283,11.2523175,Sattmannsberg,1214,Q31524014,
1337213883,47.7047687,12.2993926,Mühlhörndl,1518,Q31530014,
1337343291,47.7133958,12.8926686,Wappbachkopf,750,,
1391464505,47.5051969,13.0412450,Bramasofenkopf,2147,,
1403881622,48.2130916,12.3211414,Taxberg,558,Q31300197,
1403886289,48.2185788,12.3468680,Tannberg,550,Q31517878,
1406919071,47.7599108,12.2949779,Hammerstein,1278,Q31559045,
1406931812,47.7541177,12.2917573,Jagerwand,1396,,
1406932400,47.7559031,12.2941252,Zellerhorn,1360,,
1406932403,47.7532498,12.2891318,Zellerwand,1415,,
1409857323,47.6945821,12.4326504,Sonnwendköpfl,1278,,
1410070710,47.6469772,11.4018464,Feuereck,1407,Q31558214,
1411465448,47.6531047,11.4862838,Achselköpfe,1710,Q15050743,de:Achselköpfe
1412836122,47.7075521,12.3345097,Geigelstein,1808,Q315546,de:Geigelstein
1415920009,47.5390362,13.0003234,Bärenköpfl,1712,,
1415920501,47.5700577,13.0387059,Scheffelspitz,,,
1415920504,47.5482915,12.9947613,Seeaukopf,1501,Q31320465,
1415920507,47.5601636,13.0129357,Sillenköpfe,1455,,
1418283295,47.5248452,11.3643491,Untergrasberg,1727,,
1419056358,47.6660875,11.9910054,Seebergschneid,1506,,
1421180639,47.5678491,11.4383085,Schürpfeneckberg,1296,Q31521716,
1421180648,47.5732861,11.4404185,Schürpfenkopf,1221,Q31556958,
1426054102,47.7520245,12.5005503,Zwölferspitz,1633,Q31354506,
1427096027,47.5332151,12.9962293,Klausbergl,1717,,
1427134777,47.6765339,11.6358042,Schlagkopf,1330,Q31522896,
1427489038,47.5694140,13.0030641,Büchsenkopf,1247,,
1427489040,47.5445679,12.9904109,Gotzenstein,,Q30670147,
1429754428,47.5782163,12.9738538,Sommerbichl,,,
1429977856,47.4871690,12.9516295,Stuhlgrabenkopf,,,
1429978137,47.5432081,12.8950807,Zirbeneck,1794,Q31284581,
1431131342,47.5402324,11.4132798,Brünsteck,1407,,
1431131352,47.6000678,11.3914884,Fischberg,1164,Q31546939,
1431131356,47.5564007,11.3848567,Galgenwurfköpfl,1143,Q31546174,
1431131368,47.5378061,11.3990234,Grasberg,1474,,
1431131372,47.5154628,11.4752916,Kälbereck,1757,,
1431131378,47.5635524,11.4003216,Mitterberg,1311,Q31556759,
1431131387,47.5146040,11.4916485,Oberes Lichteck,1990,Q31529172,de:Oberes Lichteck
1431131393,47.5334440,11.3873072,Pfetterkopf,1543,Q26882888,
1431131521,47.5822868,11.4126690,Rautberg,1210,,
1431131523,47.5833990,11.4251870,Rautbergkopf,1415,Q31526698,
1431131525,47.5628863,11.4201599,Rißer Hochkopf,1348,Q31525655,
1431131528,47.5899307,11.4166619,Sagrinnenköpfl,1120,,
1431131534,47.5840963,11.4316107,Zwölferköpfl,1437,,
1431188386,47.5428149,11.4794033,Pirschschneid,1638,,
1432013531,47.5169589,11.5369650,Großer Rhonkopf,1511,,
1432013538,47.5164807,11.5327379,Kleiner Rhonkopf,1476,,
1432769334,47.7670965,12.3816461,Gederer Wand,1398,,
1432769540,47.7633689,12.3686166,Sulten,1467,Q31559061,
1448586157,48.1676006,11.3998305,Teufelsberg,542,Q758486,de:Aubinger Lohe
1455362956,47.7208208,12.3266912,Aschentaler Wände,1738,,
1456572549,47.5426844,12.9238242,2. Sporn,1640,,
1456572579,47.5432546,12.9244899,1. Sporn,1570,,
1457108746,47.9332376,11.5221686,Kreuzberg,665,,
1459938884,47.7525003,12.4968958,Hochlerch,1520,Q30724430,
1463003234,47.7563679,12.3583691,Staffelstein,1510,,
1468921785,47.6679845,11.9035253,Wilde Fräulein,1615,Q126947088,de:Wilde Fräulein
1469811232,47.6387482,11.7850676,Grubereck,1664,Q31543432,
1470722107,47.6424542,11.7806027,Daffenstein,1546,Q31558128,
1471175589,47.7462816,12.3344809,Sonnwendwand,1512,Q31558995,
1471256251,47.7495571,12.3479854,Bauernwand,1580,,
1471256354,47.7516068,12.3483288,Scheibenwand,1598,,
1471748138,48.3661951,11.7687696,Aussichtshügel Nord,,,
1472019094,47.6446913,11.9075355,Gleiselstein,1332,,
1472279573,47.6952837,11.8708218,Anklspitz,1112,,
1478987449,47.6969366,11.4474834,Windpasselkopf,1146,Q31514749,
1479475021,47.7325675,12.2653690,Zinnenberg,1565,Q21864167,
1486951280,47.7268752,12.5148757,Kleiner Rechenberg,1466,Q31340010,
1486951525,47.7267975,12.5091109,Dampfschiff,1425,,
1487169532,47.7269721,12.5009250,Großer Rechenberg,1366,Q30659854,
1487711769,47.6442319,12.0435734,Unterbergerjoch,1813,Q31558167,
1495173302,47.5914291,11.7134097,Platteneck,1618,Q1515428,
1501785910,47.7127729,12.0122042,Grafinger Köpferl,1450,,
1504208959,47.6436484,11.9666788,Maroldschneid,1688,,
1504216318,47.6511340,11.9682606,Gamswand,1592,,
1508379840,47.8345564,12.2586317,Söllhubner Feld,654,,
1508756034,47.6970414,12.7833271,Ristfeuchthorn Kreuzgipfel,1566,,
1511563857,47.7184900,11.4645391,Fahrtkopf,1203,Q31547603,
1517751985,47.6962351,12.8228377,Rabensteinhorn Südgipfel,1373,,
1566157975,47.7168007,12.0357620,Hochsalwand,1625,Q1622038,de:Hochsalwand
1567946359,47.6731668,11.9123447,Benzingspitz,1735,Q31558555,
1574124126,47.6529953,11.4362733,Glaswand,1496,Q19963196,
1574152579,47.7109550,11.8417871,Brunstkogel,1251,Q31550831,
1574152589,47.7114347,11.8113574,Kreuzbergköpfel,1273,,
1574152590,47.6990797,11.8242707,Lahnenkopf,1416,Q31532641,
1574152591,47.6857619,11.8423468,Rainerkopf,1463,Q31527212,
1574152592,47.7017861,11.8485708,Westerberg,1328,,
1579437934,47.6803875,11.8359142,Wasserspitz,1552,Q31515706,de:Wasserspitz
1583835062,47.6574606,11.9000669,Schwarzenkopf,1464,Q31521471,
1583945751,47.9010245,10.8814798,Lustberg,732,Q31310633,
1593400161,47.6634619,12.0346644,Kitzlahnerkopf,1496,Q31535046,
1593470031,47.8702689,10.8226231,Reischberg,789,Q31804520,
1608795537,47.5219719,11.3559064,Hoher Grasberg,1783,Q15115075,
1611812665,47.6611246,11.7146008,Rauheck,1511,Q31526816,
1611969088,48.5695568,11.6223459,Sandberg,,,
1611969089,48.5773172,11.6275175,Schloßberg,,,
1617914845,47.4475351,11.3987822,Vordere Schlichtenkarspitze,2356,Q21873245,
1621305826,47.6599903,11.8072548,Laiterkopf,1467,,
1621410586,47.4254602,11.2909070,Mittlere Linderspitze,2239,Q15849891,de:Linderspitzen
1621410656,47.4270819,11.2870608,Gerberkreuz,2303,Q31555001,
1621410667,47.4402752,11.3136586,Predigtstuhl,1975,,
1621410767,47.5090130,11.4876000,Schafreuter,2102,Q315887,de:Schafreuter
1621410936,47.5485133,11.5733539,Dürrnbergjoch,1835,,
1621651564,47.4464989,11.0261100,Zwölferkopf,2226,Q31555875,
1629346238,47.7100922,12.9042236,Hochplatte,911,Q1621994,
1644165590,47.7335365,11.5072874,Blomberg Ostgipfel,1237,Q31558978,
1646863523,47.4322489,11.1774598,Zirbelkopf,1989,Q21557739,
1676377698,47.4186732,11.2926087,Sulzleklammspitze,2321,Q31517989,
1679600826,47.7187677,11.9776495,Breitensteinfensterl,1350,,
1692726581,47.7111967,12.2119569,Rabeneck,1215,,
1699496391,47.6422591,11.8120433,Schreistein,1594,Q30134209,de:Schreistein
1700556843,47.6967547,11.1546964,Steigenberg,663,Q31310920,
1704155750,47.7230570,12.1885210,Kitzstein,1399,,
1737571711,47.7534353,12.2676528,Spielberg,1430,Q31520136,
1738763687,47.7074340,11.7782249,Kleintegernseer Berg,1106,,
1740557867,47.7068959,12.1511191,Laarstein,,,
1740669874,47.7571992,12.2885294,Laubenstein,1350,Q31559029,
1741371913,47.7427943,11.8883149,Rohnberg (Schliersberg),1257,Q15059837,de:Schliersberg
1743681602,47.7338721,11.7683304,Gassler Berg,1178,Q16064616,
1743681822,47.6791834,11.6535537,Neuhütteneck,1408,Q100279028,de:Neuhütteneck
1743681826,47.7344509,11.7765773,Oeder Kogel,1135,Q16320527,
1743682069,47.7348091,11.7863439,Schußkogel,1134,Q18289376,
1743682072,47.7449950,11.7966675,Wallenburger Kogel,936,Q18334815,
1755940590,47.7801999,12.2982666,Aschauer Kopf,1076,Q31553382,
1765147286,47.7645006,10.7587926,Kreuzbüchel,894,,
1767677486,47.8763845,10.9415886,Eselsberg,740,,
1767677490,47.8642753,10.9329934,Sperber,743,,
1770317736,47.7561786,12.3526010,Hirschenstein,1453,,
1770337344,47.7529502,12.3794354,Hochalpenkopf,1494,,
1770337345,47.7538573,12.3726162,Raffen,1564,,
1770337346,47.7504932,12.3809599,Ramseck,1438,,
1770485972,47.7783013,12.3764839,Erlbergkopf,1134,Q31547954,
1770485973,47.7802161,12.3517898,Haindorfer Berg,1123,Q31542642,
1770485974,47.7694041,12.3864263,Mösererwand,1109,,
1770518698,47.7895630,12.3774602,Reifenberg,995,,
1772445501,47.7549275,12.3601527,Kampenhöhe,1572,,
1772512527,47.7554719,12.3640126,Kampenwand-Hauptgipfel,1668,,
1772512528,47.7553481,12.3622131,Kampenwand-Westgipfel,1645,,
1772597126,47.7462539,12.3564243,Hemmerstein,1452,,
1772703366,47.7130358,12.3430817,Latschkogel,1589,Q31558837,
1772703376,47.7137448,12.3337051,Rossalpenkopf,1762,Q31558869,
1772703379,47.7100621,12.3249953,Wandspitz,1685,,
1776057909,47.7496459,12.2778870,Abereck,1461,,
1776057910,47.7481443,12.2800839,Heuraffelkopf,1505,Q31559012,
1776109290,47.7106911,12.2549765,Tristmahlnschneid,1452,,
1776502896,47.7835459,12.2931444,Rohnerkopf,1047,,
1779231021,47.7435644,12.2725502,Predigtstuhl,1494,Q31527790,
1792128624,47.7137651,11.9079192,Auracher Köpferl,1231,Q31535780,
1793360283,47.5692020,11.1936175,Zundereck,1476,Q21996586,
1800860554,47.6486385,12.8792182,Karspitz,1640.7,Q1734422,
1800862183,47.6433526,12.8754805,Jochköpfl,1575,Q1691241,
1805181988,47.7157219,11.2558744,Aidlinger Höhe,788,,
1805181994,47.8047792,11.2333145,Buchberg,688,,
1805182004,47.8203494,11.1760627,Eichberg,642,,
1805182011,47.7379069,11.3056925,Eichbichel,691,,
1805182012,47.7119761,11.2523472,Hirtenbuckel (Hirtabichi),755,,
1805182021,47.8125798,11.2302292,Hirschberg,680,,
1805182034,47.8162860,11.2537848,Holzerberg,671,,
1805182049,47.7364766,11.2883708,Koppenberg,672,,
1805182163,47.7807084,11.2212964,Kohlleiten,664,,
1805182308,47.7103400,11.2946857,Rehberg,,,
1805182314,47.7606848,11.2883962,Rochusberg,647,,
1805182325,47.7833751,11.2128383,Schernberg,662,,
1805182342,47.7155918,11.3029760,Stöcklesberg,772,,
1805182344,47.7206630,11.3136080,Weilberg,,,
1805284719,47.7229808,11.1909495,Pullach,681,,
1817738037,47.6559690,11.4061703,Falterschrofen,,,
1817738050,47.6760936,11.4221573,Rieder Vorberg,1068,,
1817738051,47.6537339,11.3882130,Stutzenstein,892,Q114646466,de:Stutzenstein (Kocheler Berge)
1817738064,47.6559033,11.3957278,Zwieselschrofen,1027,Q31513791,
1819170049,47.6338174,11.3258868,Stein,930,Q1547343,
1831217333,47.6028273,11.8515893,Bayerischer Schinder,1796,Q112157029,
1833449059,47.4238952,11.0052221,Bergl,2272,Q31555547,
1833449062,47.4209691,11.0495134,Blassenkopf,2628,,
1833449069,47.4165238,11.0306086,Großer Kirchturm,2514,Q31544024,
1833449075,47.4223964,11.0444402,Hochblassen,2706,Q870721,
1833449085,47.4223324,11.0633797,Hoher Gaif,2288,Q31539054,
1836669376,47.6385238,11.6421668,Schönberg,1620,Q1384094,
1841764370,47.6259390,11.3718596,Jochberg,1565,Q322506,de:Jochberg (Berg)
1843315194,47.7563485,12.4261707,Hausleite,1076,,
1854368462,47.7073642,12.5855996,Hörndlwand (Ostgipfel),,,
1854368740,47.7052109,12.5776823,Gurnwandkopf,1691,Q31354117,
1866359066,47.4803300,11.2027249,Hirzeneck,1186,Q31540150,
1888516347,47.5226107,12.9962451,Kleines Regenbergl,1670,,
1913812961,47.6112457,12.0219769,Rabenwand,993,,
1920019097,47.6882708,11.8976098,Hachelspitz,1300,,
1935007452,47.5324118,12.9930523,Gotzenbergl,,,
1935007527,47.5432043,13.0059119,Seeauer Tauern,,,
1949513275,47.6482722,12.0945554,Paulskopf,1633,,
1949513276,47.6483945,12.0939084,Peterskopf,1634,,
1964114027,47.7536403,12.8185354,Zenokopf,1756,,
1964114028,47.7534737,12.8382857,Mittelstaufen,1657,Q31530667,
1976803003,47.6718782,11.9205621,Tanzeck,1703,,
1978075727,47.5569300,11.2405960,Kesselköpfe,1594,Q31535436,
1978075728,47.5264493,11.2770854,Krepelschrofen,1160,Q15057181,
1978075738,47.5931161,11.1020561,Laberköpfl,1411,,
1978075747,47.5522270,11.2588820,Neuglägerkopf,1491,Q31529592,
1978075758,47.5572771,11.2265746,Platteneck,1804,Q2098724,
1978075939,47.5351640,11.2633473,Schafkopf,1305,Q22030610,
1978116115,47.5881799,11.1282336,Schartenkopf,1370,,
1995812950,47.7114737,12.0816147,Tunnelberg,660,,
1999392342,47.4066196,11.2882158,Rotwandlspitze,2192,Q15273395,de:Rotwandlspitze
2005598198,47.5901918,10.9917475,Auf dem Stein,1579,,
2037108183,47.7717800,11.3837913,Melkbichel,613,,
2041159545,47.7346353,12.7194928,Zenokopf,1603,Q31514238,
2055669063,47.6363026,11.3733414,Graseck,1240,Q31544890,
2061799676,47.3959556,11.0553604,Hochwanner,2744,Q255743,de:Hochwanner
2076297323,47.5119530,11.4038443,Galgenstangenkopf,1807,Q31546191,
2076328206,47.5060912,11.3958755,Fermerskopf,1851,Q31547043,
2076441439,47.4969782,11.3814163,Dreierspitz,1962,,
2076476475,47.4920061,11.3610059,Gumpenkarspitze,2010,Q15111956,
2081253533,47.6443372,11.3727532,Kienstein,968,,
2109766113,47.6552391,11.6613903,Mühltaleck,1518,,
2114909062,47.7194665,11.4448587,Hollerkopf,932,,
2123571350,47.6880106,12.0682957,Schreckenkopf,1316,Q31521785,
2128727353,47.6527240,11.9251770,Lämpersberg,1817,,
2129720527,47.7530437,11.5070295,Buchberg,857,Q20183860,
2134044411,47.7140929,12.0479091,Aiplpfeiler,,,
2150504230,47.8503349,11.8250108,Kreuzberg,712,,
2213748620,47.7070306,11.7706673,Pfliegeleck,1065,,
2267511385,48.4398155,11.8464846,Fuchsberg,469,,
2268289128,48.0650672,11.2034417,Burgselberg,625,,
2268300232,47.9167392,11.2190043,Berndorfer Buchet,750,,
2272725401,47.6096930,13.0459547,Kehlstein,1881,Q2511014,de:Kehlstein
2279782173,48.4401346,11.8381520,Fuchsberg,485,,
2283172843,47.7137580,11.8891802,Hirschgröhrkopf,1272,Q31540383,
2302563555,47.7307013,10.8091641,Tannenbichel,770,,
2306373437,47.4601563,11.2428350,Brendten,1193,Q1623887,de:Hoher Brendten
2336295579,47.6576681,11.4936823,Hinterer Kirchstein,1667,Q31540718,
2338028257,47.6485766,11.8662068,Rotkopf,1602,,
2338028258,47.6622252,11.8563377,Stümpfling,1506,Q15060197,de:Stümpfling
2360314373,47.6586111,11.4145225,Lusenköpfel,1299,Q31558310,
2386222152,47.6106069,12.8678231,Wartstein,893,Q27882378,
2398130163,47.5542402,11.3571284,Altlacher Hochkopf,1328,Q15106464,
2408721973,47.6366053,12.7901473,Kleiner Weitschartenkopf,1930,Q31534215,
2410343757,48.2880631,11.9158806,Indorfer Berg,485,,
2418167369,47.4816121,11.3424194,Soiernschneid,2174,Q31556117,
2419126850,47.4935477,11.3690903,Krapfenkarspitze,2110,Q15057166,
2423273148,47.5546660,10.8874814,Scheinbergspitz,1929,Q2232749,de:Scheinbergspitz
2425615806,47.7609246,12.5458676,Rötlwandkopf,1379,Q31345519,
2428070343,47.5905800,12.7978323,Großes Mühlsturzhorn,2234,Q17250350,
2428070344,47.5913873,12.8015976,Kleines Mühlsturzhorn,2141,Q21693450,
2428071182,47.5952828,12.8098121,Knittelhorn,2015,,
2428071183,47.5925701,12.8060459,Großes Grundübelhorn,2096,,
2428276691,47.5937287,12.8082407,Kleines Grundübelhorn,2084,,
2441923393,47.4381568,11.0473410,Höllentorkopf,2150,Q1273885,
2445853408,47.4296521,11.0001335,Riffelköpfe,2389,,
2451034095,47.6528152,12.8080030,Feuerhörndl,1750,,
2453924202,47.6756751,12.7743934,Wendelberg,959,Q31515299,
2457221319,47.6250885,11.3478623,Ramskopf,955,,
2460574552,47.7545831,12.7900150,Angerstein,1482,,
2485227801,47.6667902,12.9768184,Kleiner Rauher Kopf,1518,Q31534359,
2489067962,47.4868317,13.0315637,Kleines Teufelshorn,2283,Q21873203,
2490047553,47.7866732,12.5508081,Engelstein,972,,
2493733997,47.7547187,12.5744722,Thorauschneid,1470,,
2493960939,47.7465771,12.5712460,Nesselauer Schneid,1437,,
2496261339,47.5205032,13.0460473,Vorderer Kragenkopf,2173,,
2496261392,47.5468447,12.8426400,Hocheisspitze,2523,Q871271,de:Hocheisspitze
2498250593,47.4850145,12.9767787,Funtenseetauern,2578.4,Q316715,de:Funtenseetauern
2498250705,47.4891572,13.0362619,Großes Teufelshorn,2362,Q320734,
2506368453,47.3957891,11.1118219,Scharnitzspitze,2461,Q21865424,de:Scharnitzspitze
2510209204,47.6914303,12.2863361,Wirtsalpkopf,1240,Q31558718,
2510815534,47.6310273,11.4639849,Latschenkopf,1487,Q1470235,
2512170190,47.4715388,11.1546001,Brauneck,1226,,
2512170505,47.4744721,11.1681018,Wamberg,1304,,
2514070515,47.8412301,12.6560584,Hochberg,775,Q1321369,
2518044185,47.6178481,11.9356371,Kreuzbergspitzl,1567,Q31557802,
2526645259,47.5731705,11.2200604,Elferköpfl,1412,Q21996594,
2526645264,47.5460461,11.1748876,Henneneck,,Q31541397,de:Henneneck
2526645267,47.5483400,11.1798299,Kareck,2046,Q31536162,
2597722489,47.7284036,11.6804520,Nesselscheibe,1258,Q16854886,de:Nesselscheibe
2599368586,47.7600983,12.4874146,Madonna,1205,,
2602453972,47.9149600,12.5631585,Schloßberg,572,,
2607182341,47.7288407,11.6905672,Wasenkogel,1211,,
2607585335,47.6458133,11.7131984,Filzenkogel,1444,Q31546974,
2607585336,47.6550126,11.6995415,Silberkopf,1540,Q31520776,
2616497945,47.6155374,11.7339243,Gernbergkopf,1177,Q132408372,
2616497949,47.6325050,11.7231497,Grüneck,1395,Q42306274,de:Grüneck (Tegernseer Berge)
2616497953,47.6145044,11.7269033,Hoher Gernberg,1226,,
2616499852,47.6059621,11.7373153,Rasserringkopf,1281,,
2621339808,47.6188093,11.7654529,Großer Wildbrenner,1234,,
2621339810,47.6209764,11.7649963,Hohlenstein,1230,Q31538427,
2621339811,47.6178475,11.7698095,Kleiner Wildbrenner,1191,,
2621339830,47.6505209,11.7658835,Setzbergeck,1179,,
2621341672,47.6555628,11.7665988,Roßsteinwand,1217,Q111660094,de:Roßsteinwand
2622495585,47.5987834,11.8141750,Langeckberg,1423,Q1804940,
2622495586,47.6153040,11.8016508,Lapberg,1432,Q24206976,
2622495587,47.6050810,11.8435186,Laubbergel,1569,,
2622495603,47.5943780,11.8497610,Rieselsberg,1574,Q31526104,
2633880096,48.8214901,11.0783474,Schlossberg,500,,
2638047481,47.6425473,11.4010318,Bergelskopf,1413,Q31558151,
2638047492,47.6361759,11.3942002,Kaltwasserwand,1263,Q32063789,
2638613912,47.7677962,12.3746612,Zwölferturm,,,
2641009439,47.6583303,11.9472534,Dürrmiesing,1863,Q31548931,
2641015239,47.6751604,11.8645597,Brecherspitz Vorgipfel,1643,,
2641018246,47.7376374,11.8342723,Huberspitz,1051,Q31537823,
2641023721,47.7966835,11.8635983,Vogelherd,822,Q31559355,
2659762306,47.6732522,12.5955598,Lembergschneid,1597,Q31558572,
2704446436,47.7447764,12.5131464,Hasenpoint,1587,Q31354471,
2705892415,47.7747006,12.3644421,Eibberg,1023,,
2727811304,47.7041604,12.8329646,Müllnerhörndl,1192,Q31529949,
2749775070,47.7811282,12.3772688,Schwarzenberg,1126,,
2755691821,48.8155376,11.0764306,Kreuzelberg,505,Q31328583,
2767485667,48.5655356,11.7517407,Schlossberg,,,
2770082835,47.9662481,11.2033623,Bäckerbichl,726,,
2770355657,47.5822824,10.9921520,Pürschling,1566,Q2120961,
2796312569,47.6502608,12.4647638,Bruthennkopf,1023,,
2796313170,47.6904468,12.3570244,Sandspitze,1421,,
2796336373,47.6285233,12.5195057,Lahnerkogel,1595,Q21877892,
2796336774,47.6308059,12.5249055,Markkogel,1599,Q21877891,
2796336880,47.6253637,12.4995142,Steinwurfkogel,1588,,
2800814740,48.4407717,11.8652585,Rastberg,465,,
2804321236,47.6279679,13.0955784,Roßfeld,1537,Q1738892,
2816576099,48.1295790,11.8283743,Stürzerberg,558,,
2816576100,48.1408291,11.8378928,Turmhügel,561,,
2833437971,47.7036970,12.1153236,Scheibling,1226,Q21861811,
2833494983,47.7086788,12.0598556,Mutterberg,1262,Q31529829,
2833611504,47.7629492,12.4866789,Schnappenberg,1250,Q1671120,de:Schnappenberg
2851315353,47.7135568,12.0165964,Kirchelwand,1521,Q31558853,
2874031001,47.7730979,12.5273079,Bairerkopf,1283,Q31354310,
2874033358,47.7482591,12.4145152,Breitwand,1159,,
2874033383,47.7480773,12.4173169,Spitzwand,,,
2874047929,47.6849103,11.9080106,Nagelspitz,1555,Q31529781,
2874060727,47.7047797,12.6013961,Schlösselschneid,1416,Q102764364,
2874061445,47.7474231,12.4098900,Zwillingswand,,,
2874807218,47.6479779,11.9260025,Kirchstein,,Q55489734,
2875158437,47.5089561,12.9205349,Gamskarköpfl,2031,,
2875282190,47.6992160,12.7170001,Augenstein,1584,Q31553023,
2875895509,47.7473259,12.4055138,Teufelsstein,1435,Q31517571,
2876163900,47.5089185,13.0240531,Hanauerlaubköpfl,1878,,
2876346758,47.7258576,12.1780637,Backofen,1136,,
2876784910,47.7172306,12.5913188,Sulzgrabenkopf,1521,Q31301859,
2877712129,47.7254500,12.0215546,Reinock,1158,,
2877744693,47.7205369,11.9966930,Rührkübel,1410,,
2878239768,47.7023768,12.5391215,Hochscharten,1474,Q101245838,
2880084780,47.6960642,12.6677871,Mittlerer Adlerkopf,1338,,
2883098332,47.7720837,12.5234167,Mehrentaler Wand,1309,,
2891171787,48.8652999,11.3997929,Rothenberg,487,Q31346191,
2891182898,48.8450934,11.4097310,Hohe Mandel,,,
2895269085,47.6895334,12.7080575,Aibleck,1756,Q31558686,
2895377879,47.6604306,11.9590490,Steilenberg,,Q31519396,
2896029968,47.7247573,12.0250689,Roßstallkopf,1135,,
2896177129,47.5024603,11.3861963,Bayerkarspitze,1908,,
2909295481,47.6901039,12.7336215,Bogenhorn,1476,Q31551898,
2909295482,47.6810356,12.6660798,Fischbachkopf,1694,Q21877878,
2909295484,47.6811631,12.7050895,Hochgern,1740,Q21877877,
2909295485,47.6845670,12.7393142,Mitterberg,1080,,
2909295486,47.6892352,12.7188530,Ochsenhorn,1615,Q31528999,
2909295599,47.6826325,12.6837611,Vorderlahner Kopf,1907,Q104175128,
2910612830,47.7069001,12.7037960,Lanzeleck,1292,Q31532325,
2911951692,47.7077930,12.9555054,Hirschangerkopf,1769,Q21871733,
2917186131,47.6787668,12.9733574,Bannkopf,1658,,
2917186578,47.6811659,12.9509474,Nierntalkopf,1135,,
2920306554,47.7677411,12.6627866,Zellerberg Nordgipfel,992,,
2932373412,47.6856313,12.6313799,Hochbrunstkopf,1499,,
2934579315,47.5625765,12.8614196,Ofentalhörndl,2513,,de:Hochkalter#Ofentalhörnl
2939392336,47.7474830,11.9923907,Sternplatte,1223,Q31518614,
2939392364,47.7429338,11.9958739,Sterneck,1241,Q27190515,
2939398189,47.6754639,11.7941959,Bärenwand,1156,,
2943516127,47.7416118,12.7685402,Großer Turm,1120,,
2943540286,47.7382954,12.7667353,Kleiner Turm,,,
2946724048,48.9954014,11.2023230,Pfleimberg,,,
2958993297,47.6528287,12.8105996,Hirscheck,1787,,
2959009208,47.7574550,12.8253996,Murkopf,,,
2959022259,47.6504328,12.8035684,Wartsteinkopf,1772.5,Q31515757,
2971102758,48.0269277,11.3764300,Thierkopf,,,
2973369663,47.6403833,11.6669669,Hochplatte,1592,Q2400324,de:Hochplatte (Tegernseer Berge)
2980105509,47.5460878,12.8221541,Karlkopf,2195,,
2983909328,47.6832002,11.9307431,Heißenplatte,1593,Q31541594,
2989185125,47.5873106,12.8762366,Steinberg,2026,,
2990691860,47.6411926,11.7990291,Röthenstein,1695,Q106820538,
2995445589,47.7596951,12.7019815,Auer Berg,903,,
3010983211,47.7547485,12.5598071,Thoraukopf,1481,,
3013832310,47.7505983,12.5244871,Bischofsstuhl,1516,Q31354494,
3013850210,47.7460862,12.4913971,Roßkopf,1156,,
3013916975,47.7695976,12.5225578,Hochwurz,1290,,
3013957643,47.7344195,12.5508990,Lochköpfel,1300,,
3013957646,47.7449105,12.6001481,Brandstein,1138,Q30666760,
3013978685,47.7772930,12.5989970,Scheichenberg,1243,Q31332994,
3017837425,47.6092635,12.8891953,Kogel,856,,
3018886100,47.7163633,12.7140494,Seßseekopf,1153,,
3021830639,48.8196619,11.1050116,Dachsberg,,,
3023115499,47.6915654,12.0689869,Dümpfel,1354,Q31549079,
3032196104,47.6453927,12.8949280,Pfaffenbichel,1428,Q107236217,
3050860035,47.6720966,11.9477416,Heuberg,1384,Q31541119,
3065745678,47.6937769,12.4134416,Rauhe-Nadel-Kopf,1266,,
3068662784,47.5558435,11.0714420,Ziegelspitz,1719,Q31556628,
3073257893,47.6867108,12.7623704,Kranzkogel,1241,,
3073834478,47.7093000,12.5222000,Rachelspitz,1415,,
3077015210,47.7043284,12.7354602,Litzlbachhörndl,1330,Q31531643,
3092935257,47.7552187,12.8172991,Zwiesel,1782,Q244657,
3101680939,47.7472806,12.7378819,Kleines Kienbergl (Kreuzspitz),1071,,
3101681818,47.7350958,12.7388201,Maierknogl,1303,Q31531230,
3105285406,47.7288151,12.6213062,Eisenberg,1488,Q30778520,
3105292875,47.7239517,12.6140696,Durlachkopf,1395,Q31354249,
3105308096,47.7530532,12.6132077,Haßlberg,1117,Q30616355,
3106093354,47.7373509,12.6583074,Menkenberg,798,,
3106093355,47.7392018,12.6479314,Boiderköpfl,917,,
3106094204,47.7651152,12.6700262,Zellerberg Hauptgipfel,1065,Q31514270,de:Zeller Berg (Ruhpolding)
3106095669,47.7814228,12.6219052,Neustadler Berg,1078,Q31299401,
3112764094,47.4028245,11.1049520,Oberreintalturm,2014,,
3116985621,47.5531398,12.9353854,2. Watzmannkind,2232,,
3116985622,47.5542784,12.9433972,Lablkopf,2015,,
3125422707,47.7553323,12.8047968,Gamsknogel,1750,,
3126444927,47.5690831,11.3777456,Altlachberg,1235,,
3129778136,47.6189466,11.2993471,Rauteckkopf,1509,Q31557838,
3133879216,48.0898652,11.9599436,Ludwigshöhe,618,,
3135778328,47.5166017,11.3528413,Fischbachkopf,1690,,
3135780329,47.5238626,11.3425747,Markkopf,1357,,
3135793934,47.6108194,11.2434850,Wank,1403,,
3139978512,47.6942975,12.7817181,Ristfeuchthorn,1569,Q120074,
3141368197,47.7256291,12.0646098,Breitenberg,1147,Q31551390,
3141428734,47.7675192,12.3486288,Maiswand,1114,,
3146471173,47.6656663,11.4292045,Schwarzenbergkopf,1233,Q31521506,
3146471175,47.6573099,11.4304621,Gemskopf,1372,Q31558294,
3146487648,47.6563397,11.4393984,Bauernwurf,1287,,
3146487649,47.6572892,11.4550867,Brandköpfel,1442,,
3146487650,47.6617438,11.4589857,Eibelskopf,1418,Q31548580,
3149380906,48.4143807,11.9863814,Einberg,,,
3149380907,48.4202223,12.0044922,Holzberg,,Q30682413,
3172816123,47.6037482,11.2795512,Rotwandkopf,1519,Q31524713,
3184958176,47.8220569,11.6632156,Eiberg,773,,
3186071317,47.5939262,13.0671406,Hoher Göll,2522,Q549503,de:Hoher Göll
3189002246,47.7406071,12.3819563,Ramseneck,1117,,
3190814792,47.7583700,12.3439420,Mitterwandl,1200,,
3190825053,47.7570115,12.3371639,Brunnensteinkopf,1215,Q31550917,
3190830595,47.7496917,12.3821584,Ramseck Vorgipfel,1422,,
3191281746,47.6183935,11.3579688,Desselkopf,1290,Q115787218,de:Desselkopf
3208089067,47.6595120,12.8254222,Alphorn,1656,Q31553867,
3208604528,47.6258657,12.8477290,Eisberg,1800,Q1310858,
3210054356,47.6978179,12.0075220,Bockstein,1555,,
3218497753,47.6272901,12.8315928,Zirbeneck,1810,Q31514041,
3228636293,47.6792261,12.0697892,Großer Mühlberg,1222,Q31543893,
3229933791,47.7381830,11.9951199,Katzenköpfl,1132,Q27882380,
3229933793,47.7325575,11.9930749,Rißkopf,1182,Q31525618,
3229949065,47.7277313,11.9720242,Bucher Berg,1143,Q43363659,
3229949066,47.7078955,11.9911018,Kirchwand,1479,,
3229950338,47.6877111,12.0243576,Mitterberg,1283,Q31530614,
3229970779,47.7206684,11.8411545,Aschberg,1042,,
3229970780,47.7305888,11.8104963,Auer Berg,1252,Q16054465,
3229970781,47.7214732,11.8483596,Krainsbergkogel,1037,,
3229970782,47.7323621,11.8263212,Rainer Berg,1169,Q16292474,
3229978765,47.6886191,11.8370157,Brunnerstein,1243,,
3229978767,47.6795493,11.8446746,Eckspitz,1386,,
3230066901,47.6369587,11.9462988,Auerberg,1666,Q31553232,
3230066902,47.6318071,11.9377398,Berneck,1450,Q31552608,
3230066903,47.6112895,11.8793256,Brennereck,1296,,
3230066904,47.6141344,11.8246692,Lapbergschneid,1430,,
3230066905,47.6285402,11.8848818,Lämmeralpeneck,1224,,
3230066906,47.6292309,11.9188218,Pfannberg,1267,Q31528148,
3230066907,47.6303897,11.9258563,Pfannkobel,1330,Q31528115,
3230066908,47.6311548,11.9028621,Pfannkopf,1227,Q31528097,
3230066909,47.6425261,11.7982856,Rauhenberg,1703,Q106820537,
3230066910,47.6400964,11.8395510,Rotzigmoosberg,1198,Q24698492,
3230066911,47.6243725,11.8883125,Schalmeiereck,1098,,
3230066912,47.6223562,11.8689928,Schlagkopf,1224,Q31522912,
3230066913,47.6050159,11.8664010,Trausnitzeck,1610,,
3230066914,47.6183090,11.9108858,Tuschberg,1320,Q31516920,
3230066915,47.6252920,11.8540155,Öderberg,1267,Q31528850,
3230098741,47.6534166,12.0060778,Burgstallkopf,983,,
3230098742,47.6359728,11.9877063,Hausberg,1283,Q31542068,
3230098743,47.6485471,12.1415763,Kl. Audorfer Berg,880,,
3230098744,47.6338225,12.0524784,Kleiner Unterberg,1529,,
3230098745,47.6389937,12.1558799,Mühlbacher Berg,892,,
3230098746,47.6250374,12.1582973,Nußlberg,868,Q31529389,
3230098749,47.6455227,11.9958352,Sillberg,1348,Q31520759,
3230098750,47.6285867,12.0643333,Wirtshöhe,1400,,
3230132866,47.7158318,12.3488269,Ahornkopf,1540,Q31558885,
3230132867,47.6852778,12.1058894,Beiwand,1183,,
3230132868,47.6978498,12.3210699,Moosberg,1396,Q31558753,
3230132869,47.7147971,12.3560486,Spitzberg,1444,Q31520027,
3230301383,47.7777795,12.5088002,Aschauer Zipf,1019,,
3230301384,47.7803721,12.4088171,Breitenberg,1047,Q31559078,
3230301385,47.6795513,12.5561204,Bürgl,865,,
3230301386,47.6686751,12.6020198,Dürrnbacheck,1593,,
3230301387,47.7837036,12.5717501,Geschwendkopf,1014,,
3230301388,47.7253666,12.5603577,Gründberg,1226,Q30656365,
3230301389,47.7736459,12.6212384,Haargaßberg,1210,,
3230301390,47.6588835,12.4643774,Heuchenberg,859,,
3230301391,47.6737142,12.5295360,Jochberg,1257,Q30654728,
3230301392,47.7609295,12.5244307,Köstelkopf,1349,Q31332139,
3230301393,47.7168051,12.4885934,Gschlad,945,,
3230301394,47.6716472,12.5860150,Lemberg,1490,Q31531955,
3230301395,47.6837801,12.4418242,Möserberg,1048,,
3230301396,47.7863561,12.6013492,Mühlalpkopf,1061,Q31304318,
3230301397,47.6691619,12.5258767,Mühlprachkopf,1332,Q31301668,
3230301398,47.7699472,12.6189227,Platte,1168,,
3230301399,47.6866762,12.5226341,Reitberg,1143,Q31358700,
3230301400,47.7479711,12.5918084,Reitstein,1250,,
3230301401,47.6954470,12.6296324,Richtstrichkopf,1322,,
3230301403,47.7050299,12.6223813,Seekopf,1173,Q31521114,
3230301404,47.6545869,12.5617821,Sondersberg,1243,Q31520412,
3230301405,47.6881301,12.5429337,Stuhlkopf,1264,Q31302500,
3230301406,47.6959572,12.5533208,Tempelberg,1215,Q31299816,
3230301407,47.7692941,12.4296624,Torkopf,844,Q31517205,
3230301408,47.6837000,12.4940417,Walmberg,1062,Q31515889,
3230301409,47.7675283,12.6148137,Westerberg,1076,Q30510601,
3230301410,47.7783588,12.5263757,Zinnkopf,1223,,
3231691753,47.7461484,12.0598487,Sulzbergschneid,1117,,
3233329548,47.7112511,11.6950730,Auereck,1113,,
3233329549,47.6685722,11.6941222,Bettsteineck,1370,,
3233329550,47.7243809,11.8997488,Breitenberg,1208,,
3233329551,47.6322445,12.0207883,Breiteneck,1045,,
3233329553,47.6606102,12.1023731,Fuchsstein,891,,
3233329554,47.5981566,11.7183214,Graseckwand,1400,Q124418260,
3233329555,47.5964370,11.7479178,Großer Berg,1303,,
3233329556,47.6493353,11.7155159,Halseck,1354,Q31542506,
3233329558,47.6313448,12.0333108,Langeck,1201,,
3233329668,47.6378946,11.8116312,Seebühel,1675,,
3233329682,47.7476985,11.9858345,Schwarzenbergeck,1200,,
3233329684,47.6147751,12.0314281,Rabenstein,1317,,
3233329685,47.6805761,12.0081736,Reitberg,962,,
3233329686,47.6468378,11.9420730,Sebaldstein,1733,,
3233329687,47.7105567,11.7034539,Semmelberg,1101,Q31520990,
3233329688,47.6930360,11.7177073,Sillberg,928,Q137361360,
3233329689,47.6939380,11.9150031,Talwand,1222,,
3233329690,47.6085491,11.7632273,Wenigberg,1326,Q31515230,
3233350789,47.7204615,12.4340511,Gscheuerwand,1106,,
3233350790,47.7676970,12.4061966,Kleinstaffen,1250,Q31534084,
3233350791,47.7354988,12.1789524,Kogl,1023,,
3233350795,47.7513709,12.1697622,Sattelberg,820,,
3237548037,47.5931666,12.7953337,Stadelhorn,2286,Q472226,
3241609466,47.7780660,11.3398798,Kirnberg,,,
3253363153,47.6018138,11.0038927,Rosengarten,1425,Q31525331,
3253369961,47.6068666,11.0056656,Schartenköpfl,1372,,
3253370804,47.6014991,10.9966936,Bremeneck,1405,Q31557519,
3265571621,47.7948625,11.3656006,Röhrenberg,620,,
3265653974,47.8049650,11.3668054,Hennenbühl,,,
3269276624,47.7710298,11.3290501,Heuwinkl,622,,
3298157134,47.7015798,12.4572584,Vogelspitz,,,
3360165691,47.7424312,11.3835727,Horn,639,,
3360165692,47.7376134,11.3500475,Rosselberg,651,,
3403866805,47.4857450,12.9610979,Ledererkopf,2050,,
3403891480,47.7464190,11.3058333,Kirnberg,638,,
3428278033,47.7955398,11.3828061,Aschberg,,,
3430178921,47.7954676,11.3965239,Dachsbichel,,,
3485810457,47.7388807,12.7706877,Scharnkopf,1356,Q31523561,
3490429718,47.6328717,11.3386888,Sägbichl,,,
3495555772,47.6723962,11.4261658,Dachsenberg,1061,,
3522229366,47.8485962,11.8327348,Gansberg,,,
3558230019,47.6333643,11.4302980,Wespenkopf,1127,Q31558005,
3559101010,47.6522083,11.3679051,Rothenberg,670,,
3580272393,47.7623481,12.5592205,Hochfelln,1674,Q1621782,de:Hochfelln
3623171141,47.6566970,11.3085496,Kreuzbichl,644,,
3624783966,47.7167098,12.0468493,Salwand,1435,,
3633598457,47.6669824,11.5381086,Koteck,1350,,
3634965710,47.4081217,11.1239416,"Partenkirchner Dreitorspitze, Mittelgipfel",2622,,
3634965711,47.4091248,11.1256736,"Partenkirchner Dreitorspitze, Nordostgipfel",2626,,
3634965712,47.4127386,11.1353612,Östliche Törlspitze,2444,,
3637196484,47.5974620,11.7622319,Großer Nock,1221,Q112875959,
3662166614,47.5840874,11.0267772,Am Zahn,1615,Q31557182,
3668635653,48.5244364,11.5270723,Fuchsberg,484,,
3676274837,47.7007747,12.6742974,Prügelbergkopf,1200,,
3676274841,47.6969394,12.6670165,Vorderer Adlerkopf,1312,,
3692936392,48.5504438,11.5501611,Kühberg,488,,
3721560882,48.5206968,11.5149550,Georgshöhe,455,,
3721583033,48.5387249,11.5398827,Annesberg,497,,
3721593286,48.5402217,11.5349563,Lettenberg,,,
3721597013,48.5428539,11.5390931,Rieberg,,,
3721601692,48.5660032,11.5824333,Lustberg,,,
3721602660,48.5617260,11.5472455,Maderberg,,,
3721610338,48.4966138,11.5678278,Fuchsberg,513,,
3721611612,48.4968488,11.5260930,Schlagberg,490,,
3721611644,48.4924091,11.5398431,Kreuzberg,507,,
3721611725,48.4932886,11.5458165,Schlossberg,,,
3721738280,47.7463097,12.5864380,Kemeikopf,1222,,
3727777415,47.5964050,13.0527859,Pflughörndl,2047,,
3727777881,47.7396369,11.2383019,Wolfsbichel,677,,
3743479379,47.6946420,11.8665749,Dürnbachwand,1260,,
3743479381,47.6940627,11.8662156,Schlierseespitz,1279,,
3748750652,48.9197890,11.3631009,Nonnenstein,,,
3777140321,47.4150815,11.1280779,Frauenalplspitz,2369,Q31555531,
3777140322,47.4166877,11.1277051,Frauenalplkopf,2351.5,Q31555471,
3794283572,47.7671504,11.1300105,Eichbichl,629,,
3795261756,47.7831864,11.1426201,Kreuzbichl,666,,
3795265057,47.7706467,11.1338639,Schnait,645,,
3841757966,47.7862342,12.1725796,Kirchberg,543,,
3849051307,47.7195687,12.5343052,Rehwaldkopf,1395,Q31359389,
3850932575,48.5382886,11.5016560,Altenstadt,432,,
3850958157,48.5685951,11.4922639,Bromberg,473,,
3850958294,48.5093266,11.4997735,Hagberg,,,
3852465015,47.8036836,11.2582790,Buckelsberg,688,,
3858924655,47.6457433,12.8325906,Bärenkareck,1730,,
3858924656,47.6545175,12.8307453,Übeleck,1698,Q31516903,
3859294823,47.7560538,12.4040088,Haberspitz,1431,Q31542928,
3859294830,47.6494437,11.9313898,Rotwandkopf,1858,,
3860708541,47.7086156,12.7198413,Kaserkopf,1281,Q31536080,
3860709589,47.7077725,12.6931075,Danzingschneid,1111,,
3880647859,47.5198075,13.0264553,Loskopf,,,
3889427160,47.8229969,12.7313449,Freibergl,781,,
3892033944,47.6752489,11.6760318,Stinkereck,,,
3903232265,47.5039177,10.9309618,Sunkenkopf,1766,Q31517953,
3906281333,47.6432444,11.8674221,Stolzeneck,1604,,
3909392850,48.0215717,11.4774397,Betberg,,,
3912536730,47.6826069,12.4572290,Wetterkreuz,1064,,
3935603160,47.7757675,12.7015872,Sulzbergschneid,1159,,
3954790243,47.6404990,11.6555622,Plattel,,,
4011728798,47.7009050,12.0633800,Schortenkopf,1322,Q31521871,de:Schortenkopf
4054778716,48.5205015,11.5219328,Pfaffelleiten,482,,
4059510444,47.4106410,11.1264927,Signalkuppe,2486,,
4059510445,47.4099632,11.1265424,Bayerländerturm,2507,,
4102158239,47.4917154,11.2596784,Hochreut,953,,
4102158243,47.4867103,11.1948696,Hirschbühel,959,,
4102158244,47.4896157,11.1238314,Auf der Lache,839,,
4102158270,47.5172025,11.0719314,Königsstand,1453,Q17124195,
4102377015,47.5500688,10.9685079,Brunnenköpfl,1609,,
4102377016,47.5587700,10.9450553,Kirchenkopf,1209,Q31535097,
4102377017,47.5629542,10.9576572,Rinneleck,1112,Q31525742,
4102507285,47.5528202,10.9455722,G'hörigenhöfe,1298,,
4102507287,47.5755735,10.9327324,Martinswand,1352,Q31557006,
4102507288,47.5742363,10.9388910,Roßeck,1305,Q31525229,
4102509389,47.5723736,10.9227768,Sulzeck,1389,,
4102509390,47.5769741,10.9131409,Sefelwand,1724,Q31557039,
4102509391,47.5653624,10.8963472,Hundsfallköpfe,1508,Q31556825,
4102642398,47.5832008,10.9880838,Schaflahnerkopf,1565,,
4102642399,47.6123428,11.0046358,Köpfel,1202,Q31557753,
4102642402,47.5867272,11.0705836,Döttenbichl,877,,
4104402983,47.5851272,11.2864661,Grießberg,1351,,
4104402984,47.5890058,11.2727331,Grießberg,1406,,
4104402985,47.6077834,11.2648420,Ohlstädter Teilberg,1457,Q31528757,
4104402986,47.6105320,11.2577824,Grießkopf,1452,Q31557703,
4104402988,47.6006323,11.2107518,Osterfeuerberg,1215,Q31528591,
4104404189,47.5807680,11.1538554,Auerberg,855,Q31553249,
4104404191,47.5927227,11.0792530,Rainenberg,905,,
4104404192,47.6047242,10.9823994,Wachsbichel,1364,,
4104404193,47.5989342,10.9665212,Lauskopf,1363,Q31532131,
4104404194,47.5950520,10.9540117,Schwabenkopf,1346,Q31521697,
4104404195,47.6054162,10.9555487,Roßkopf,1172,,
4104421922,47.6198991,10.9845100,Kleinwachsbichel,1240,Q31557888,
4104421923,47.6140366,10.9846983,Mitterwachsbichel,1316,Q31557769,
4104433119,47.7564160,11.1040873,Schafbichel,651,,
4104433120,47.7651996,11.1103851,Schloßberg,625,,
4104433122,47.7884560,11.2154826,Schellenberg,654,,
4104433123,47.7288424,11.2076053,Reisberg,676,,
4104433124,47.7440194,11.2235376,Kühbichel,675,,
4104433125,47.7472267,11.2173490,Eckenbichel,678,,
4104433126,47.7498937,11.2138291,Nickenbichel,680,,
4104433127,47.7251672,11.1510196,Rußbichel,685,,
4104433128,47.7319490,11.1480524,Herberstberg,675,,
4104433129,47.7316338,11.1410846,Atzenberg,677,Q30724041,
4104433130,47.7206934,11.1206493,Längenberg,684,Q31322055,
4104433131,47.7216074,11.1019212,Auf der Platte,776,,
4104433132,47.7239892,11.0970718,Haslesberg,732,Q30618486,
4104433133,47.7242210,11.0799219,Schweinberg,760,Q31321251,
4104433134,47.7297015,10.9855001,Hochbichel,807,,
4104433135,47.7388101,10.8559238,Roßhurtenbichel,776,,
4104433136,47.7291521,10.8451233,Franzenbichel,764,,
4104433137,47.7275443,10.8825955,Roßkopf,792,,
4104433138,47.7199481,10.8384764,Breitbichel,760,,
4104433139,47.7211177,10.7860786,Grundelsberg,778,,
4104433140,47.7446208,10.7389261,Forchenbichel,926,,
4104433143,47.7117109,10.7238436,Fuchsbichel,814,,
4104433144,47.7021343,10.7537123,Dürrer Bichel,807,,
4104433145,47.7112165,11.0499527,Schloßbichel,831,,
4104433146,47.7185618,11.0417739,Sonnenbichel,916,,
4104433147,47.7104912,11.1224856,Annaberg,740,,
4104433152,47.6664600,10.8094012,Leberbichel,825,,
4104433153,47.6635345,10.8196821,Bichel,828,,
4104433154,47.6712872,10.8184703,Lobelbichel,818,,
4104433155,47.6711283,10.8283194,Bichel,830,,
4104433156,47.6693068,10.8347147,Hohenstock,859,,
4104433157,47.6588040,10.8032086,Wilder Bichel,790,,
4104433158,47.6989099,10.8134364,Drachenleite,781,,
4104433159,47.6931356,10.8432485,Birkenbichel,791,,
4104433160,47.6606488,10.9245132,Kleinbicheleck,915,,
4104433161,47.6658135,10.9662586,Mähdige Leite,918,,
4104433162,47.6790113,10.9588325,Brunnenbichel,910,,
4104433163,47.6691000,11.0164344,Wetzstein,936,Q30510205,
4104433164,47.6909621,11.1036491,Bichelsberg,693,,
4104433165,47.6724994,11.1122060,Hocheck,737,,
4104433168,47.6861170,11.2437470,Hannesberg,708,,
4104477133,47.6369991,11.0599821,Wildeck,1437,,
4104477134,47.6267726,11.1099903,Hechendorfer Berg,1291,,
4104477135,47.6353081,11.1046659,Aschauer Berg,1108,Q30725277,
4104477136,47.6251130,11.2813792,Alpenkopf,1384,Q31557936,
4104477138,47.6184235,11.2864843,Rauchköpfl,1508,Q31557820,
4104489590,47.6908429,11.2372391,Birnberg,681,,
4104489591,47.6984980,11.2409251,Eschberg,694,Q30767382,
4104489592,47.6363117,11.2664221,Simmersberg,1052,,
4104489593,47.6317601,11.2636489,Wagbichl,1017,,
4104489594,47.6458831,11.2344742,Hatzenbichl,651,,
4104489595,47.6537755,11.2255301,Isenberg,675,Q30656534,
4104489596,47.6460314,11.0798984,Aschlerberg,1378,Q31553348,
4104489597,47.6450931,11.0736616,Elmauberg,1390,Q31548126,
4104522072,47.6517561,11.0411750,Sonneneck,1074,,
4104522073,47.6580017,11.0224595,Hüttenbichel,899,,
4117207289,47.7521794,12.5797880,Bogn Nosn,1358,,
4158998575,47.6918676,12.6672881,Flauschberg,1342,,
4200404317,47.7550973,12.5233723,Silleck,1565,Q31317490,
4202440718,47.5119774,11.1391779,Eckenberg,1749,,
4216007149,47.6274117,11.4529802,Labelsberg,1406,Q31532695,
4216010617,47.6228228,11.5000257,Hoher Stein,796,Q31538825,
4216052737,47.6126611,11.4422054,Meßnerberg,969,Q31530854,
4217279953,47.8070999,11.2766648,Kreuthleite,654,,
4224427657,47.4238353,11.1268930,Schachentorkopf,1957,Q31523833,
4232155348,47.7094400,12.9626500,Ochsenkopf,1780,Q22004893,
4256065428,47.5064567,13.0253735,Hanauerlabl,1910,,
4256065941,47.5176763,13.0353451,Schossenkopf,2106.7,Q31324123,
4270248273,47.5173821,13.0289044,Grauer Kopf,2054.5,,
4307295624,47.5728253,12.7824608,Sulzenstein,1694,,
4307295636,47.5792082,12.7793158,Gernhorn,1908,Q21871007,
4307295638,47.5857223,12.7856485,Ameisknockenkogel,1925,,
4316006019,48.5672557,11.6288819,Kalvarienberg,,,
4331186263,48.7994309,11.4337559,Weinberghöhe,389,,
4337688896,47.6784486,12.6309835,Kreuzschneid,1609,,
4369817141,47.7236176,11.7956894,Gindelalmschneid,1335,Q1524911,de:Gindelalmschneid
4380583010,47.6804936,12.5985718,Hausgrabenkopf,1411,Q31542014,
4381997005,47.5650325,12.9695972,Archenkopf,1451,Q30729641,
4431510090,47.4282093,11.1620906,Oberer Kämikopf,1861,,
4455052988,47.6810288,12.6329090,Fahsteigenschneid,1562,,
4477353242,48.8740554,11.0705076,Stupberg,,,
4494839789,47.7015243,12.8296896,Pflasterbachhörndl,1270,Q31558769,
4504608906,47.7250606,12.6060273,Zwölferspitz,,,
4510320418,47.7583659,12.4907647,Luchsfallwandl,1263,,
4518931112,47.7071048,12.7678687,Rabenpalven,1017,Q31527382,
4523743080,47.5677344,11.1937501,Zunderkopf,1506,Q31556859,
4536085650,47.7589602,12.4927855,Luchsfallwand,1324,,
4541927441,47.6289990,11.6748151,Sonnberg,1576,,
4547463685,47.4524243,11.0666481,Kreuzeck,1651,Q268125,de:Kreuzeck (Wettersteingebirge)
4629829706,47.6114705,11.4019694,Psengberg,1155,,
4646799722,48.0677774,11.9743609,Vogelberg,562,,
4647797222,47.7012898,11.6755881,Huder,1382,Q19963321,de:Huder (Berg)
4668708798,48.6275062,11.4232678,Moosberg,438,,
4687406836,47.5737113,12.8755931,Kopf des Hunds,2012,,
4687407338,47.5713191,12.8836988,Schottmalhorn,,,
4688668236,47.5748711,12.8825194,Am Hund,,,
4689311473,47.5455209,12.8384593,Hocheiskopf,2495,,
4702076816,47.5301347,12.8916301,Kirche,1581,,
4702076817,47.5300877,12.8677048,Palfenkopf,1950,,
4730692192,48.6186266,11.4035590,Geißberg,441,,
4730692193,48.6310124,11.3678171,Dürrenberg,462,,
4786798491,47.5456006,11.3225833,Markkopf,,,
4786798492,47.5532042,11.3280174,Klausenkopf,1181,Q31556612,
4786800945,47.5585894,11.3129997,Altlachberg,,Q31553688,
4786801006,47.5657476,11.3083863,Steinriegel,,,
4841874403,47.4992066,12.9399740,Glunkererkopf,1853,,
4841874404,47.4962057,12.9692262,Pflaumpalven,1966,,
4860472175,47.6397213,11.8020146,Plankensteinnadel,,Q316937,de:Plankenstein (Berg)
4894244948,47.6031223,11.2150194,Osterfeuerspitze,1368,,
4918842178,48.3363647,11.1992529,Schweinsberg,520,,
4918842179,48.3388074,11.2005668,Fuchsberg,518,,
4918842180,48.3303534,11.1889475,Miegersberg,,,
4918842181,48.3320667,11.1848237,Goldberg,523,,
4918842182,48.3333221,11.1737333,Taxaberg,532,,
4918908633,48.3433598,11.2566992,Salzberg,520,,
4918908642,48.2646408,11.2017710,Reitersberg,543,,
4919742325,48.4032689,11.2928126,Mandelberg,533,,
4919742326,48.3513467,11.5201593,Kreuzberg,498,,
4919742332,48.0350889,11.2256561,Badbichl,648,,
4922588530,48.2358137,11.2525889,Taubenbichl,543,,
4938279910,47.4143420,11.0308341,Kleiner Kirchturm,2368,Q31534553,
4944025921,47.4017931,11.0724993,Jungfernkarkopf,2355,,
4967432232,47.4320044,11.2509755,Burgberg,1194,Q21873179,
4970989166,48.9465726,11.3927190,Michelsberg,,,
4973990466,47.7081353,12.0209236,Soinwandpfeiler,,,
4980567984,47.6099571,12.0875678,Reinhardsberg,1400,,
5034081693,47.4919950,11.3287726,Feldernkreuz,2048,Q15056103,
5044803490,48.6307592,11.0841372,Lorenziberg,491,,
5044803491,48.6215330,11.0827360,Reichenbichl,,,
5044803492,48.6158295,11.0853229,Frauenberg,,,
5079866695,47.5843857,13.0496897,Hohes Brett,2340,Q1623963,de:Hohes Brett
5098860808,47.4989205,11.3031057,Schwarzkopf,1150,,
5104503967,47.7843709,10.8195290,Burgberg,789,,
5145536205,47.6250919,11.2536348,Kleiner Illing,1062,Q31534569,
5163337269,47.6995525,12.9876208,Hochalpkopf,1886,,
5331774938,47.7593706,12.4865741,Drei Sennerinnen,1185,,
5342752746,47.7274731,11.4152630,Hochbichl,,,
5448692449,47.9535629,12.1930239,Lindberg,506,,
5485841643,47.6815373,12.8500396,Vogelspitz,1300,Q31294218,
5502748061,49.0508873,11.4937625,Schellenbuck,497.1,,
5502748065,49.0603841,11.4813554,Reiterberg,501,,
5502748066,49.0585395,11.4997882,Oberndorfer Bühl,507.4,,
5502748067,49.0607222,11.5344196,Steinbügel,510.7,,
5502748071,49.0270823,11.4191708,Sulzbuck,575.0,Q31301943,
5502748073,49.0374637,11.4430252,Reindelbuck,,,
5502748078,49.0012055,11.4725228,Almberg,526.0,,
5502748082,48.9797576,11.4745623,Kitzenbichl,510,,
5502748083,48.9739319,11.4933463,Steinbühl,528,,
5502748085,48.9723162,11.5730373,Buchenbichel,490.8,,
5502748086,48.9880890,11.5681116,Dietfurter Höhe,514.1,,
5502748089,48.9750508,11.5451723,Arnbucher Höhe,506.3,,
5565942390,47.6406078,11.3634265,Brandenstein,754,,
5578464880,47.5867360,11.1290596,Holzkopf,,,
5594875706,47.7284592,11.7720937,Neureuth,1261,Q571058,
5622332693,48.5430079,11.4322533,Wolfsberg,532,,
5626413590,48.5715476,11.5021698,Geißberg,481,,
5626424857,48.5390742,11.5922730,Brünnelberg,488,,
5639737400,48.5004594,11.5904662,Buckelberg,515,,
5651641665,48.5409719,11.4485788,Kaiserberg,,,
5689911493,47.5368856,12.9567338,Burgstallstein,,Q31550247,
5695084434,47.7586532,12.3381728,Brunnstein,,,
5748603511,48.5589111,11.4771962,Grob-Berg,,,
5774972193,47.7040720,12.8839484,Spechtenkopf,1285,,
5776435557,49.0334696,11.4853097,Arzberg,507.1,Q718361,de:Arzberg (Altmühltal)
5782851140,47.6915651,12.8977074,Dreisesselberg,1680,Q1258124,de:Dreisesselberg (Lattengebirge)
5792676627,48.0363068,11.9866090,Gaschberg,560,,
5812786093,48.0882298,12.0043327,Leitenberg,581,Q31317973,
5812805842,48.0626840,11.9865942,Schloßberg,585,,
5812805843,48.0574226,11.9897746,Eberberg,581,,
5812805844,48.0575417,11.9997209,Seemoosberg,590,,
5817402896,47.4802879,11.3443547,Reißende Lahnspitz,2209,Q31526445,
5856599612,47.7555138,12.3644890,Kampenwand-Vorgipfel,,,
5856599616,47.7558907,12.3677743,Kampenwand-Innerer Ostgipfel,,,
5876663191,47.7608542,12.8303690,Hendelberg,1324,,
5915993240,47.7557416,12.8336952,Hendelbergskopf,1613,,
5926552247,47.4177816,11.1484033,Drei Scharten,2304,,
5930135814,47.4421328,11.0570808,Längenfelderkopf,1910,Q98011875,
5949489313,47.7676452,12.5065681,Kobelwand,1216,Q31336350,
5975776044,48.8950800,11.4090400,Steinberg,520,,
5981205839,47.7567997,12.3714998,Kampenwand - Äußerster Ostgipfel,,,
5997401874,47.5849787,11.1004400,Laber Hauptgipfel,1686,,
5997401877,47.5820479,11.0884033,Latschenköpferl,1509,,
6024364847,48.4623946,11.5220897,Kreuzleiten,,,
6024366184,48.4665860,11.5437712,Leitenberg,,,
6024366285,48.4709261,11.5472259,Christelberg,,,
6024367084,48.4797262,11.5432895,Lettenberg,,,
6024367382,48.4862906,11.5409966,Eichberg,,,
6024367772,48.4856224,11.5653244,Höllberg,,,
6024369929,48.4849095,11.5202525,Steinberg,,,
6024372755,48.4742375,11.5354249,Dürrenberg,,,
6024682355,48.8945804,11.6728787,Kreutberg,454,,
6024694083,48.9008733,11.6747864,Kreutberg,459,,
6086142722,48.5474134,11.4515611,Schönthaler Berg,,,
6086142723,48.5519529,11.4397512,Schneidberg,,,
6086193963,48.4742222,11.4798976,Mühlberg,,,
6086200428,48.4772440,11.4722134,Geißriegel,,,
6086206309,48.4738058,11.4940766,Kirchberg,,,
6154436662,47.6728489,12.9277298,Pfaffenkogel,816,,
6190481535,47.8992098,11.2205166,Monatshauserin,,,
6202988600,47.6585370,11.5346158,Kotiger Stein,1363,,
6212632160,47.5713472,12.9339670,Falzkopf,1930,Q31354214,
6213028895,48.5609127,11.5987429,Mantelberg,,,
6213035133,48.5530754,11.6072134,Füllberg,,,
6269262719,47.5385966,12.9308890,Kirche,1402,,
6423595939,47.5952472,11.1261585,Schoberwaldkreuz,1393,,
6423595941,47.5874399,11.1223605,Höllstein,1435,Q31557349,
6514125508,47.6681595,11.2097918,Freundschaftshügel,,,
6530414814,47.4023869,11.0830808,Kleiner Hundsstallkopf,2338,Q31555357,
6530414816,47.4172061,11.1403030,Hirschbichlkopf,2276,Q31555502,
6530414818,47.4280299,11.1991612,Untere Wettersteinspitze,2151,Q2566053,de:Wettersteinspitzen
6541735425,47.7927669,11.5571313,Reuter Hausberg,729,,
6543594144,47.6961857,12.8789726,Predigtstuhl,1613,Q877151,de:Predigtstuhl (Lattengebirge)
6564818100,47.7569660,12.7999589,Zehnerstein,,,
6581492738,47.4525017,11.0803157,Kreuzjoch,1719,Q6436892,
6618688111,47.6011247,12.9967136,Hundskehl,717,,
6619156555,47.6016706,12.8338717,Halskopf,1285,,
6619156556,47.5937664,12.8230390,Teufelskopf,1340,Q31517597,
6619156557,47.6002224,12.8052699,Brettstein,1820,,
6619156558,47.6049327,12.8099509,Predigtstuhl,2004,,
6622122550,47.6527330,13.0279427,Kiliansberg,960,Q1257338,
6622122551,47.6470480,13.0107160,Saurüssel,830,,
6622125148,47.6892028,13.0084653,Silberkopf,1120,,
6622125150,47.7015219,12.9536399,Achenkopf,1577,Q31554187,
6622125151,47.7065673,12.9125500,Lattenberg,909,,
6622386371,47.6719119,12.8671520,Kratzer,1300,,
6622386372,47.6722424,12.8507429,Hochmaiskopf,1390,Q31353962,
6622386373,47.6660090,12.8574047,Prechlkopf,1435,Q31290388,
6622386374,47.6610029,12.8623835,Horn,1496,Q31353934,
6622386375,47.6586508,12.8645013,Moosenkopf,1504,,
6622407733,47.6765303,12.8397152,Luegerhorn,1220,Q31311060,
6622407934,47.6768548,12.8054258,Kienberg,1028,Q31535293,
6622620726,47.7144532,12.6728143,Mahdeck,1014,,
6622620727,47.7186451,12.6743210,Sackgrabenrücken,1057,,
6631990152,47.3943412,11.1002872,Teufelskopf,2440,Q21878034,
6653891186,47.6550841,12.9659580,Kastensteinhöhe,796,Q30628415,
6690737689,47.4155275,11.2928413,Kirchlespitze,2301,Q21879083,
6731475483,47.6051559,13.0253203,Klausbichel,1065,,
6731475484,47.5950991,13.0456614,Alpelköpfe,1923,Q31354325,
6731477485,47.5756120,13.0071885,Strubkopf,1271,,
6731477486,47.4981025,13.0063561,Wasserberg,1487,,
6793988555,49.0055636,11.1754346,Kesselberg,,,
6855251442,47.8247168,11.6076604,Schindelberg,805,Q31523018,
6926820547,48.0992031,10.9885719,Dachsenberg,611,,
6938202421,48.1188537,11.9884912,Sauberg,601,,
6951173129,48.0778697,10.9244499,Schöner Berg,626,,
6964834782,48.8481358,11.3707773,Reisberg,508,,
6992466345,48.0879731,11.1693813,Martinsberg,612,,
6992466346,48.0814532,11.1707238,Dachsberg,610,,
7018011436,47.6356285,11.2539362,Lauseck,858,,
7024273955,47.9508852,11.1587343,Blumberg,614,,
7027055452,47.9116000,11.1942543,Sonnenhügel,703,,
7028811940,47.9297899,11.0199765,Sandberg,712,,
7028811941,47.9249783,11.0145340,Ochsenberg,721,,
7028811942,47.9349088,11.0189071,Bühel,704,,
7028811943,47.9394903,11.0256015,Schloßberg,708,,
7028811944,47.9361911,11.0500133,Weinberg,709,,
7028811945,47.9421048,11.0554579,Jungfernberg,694,Q30653392,
7028811946,47.9685331,11.0148454,Rainberg,663,,
7028811947,47.9603354,11.0589994,Gruberberg,680,,
7028811948,47.8898992,10.9541715,Kranzbühl,737,,
7029348439,47.8909766,10.9912976,Wippberg,731,,
7029981597,47.9074735,10.9633466,Kalvarienberg,753,,
7029981598,47.9088115,10.9542083,Eselsberg,725,,
7232819120,48.9953673,11.3695535,Schellenberg,,Q2233021,de:Schellenberg (Kinding)
7245068757,47.5788986,12.8352406,Salzkopf,,Q31524191,
7245077194,47.5628183,12.8181282,Hocheiskopf,1695,,
7340144940,47.7915366,11.1291160,Westerleiten,650,,
7356533127,47.6188156,12.9335773,Söldenköpfl,1022,Q31316815,
7500516973,47.5770421,11.5032567,Niederskopf,1293,Q31529506,
7599664003,47.7003827,12.9140261,Freimahder Köpfl,,,
7637964550,47.7279129,12.7499222,Maisenberg,,Q31531196,
7678135852,47.4244009,11.0791488,Stuibenkopf,1924,Q31555595,
7678135853,47.4258526,11.0793022,Stuibenspitze,1908,,
7686984944,48.0053418,11.3922679,Schloßberg,656,,
7781604724,48.0659317,11.5092524,Baldehöhe,580,,de:Gut Warnberg
7850348989,47.7276165,12.6131178,Mittagswandl,,,
7942882116,47.8740786,12.6299226,Guntramshügel,628,,
7943499327,48.5081217,11.2409422,Beinberg,501,,
7956164422,47.4578301,11.2999249,Schwarzkopf,1591,Q31521366,
7962560485,48.5058822,11.6000688,Leitlhöhe,520,,
7997632579,47.9551923,11.3636675,Mittelpunkt Aufkirchner Hügelkreis,676,,
8040963501,47.7511701,12.7600816,Falkenstein Nordgipfel,1092,,
8057490448,48.8340513,11.2121618,Himmelberg,457,,
8129422708,48.5643871,11.6753444,Rastplatz,528,,
8170621076,48.0016994,11.2078230,Galgenbühl,681,,
8208555681,47.7020460,12.8738033,Teufelssattel,,,
8208555682,47.7022445,12.8665346,Brandkopf,,,
8214214184,47.6973134,12.8961963,Mitterberg,,,
8244940737,47.6752664,11.4914896,Längenberg,1244,,
8247190717,47.7696331,12.5638071,Bründlingköpfl,1221,,
8284890973,47.6725887,11.9328619,Kleinmiesing,1666,,
8295893619,47.7675993,12.4374139,Jägerberg,700,Q30656094,
8306170720,47.8630878,12.6152814,Irlberg,654,,
8505225721,47.7037883,12.9015609,Eichelberg,,,
8536811141,47.4551244,11.0818040,Sauwankl,1537,,
8537285112,47.4236233,11.0795242,Mauerschartenkopf,1919,,
8582538063,47.5283474,10.9081042,Schwarzenköpfel,1897,Q31557654,de:Schwarzenköpfel
8651580782,47.7037456,12.8205813,Gebersberg,1038,,
8651584861,47.7128822,12.8275615,Kranzlstein,973,,
8661451033,48.3975957,11.7379457,Veitsberg,,,
8669299839,48.2193566,11.8234806,Krebsenberg,524,,
8685489200,48.2479220,11.8593977,Kreuzberg,522,,
8688162373,48.2846225,11.8514912,Moosberg,490,,
8688188812,48.2806301,11.8481649,Adelberg,501,,
8688237018,48.2900855,11.8537725,Braunberg,,,
8781143822,47.7404020,12.5149092,Hochsattel,1550,,
8806522423,47.4016346,11.2241955,Achterköpfe,,Q21878017,
8821222154,47.8068382,11.1177085,Ammerberg,595,,
8825813357,47.8285286,11.1579320,Gögerl,626,,
8825813358,47.8240278,11.1629149,Hechenberg,632,,
8903761297,48.6114366,11.4572484,Mausberg,,,
8903761298,48.6059318,11.4617474,Eichberg,432,,
8903761299,48.6010726,11.4698522,Grober Berg,453,,
8903761300,48.6024887,11.4740347,Rotenberg,,,
8903761301,48.6103960,11.4774655,Geißberg,438,,
8930273950,48.8570542,11.6608824,Bellerberg,436,Q30704655,
9071260980,47.7231939,12.1868538,Höllwand,1340,,
9101943888,48.0337951,11.0864882,Reisenbühl,576,,
9117967252,47.6202163,11.5411813,Lettner Berg,,,
9135907986,47.6296649,12.8265315,Kirche,1707,,
9135907989,47.6271015,12.8101706,Wiesenwinkelköpfe,1699,,
9183676751,47.6559583,11.3572433,Aspenstein,661,,
9205039752,47.6367037,12.9849634,Baderlehenkopf,756,,
9205150162,47.6538746,12.9911398,Geschirrkopf,1030,,
9235942777,47.6721385,13.0018435,Steinbichl,932,,
9271247941,47.6262000,11.4162500,Bärenhaupt,1404,Q31552858,
9286591362,47.6901930,12.9362886,Eisenrichterstein,795,,
9286717924,47.7040016,13.0478221,Hornkopf,767,,
9301083970,47.6264694,13.0924135,Hennenköpfl,1551,,
9315606664,47.7197396,11.9808216,Bockstein,1514,,
9322021715,47.6162398,11.3831685,Mitterberg,,,
9375840191,47.7560323,12.3668990,Kampenwand-Nordgipfel,,,
9375840192,47.7554810,12.3635876,Teufelsturm,,,
9375840193,47.7554812,12.3630077,Gmelchturm,,,
9386501587,48.1967474,11.8229429,Birkelberg,529,,
9422835874,47.9880618,11.9708805,Mühlberg,,,
9474399295,47.8437666,11.6625908,Asberg,776,,
9486275552,48.4939495,11.5009236,Haselberg,,,
9498853631,47.6729389,12.5004655,Huttenberg,901,,
9550470125,47.6067129,11.3146329,Fahrenbergkopf,1627,Q31547634,
9550470126,47.6111508,11.3201400,Rauchkopf,,,
9566863714,48.8267856,11.1588424,Vogelbuck,,,
9670802145,47.4318664,11.2831850,Gamseck,1717,,
9676713581,48.0609652,10.8046718,Riedberg,639,,
9759661253,47.8485097,11.1952432,Schnabelsberg,650,,
9801917517,48.0568501,11.1453627,Untere Fischleite,590,,
9801917518,48.0533965,11.1461217,Obere Fischleite,591,,
9830833897,47.6953066,12.6690576,Hinterer Adlerkopf,1326,,
9892741718,47.7100497,11.6638254,Brauneck,1290,,
9895387909,47.7053102,11.9992281,Türkenköpfl,1512,,
9898131852,47.7018393,12.0211102,Kesselwand,1721,Q15056989,
9958672261,47.7535156,12.7849727,Kohlerhörndl,1480,,
9981089308,47.6774762,11.2832450,Höllersberg,,,
10103318114,48.9875404,11.2637278,Brunnenberg,522,,
10300162542,47.7018864,11.6661234,Spitzeck,1339,,
10300162543,47.6938922,11.6721641,Sattelkopf,1384,Q25392929,de:Sattelkopf (Tegernseer Berge)
10314410313,48.9164098,11.4578026,Hierberg,534,,
10554364935,48.9165625,11.3518070,Nonnenstein,480,,
10692474734,48.7746058,11.1015747,Hainberg,,Q30648873,
10711592351,47.6202775,12.8423949,Hüfelwand,,,
10743244481,47.8453048,11.8345645,Veigelberg,710,,
10788853925,47.7579761,12.4438637,Aggbichl,663,,
10921834832,47.6913304,12.4542492,Schwarzberg,1187,,
10924917156,47.7164212,12.4343269,Steilenberg,1198,,
10925225585,47.7177823,12.4607434,Rettenberg,776,,
10959244958,48.0643998,11.8852047,Dachsberg,612,,
10959258368,48.0617397,11.8798779,Taubenberg,618,,
10959285547,48.0532098,11.8777160,Kollmannsbrunnberg,600,,
11015393598,48.2102271,11.8140300,Steinberg,518,,
11015406855,48.2143584,11.8100282,Sauriaßl,,,
11047654543,48.2189894,11.8347842,Windschaufel,532,,
11051834990,48.8712409,11.1660486,Schneckenberg,492,,
11134675043,48.9314329,11.7208117,Steinberg,480,,
11134675044,48.9274169,11.7222396,Sebastianshöhe,482,,
11178425140,47.8745025,11.2262042,Fisselberg,656,,
11278049464,47.6800525,12.9633311,Scheibelkopf,1481,,
11284343875,47.7050613,12.5002501,Lackenberg,1253,,
11300475031,47.7161399,12.8446441,Knogel,682,,
11416724272,47.6221276,11.4426596,Axelstein,1051,,
11432263279,48.0205642,11.9523497,Kreuzberg,572,,
11439284989,47.7800456,12.4223203,Einöder Berg,917,,
11458924722,48.0036380,11.4861783,Horn,635,Q124016834,de:Horn (Grünwalder Forst)
11464779169,48.0042849,11.5427678,Schönberg,637,Q124036764,de:Schönberg (Grünwalder Forst)
11494000080,47.9675507,11.5148421,Ludwigshöhe,690,Q124126668,de:Ludwigshöhe (Straßlach-Dingharting)
11500527492,47.9595078,11.5310931,Goggersbühel,695,,
11527414396,47.9086009,11.5845824,Kogel,759,Q124307532,de:Kogel (Dietramszell)
11610261989,47.4449075,11.2400809,Kratzenköpfl,1115,,
11618198251,47.7640466,11.9822916,Stanpfleiten,792,,
11666679518,47.9346131,12.8838467,Buchberg,458,,
11805387320,47.9081992,12.8595837,Geisberg,480,,
11813624642,47.8898104,12.8753367,Wölfelsberg,464,,
11813649787,47.8854672,12.8704685,Simmersberg,458,,
11813649788,47.9119006,12.8357904,Aschelberg,472,,
11835395194,47.7650284,12.3279530,Hofbichl,650,,
11907801230,47.9821878,11.9653666,Singelberg,,,
11916445605,47.7232885,12.8160509,Hochrießel,,,
11916445606,47.7284620,12.8319900,Siebenpalven,,,
11926109175,47.3958358,11.0837236,Teufelsgrat,2648,Q9357673,
11943042745,47.7179043,12.8105414,Heuberg,925,,
11943042746,47.7120139,12.8024733,Albauer Kopf,933,,
12065117194,48.8928919,11.7040894,Riebberg,474,,
12097971759,47.4058027,11.1117622,Unterer Berggeistturm,2000,,
12097971760,47.4060619,11.1151897,Oberreintaldom,2371,,
12097971761,47.4001811,11.1109756,Unterer Schüsselkarturm,2135,,
12284965770,48.1101384,11.5418907,Neuhofener Berg,,,
12369578509,47.6418245,11.6721100,Mühlriedeck,1461,,
12468970499,47.4000170,11.0615952,Höhlenkopf,2403,,
12560166234,47.7880967,12.7732475,Teisenbergkopf,1264,,
12560166297,47.8044064,12.7520791,Großer Kachelstein,1230,,
12578497925,48.8986998,11.5348291,Königsberg,539,,
12590096643,47.6552929,11.5023213,Feichteckwand,1600,Q107706105,de:Feichteckwand
12688438344,47.7048675,12.5926360,Seehauser Kienberg,1503,,
12708275442,47.8579510,11.2140528,Brandleiten,652,,
12712754463,47.7375763,12.5242039,Mansurfahrn,,,
12797408038,48.8326234,11.5665365,Nesselberg,460,,
12797902759,48.0208200,10.9094900,Mühlberg,656,,
12814115252,48.5647181,11.6726631,Höchster Punkt der Hallertau,534,,
12873147335,48.8898823,11.7163512,Poppenberg,459,,
12951834106,48.3199443,11.5658867,Pfanderling,499,,
12990116801,48.3732678,11.5535769,Fuchsberg,493,Q30742086,
12990116802,48.3811672,11.6173010,Steinberg,486,Q31310206,
12997976003,48.3842485,11.5373716,Geißberg,500,,
12997976004,48.3874874,11.5191171,Ziegelberg,507,,
12997976005,48.3762144,11.5701460,Schneiderberg,484,,
12997976006,48.3260001,11.6112914,Fuchsberg,486,,
12997976007,48.3194220,11.5232286,Taxberg,497,,
13009891950,47.8447162,11.2259088,Fischberg,653,,
13092226863,48.3318267,11.5921443,Eichberg,499,,
13124079411,47.9578995,11.1825279,Weiherbühel,699,,
13124079412,47.9480285,11.1981370,Rauhenberg,729,Q124849416,
13124079413,47.9356340,11.2481357,Bromberg,708,,
13128211719,47.8109480,11.6520428,Eisenberg,738,,
13128324599,48.4058894,11.6547825,Rehbuckel,517,,
13133380318,48.4100587,11.6264191,Sauberg,522,,
13133380319,48.3733627,11.5667437,Schneiderberg,484,,
13133380320,48.3736641,11.5595121,Fuchsberg,493,,
13133380321,48.2811331,11.4373233,Hummelberg,516,,
13133380322,48.2785071,11.4326928,Hoher Berg,526,,
13133380323,48.2937647,11.6632197,Fraunberg,468,,
13136722721,48.3944422,11.5116362,Hackenberg,508,,
13160041419,47.5265400,10.9179870,Kreuzspitze,2184,Q279725,de:Kreuzspitze (Ammergauer Alpen)
13173270902,47.5658682,11.1933766,Zunderstein,1570,,
13178985591,48.0727010,11.2584217,Adelberg,627,,
13196507237,47.9447088,11.2460296,Butlerbühl,716,,
13196507239,47.8893913,11.1808803,Sandbichel,587,,
13265027260,48.0243300,10.9569700,Schönbühl,676,,
13265027261,48.0354900,10.9357100,Gogelberg,646,,
13265950881,47.8429955,11.7869901,Fentberg,807,Q31559303,de:Fentberg
13306536324,47.4361931,11.0564740,Aschenköpfe,1973,,
13306742726,47.6378957,13.0657968,Kainzenberg,1085,,
13313336142,47.6444375,13.0918340,Geißstallhöhe,1262,,
13321949460,47.4166455,11.1124936,Teufelsgsaß,1962,,
13327850622,48.3895639,11.4896913,Lohberg,499,,
13369087390,48.4107153,11.8172393,Eichelsberg,473,,
13376445693,47.4711072,11.3561774,Turm,1598,,
13381243045,47.6379472,13.0744518,Haarpointkopf,1264,,
13381243046,47.6353461,13.0808054,Karkopf,1308,,
13391079563,48.5215267,11.5310012,Kuglberg,,,
13416740774,47.5104849,11.0552717,Mittergernnadel,1865,,
13448147156,47.6354477,12.9923663,Kälberstein,786,,
